[INFO] Scanning for projects...
[INFO] 
[INFO] -----------------< org.example:PlanSync_MicroService >------------------
[INFO] Building PlanSync_MicroService 0.0.1-SNAPSHOT
[INFO]   from pom.xml
[INFO] --------------------------------[ jar ]---------------------------------
[INFO] 
[INFO] >>> spring-boot:3.3.5:run (default-cli) > test-compile @ PlanSync_MicroService >>>
[INFO] 
[INFO] --- resources:3.3.1:resources (default-resources) @ PlanSync_MicroService ---
[INFO] Copying 1 resource from src\main\resources to target\classes
[INFO] Copying 0 resource from src\main\resources to target\classes
[INFO] 
[INFO] --- compiler:3.13.0:compile (default-compile) @ PlanSync_MicroService ---
[INFO] Nothing to compile - all classes are up to date.
[INFO] 
[INFO] --- resources:3.3.1:testResources (default-testResources) @ PlanSync_MicroService ---
[INFO] Copying 1 resource from src\test\resources to target\test-classes
[INFO] 
[INFO] --- compiler:3.13.0:testCompile (default-testCompile) @ PlanSync_MicroService ---
[INFO] Nothing to compile - all classes are up to date.
[INFO] 
[INFO] <<< spring-boot:3.3.5:run (default-cli) < test-compile @ PlanSync_MicroService <<<
[INFO] 
[INFO] 
[INFO] --- spring-boot:3.3.5:run (default-cli) @ PlanSync_MicroService ---
[INFO] Attaching agents: []
Standard Commons Logging discovery in action with spring-jcl: please remove commons-logging.jar from classpath in order to avoid potential conflicts

  .   ____          _            __ _ _
 /\\ / ___'_ __ _ _(_)_ __  __ _ \ \ \ \
( ( )\___ | '_ | '_| | '_ \/ _` | \ \ \ \
 \\/  ___)| |_)| | | | | || (_| |  ) ) ) )
  '  |____| .__|_| |_|_| |_\__, | / / / /
 =========|_|==============|___/=/_/_/_/

 :: Spring Boot ::                (v3.3.5)

2026-04-28T13:20:08.699+01:00  INFO 15528 --- [finance-service] [           main] o.example.plansync.PlanSyncApplication   : Starting PlanSyncApplication using Java 17.0.12 with PID 15528 (C:\Users\MSI\Downloads\integration\integration\backend\financeProject\target\classes started by MSI in C:\Users\MSI\Downloads\integration\integration\backend\financeProject)
2026-04-28T13:20:08.702+01:00  INFO 15528 --- [finance-service] [           main] o.example.plansync.PlanSyncApplication   : No active profile set, falling back to 1 default profile: "default"
2026-04-28T13:20:08.702+01:00 DEBUG 15528 --- [finance-service] [           main] o.s.boot.SpringApplication               : Loading source class org.example.plansync.PlanSyncApplication
2026-04-28T13:20:08.732+01:00 DEBUG 15528 --- [finance-service] [           main] ConfigServletWebServerApplicationContext : Refreshing org.springframework.boot.web.servlet.context.AnnotationConfigServletWebServerApplicationContext@5f77d0f9
2026-04-28T13:20:09.161+01:00  INFO 15528 --- [finance-service] [           main] .s.d.r.c.RepositoryConfigurationDelegate : Bootstrapping Spring Data JPA repositories in DEFAULT mode.
2026-04-28T13:20:09.174+01:00 DEBUG 15528 --- [finance-service] [           main] o.s.b.a.AutoConfigurationPackages        : @EnableAutoConfiguration was declared on a class in the package 'org.example.plansync'. Automatic @Repository and @Entity scanning is enabled.
2026-04-28T13:20:09.259+01:00  INFO 15528 --- [finance-service] [           main] .s.d.r.c.RepositoryConfigurationDelegate : Finished Spring Data repository scanning in 91 ms. Found 6 JPA repository interfaces.
2026-04-28T13:20:09.419+01:00  INFO 15528 --- [finance-service] [           main] o.s.cloud.context.scope.GenericScope     : BeanFactory id=16e08bbc-a08d-38e0-ba62-9f2d5a4422b2
2026-04-28T13:20:09.684+01:00 DEBUG 15528 --- [finance-service] [           main] .s.b.w.e.t.TomcatServletWebServerFactory : Code archive: C:\Users\MSI\.m2\repository\org\springframework\boot\spring-boot\3.3.5\spring-boot-3.3.5.jar
2026-04-28T13:20:09.685+01:00 DEBUG 15528 --- [finance-service] [           main] .s.b.w.e.t.TomcatServletWebServerFactory : Code archive: C:\Users\MSI\.m2\repository\org\springframework\boot\spring-boot\3.3.5\spring-boot-3.3.5.jar
2026-04-28T13:20:09.685+01:00 DEBUG 15528 --- [finance-service] [           main] .s.b.w.e.t.TomcatServletWebServerFactory : None of the document roots [src/main/webapp, public, static] point to a directory and will be ignored.
2026-04-28T13:20:09.699+01:00  INFO 15528 --- [finance-service] [           main] o.s.b.w.embedded.tomcat.TomcatWebServer  : Tomcat initialized with port 8090 (http)
2026-04-28T13:20:09.709+01:00  INFO 15528 --- [finance-service] [           main] o.apache.catalina.core.StandardService   : Starting service [Tomcat]
2026-04-28T13:20:09.709+01:00  INFO 15528 --- [finance-service] [           main] o.apache.catalina.core.StandardEngine    : Starting Servlet engine: [Apache Tomcat/10.1.31]
2026-04-28T13:20:09.760+01:00  INFO 15528 --- [finance-service] [           main] o.a.c.c.C.[Tomcat].[localhost].[/]       : Initializing Spring embedded WebApplicationContext
2026-04-28T13:20:09.761+01:00 DEBUG 15528 --- [finance-service] [           main] w.s.c.ServletWebServerApplicationContext : Published root WebApplicationContext as ServletContext attribute with name [org.springframework.web.context.WebApplicationContext.ROOT]
2026-04-28T13:20:09.762+01:00  INFO 15528 --- [finance-service] [           main] w.s.c.ServletWebServerApplicationContext : Root WebApplicationContext: initialization completed in 1030 ms
Standard Commons Logging discovery in action with spring-jcl: please remove commons-logging.jar from classpath in order to avoid potential conflicts
2026-04-28T13:20:09.785+01:00 DEBUG 15528 --- [finance-service] [           main] o.s.b.w.s.ServletContextInitializerBeans : Mapping filters: springSecurityFilterChain urls=[/*] order=-100, characterEncodingFilter urls=[/*] order=-2147483648, formContentFilter urls=[/*] order=-9900, requestContextFilter urls=[/*] order=-105, jwtAuthenticationFilter urls=[/*] order=2147483647
2026-04-28T13:20:09.785+01:00 DEBUG 15528 --- [finance-service] [           main] o.s.b.w.s.ServletContextInitializerBeans : Mapping servlets: dispatcherServlet urls=[/]
2026-04-28T13:20:09.798+01:00 DEBUG 15528 --- [finance-service] [           main] o.s.b.w.s.f.OrderedRequestContextFilter  : Filter 'requestContextFilter' configured for use
2026-04-28T13:20:09.800+01:00 DEBUG 15528 --- [finance-service] [           main] s.b.w.s.f.OrderedCharacterEncodingFilter : Filter 'characterEncodingFilter' configured for use
2026-04-28T13:20:09.801+01:00 DEBUG 15528 --- [finance-service] [           main] .DelegatingFilterProxyRegistrationBean$1 : Filter 'springSecurityFilterChain' configured for use
2026-04-28T13:20:09.802+01:00 DEBUG 15528 --- [finance-service] [           main] o.s.b.w.s.f.OrderedFormContentFilter     : Filter 'formContentFilter' configured for use
2026-04-28T13:20:09.866+01:00  INFO 15528 --- [finance-service] [           main] o.hibernate.jpa.internal.util.LogHelper  : HHH000204: Processing PersistenceUnitInfo [name: default]
2026-04-28T13:20:09.897+01:00  INFO 15528 --- [finance-service] [           main] org.hibernate.Version                    : HHH000412: Hibernate ORM core version 6.5.3.Final
2026-04-28T13:20:09.918+01:00  INFO 15528 --- [finance-service] [           main] o.h.c.internal.RegionFactoryInitiator    : HHH000026: Second-level cache disabled
2026-04-28T13:20:10.094+01:00  INFO 15528 --- [finance-service] [           main] o.s.o.j.p.SpringPersistenceUnitInfo      : No LoadTimeWeaver setup: ignoring JPA class transformer
2026-04-28T13:20:10.116+01:00  INFO 15528 --- [finance-service] [           main] com.zaxxer.hikari.HikariDataSource       : HikariPool-1 - Starting...
2026-04-28T13:20:14.353+01:00  INFO 15528 --- [finance-service] [           main] com.zaxxer.hikari.pool.HikariPool        : HikariPool-1 - Added connection conn1: url=jdbc:h2:file:./data/finance-service user=SA
2026-04-28T13:20:14.358+01:00  INFO 15528 --- [finance-service] [           main] com.zaxxer.hikari.HikariDataSource       : HikariPool-1 - Start completed.
2026-04-28T13:20:14.372+01:00  WARN 15528 --- [finance-service] [           main] org.hibernate.orm.deprecation            : HHH90000025: H2Dialect does not need to be specified explicitly using 'hibernate.dialect' (remove the property setting and it will be selected by default)
2026-04-28T13:20:14.988+01:00  INFO 15528 --- [finance-service] [           main] o.h.e.t.j.p.i.JtaPlatformInitiator       : HHH000489: No JTA platform available (set 'hibernate.transaction.jta.platform' to enable JTA platform integration)
2026-04-28T13:20:15.020+01:00 DEBUG 15528 --- [finance-service] [           main] org.hibernate.SQL                        : alter table if exists financial_document_analyses alter column analysis set data type TEXT
Hibernate: alter table if exists financial_document_analyses alter column analysis set data type TEXT
2026-04-28T13:20:15.021+01:00 DEBUG 15528 --- [finance-service] [           main] org.hibernate.SQL                        : alter table if exists financial_document_analyses alter column summary set data type TEXT
Hibernate: alter table if exists financial_document_analyses alter column summary set data type TEXT
2026-04-28T13:20:15.028+01:00  INFO 15528 --- [finance-service] [           main] j.LocalContainerEntityManagerFactoryBean : Initialized JPA EntityManagerFactory for persistence unit 'default'
2026-04-28T13:20:15.171+01:00  INFO 15528 --- [finance-service] [           main] o.s.d.j.r.query.QueryEnhancerFactory     : Hibernate is in classpath; If applicable, HQL parser will be used.
2026-04-28T13:20:15.711+01:00  WARN 15528 --- [finance-service] [           main] JpaBaseConfiguration$JpaWebConfiguration : spring.jpa.open-in-view is enabled by default. Therefore, database queries may be performed during view rendering. Explicitly configure spring.jpa.open-in-view to disable this warning
2026-04-28T13:20:15.725+01:00  WARN 15528 --- [finance-service] [           main] .s.s.UserDetailsServiceAutoConfiguration : 

Using generated security password: 420de208-ffcf-4771-ba8c-1366167c8a96

This generated password is for development use only. Your security configuration must be updated before running your application in production.

2026-04-28T13:20:15.735+01:00  INFO 15528 --- [finance-service] [           main] r$InitializeUserDetailsManagerConfigurer : Global AuthenticationManager configured with UserDetailsService bean with name inMemoryUserDetailsManager
2026-04-28T13:20:15.817+01:00 DEBUG 15528 --- [finance-service] [           main] s.w.s.m.m.a.RequestMappingHandlerMapping : 35 mappings in 'requestMappingHandlerMapping'
2026-04-28T13:20:15.838+01:00 DEBUG 15528 --- [finance-service] [           main] o.s.w.s.handler.SimpleUrlHandlerMapping  : Patterns [/webjars/**, /**] in 'resourceHandlerMapping'
2026-04-28T13:20:15.925+01:00 DEBUG 15528 --- [finance-service] [           main] s.w.s.m.m.a.RequestMappingHandlerAdapter : ControllerAdvice beans: 0 @ModelAttribute, 0 @InitBinder, 1 RequestBodyAdvice, 1 ResponseBodyAdvice
2026-04-28T13:20:15.946+01:00 DEBUG 15528 --- [finance-service] [           main] .m.m.a.ExceptionHandlerExceptionResolver : ControllerAdvice beans: 1 @ExceptionHandler, 1 ResponseBodyAdvice
2026-04-28T13:20:16.177+01:00  INFO 15528 --- [finance-service] [           main] DiscoveryClientOptionalArgsConfiguration : Eureka HTTP Client uses RestTemplate.
2026-04-28T13:20:16.206+01:00  WARN 15528 --- [finance-service] [           main] iguration$LoadBalancerCaffeineWarnLogger : Spring Cloud LoadBalancer is currently working with the default cache. While this cache implementation is useful for development and tests, it's recommended to use Caffeine cache in production.You can switch to using Caffeine cache, by adding it and org.springframework.cache.caffeine.CaffeineCacheManager to the classpath.
2026-04-28T13:20:16.221+01:00  INFO 15528 --- [finance-service] [           main] o.s.c.n.eureka.InstanceInfoFactory       : Setting initial instance status as: STARTING
2026-04-28T13:20:16.236+01:00  INFO 15528 --- [finance-service] [           main] com.netflix.discovery.DiscoveryClient    : Initializing Eureka in region us-east-1
2026-04-28T13:20:16.239+01:00  INFO 15528 --- [finance-service] [           main] c.n.d.s.r.aws.ConfigClusterResolver      : Resolving eureka endpoints via configuration
2026-04-28T13:20:16.244+01:00  INFO 15528 --- [finance-service] [           main] com.netflix.discovery.DiscoveryClient    : Disable delta property : false
2026-04-28T13:20:16.245+01:00  INFO 15528 --- [finance-service] [           main] com.netflix.discovery.DiscoveryClient    : Single vip registry refresh property : null
2026-04-28T13:20:16.245+01:00  INFO 15528 --- [finance-service] [           main] com.netflix.discovery.DiscoveryClient    : Force full registry fetch : false
2026-04-28T13:20:16.245+01:00  INFO 15528 --- [finance-service] [           main] com.netflix.discovery.DiscoveryClient    : Application is null : false
2026-04-28T13:20:16.245+01:00  INFO 15528 --- [finance-service] [           main] com.netflix.discovery.DiscoveryClient    : Registered Applications size is zero : true
2026-04-28T13:20:16.245+01:00  INFO 15528 --- [finance-service] [           main] com.netflix.discovery.DiscoveryClient    : Application version is -1: true
2026-04-28T13:20:16.245+01:00  INFO 15528 --- [finance-service] [           main] com.netflix.discovery.DiscoveryClient    : Getting all instance registry info from the eureka server
2026-04-28T13:20:16.278+01:00 DEBUG 15528 --- [finance-service] [           main] o.s.web.client.RestTemplate              : HTTP GET http://localhost:8761/eureka/apps/
2026-04-28T13:20:16.356+01:00 DEBUG 15528 --- [finance-service] [           main] o.s.web.client.RestTemplate              : Accept=[application/json, application/*+json]
2026-04-28T13:20:16.385+01:00 DEBUG 15528 --- [finance-service] [           main] o.s.web.client.RestTemplate              : Response 200 OK
2026-04-28T13:20:16.387+01:00 DEBUG 15528 --- [finance-service] [           main] o.s.web.client.RestTemplate              : Reading to [org.springframework.cloud.netflix.eureka.http.EurekaApplications]
2026-04-28T13:20:16.403+01:00  INFO 15528 --- [finance-service] [           main] com.netflix.discovery.DiscoveryClient    : The response status is 200
2026-04-28T13:20:16.404+01:00  INFO 15528 --- [finance-service] [           main] com.netflix.discovery.DiscoveryClient    : Starting heartbeat executor: renew interval is: 30
2026-04-28T13:20:16.406+01:00  INFO 15528 --- [finance-service] [           main] c.n.discovery.InstanceInfoReplicator     : InstanceInfoReplicator onDemand update allowed rate per min is 4
2026-04-28T13:20:16.407+01:00  INFO 15528 --- [finance-service] [           main] com.netflix.discovery.DiscoveryClient    : Discovery Client initialized at timestamp 1777378816406 with initial instances count: 0
2026-04-28T13:20:16.411+01:00  INFO 15528 --- [finance-service] [           main] o.s.c.n.e.s.EurekaServiceRegistry        : Registering application FINANCE-SERVICE with eureka with status UP
2026-04-28T13:20:16.411+01:00  INFO 15528 --- [finance-service] [           main] com.netflix.discovery.DiscoveryClient    : Saw local status change event StatusChangeEvent [timestamp=1777378816411, current=UP, previous=STARTING]
2026-04-28T13:20:16.413+01:00  INFO 15528 --- [finance-service] [foReplicator-%d] com.netflix.discovery.DiscoveryClient    : DiscoveryClient_FINANCE-SERVICE/finance-service:8090: registering service...
2026-04-28T13:20:16.419+01:00 DEBUG 15528 --- [finance-service] [foReplicator-%d] o.s.web.client.RestTemplate              : HTTP POST http://localhost:8761/eureka/apps/FINANCE-SERVICE
2026-04-28T13:20:16.421+01:00 DEBUG 15528 --- [finance-service] [foReplicator-%d] o.s.web.client.RestTemplate              : Accept=[application/json, application/*+json]
2026-04-28T13:20:16.429+01:00  INFO 15528 --- [finance-service] [           main] o.s.b.w.embedded.tomcat.TomcatWebServer  : Tomcat started on port 8090 (http) with context path '/'
2026-04-28T13:20:16.430+01:00  INFO 15528 --- [finance-service] [           main] .s.c.n.e.s.EurekaAutoServiceRegistration : Updating port to 8090
2026-04-28T13:20:16.435+01:00 DEBUG 15528 --- [finance-service] [foReplicator-%d] o.s.web.client.RestTemplate              : Writing [InstanceInfo [instanceId = finance-service:8090, appName = FINANCE-SERVICE, hostName = localhost, status = UP, ipAddr = 172.20.10.2, port = 8090, securePort = 443, dataCenterInfo = com.netflix.appinfo.MyDataCenterInfo@3c81a51a] as "application/json"
2026-04-28T13:20:16.450+01:00 DEBUG 15528 --- [finance-service] [foReplicator-%d] o.s.web.client.RestTemplate              : Response 204 NO_CONTENT
2026-04-28T13:20:16.451+01:00  INFO 15528 --- [finance-service] [foReplicator-%d] com.netflix.discovery.DiscoveryClient    : DiscoveryClient_FINANCE-SERVICE/finance-service:8090 - registration status: 204
2026-04-28T13:20:16.518+01:00 DEBUG 15528 --- [finance-service] [           main] .s.b.a.l.ConditionEvaluationReportLogger : 


============================
CONDITIONS EVALUATION REPORT
============================


Positive matches:
-----------------

   AopAutoConfiguration matched:
      - @ConditionalOnProperty (spring.aop.auto=true) matched (OnPropertyCondition)

   AopAutoConfiguration.AspectJAutoProxyingConfiguration matched:
      - @ConditionalOnClass found required class 'org.aspectj.weaver.Advice' (OnClassCondition)

   AopAutoConfiguration.AspectJAutoProxyingConfiguration.CglibAutoProxyConfiguration matched:
      - @ConditionalOnProperty (spring.aop.proxy-target-class=true) matched (OnPropertyCondition)

   ApplicationAvailabilityAutoConfiguration#applicationAvailability matched:
      - @ConditionalOnMissingBean (types: org.springframework.boot.availability.ApplicationAvailability; SearchStrategy: all) did not find any beans (OnBeanCondition)

   AutoServiceRegistrationAutoConfiguration matched:
      - @ConditionalOnProperty (spring.cloud.service-registry.auto-registration.enabled) matched (OnPropertyCondition)

   AutoServiceRegistrationConfiguration matched:
      - @ConditionalOnProperty (spring.cloud.service-registry.auto-registration.enabled) matched (OnPropertyCondition)

   BlockingLoadBalancerClientAutoConfiguration matched:
      - @ConditionalOnProperty (spring.cloud.loadbalancer.enabled=true) matched (OnPropertyCondition)
      - AnyNestedCondition 2 matched 0 did not; NestedCondition on BlockingRestClassesPresentCondition.RestClientPresent @ConditionalOnClass found required class 'org.springframework.web.client.RestClient'; NestedCondition on BlockingRestClassesPresentCondition.RestTemplatePresent @ConditionalOnClass found required class 'org.springframework.web.client.RestTemplate' (BlockingRestClassesPresentCondition)

   BlockingLoadBalancerClientAutoConfiguration#blockingLoadBalancerClient matched:
      - @ConditionalOnBean (types: org.springframework.cloud.loadbalancer.support.LoadBalancerClientFactory; SearchStrategy: all) found bean 'loadBalancerClientFactory'; @ConditionalOnMissingBean (types: org.springframework.cloud.client.loadbalancer.LoadBalancerClient; SearchStrategy: all) did not find any beans (OnBeanCondition)

   BlockingLoadBalancerClientAutoConfiguration#loadBalancerServiceInstanceCookieTransformer matched:
      - @ConditionalOnBean (types: org.springframework.cloud.loadbalancer.support.LoadBalancerClientFactory; SearchStrategy: all) found bean 'loadBalancerClientFactory'; @ConditionalOnMissingBean (types: org.springframework.cloud.loadbalancer.core.LoadBalancerServiceInstanceCookieTransformer; SearchStrategy: all) did not find any beans (OnBeanCondition)

   BlockingLoadBalancerClientAutoConfiguration#xForwarderHeadersTransformer matched:
      - @ConditionalOnBean (types: org.springframework.cloud.loadbalancer.support.LoadBalancerClientFactory; SearchStrategy: all) found bean 'loadBalancerClientFactory'; @ConditionalOnMissingBean (types: org.springframework.cloud.loadbalancer.blocking.XForwardedHeadersTransformer; SearchStrategy: all) did not find any beans (OnBeanCondition)

   CompatibilityVerifierAutoConfiguration matched:
      - @ConditionalOnProperty (spring.cloud.compatibility-verifier.enabled) matched (OnPropertyCondition)

   ConfigurationPropertiesRebinderAutoConfiguration matched:
      - @ConditionalOnBean (types: org.springframework.boot.context.properties.ConfigurationPropertiesBindingPostProcessor; SearchStrategy: all) found bean 'org.springframework.boot.context.properties.ConfigurationPropertiesBindingPostProcessor' (OnBeanCondition)

   ConfigurationPropertiesRebinderAutoConfiguration#configurationPropertiesBeans matched:
      - @ConditionalOnMissingBean (types: org.springframework.cloud.context.properties.ConfigurationPropertiesBeans; SearchStrategy: current) did not find any beans (OnBeanCondition)

   ConfigurationPropertiesRebinderAutoConfiguration#configurationPropertiesRebinder matched:
      - @ConditionalOnMissingBean (types: org.springframework.cloud.context.properties.ConfigurationPropertiesRebinder; SearchStrategy: current) did not find any beans (OnBeanCondition)

   DataSourceAutoConfiguration matched:
      - @ConditionalOnClass found required classes 'javax.sql.DataSource', 'org.springframework.jdbc.datasource.embedded.EmbeddedDatabaseType' (OnClassCondition)
      - @ConditionalOnMissingBean (types: io.r2dbc.spi.ConnectionFactory; SearchStrategy: all) did not find any beans (OnBeanCondition)

   DataSourceAutoConfiguration.PooledDataSourceConfiguration matched:
      - AnyNestedCondition 1 matched 1 did not; NestedCondition on DataSourceAutoConfiguration.PooledDataSourceCondition.PooledDataSourceAvailable PooledDataSource found supported DataSource; NestedCondition on DataSourceAutoConfiguration.PooledDataSourceCondition.ExplicitType @ConditionalOnProperty (spring.datasource.type) did not find property 'type' (DataSourceAutoConfiguration.PooledDataSourceCondition)
      - @ConditionalOnMissingBean (types: javax.sql.DataSource,javax.sql.XADataSource; SearchStrategy: all) did not find any beans (OnBeanCondition)

   DataSourceAutoConfiguration.PooledDataSourceConfiguration#jdbcConnectionDetails matched:
      - @ConditionalOnMissingBean (types: org.springframework.boot.autoconfigure.jdbc.JdbcConnectionDetails; SearchStrategy: all) did not find any beans (OnBeanCondition)

   DataSourceConfiguration.Hikari matched:
      - @ConditionalOnClass found required class 'com.zaxxer.hikari.HikariDataSource' (OnClassCondition)
      - @ConditionalOnProperty (spring.datasource.type=com.zaxxer.hikari.HikariDataSource) matched (OnPropertyCondition)
      - @ConditionalOnMissingBean (types: javax.sql.DataSource; SearchStrategy: all) did not find any beans (OnBeanCondition)

   DataSourceInitializationConfiguration matched:
      - @ConditionalOnClass found required class 'org.springframework.jdbc.datasource.init.DatabasePopulator' (OnClassCondition)
      - @ConditionalOnSingleCandidate (types: javax.sql.DataSource; SearchStrategy: all) found a single bean 'dataSource'; @ConditionalOnMissingBean (types: org.springframework.boot.autoconfigure.sql.init.SqlDataSourceScriptDatabaseInitializer,org.springframework.boot.autoconfigure.sql.init.SqlR2dbcScriptDatabaseInitializer; SearchStrategy: all) did not find any beans (OnBeanCondition)

   DataSourceJmxConfiguration matched:
      - @ConditionalOnProperty (spring.jmx.enabled=true) matched (OnPropertyCondition)

   DataSourceJmxConfiguration.Hikari matched:
      - @ConditionalOnClass found required class 'com.zaxxer.hikari.HikariDataSource' (OnClassCondition)
      - @ConditionalOnSingleCandidate (types: javax.sql.DataSource; SearchStrategy: all) found a single bean 'dataSource' (OnBeanCondition)

   DataSourcePoolMetadataProvidersConfiguration.HikariPoolDataSourceMetadataProviderConfiguration matched:
      - @ConditionalOnClass found required class 'com.zaxxer.hikari.HikariDataSource' (OnClassCondition)

   DataSourceTransactionManagerAutoConfiguration matched:
      - @ConditionalOnClass found required classes 'javax.sql.DataSource', 'org.springframework.jdbc.core.JdbcTemplate', 'org.springframework.transaction.TransactionManager' (OnClassCondition)

   DataSourceTransactionManagerAutoConfiguration.JdbcTransactionManagerConfiguration matched:
      - @ConditionalOnSingleCandidate (types: javax.sql.DataSource; SearchStrategy: all) found a single bean 'dataSource' (OnBeanCondition)

   DiscoveryClientOptionalArgsConfiguration#defaultEurekaClientHttpRequestFactorySupplier matched:
      - @ConditionalOnClass found required class 'org.springframework.web.client.RestTemplate' (OnClassCondition)
      - @ConditionalOnMissingBean (types: org.springframework.cloud.netflix.eureka.http.EurekaClientHttpRequestFactorySupplier; SearchStrategy: all) did not find any beans (OnBeanCondition)

   DiscoveryClientOptionalArgsConfiguration#restTemplateDiscoveryClientOptionalArgs matched:
      - @ConditionalOnClass found required class 'org.springframework.web.client.RestTemplate' (OnClassCondition)
      - @ConditionalOnProperty (eureka.client.webclient.enabled=false) matched (OnPropertyCondition)
      - AnyNestedCondition 1 matched 1 did not; NestedCondition on DiscoveryClientOptionalArgsConfiguration.JerseyClientNotPresentOrNotEnabledCondition.OnJerseyClientDisabled @ConditionalOnProperty (eureka.client.jersey.enabled=false) did not find property 'eureka.client.jersey.enabled'; NestedCondition on DiscoveryClientOptionalArgsConfiguration.JerseyClientNotPresentOrNotEnabledCondition.OnJerseyClientMissing @ConditionalOnMissingClass did not find unwanted class 'org.glassfish.jersey.client.JerseyClient' (DiscoveryClientOptionalArgsConfiguration.JerseyClientNotPresentOrNotEnabledCondition)
      - @ConditionalOnMissingBean (types: com.netflix.discovery.AbstractDiscoveryClientOptionalArgs; SearchStrategy: current) did not find any beans (OnBeanCondition)

   DiscoveryClientOptionalArgsConfiguration#restTemplateTransportClientFactories matched:
      - @ConditionalOnClass found required class 'org.springframework.web.client.RestTemplate' (OnClassCondition)
      - @ConditionalOnProperty (eureka.client.webclient.enabled=false) matched (OnPropertyCondition)
      - AnyNestedCondition 1 matched 1 did not; NestedCondition on DiscoveryClientOptionalArgsConfiguration.JerseyClientNotPresentOrNotEnabledCondition.OnJerseyClientDisabled @ConditionalOnProperty (eureka.client.jersey.enabled=false) did not find property 'eureka.client.jersey.enabled'; NestedCondition on DiscoveryClientOptionalArgsConfiguration.JerseyClientNotPresentOrNotEnabledCondition.OnJerseyClientMissing @ConditionalOnMissingClass did not find unwanted class 'org.glassfish.jersey.client.JerseyClient' (DiscoveryClientOptionalArgsConfiguration.JerseyClientNotPresentOrNotEnabledCondition)
      - @ConditionalOnMissingBean (types: com.netflix.discovery.shared.transport.jersey.TransportClientFactories; SearchStrategy: current) did not find any beans (OnBeanCondition)

   DispatcherServletAutoConfiguration matched:
      - @ConditionalOnClass found required class 'org.springframework.web.servlet.DispatcherServlet' (OnClassCondition)
      - found 'session' scope (OnWebApplicationCondition)

   DispatcherServletAutoConfiguration.DispatcherServletConfiguration matched:
      - @ConditionalOnClass found required class 'jakarta.servlet.ServletRegistration' (OnClassCondition)
      - Default DispatcherServlet did not find dispatcher servlet beans (DispatcherServletAutoConfiguration.DefaultDispatcherServletCondition)

   DispatcherServletAutoConfiguration.DispatcherServletRegistrationConfiguration matched:
      - @ConditionalOnClass found required class 'jakarta.servlet.ServletRegistration' (OnClassCondition)
      - DispatcherServlet Registration did not find servlet registration bean (DispatcherServletAutoConfiguration.DispatcherServletRegistrationCondition)

   DispatcherServletAutoConfiguration.DispatcherServletRegistrationConfiguration#dispatcherServletRegistration matched:
      - @ConditionalOnBean (names: dispatcherServlet types: org.springframework.web.servlet.DispatcherServlet; SearchStrategy: all) found bean 'dispatcherServlet' (OnBeanCondition)

   EmbeddedWebServerFactoryCustomizerAutoConfiguration matched:
      - @ConditionalOnWebApplication (required) found 'session' scope (OnWebApplicationCondition)
      - @ConditionalOnWarDeployment the application is not deployed as a WAR file. (OnWarDeploymentCondition)

   EmbeddedWebServerFactoryCustomizerAutoConfiguration.TomcatWebServerFactoryCustomizerConfiguration matched:
      - @ConditionalOnClass found required classes 'org.apache.catalina.startup.Tomcat', 'org.apache.coyote.UpgradeProtocol' (OnClassCondition)

   ErrorMvcAutoConfiguration matched:
      - @ConditionalOnClass found required classes 'jakarta.servlet.Servlet', 'org.springframework.web.servlet.DispatcherServlet' (OnClassCondition)
      - found 'session' scope (OnWebApplicationCondition)

   ErrorMvcAutoConfiguration#basicErrorController matched:
      - @ConditionalOnMissingBean (types: org.springframework.boot.web.servlet.error.ErrorController; SearchStrategy: current) did not find any beans (OnBeanCondition)

   ErrorMvcAutoConfiguration#errorAttributes matched:
      - @ConditionalOnMissingBean (types: org.springframework.boot.web.servlet.error.ErrorAttributes; SearchStrategy: current) did not find any beans (OnBeanCondition)

   ErrorMvcAutoConfiguration.DefaultErrorViewResolverConfiguration#conventionErrorViewResolver matched:
      - @ConditionalOnBean (types: org.springframework.web.servlet.DispatcherServlet; SearchStrategy: all) found bean 'dispatcherServlet'; @ConditionalOnMissingBean (types: org.springframework.boot.autoconfigure.web.servlet.error.ErrorViewResolver; SearchStrategy: all) did not find any beans (OnBeanCondition)

   ErrorMvcAutoConfiguration.WhitelabelErrorViewConfiguration matched:
      - @ConditionalOnProperty (server.error.whitelabel.enabled) matched (OnPropertyCondition)
      - ErrorTemplate Missing did not find error template view (ErrorMvcAutoConfiguration.ErrorTemplateMissingCondition)

   ErrorMvcAutoConfiguration.WhitelabelErrorViewConfiguration#beanNameViewResolver matched:
      - @ConditionalOnMissingBean (types: org.springframework.web.servlet.view.BeanNameViewResolver; SearchStrategy: all) did not find any beans (OnBeanCondition)

   ErrorMvcAutoConfiguration.WhitelabelErrorViewConfiguration#defaultErrorView matched:
      - @ConditionalOnMissingBean (names: error; SearchStrategy: all) did not find any beans (OnBeanCondition)

   EurekaClientAutoConfiguration matched:
      - @ConditionalOnClass found required class 'com.netflix.discovery.EurekaClientConfig' (OnClassCondition)
      - @ConditionalOnProperty (eureka.client.enabled) matched; @ConditionalOnProperty (spring.cloud.discovery.enabled) matched (OnPropertyCondition)

   EurekaClientAutoConfiguration#eurekaAutoServiceRegistration matched:
      - @ConditionalOnProperty (spring.cloud.service-registry.auto-registration.enabled) matched (OnPropertyCondition)
      - @ConditionalOnBean (types: org.springframework.cloud.client.serviceregistry.AutoServiceRegistrationProperties; SearchStrategy: all) found bean 'spring.cloud.service-registry.auto-registration-org.springframework.cloud.client.serviceregistry.AutoServiceRegistrationProperties' (OnBeanCondition)

   EurekaClientAutoConfiguration#eurekaClientConfigBean matched:
      - @ConditionalOnMissingBean (types: com.netflix.discovery.EurekaClientConfig; SearchStrategy: current) did not find any beans (OnBeanCondition)

   EurekaClientAutoConfiguration#eurekaInstanceConfigBean matched:
      - @ConditionalOnMissingBean (types: com.netflix.appinfo.EurekaInstanceConfig; SearchStrategy: current) did not find any beans (OnBeanCondition)

   EurekaClientAutoConfiguration#serviceManagementMetadataProvider matched:
      - @ConditionalOnMissingBean (types: org.springframework.cloud.netflix.eureka.metadata.ManagementMetadataProvider; SearchStrategy: all) did not find any beans (OnBeanCondition)

   EurekaClientAutoConfiguration.RefreshableEurekaClientConfiguration matched:
      - @ConditionalOnClass found required class 'org.springframework.cloud.context.scope.refresh.RefreshScope' (OnClassCondition)
      - @ConditionalOnProperty (eureka.client.refresh.enable=true) matched (OnPropertyCondition)
      - @ConditionalOnBean (types: org.springframework.cloud.autoconfigure.RefreshAutoConfiguration; SearchStrategy: all) found bean 'org.springframework.cloud.autoconfigure.RefreshAutoConfiguration' (OnBeanCondition)

   EurekaClientAutoConfiguration.RefreshableEurekaClientConfiguration#eurekaApplicationInfoManager matched:
      - @ConditionalOnMissingBean (types: com.netflix.appinfo.ApplicationInfoManager; SearchStrategy: current) did not find any beans (OnBeanCondition)

   EurekaClientAutoConfiguration.RefreshableEurekaClientConfiguration#eurekaClient matched:
      - @ConditionalOnMissingBean (types: com.netflix.discovery.EurekaClient; SearchStrategy: current) did not find any beans (OnBeanCondition)

   EurekaClientAutoConfiguration.RefreshableEurekaClientConfiguration#eurekaRegistration matched:
      - @ConditionalOnProperty (spring.cloud.service-registry.auto-registration.enabled) matched (OnPropertyCondition)
      - @ConditionalOnBean (types: org.springframework.cloud.client.serviceregistry.AutoServiceRegistrationProperties; SearchStrategy: all) found bean 'spring.cloud.service-registry.auto-registration-org.springframework.cloud.client.serviceregistry.AutoServiceRegistrationProperties' (OnBeanCondition)

   EurekaDiscoveryClientConfiguration matched:
      - @ConditionalOnClass found required class 'com.netflix.discovery.EurekaClientConfig' (OnClassCondition)
      - @ConditionalOnProperty (eureka.client.enabled) matched; @ConditionalOnProperty (spring.cloud.discovery.enabled) matched; @ConditionalOnProperty (spring.cloud.discovery.blocking.enabled) matched (OnPropertyCondition)

   EurekaDiscoveryClientConfiguration#discoveryClient matched:
      - @ConditionalOnMissingBean (types: org.springframework.cloud.netflix.eureka.EurekaDiscoveryClient; SearchStrategy: all) did not find any beans (OnBeanCondition)

   EurekaDiscoveryClientConfiguration.EurekaClientConfigurationRefresher matched:
      - @ConditionalOnClass found required class 'org.springframework.cloud.context.scope.refresh.RefreshScopeRefreshedEvent' (OnClassCondition)

   GenericCacheConfiguration matched:
      - Cache org.springframework.boot.autoconfigure.cache.GenericCacheConfiguration automatic cache type (CacheCondition)

   GsonAutoConfiguration matched:
      - @ConditionalOnClass found required class 'com.google.gson.Gson' (OnClassCondition)

   GsonAutoConfiguration#gson matched:
      - @ConditionalOnMissingBean (types: com.google.gson.Gson; SearchStrategy: all) did not find any beans (OnBeanCondition)

   GsonAutoConfiguration#gsonBuilder matched:
      - @ConditionalOnMissingBean (types: com.google.gson.GsonBuilder; SearchStrategy: all) did not find any beans (OnBeanCondition)

   GsonHttpMessageConvertersConfiguration matched:
      - @ConditionalOnClass found required class 'com.google.gson.Gson' (OnClassCondition)

   HibernateJpaAutoConfiguration matched:
      - @ConditionalOnClass found required classes 'org.springframework.orm.jpa.LocalContainerEntityManagerFactoryBean', 'jakarta.persistence.EntityManager', 'org.hibernate.engine.spi.SessionImplementor' (OnClassCondition)

   HibernateJpaConfiguration matched:
      - @ConditionalOnSingleCandidate (types: javax.sql.DataSource; SearchStrategy: all) found a single bean 'dataSource' (OnBeanCondition)

   HttpEncodingAutoConfiguration matched:
      - @ConditionalOnClass found required class 'org.springframework.web.filter.CharacterEncodingFilter' (OnClassCondition)
      - found 'session' scope (OnWebApplicationCondition)
      - @ConditionalOnProperty (server.servlet.encoding.enabled) matched (OnPropertyCondition)

   HttpEncodingAutoConfiguration#characterEncodingFilter matched:
      - @ConditionalOnMissingBean (types: org.springframework.web.filter.CharacterEncodingFilter; SearchStrategy: all) did not find any beans (OnBeanCondition)

   HttpMessageConvertersAutoConfiguration matched:
      - @ConditionalOnClass found required class 'org.springframework.http.converter.HttpMessageConverter' (OnClassCondition)
      - NoneNestedConditions 0 matched 1 did not; NestedCondition on HttpMessageConvertersAutoConfiguration.NotReactiveWebApplicationCondition.ReactiveWebApplication did not find reactive web application classes (HttpMessageConvertersAutoConfiguration.NotReactiveWebApplicationCondition)

   HttpMessageConvertersAutoConfiguration#messageConverters matched:
      - @ConditionalOnMissingBean (types: org.springframework.boot.autoconfigure.http.HttpMessageConverters; SearchStrategy: all) did not find any beans (OnBeanCondition)

   HttpMessageConvertersAutoConfiguration.StringHttpMessageConverterConfiguration matched:
      - @ConditionalOnClass found required class 'org.springframework.http.converter.StringHttpMessageConverter' (OnClassCondition)

   HttpMessageConvertersAutoConfiguration.StringHttpMessageConverterConfiguration#stringHttpMessageConverter matched:
      - @ConditionalOnMissingBean (types: org.springframework.http.converter.StringHttpMessageConverter; SearchStrategy: all) did not find any beans (OnBeanCondition)

   JacksonAutoConfiguration matched:
      - @ConditionalOnClass found required class 'com.fasterxml.jackson.databind.ObjectMapper' (OnClassCondition)

   JacksonAutoConfiguration.Jackson2ObjectMapperBuilderCustomizerConfiguration matched:
      - @ConditionalOnClass found required class 'org.springframework.http.converter.json.Jackson2ObjectMapperBuilder' (OnClassCondition)

   JacksonAutoConfiguration.JacksonObjectMapperBuilderConfiguration matched:
      - @ConditionalOnClass found required class 'org.springframework.http.converter.json.Jackson2ObjectMapperBuilder' (OnClassCondition)

   JacksonAutoConfiguration.JacksonObjectMapperBuilderConfiguration#jacksonObjectMapperBuilder matched:
      - @ConditionalOnMissingBean (types: org.springframework.http.converter.json.Jackson2ObjectMapperBuilder; SearchStrategy: all) did not find any beans (OnBeanCondition)

   JacksonAutoConfiguration.JacksonObjectMapperConfiguration matched:
      - @ConditionalOnClass found required class 'org.springframework.http.converter.json.Jackson2ObjectMapperBuilder' (OnClassCondition)

   JacksonAutoConfiguration.JacksonObjectMapperConfiguration#jacksonObjectMapper matched:
      - @ConditionalOnMissingBean (types: com.fasterxml.jackson.databind.ObjectMapper; SearchStrategy: all) did not find any beans (OnBeanCondition)

   JacksonAutoConfiguration.ParameterNamesModuleConfiguration matched:
      - @ConditionalOnClass found required class 'com.fasterxml.jackson.module.paramnames.ParameterNamesModule' (OnClassCondition)

   JacksonAutoConfiguration.ParameterNamesModuleConfiguration#parameterNamesModule matched:
      - @ConditionalOnMissingBean (types: com.fasterxml.jackson.module.paramnames.ParameterNamesModule; SearchStrategy: all) did not find any beans (OnBeanCondition)

   JacksonHttpMessageConvertersConfiguration.MappingJackson2HttpMessageConverterConfiguration matched:
      - @ConditionalOnClass found required class 'com.fasterxml.jackson.databind.ObjectMapper' (OnClassCondition)
      - @ConditionalOnProperty (spring.mvc.converters.preferred-json-mapper=jackson) matched (OnPropertyCondition)
      - @ConditionalOnBean (types: com.fasterxml.jackson.databind.ObjectMapper; SearchStrategy: all) found bean 'jacksonObjectMapper' (OnBeanCondition)

   JacksonHttpMessageConvertersConfiguration.MappingJackson2HttpMessageConverterConfiguration#mappingJackson2HttpMessageConverter matched:
      - @ConditionalOnMissingBean (types: org.springframework.http.converter.json.MappingJackson2HttpMessageConverter ignored: org.springframework.hateoas.server.mvc.TypeConstrainedMappingJackson2HttpMessageConverter,org.springframework.data.rest.webmvc.alps.AlpsJsonHttpMessageConverter; SearchStrategy: all) did not find any beans (OnBeanCondition)

   JdbcClientAutoConfiguration matched:
      - @ConditionalOnSingleCandidate (types: org.springframework.jdbc.core.namedparam.NamedParameterJdbcTemplate; SearchStrategy: all) found a single bean 'namedParameterJdbcTemplate'; @ConditionalOnMissingBean (types: org.springframework.jdbc.core.simple.JdbcClient; SearchStrategy: all) did not find any beans (OnBeanCondition)

   JdbcTemplateAutoConfiguration matched:
      - @ConditionalOnClass found required classes 'javax.sql.DataSource', 'org.springframework.jdbc.core.JdbcTemplate' (OnClassCondition)
      - @ConditionalOnSingleCandidate (types: javax.sql.DataSource; SearchStrategy: all) found a single bean 'dataSource' (OnBeanCondition)

   JdbcTemplateConfiguration matched:
      - @ConditionalOnMissingBean (types: org.springframework.jdbc.core.JdbcOperations; SearchStrategy: all) did not find any beans (OnBeanCondition)

   JpaBaseConfiguration#entityManagerFactory matched:
      - @ConditionalOnMissingBean (types: org.springframework.orm.jpa.LocalContainerEntityManagerFactoryBean,jakarta.persistence.EntityManagerFactory; SearchStrategy: all) did not find any beans (OnBeanCondition)

   JpaBaseConfiguration#entityManagerFactoryBuilder matched:
      - @ConditionalOnMissingBean (types: org.springframework.boot.orm.jpa.EntityManagerFactoryBuilder; SearchStrategy: all) did not find any beans (OnBeanCondition)

   JpaBaseConfiguration#jpaVendorAdapter matched:
      - @ConditionalOnMissingBean (types: org.springframework.orm.jpa.JpaVendorAdapter; SearchStrategy: all) did not find any beans (OnBeanCondition)

   JpaBaseConfiguration#transactionManager matched:
      - @ConditionalOnMissingBean (types: org.springframework.transaction.TransactionManager; SearchStrategy: all) did not find any beans (OnBeanCondition)

   JpaBaseConfiguration.JpaWebConfiguration matched:
      - @ConditionalOnClass found required class 'org.springframework.web.servlet.config.annotation.WebMvcConfigurer' (OnClassCondition)
      - found 'session' scope (OnWebApplicationCondition)
      - @ConditionalOnProperty (spring.jpa.open-in-view=true) matched (OnPropertyCondition)
      - @ConditionalOnMissingBean (types: org.springframework.orm.jpa.support.OpenEntityManagerInViewInterceptor,org.springframework.orm.jpa.support.OpenEntityManagerInViewFilter; SearchStrategy: all) did not find any beans (OnBeanCondition)

   JpaBaseConfiguration.PersistenceManagedTypesConfiguration matched:
      - @ConditionalOnMissingBean (types: org.springframework.orm.jpa.LocalContainerEntityManagerFactoryBean,jakarta.persistence.EntityManagerFactory; SearchStrategy: all) did not find any beans (OnBeanCondition)

   JpaBaseConfiguration.PersistenceManagedTypesConfiguration#persistenceManagedTypes matched:
      - @ConditionalOnMissingBean (types: org.springframework.orm.jpa.persistenceunit.PersistenceManagedTypes; SearchStrategy: all) did not find any beans (OnBeanCondition)

   JpaRepositoriesAutoConfiguration matched:
      - @ConditionalOnClass found required class 'org.springframework.data.jpa.repository.JpaRepository' (OnClassCondition)
      - @ConditionalOnProperty (spring.data.jpa.repositories.enabled=true) matched (OnPropertyCondition)
      - @ConditionalOnBean (types: javax.sql.DataSource; SearchStrategy: all) found bean 'dataSource'; @ConditionalOnMissingBean (types: org.springframework.data.jpa.repository.support.JpaRepositoryFactoryBean,org.springframework.data.jpa.repository.config.JpaRepositoryConfigExtension; SearchStrategy: all) did not find any beans (OnBeanCondition)

   JtaAutoConfiguration matched:
      - @ConditionalOnClass found required class 'jakarta.transaction.Transaction' (OnClassCondition)
      - @ConditionalOnProperty (spring.jta.enabled) matched (OnPropertyCondition)

   LifecycleAutoConfiguration#defaultLifecycleProcessor matched:
      - @ConditionalOnMissingBean (names: lifecycleProcessor; SearchStrategy: current) did not find any beans (OnBeanCondition)

   LifecycleMvcEndpointAutoConfiguration#environmentManager matched:
      - @ConditionalOnMissingBean (types: org.springframework.cloud.context.environment.EnvironmentManager; SearchStrategy: all) did not find any beans (OnBeanCondition)

   org.springframework.cloud.client.loadbalancer.LoadBalancerAutoConfiguration matched:
      - AnyNestedCondition 2 matched 0 did not; NestedCondition on BlockingRestClassesPresentCondition.RestClientPresent @ConditionalOnClass found required class 'org.springframework.web.client.RestClient'; NestedCondition on BlockingRestClassesPresentCondition.RestTemplatePresent @ConditionalOnClass found required class 'org.springframework.web.client.RestTemplate' (BlockingRestClassesPresentCondition)
      - @ConditionalOnBean (types: org.springframework.cloud.client.loadbalancer.LoadBalancerClient; SearchStrategy: all) found bean 'blockingLoadBalancerClient' (OnBeanCondition)

   org.springframework.cloud.loadbalancer.config.LoadBalancerAutoConfiguration matched:
      - @ConditionalOnProperty (spring.cloud.loadbalancer.enabled=true) matched (OnPropertyCondition)

   LoadBalancerAutoConfiguration#loadBalancerClientFactory matched:
      - @ConditionalOnMissingBean (types: org.springframework.cloud.loadbalancer.support.LoadBalancerClientFactory; SearchStrategy: all) did not find any beans (OnBeanCondition)

   LoadBalancerAutoConfiguration#loadBalancerRequestFactory matched:
      - @ConditionalOnMissingBean (types: org.springframework.cloud.client.loadbalancer.LoadBalancerRequestFactory; SearchStrategy: all) did not find any beans (OnBeanCondition)

   LoadBalancerAutoConfiguration#zoneConfig matched:
      - @ConditionalOnMissingBean (types: org.springframework.cloud.loadbalancer.config.LoadBalancerZoneConfig; SearchStrategy: all) did not find any beans (OnBeanCondition)

   LoadBalancerAutoConfiguration.DeferringLoadBalancerInterceptorConfig#deferringLoadBalancerInterceptor matched:
      - @ConditionalOnMissingBean (types: org.springframework.cloud.client.loadbalancer.DeferringLoadBalancerInterceptor; SearchStrategy: all) did not find any beans (OnBeanCondition)

   LoadBalancerAutoConfiguration.DeferringLoadBalancerInterceptorConfig#lbRestClientPostProcessor matched:
      - @ConditionalOnBean (types: org.springframework.cloud.client.loadbalancer.DeferringLoadBalancerInterceptor; SearchStrategy: all) found bean 'deferringLoadBalancerInterceptor'; @ConditionalOnMissingBean (types: org.springframework.cloud.client.loadbalancer.LoadBalancerRestClientBuilderBeanPostProcessor; SearchStrategy: all) did not find any beans (OnBeanCondition)

   LoadBalancerAutoConfiguration.LoadBalancerInterceptorConfig matched:
      - AnyNestedCondition 1 matched 1 did not; NestedCondition on LoadBalancerAutoConfiguration.RetryMissingOrDisabledCondition.RetryDisabled @ConditionalOnProperty (spring.cloud.loadbalancer.retry.enabled=false) did not find property 'spring.cloud.loadbalancer.retry.enabled'; NestedCondition on LoadBalancerAutoConfiguration.RetryMissingOrDisabledCondition.RetryTemplateMissing @ConditionalOnMissingClass did not find unwanted class 'org.springframework.retry.support.RetryTemplate' (LoadBalancerAutoConfiguration.RetryMissingOrDisabledCondition)

   LoadBalancerAutoConfiguration.LoadBalancerInterceptorConfig#restTemplateCustomizer matched:
      - @ConditionalOnMissingBean (types: org.springframework.cloud.client.loadbalancer.RestTemplateCustomizer; SearchStrategy: all) did not find any beans (OnBeanCondition)

   LoadBalancerCacheAutoConfiguration matched:
      - @ConditionalOnClass found required classes 'org.springframework.cache.CacheManager', 'org.springframework.boot.autoconfigure.cache.CacheAutoConfiguration' (OnClassCondition)
      - AllNestedConditions 2 matched 0 did not; NestedCondition on LoadBalancerCacheAutoConfiguration.OnLoadBalancerCachingEnabledCondition.LoadBalancerCacheEnabled @ConditionalOnProperty (spring.cloud.loadbalancer.cache.enabled) matched; NestedCondition on LoadBalancerCacheAutoConfiguration.OnLoadBalancerCachingEnabledCondition.LoadBalancerEnabled @ConditionalOnProperty (spring.cloud.loadbalancer.enabled=true) matched (LoadBalancerCacheAutoConfiguration.OnLoadBalancerCachingEnabledCondition)

   LoadBalancerCacheAutoConfiguration.DefaultLoadBalancerCacheManagerConfiguration matched:
      - @ConditionalOnClass found required class 'com.stoyanr.evictor.ConcurrentMapWithTimedEviction' (OnClassCondition)
      - AnyNestedCondition 1 matched 1 did not; NestedCondition on LoadBalancerCacheAutoConfiguration.OnCaffeineCacheMissingCondition.CaffeineCacheManagerClassMissing @ConditionalOnMissingClass found unwanted class 'org.springframework.cache.caffeine.CaffeineCacheManager'; NestedCondition on LoadBalancerCacheAutoConfiguration.OnCaffeineCacheMissingCondition.CaffeineClassMissing @ConditionalOnMissingClass did not find unwanted class 'com.github.benmanes.caffeine.cache.Caffeine' (LoadBalancerCacheAutoConfiguration.OnCaffeineCacheMissingCondition)

   LoadBalancerCacheAutoConfiguration.DefaultLoadBalancerCacheManagerConfiguration#defaultLoadBalancerCacheManager matched:
      - @ConditionalOnMissingBean (types: org.springframework.cloud.loadbalancer.cache.LoadBalancerCacheManager; SearchStrategy: all) did not find any beans (OnBeanCondition)

   LoadBalancerCacheAutoConfiguration.LoadBalancerCacheManagerWarnConfiguration matched:
      - AnyNestedCondition 1 matched 1 did not; NestedCondition on LoadBalancerCacheAutoConfiguration.OnCaffeineCacheMissingCondition.CaffeineCacheManagerClassMissing @ConditionalOnMissingClass found unwanted class 'org.springframework.cache.caffeine.CaffeineCacheManager'; NestedCondition on LoadBalancerCacheAutoConfiguration.OnCaffeineCacheMissingCondition.CaffeineClassMissing @ConditionalOnMissingClass did not find unwanted class 'com.github.benmanes.caffeine.cache.Caffeine' (LoadBalancerCacheAutoConfiguration.OnCaffeineCacheMissingCondition)

   LoadBalancerEurekaAutoConfiguration matched:
      - @ConditionalOnClass found required class 'org.springframework.cloud.loadbalancer.annotation.LoadBalancerClientConfigurationRegistrar' (OnClassCondition)
      - @ConditionalOnProperty (eureka.client.enabled) matched (OnPropertyCondition)

   LoadBalancerEurekaAutoConfiguration#eurekaLoadBalancerProperties matched:
      - @ConditionalOnMissingBean (types: org.springframework.cloud.netflix.eureka.loadbalancer.EurekaLoadBalancerProperties; SearchStrategy: all) did not find any beans (OnBeanCondition)

   MultipartAutoConfiguration matched:
      - @ConditionalOnClass found required classes 'jakarta.servlet.Servlet', 'org.springframework.web.multipart.support.StandardServletMultipartResolver', 'jakarta.servlet.MultipartConfigElement' (OnClassCondition)
      - found 'session' scope (OnWebApplicationCondition)
      - @ConditionalOnProperty (spring.servlet.multipart.enabled) matched (OnPropertyCondition)

   MultipartAutoConfiguration#multipartConfigElement matched:
      - @ConditionalOnMissingBean (types: jakarta.servlet.MultipartConfigElement; SearchStrategy: all) did not find any beans (OnBeanCondition)

   MultipartAutoConfiguration#multipartResolver matched:
      - @ConditionalOnMissingBean (types: org.springframework.web.multipart.MultipartResolver; SearchStrategy: all) did not find any beans (OnBeanCondition)

   NamedParameterJdbcTemplateConfiguration matched:
      - @ConditionalOnSingleCandidate (types: org.springframework.jdbc.core.JdbcTemplate; SearchStrategy: all) found a single bean 'jdbcTemplate'; @ConditionalOnMissingBean (types: org.springframework.jdbc.core.namedparam.NamedParameterJdbcOperations; SearchStrategy: all) did not find any beans (OnBeanCondition)

   NoOpCacheConfiguration matched:
      - Cache org.springframework.boot.autoconfigure.cache.NoOpCacheConfiguration automatic cache type (CacheCondition)

   PersistenceExceptionTranslationAutoConfiguration matched:
      - @ConditionalOnClass found required class 'org.springframework.dao.annotation.PersistenceExceptionTranslationPostProcessor' (OnClassCondition)

   PersistenceExceptionTranslationAutoConfiguration#persistenceExceptionTranslationPostProcessor matched:
      - @ConditionalOnProperty (spring.dao.exceptiontranslation.enabled) matched (OnPropertyCondition)
      - @ConditionalOnMissingBean (types: org.springframework.dao.annotation.PersistenceExceptionTranslationPostProcessor; SearchStrategy: all) did not find any beans (OnBeanCondition)

   PropertyPlaceholderAutoConfiguration#propertySourcesPlaceholderConfigurer matched:
      - @ConditionalOnMissingBean (types: org.springframework.context.support.PropertySourcesPlaceholderConfigurer; SearchStrategy: current) did not find any beans (OnBeanCondition)

   ReactorAutoConfiguration matched:
      - @ConditionalOnClass found required class 'reactor.core.publisher.Hooks' (OnClassCondition)

   RefreshAutoConfiguration matched:
      - @ConditionalOnClass found required class 'org.springframework.cloud.context.scope.refresh.RefreshScope' (OnClassCondition)
      - @ConditionalOnProperty (spring.cloud.refresh.enabled) matched (OnPropertyCondition)

   RefreshAutoConfiguration#configDataContextRefresher matched:
      - @ConditionalOnMissingBean (types: org.springframework.cloud.context.refresh.ConfigDataContextRefresher; SearchStrategy: all) did not find any beans (OnBeanCondition)
      - NoneNestedConditions 0 matched 3 did not; NestedCondition on ConditionalOnBootstrapDisabled.OnBootstrapDisabledCondition.OnBootstrapEnabled @ConditionalOnProperty (spring.cloud.bootstrap.enabled) did not find property 'spring.cloud.bootstrap.enabled'; NestedCondition on ConditionalOnBootstrapDisabled.OnBootstrapDisabledCondition.OnUseLegacyProcessingEnabled @ConditionalOnProperty (spring.config.use-legacy-processing) did not find property 'spring.config.use-legacy-processing'; NestedCondition on ConditionalOnBootstrapDisabled.OnBootstrapDisabledCondition.OnBootstrapMarkerClassPresent @ConditionalOnClass did not find required class 'org.springframework.cloud.bootstrap.marker.Marker' (ConditionalOnBootstrapDisabled.OnBootstrapDisabledCondition)

   RefreshAutoConfiguration#loggingRebinder matched:
      - @ConditionalOnMissingBean (types: org.springframework.cloud.logging.LoggingRebinder; SearchStrategy: all) did not find any beans (OnBeanCondition)

   RefreshAutoConfiguration#refreshScope matched:
      - @ConditionalOnMissingBean (types: org.springframework.cloud.context.scope.refresh.RefreshScope; SearchStrategy: all) did not find any beans (OnBeanCondition)

   RefreshAutoConfiguration#refreshScopeLifecycle matched:
      - @ConditionalOnProperty (spring.cloud.refresh.on-restart.enabled) matched (OnPropertyCondition)

   ResourceServerTokenRelayAutoConfiguration matched:
      - @ConditionalOnClass found required class 'org.springframework.web.servlet.config.annotation.WebMvcConfigurer' (OnClassCondition)
      - found 'session' scope (OnWebApplicationCondition)
      - @ConditionalOnProperty (spring.cloud.mvc.token-relay.enabled) matched (OnPropertyCondition)

   RestClientAutoConfiguration matched:
      - @ConditionalOnClass found required class 'org.springframework.web.client.RestClient' (OnClassCondition)
      - NoneNestedConditions 0 matched 1 did not; NestedCondition on NotReactiveWebApplicationCondition.ReactiveWebApplication did not find reactive web application classes (NotReactiveWebApplicationCondition)

   RestClientAutoConfiguration#httpMessageConvertersRestClientCustomizer matched:
      - @ConditionalOnMissingBean (types: org.springframework.boot.autoconfigure.web.client.HttpMessageConvertersRestClientCustomizer; SearchStrategy: all) did not find any beans (OnBeanCondition)

   RestClientAutoConfiguration#restClientBuilder matched:
      - @ConditionalOnMissingBean (types: org.springframework.web.client.RestClient$Builder; SearchStrategy: all) did not find any beans (OnBeanCondition)

   RestClientAutoConfiguration#restClientBuilderConfigurer matched:
      - @ConditionalOnMissingBean (types: org.springframework.boot.autoconfigure.web.client.RestClientBuilderConfigurer; SearchStrategy: all) did not find any beans (OnBeanCondition)

   RestClientAutoConfiguration#restClientSsl matched:
      - @ConditionalOnBean (types: org.springframework.boot.ssl.SslBundles; SearchStrategy: all) found bean 'sslBundleRegistry'; @ConditionalOnMissingBean (types: org.springframework.boot.autoconfigure.web.client.RestClientSsl; SearchStrategy: all) did not find any beans (OnBeanCondition)

   RestTemplateAutoConfiguration matched:
      - @ConditionalOnClass found required class 'org.springframework.web.client.RestTemplate' (OnClassCondition)
      - NoneNestedConditions 0 matched 1 did not; NestedCondition on NotReactiveWebApplicationCondition.ReactiveWebApplication did not find reactive web application classes (NotReactiveWebApplicationCondition)

   RestTemplateAutoConfiguration#restTemplateBuilder matched:
      - @ConditionalOnMissingBean (types: org.springframework.boot.web.client.RestTemplateBuilder; SearchStrategy: all) did not find any beans (OnBeanCondition)

   SecurityAutoConfiguration matched:
      - @ConditionalOnClass found required class 'org.springframework.security.authentication.DefaultAuthenticationEventPublisher' (OnClassCondition)

   SecurityAutoConfiguration#authenticationEventPublisher matched:
      - @ConditionalOnMissingBean (types: org.springframework.security.authentication.AuthenticationEventPublisher; SearchStrategy: all) did not find any beans (OnBeanCondition)

   SecurityFilterAutoConfiguration matched:
      - @ConditionalOnClass found required classes 'org.springframework.security.web.context.AbstractSecurityWebApplicationInitializer', 'org.springframework.security.config.http.SessionCreationPolicy' (OnClassCondition)
      - found 'session' scope (OnWebApplicationCondition)

   SecurityFilterAutoConfiguration#securityFilterChainRegistration matched:
      - @ConditionalOnBean (names: springSecurityFilterChain; SearchStrategy: all) found bean 'springSecurityFilterChain' (OnBeanCondition)

   ServletWebServerFactoryAutoConfiguration matched:
      - @ConditionalOnClass found required class 'jakarta.servlet.ServletRequest' (OnClassCondition)
      - found 'session' scope (OnWebApplicationCondition)

   ServletWebServerFactoryAutoConfiguration#tomcatServletWebServerFactoryCustomizer matched:
      - @ConditionalOnClass found required class 'org.apache.catalina.startup.Tomcat' (OnClassCondition)

   ServletWebServerFactoryConfiguration.EmbeddedTomcat matched:
      - @ConditionalOnClass found required classes 'jakarta.servlet.Servlet', 'org.apache.catalina.startup.Tomcat', 'org.apache.coyote.UpgradeProtocol' (OnClassCondition)
      - @ConditionalOnMissingBean (types: org.springframework.boot.web.servlet.server.ServletWebServerFactory; SearchStrategy: current) did not find any beans (OnBeanCondition)

   SimpleCacheConfiguration matched:
      - Cache org.springframework.boot.autoconfigure.cache.SimpleCacheConfiguration automatic cache type (CacheCondition)

   SimpleDiscoveryClientAutoConfiguration#simpleDiscoveryProperties matched:
      - @ConditionalOnMissingBean (types: org.springframework.cloud.client.discovery.simple.SimpleDiscoveryProperties; SearchStrategy: all) did not find any beans (OnBeanCondition)

   SpringBootWebSecurityConfiguration matched:
      - found 'session' scope (OnWebApplicationCondition)

   SpringDataWebAutoConfiguration matched:
      - @ConditionalOnClass found required classes 'org.springframework.data.web.PageableHandlerMethodArgumentResolver', 'org.springframework.web.servlet.config.annotation.WebMvcConfigurer' (OnClassCondition)
      - found 'session' scope (OnWebApplicationCondition)
      - @ConditionalOnMissingBean (types: org.springframework.data.web.PageableHandlerMethodArgumentResolver; SearchStrategy: all) did not find any beans (OnBeanCondition)

   SpringDataWebAutoConfiguration#pageableCustomizer matched:
      - @ConditionalOnMissingBean (types: org.springframework.data.web.config.PageableHandlerMethodArgumentResolverCustomizer; SearchStrategy: all) did not find any beans (OnBeanCondition)

   SpringDataWebAutoConfiguration#sortCustomizer matched:
      - @ConditionalOnMissingBean (types: org.springframework.data.web.config.SortHandlerMethodArgumentResolverCustomizer; SearchStrategy: all) did not find any beans (OnBeanCondition)

   SqlInitializationAutoConfiguration matched:
      - @ConditionalOnProperty (spring.sql.init.enabled) matched (OnPropertyCondition)
      - NoneNestedConditions 0 matched 1 did not; NestedCondition on SqlInitializationAutoConfiguration.SqlInitializationModeCondition.ModeIsNever @ConditionalOnProperty (spring.sql.init.mode=never) did not find property 'mode' (SqlInitializationAutoConfiguration.SqlInitializationModeCondition)

   SslAutoConfiguration#sslBundleRegistry matched:
      - @ConditionalOnMissingBean (types: org.springframework.boot.ssl.SslBundleRegistry,org.springframework.boot.ssl.SslBundles; SearchStrategy: all) did not find any beans (OnBeanCondition)

   TaskExecutionAutoConfiguration matched:
      - @ConditionalOnClass found required class 'org.springframework.scheduling.concurrent.ThreadPoolTaskExecutor' (OnClassCondition)

   TaskExecutorConfigurations.SimpleAsyncTaskExecutorBuilderConfiguration#simpleAsyncTaskExecutorBuilder matched:
      - @ConditionalOnMissingBean (types: org.springframework.boot.task.SimpleAsyncTaskExecutorBuilder; SearchStrategy: all) did not find any beans (OnBeanCondition)
      - @ConditionalOnThreading found PLATFORM (OnThreadingCondition)

   TaskExecutorConfigurations.TaskExecutorBuilderConfiguration#taskExecutorBuilder matched:
      - @ConditionalOnMissingBean (types: org.springframework.boot.task.TaskExecutorBuilder; SearchStrategy: all) did not find any beans (OnBeanCondition)

   TaskExecutorConfigurations.TaskExecutorConfiguration matched:
      - @ConditionalOnMissingBean (types: java.util.concurrent.Executor; SearchStrategy: all) did not find any beans (OnBeanCondition)

   TaskExecutorConfigurations.TaskExecutorConfiguration#applicationTaskExecutor matched:
      - @ConditionalOnThreading found PLATFORM (OnThreadingCondition)

   TaskExecutorConfigurations.ThreadPoolTaskExecutorBuilderConfiguration#threadPoolTaskExecutorBuilder matched:
      - @ConditionalOnMissingBean (types: org.springframework.boot.task.TaskExecutorBuilder,org.springframework.boot.task.ThreadPoolTaskExecutorBuilder; SearchStrategy: all) did not find any beans (OnBeanCondition)

   TaskSchedulingAutoConfiguration matched:
      - @ConditionalOnClass found required class 'org.springframework.scheduling.concurrent.ThreadPoolTaskScheduler' (OnClassCondition)

   TaskSchedulingConfigurations.SimpleAsyncTaskSchedulerBuilderConfiguration#simpleAsyncTaskSchedulerBuilder matched:
      - @ConditionalOnMissingBean (types: org.springframework.boot.task.SimpleAsyncTaskSchedulerBuilder; SearchStrategy: all) did not find any beans (OnBeanCondition)
      - @ConditionalOnThreading found PLATFORM (OnThreadingCondition)

   TaskSchedulingConfigurations.TaskSchedulerBuilderConfiguration#taskSchedulerBuilder matched:
      - @ConditionalOnMissingBean (types: org.springframework.boot.task.TaskSchedulerBuilder; SearchStrategy: all) did not find any beans (OnBeanCondition)

   TaskSchedulingConfigurations.ThreadPoolTaskSchedulerBuilderConfiguration#threadPoolTaskSchedulerBuilder matched:
      - @ConditionalOnMissingBean (types: org.springframework.boot.task.TaskSchedulerBuilder,org.springframework.boot.task.ThreadPoolTaskSchedulerBuilder; SearchStrategy: all) did not find any beans (OnBeanCondition)

   TransactionAutoConfiguration matched:
      - @ConditionalOnClass found required class 'org.springframework.transaction.PlatformTransactionManager' (OnClassCondition)

   TransactionAutoConfiguration.EnableTransactionManagementConfiguration matched:
      - @ConditionalOnBean (types: org.springframework.transaction.TransactionManager; SearchStrategy: all) found bean 'transactionManager'; @ConditionalOnMissingBean (types: org.springframework.transaction.annotation.AbstractTransactionManagementConfiguration; SearchStrategy: all) did not find any beans (OnBeanCondition)

   TransactionAutoConfiguration.EnableTransactionManagementConfiguration.CglibAutoProxyConfiguration matched:
      - @ConditionalOnProperty (spring.aop.proxy-target-class=true) matched (OnPropertyCondition)

   TransactionAutoConfiguration.TransactionTemplateConfiguration matched:
      - @ConditionalOnSingleCandidate (types: org.springframework.transaction.PlatformTransactionManager; SearchStrategy: all) found a single bean 'transactionManager' (OnBeanCondition)

   TransactionAutoConfiguration.TransactionTemplateConfiguration#transactionTemplate matched:
      - @ConditionalOnMissingBean (types: org.springframework.transaction.support.TransactionOperations; SearchStrategy: all) did not find any beans (OnBeanCondition)

   TransactionManagerCustomizationAutoConfiguration matched:
      - @ConditionalOnClass found required class 'org.springframework.transaction.PlatformTransactionManager' (OnClassCondition)

   TransactionManagerCustomizationAutoConfiguration#platformTransactionManagerCustomizers matched:
      - @ConditionalOnMissingBean (types: org.springframework.boot.autoconfigure.transaction.TransactionManagerCustomizers; SearchStrategy: all) did not find any beans (OnBeanCondition)

   UserDetailsServiceAutoConfiguration matched:
      - @ConditionalOnClass found required class 'org.springframework.security.authentication.AuthenticationManager' (OnClassCondition)
      - AnyNestedCondition 1 matched 2 did not; NestedCondition on UserDetailsServiceAutoConfiguration.MissingAlternativeOrUserPropertiesConfigured.PasswordConfigured @ConditionalOnProperty (spring.security.user.password) did not find property 'password'; NestedCondition on UserDetailsServiceAutoConfiguration.MissingAlternativeOrUserPropertiesConfigured.NameConfigured @ConditionalOnProperty (spring.security.user.name) did not find property 'name'; NestedCondition on UserDetailsServiceAutoConfiguration.MissingAlternativeOrUserPropertiesConfigured.MissingAlternative @ConditionalOnMissingClass did not find unwanted classes 'org.springframework.security.oauth2.client.registration.ClientRegistrationRepository', 'org.springframework.security.oauth2.server.resource.introspection.OpaqueTokenIntrospector', 'org.springframework.security.saml2.provider.service.registration.RelyingPartyRegistrationRepository' (UserDetailsServiceAutoConfiguration.MissingAlternativeOrUserPropertiesConfigured)
      - @ConditionalOnBean (types: org.springframework.security.config.annotation.ObjectPostProcessor; SearchStrategy: all) found bean 'objectPostProcessor'; @ConditionalOnMissingBean (types: org.springframework.security.authentication.AuthenticationManager,org.springframework.security.authentication.AuthenticationProvider,org.springframework.security.core.userdetails.UserDetailsService,org.springframework.security.authentication.AuthenticationManagerResolver,org.springframework.security.oauth2.jwt.JwtDecoder; SearchStrategy: all) did not find any beans (OnBeanCondition)

   UtilAutoConfiguration matched:
      - @ConditionalOnProperty (spring.cloud.util.enabled) matched (OnPropertyCondition)

   UtilAutoConfiguration#inetUtils matched:
      - @ConditionalOnMissingBean (types: org.springframework.cloud.commons.util.InetUtils; SearchStrategy: all) did not find any beans (OnBeanCondition)

   WebMvcAutoConfiguration matched:
      - @ConditionalOnClass found required classes 'jakarta.servlet.Servlet', 'org.springframework.web.servlet.DispatcherServlet', 'org.springframework.web.servlet.config.annotation.WebMvcConfigurer' (OnClassCondition)
      - found 'session' scope (OnWebApplicationCondition)
      - @ConditionalOnMissingBean (types: org.springframework.web.servlet.config.annotation.WebMvcConfigurationSupport; SearchStrategy: all) did not find any beans (OnBeanCondition)

   WebMvcAutoConfiguration#formContentFilter matched:
      - @ConditionalOnProperty (spring.mvc.formcontent.filter.enabled) matched (OnPropertyCondition)
      - @ConditionalOnMissingBean (types: org.springframework.web.filter.FormContentFilter; SearchStrategy: all) did not find any beans (OnBeanCondition)

   WebMvcAutoConfiguration.EnableWebMvcConfiguration#flashMapManager matched:
      - @ConditionalOnMissingBean (names: flashMapManager; SearchStrategy: all) did not find any beans (OnBeanCondition)

   WebMvcAutoConfiguration.EnableWebMvcConfiguration#localeResolver matched:
      - @ConditionalOnMissingBean (names: localeResolver; SearchStrategy: all) did not find any beans (OnBeanCondition)

   WebMvcAutoConfiguration.EnableWebMvcConfiguration#themeResolver matched:
      - @ConditionalOnMissingBean (names: themeResolver; SearchStrategy: all) did not find any beans (OnBeanCondition)

   WebMvcAutoConfiguration.WebMvcAutoConfigurationAdapter#defaultViewResolver matched:
      - @ConditionalOnMissingBean (types: org.springframework.web.servlet.view.InternalResourceViewResolver; SearchStrategy: all) did not find any beans (OnBeanCondition)

   WebMvcAutoConfiguration.WebMvcAutoConfigurationAdapter#requestContextFilter matched:
      - @ConditionalOnMissingBean (types: org.springframework.web.context.request.RequestContextListener,org.springframework.web.filter.RequestContextFilter; SearchStrategy: all) did not find any beans (OnBeanCondition)

   WebMvcAutoConfiguration.WebMvcAutoConfigurationAdapter#viewResolver matched:
      - @ConditionalOnBean (types: org.springframework.web.servlet.ViewResolver; SearchStrategy: all) found beans 'defaultViewResolver', 'beanNameViewResolver', 'mvcViewResolver'; @ConditionalOnMissingBean (names: viewResolver types: org.springframework.web.servlet.view.ContentNegotiatingViewResolver; SearchStrategy: all) did not find any beans (OnBeanCondition)

   WebSocketServletAutoConfiguration matched:
      - @ConditionalOnClass found required classes 'jakarta.servlet.Servlet', 'jakarta.websocket.server.ServerContainer' (OnClassCondition)
      - found 'session' scope (OnWebApplicationCondition)

   WebSocketServletAutoConfiguration.TomcatWebSocketConfiguration matched:
      - @ConditionalOnClass found required classes 'org.apache.catalina.startup.Tomcat', 'org.apache.tomcat.websocket.server.WsSci' (OnClassCondition)

   WebSocketServletAutoConfiguration.TomcatWebSocketConfiguration#websocketServletWebServerCustomizer matched:
      - @ConditionalOnMissingBean (names: websocketServletWebServerCustomizer; SearchStrategy: all) did not find any beans (OnBeanCondition)


Negative matches:
-----------------

   ActiveMQAutoConfiguration:
      Did not match:
         - @ConditionalOnClass did not find required class 'jakarta.jms.ConnectionFactory' (OnClassCondition)

   AopAutoConfiguration.AspectJAutoProxyingConfiguration.JdkDynamicAutoProxyConfiguration:
      Did not match:
         - @ConditionalOnProperty (spring.aop.proxy-target-class=false) did not find property 'proxy-target-class' (OnPropertyCondition)

   AopAutoConfiguration.ClassProxyingConfiguration:
      Did not match:
         - @ConditionalOnMissingClass found unwanted class 'org.aspectj.weaver.Advice' (OnClassCondition)

   ArtemisAutoConfiguration:
      Did not match:
         - @ConditionalOnClass did not find required class 'jakarta.jms.ConnectionFactory' (OnClassCondition)

   BatchAutoConfiguration:
      Did not match:
         - @ConditionalOnClass did not find required class 'org.springframework.batch.core.launch.JobLauncher' (OnClassCondition)

   BlockingLoadBalancerClientAutoConfiguration.BlockingLoadBalancerRetryConfig:
      Did not match:
         - @ConditionalOnClass did not find required class 'org.springframework.retry.support.RetryTemplate' (OnClassCondition)

   Cache2kCacheConfiguration:
      Did not match:
         - @ConditionalOnClass did not find required class 'org.cache2k.Cache2kBuilder' (OnClassCondition)

   CacheAutoConfiguration:
      Did not match:
         - @ConditionalOnBean (types: org.springframework.cache.interceptor.CacheAspectSupport; SearchStrategy: all) did not find any beans of type org.springframework.cache.interceptor.CacheAspectSupport (OnBeanCondition)
      Matched:
         - @ConditionalOnClass found required class 'org.springframework.cache.CacheManager' (OnClassCondition)

   CacheAutoConfiguration.CacheManagerEntityManagerFactoryDependsOnPostProcessor:
      Did not match:
         - Ancestor org.springframework.boot.autoconfigure.cache.CacheAutoConfiguration did not match (ConditionEvaluationReport.AncestorsMatchedCondition)
      Matched:
         - @ConditionalOnClass found required class 'org.springframework.orm.jpa.LocalContainerEntityManagerFactoryBean' (OnClassCondition)

   CaffeineCacheConfiguration:
      Did not match:
         - @ConditionalOnClass did not find required class 'com.github.benmanes.caffeine.cache.Caffeine' (OnClassCondition)

   CassandraAutoConfiguration:
      Did not match:
         - @ConditionalOnClass did not find required class 'com.datastax.oss.driver.api.core.CqlSession' (OnClassCondition)

   CassandraDataAutoConfiguration:
      Did not match:
         - @ConditionalOnClass did not find required class 'com.datastax.oss.driver.api.core.CqlSession' (OnClassCondition)

   CassandraReactiveDataAutoConfiguration:
      Did not match:
         - @ConditionalOnClass did not find required class 'com.datastax.oss.driver.api.core.CqlSession' (OnClassCondition)

   CassandraReactiveRepositoriesAutoConfiguration:
      Did not match:
         - @ConditionalOnClass did not find required class 'org.springframework.data.cassandra.ReactiveSession' (OnClassCondition)

   CassandraRepositoriesAutoConfiguration:
      Did not match:
         - @ConditionalOnClass did not find required class 'com.datastax.oss.driver.api.core.CqlSession' (OnClassCondition)

   ClientHttpConnectorAutoConfiguration:
      Did not match:
         - @ConditionalOnClass did not find required class 'org.springframework.web.reactive.function.client.WebClient' (OnClassCondition)

   CloudHypermediaAutoConfiguration:
      Did not match:
         - @ConditionalOnClass did not find required class 'org.springframework.hateoas.Link' (OnClassCondition)

   CodecsAutoConfiguration:
      Did not match:
         - @ConditionalOnClass did not find required class 'org.springframework.web.reactive.function.client.WebClient' (OnClassCondition)

   CommonsClientAutoConfiguration.ActuatorConfiguration:
      Did not match:
         - @ConditionalOnClass did not find required class 'org.springframework.boot.actuate.endpoint.annotation.Endpoint' (OnClassCondition)

   CommonsClientAutoConfiguration.DiscoveryLoadBalancerConfiguration:
      Did not match:
         - @ConditionalOnClass did not find required class 'org.springframework.boot.actuate.health.HealthIndicator' (OnClassCondition)

   CouchbaseAutoConfiguration:
      Did not match:
         - @ConditionalOnClass did not find required class 'com.couchbase.client.java.Cluster' (OnClassCondition)

   CouchbaseCacheConfiguration:
      Did not match:
         - @ConditionalOnClass did not find required class 'com.couchbase.client.java.Cluster' (OnClassCondition)

   CouchbaseDataAutoConfiguration:
      Did not match:
         - @ConditionalOnClass did not find required class 'com.couchbase.client.java.Bucket' (OnClassCondition)

   CouchbaseReactiveDataAutoConfiguration:
      Did not match:
         - @ConditionalOnClass did not find required class 'com.couchbase.client.java.Cluster' (OnClassCondition)

   CouchbaseReactiveRepositoriesAutoConfiguration:
      Did not match:
         - @ConditionalOnClass did not find required class 'com.couchbase.client.java.Cluster' (OnClassCondition)

   CouchbaseRepositoriesAutoConfiguration:
      Did not match:
         - @ConditionalOnClass did not find required class 'com.couchbase.client.java.Bucket' (OnClassCondition)

   DataSourceAutoConfiguration.EmbeddedDatabaseConfiguration:
      Did not match:
         - EmbeddedDataSource spring.datasource.url is set (DataSourceAutoConfiguration.EmbeddedDatabaseCondition)

   DataSourceCheckpointRestoreConfiguration:
      Did not match:
         - @ConditionalOnClass did not find required class 'org.crac.Resource' (OnClassCondition)

   DataSourceConfiguration.Dbcp2:
      Did not match:
         - @ConditionalOnClass did not find required class 'org.apache.commons.dbcp2.BasicDataSource' (OnClassCondition)

   DataSourceConfiguration.Generic:
      Did not match:
         - @ConditionalOnProperty (spring.datasource.type) did not find property 'spring.datasource.type' (OnPropertyCondition)

   DataSourceConfiguration.OracleUcp:
      Did not match:
         - @ConditionalOnClass did not find required classes 'oracle.ucp.jdbc.PoolDataSourceImpl', 'oracle.jdbc.OracleConnection' (OnClassCondition)

   DataSourceConfiguration.Tomcat:
      Did not match:
         - @ConditionalOnClass did not find required class 'org.apache.tomcat.jdbc.pool.DataSource' (OnClassCondition)

   DataSourceJmxConfiguration.TomcatDataSourceJmxConfiguration:
      Did not match:
         - @ConditionalOnClass did not find required class 'org.apache.tomcat.jdbc.pool.DataSourceProxy' (OnClassCondition)

   DataSourcePoolMetadataProvidersConfiguration.CommonsDbcp2PoolDataSourceMetadataProviderConfiguration:
      Did not match:
         - @ConditionalOnClass did not find required class 'org.apache.commons.dbcp2.BasicDataSource' (OnClassCondition)

   DataSourcePoolMetadataProvidersConfiguration.OracleUcpPoolDataSourceMetadataProviderConfiguration:
      Did not match:
         - @ConditionalOnClass did not find required classes 'oracle.ucp.jdbc.PoolDataSource', 'oracle.jdbc.OracleConnection' (OnClassCondition)

   DataSourcePoolMetadataProvidersConfiguration.TomcatDataSourcePoolMetadataProviderConfiguration:
      Did not match:
         - @ConditionalOnClass did not find required class 'org.apache.tomcat.jdbc.pool.DataSource' (OnClassCondition)

   DataSourceTransactionManagerAutoConfiguration.JdbcTransactionManagerConfiguration#transactionManager:
      Did not match:
         - @ConditionalOnMissingBean (types: org.springframework.transaction.TransactionManager; SearchStrategy: all) found beans of type 'org.springframework.transaction.TransactionManager' transactionManager (OnBeanCondition)

   DiscoveryClientOptionalArgsConfiguration.DiscoveryClientOptionalArgsTlsConfiguration:
      Did not match:
         - AllNestedConditions 1 matched 1 did not; NestedCondition on DiscoveryClientOptionalArgsConfiguration.JerseyClientPresentAndEnabledCondition.OnJerseyClientEnabled @ConditionalOnProperty (eureka.client.jersey.enabled) matched; NestedCondition on DiscoveryClientOptionalArgsConfiguration.JerseyClientPresentAndEnabledCondition.OnJerseyClientPresent @ConditionalOnClass did not find required class 'org.glassfish.jersey.client.JerseyClient' (DiscoveryClientOptionalArgsConfiguration.JerseyClientPresentAndEnabledCondition)

   DiscoveryClientOptionalArgsConfiguration.WebClientConfiguration:
      Did not match:
         - @ConditionalOnClass did not find required class 'org.springframework.web.reactive.function.client.WebClient' (OnClassCondition)

   DiscoveryClientOptionalArgsConfiguration.WebClientNotFoundConfiguration:
      Did not match:
         - @ConditionalOnProperty (eureka.client.webclient.enabled=true) did not find property 'webclient.enabled' (OnPropertyCondition)
      Matched:
         - @ConditionalOnMissingClass did not find unwanted class 'org.springframework.web.reactive.function.client.WebClient' (OnClassCondition)

   DispatcherServletAutoConfiguration.DispatcherServletConfiguration#multipartResolver:
      Did not match:
         - @ConditionalOnBean (types: org.springframework.web.multipart.MultipartResolver; SearchStrategy: all) did not find any beans of type org.springframework.web.multipart.MultipartResolver (OnBeanCondition)

   ElasticsearchClientAutoConfiguration:
      Did not match:
         - @ConditionalOnClass did not find required class 'co.elastic.clients.elasticsearch.ElasticsearchClient' (OnClassCondition)

   ElasticsearchDataAutoConfiguration:
      Did not match:
         - @ConditionalOnClass did not find required class 'org.springframework.data.elasticsearch.client.elc.ElasticsearchTemplate' (OnClassCondition)

   ElasticsearchRepositoriesAutoConfiguration:
      Did not match:
         - @ConditionalOnClass did not find required class 'org.springframework.data.elasticsearch.repository.ElasticsearchRepository' (OnClassCondition)

   ElasticsearchRestClientAutoConfiguration:
      Did not match:
         - @ConditionalOnClass did not find required class 'org.elasticsearch.client.RestClientBuilder' (OnClassCondition)

   EmbeddedLdapAutoConfiguration:
      Did not match:
         - @ConditionalOnClass did not find required class 'com.unboundid.ldap.listener.InMemoryDirectoryServer' (OnClassCondition)

   EmbeddedWebServerFactoryCustomizerAutoConfiguration.JettyWebServerFactoryCustomizerConfiguration:
      Did not match:
         - @ConditionalOnClass did not find required classes 'org.eclipse.jetty.server.Server', 'org.eclipse.jetty.util.Loader', 'org.eclipse.jetty.ee10.webapp.WebAppContext' (OnClassCondition)

   EmbeddedWebServerFactoryCustomizerAutoConfiguration.NettyWebServerFactoryCustomizerConfiguration:
      Did not match:
         - @ConditionalOnClass did not find required class 'reactor.netty.http.server.HttpServer' (OnClassCondition)

   EmbeddedWebServerFactoryCustomizerAutoConfiguration.TomcatWebServerFactoryCustomizerConfiguration#tomcatVirtualThreadsProtocolHandlerCustomizer:
      Did not match:
         - @ConditionalOnThreading did not find VIRTUAL (OnThreadingCondition)

   EmbeddedWebServerFactoryCustomizerAutoConfiguration.UndertowWebServerFactoryCustomizerConfiguration:
      Did not match:
         - @ConditionalOnClass did not find required classes 'io.undertow.Undertow', 'org.xnio.SslClientAuthMode' (OnClassCondition)

   ErrorWebFluxAutoConfiguration:
      Did not match:
         - @ConditionalOnClass did not find required class 'org.springframework.web.reactive.config.WebFluxConfigurer' (OnClassCondition)

   EurekaClientAutoConfiguration.EurekaClientConfiguration:
      Did not match:
         - AnyNestedCondition 0 matched 3 did not; NestedCondition on EurekaClientAutoConfiguration.OnMissingRefreshScopeCondition.OnPropertyDisabled @ConditionalOnProperty (eureka.client.refresh.enable=false) did not find property 'eureka.client.refresh.enable'; NestedCondition on EurekaClientAutoConfiguration.OnMissingRefreshScopeCondition.MissingScope @ConditionalOnMissingBean (types: org.springframework.cloud.autoconfigure.RefreshAutoConfiguration; SearchStrategy: all) found beans of type 'org.springframework.cloud.autoconfigure.RefreshAutoConfiguration' org.springframework.cloud.autoconfigure.RefreshAutoConfiguration; NestedCondition on EurekaClientAutoConfiguration.OnMissingRefreshScopeCondition.MissingClass @ConditionalOnMissingClass found unwanted class 'org.springframework.cloud.context.scope.refresh.RefreshScope' (EurekaClientAutoConfiguration.OnMissingRefreshScopeCondition)

   EurekaClientAutoConfiguration.EurekaHealthIndicatorConfiguration:
      Did not match:
         - @ConditionalOnClass did not find required class 'org.springframework.boot.actuate.health.Health' (OnClassCondition)

   EurekaClientConfigServerAutoConfiguration:
      Did not match:
         - @ConditionalOnClass did not find required class 'org.springframework.cloud.config.server.config.ConfigServerProperties' (OnClassCondition)

   EurekaDiscoveryClientConfiguration.EurekaHealthCheckHandlerConfiguration:
      Did not match:
         - @ConditionalOnProperty (eureka.client.healthcheck.enabled) did not find property 'eureka.client.healthcheck.enabled' (OnPropertyCondition)

   EurekaReactiveDiscoveryClientConfiguration:
      Did not match:
         - @ConditionalOnClass did not find required class 'org.springframework.web.reactive.function.client.WebClient' (OnClassCondition)

   FlywayAutoConfiguration:
      Did not match:
         - @ConditionalOnClass did not find required class 'org.flywaydb.core.Flyway' (OnClassCondition)

   FreeMarkerAutoConfiguration:
      Did not match:
         - @ConditionalOnClass did not find required class 'freemarker.template.Configuration' (OnClassCondition)

   GraphQlAutoConfiguration:
      Did not match:
         - @ConditionalOnClass did not find required class 'graphql.GraphQL' (OnClassCondition)

   GraphQlQueryByExampleAutoConfiguration:
      Did not match:
         - @ConditionalOnClass did not find required class 'graphql.GraphQL' (OnClassCondition)

   GraphQlQuerydslAutoConfiguration:
      Did not match:
         - @ConditionalOnClass did not find required class 'com.querydsl.core.Query' (OnClassCondition)

   GraphQlRSocketAutoConfiguration:
      Did not match:
         - @ConditionalOnClass did not find required class 'graphql.GraphQL' (OnClassCondition)

   GraphQlReactiveQueryByExampleAutoConfiguration:
      Did not match:
         - @ConditionalOnClass did not find required class 'graphql.GraphQL' (OnClassCondition)

   GraphQlReactiveQuerydslAutoConfiguration:
      Did not match:
         - @ConditionalOnClass did not find required class 'com.querydsl.core.Query' (OnClassCondition)

   GraphQlWebFluxAutoConfiguration:
      Did not match:
         - @ConditionalOnClass did not find required class 'graphql.GraphQL' (OnClassCondition)

   GraphQlWebFluxSecurityAutoConfiguration:
      Did not match:
         - @ConditionalOnClass did not find required class 'graphql.GraphQL' (OnClassCondition)

   GraphQlWebMvcAutoConfiguration:
      Did not match:
         - @ConditionalOnClass did not find required class 'graphql.GraphQL' (OnClassCondition)

   GraphQlWebMvcSecurityAutoConfiguration:
      Did not match:
         - @ConditionalOnClass did not find required class 'graphql.GraphQL' (OnClassCondition)

   GroovyTemplateAutoConfiguration:
      Did not match:
         - @ConditionalOnClass did not find required class 'groovy.text.markup.MarkupTemplateEngine' (OnClassCondition)

   GsonHttpMessageConvertersConfiguration.GsonHttpMessageConverterConfiguration:
      Did not match:
         - AnyNestedCondition 0 matched 2 did not; NestedCondition on GsonHttpMessageConvertersConfiguration.PreferGsonOrJacksonAndJsonbUnavailableCondition.JacksonJsonbUnavailable NoneNestedConditions 1 matched 1 did not; NestedCondition on GsonHttpMessageConvertersConfiguration.JacksonAndJsonbUnavailableCondition.JsonbPreferred @ConditionalOnProperty (spring.mvc.converters.preferred-json-mapper=jsonb) did not find property 'spring.mvc.converters.preferred-json-mapper'; NestedCondition on GsonHttpMessageConvertersConfiguration.JacksonAndJsonbUnavailableCondition.JacksonAvailable @ConditionalOnBean (types: org.springframework.http.converter.json.MappingJackson2HttpMessageConverter; SearchStrategy: all) found bean 'mappingJackson2HttpMessageConverter'; NestedCondition on GsonHttpMessageConvertersConfiguration.PreferGsonOrJacksonAndJsonbUnavailableCondition.GsonPreferred @ConditionalOnProperty (spring.mvc.converters.preferred-json-mapper=gson) did not find property 'spring.mvc.converters.preferred-json-mapper' (GsonHttpMessageConvertersConfiguration.PreferGsonOrJacksonAndJsonbUnavailableCondition)

   H2ConsoleAutoConfiguration:
      Did not match:
         - @ConditionalOnProperty (spring.h2.console.enabled=true) did not find property 'enabled' (OnPropertyCondition)
      Matched:
         - @ConditionalOnClass found required class 'org.h2.server.web.JakartaWebServlet' (OnClassCondition)
         - found 'session' scope (OnWebApplicationCondition)

   HazelcastAutoConfiguration:
      Did not match:
         - @ConditionalOnClass did not find required class 'com.hazelcast.core.HazelcastInstance' (OnClassCondition)

   HazelcastCacheConfiguration:
      Did not match:
         - @ConditionalOnClass did not find required class 'com.hazelcast.core.HazelcastInstance' (OnClassCondition)

   HazelcastJpaDependencyAutoConfiguration:
      Did not match:
         - @ConditionalOnClass did not find required class 'com.hazelcast.core.HazelcastInstance' (OnClassCondition)

   HttpHandlerAutoConfiguration:
      Did not match:
         - @ConditionalOnClass did not find required class 'org.springframework.web.reactive.DispatcherHandler' (OnClassCondition)

   HypermediaAutoConfiguration:
      Did not match:
         - @ConditionalOnClass did not find required class 'org.springframework.hateoas.EntityModel' (OnClassCondition)

   InfinispanCacheConfiguration:
      Did not match:
         - @ConditionalOnClass did not find required class 'org.infinispan.spring.embedded.provider.SpringEmbeddedCacheManager' (OnClassCondition)

   InfluxDbAutoConfiguration:
      Did not match:
         - @ConditionalOnClass did not find required class 'org.influxdb.InfluxDB' (OnClassCondition)

   IntegrationAutoConfiguration:
      Did not match:
         - @ConditionalOnClass did not find required class 'org.springframework.integration.config.EnableIntegration' (OnClassCondition)

   JCacheCacheConfiguration:
      Did not match:
         - @ConditionalOnClass did not find required class 'javax.cache.Caching' (OnClassCondition)

   JacksonHttpMessageConvertersConfiguration.MappingJackson2XmlHttpMessageConverterConfiguration:
      Did not match:
         - @ConditionalOnClass did not find required class 'com.fasterxml.jackson.dataformat.xml.XmlMapper' (OnClassCondition)

   JdbcRepositoriesAutoConfiguration:
      Did not match:
         - @ConditionalOnClass did not find required class 'org.springframework.data.jdbc.repository.config.AbstractJdbcConfiguration' (OnClassCondition)

   JerseyAutoConfiguration:
      Did not match:
         - @ConditionalOnClass did not find required class 'org.glassfish.jersey.server.spring.SpringComponentProvider' (OnClassCondition)

   JmsAutoConfiguration:
      Did not match:
         - @ConditionalOnClass did not find required class 'jakarta.jms.Message' (OnClassCondition)

   JmxAutoConfiguration:
      Did not match:
         - @ConditionalOnProperty (spring.jmx.enabled=true) did not find property 'enabled' (OnPropertyCondition)
      Matched:
         - @ConditionalOnClass found required class 'org.springframework.jmx.export.MBeanExporter' (OnClassCondition)

   JndiConnectionFactoryAutoConfiguration:
      Did not match:
         - @ConditionalOnClass did not find required class 'org.springframework.jms.core.JmsTemplate' (OnClassCondition)

   JndiDataSourceAutoConfiguration:
      Did not match:
         - @ConditionalOnProperty (spring.datasource.jndi-name) did not find property 'jndi-name' (OnPropertyCondition)
      Matched:
         - @ConditionalOnClass found required classes 'javax.sql.DataSource', 'org.springframework.jdbc.datasource.embedded.EmbeddedDatabaseType' (OnClassCondition)

   JndiJtaConfiguration:
      Did not match:
         - @ConditionalOnJndi JNDI environment is not available (OnJndiCondition)
      Matched:
         - @ConditionalOnClass found required class 'org.springframework.transaction.jta.JtaTransactionManager' (OnClassCondition)

   JooqAutoConfiguration:
      Did not match:
         - @ConditionalOnClass did not find required class 'org.jooq.DSLContext' (OnClassCondition)

   JpaRepositoriesAutoConfiguration#entityManagerFactoryBootstrapExecutorCustomizer:
      Did not match:
         - AnyNestedCondition 0 matched 2 did not; NestedCondition on JpaRepositoriesAutoConfiguration.BootstrapExecutorCondition.LazyBootstrapMode @ConditionalOnProperty (spring.data.jpa.repositories.bootstrap-mode=lazy) did not find property 'bootstrap-mode'; NestedCondition on JpaRepositoriesAutoConfiguration.BootstrapExecutorCondition.DeferredBootstrapMode @ConditionalOnProperty (spring.data.jpa.repositories.bootstrap-mode=deferred) did not find property 'bootstrap-mode' (JpaRepositoriesAutoConfiguration.BootstrapExecutorCondition)

   JsonbAutoConfiguration:
      Did not match:
         - @ConditionalOnClass did not find required class 'jakarta.json.bind.Jsonb' (OnClassCondition)

   JsonbHttpMessageConvertersConfiguration:
      Did not match:
         - @ConditionalOnClass did not find required class 'jakarta.json.bind.Jsonb' (OnClassCondition)

   KafkaAutoConfiguration:
      Did not match:
         - @ConditionalOnClass did not find required class 'org.springframework.kafka.core.KafkaTemplate' (OnClassCondition)

   LdapAutoConfiguration:
      Did not match:
         - @ConditionalOnClass did not find required class 'org.springframework.ldap.core.ContextSource' (OnClassCondition)

   LdapRepositoriesAutoConfiguration:
      Did not match:
         - @ConditionalOnClass did not find required class 'org.springframework.data.ldap.repository.LdapRepository' (OnClassCondition)

   LiquibaseAutoConfiguration:
      Did not match:
         - @ConditionalOnClass did not find required class 'liquibase.change.DatabaseChange' (OnClassCondition)

   LoadBalancerAutoConfiguration.RetryAutoConfiguration:
      Did not match:
         - @ConditionalOnClass did not find required class 'org.springframework.retry.support.RetryTemplate' (OnClassCondition)

   LoadBalancerAutoConfiguration.RetryInterceptorAutoConfiguration:
      Did not match:
         - @ConditionalOnClass did not find required class 'org.springframework.retry.support.RetryTemplate' (OnClassCondition)

   LoadBalancerBeanPostProcessorAutoConfiguration:
      Did not match:
         - @ConditionalOnClass did not find required class 'org.springframework.web.reactive.function.client.WebClient' (OnClassCondition)

   LoadBalancerCacheAutoConfiguration.CaffeineLoadBalancerCacheManagerConfiguration:
      Did not match:
         - @ConditionalOnClass did not find required class 'com.github.benmanes.caffeine.cache.Caffeine' (OnClassCondition)

   LoadBalancerEurekaAutoConfiguration#zoneConfig:
      Did not match:
         - @ConditionalOnMissingBean (types: org.springframework.cloud.loadbalancer.config.LoadBalancerZoneConfig; SearchStrategy: all) found beans of type 'org.springframework.cloud.loadbalancer.config.LoadBalancerZoneConfig' zoneConfig (OnBeanCondition)

   LoadBalancerStatsAutoConfiguration:
      Did not match:
         - @ConditionalOnClass did not find required class 'io.micrometer.core.instrument.MeterRegistry' (OnClassCondition)

   MailSenderAutoConfiguration:
      Did not match:
         - @ConditionalOnClass did not find required class 'jakarta.mail.internet.MimeMessage' (OnClassCondition)

   MailSenderValidatorAutoConfiguration:
      Did not match:
         - @ConditionalOnProperty (spring.mail.test-connection) did not find property 'test-connection' (OnPropertyCondition)

   MessageSourceAutoConfiguration:
      Did not match:
         - ResourceBundle did not find bundle with basename messages (MessageSourceAutoConfiguration.ResourceBundleCondition)

   MongoAutoConfiguration:
      Did not match:
         - @ConditionalOnClass did not find required class 'com.mongodb.client.MongoClient' (OnClassCondition)

   MongoDataAutoConfiguration:
      Did not match:
         - @ConditionalOnClass did not find required class 'com.mongodb.client.MongoClient' (OnClassCondition)

   MongoReactiveAutoConfiguration:
      Did not match:
         - @ConditionalOnClass did not find required class 'com.mongodb.reactivestreams.client.MongoClient' (OnClassCondition)

   MongoReactiveDataAutoConfiguration:
      Did not match:
         - @ConditionalOnClass did not find required class 'com.mongodb.reactivestreams.client.MongoClient' (OnClassCondition)

   MongoReactiveRepositoriesAutoConfiguration:
      Did not match:
         - @ConditionalOnClass did not find required class 'com.mongodb.reactivestreams.client.MongoClient' (OnClassCondition)

   MongoRepositoriesAutoConfiguration:
      Did not match:
         - @ConditionalOnClass did not find required class 'com.mongodb.client.MongoClient' (OnClassCondition)

   MustacheAutoConfiguration:
      Did not match:
         - @ConditionalOnClass did not find required class 'com.samskivert.mustache.Mustache' (OnClassCondition)

   Neo4jAutoConfiguration:
      Did not match:
         - @ConditionalOnClass did not find required class 'org.neo4j.driver.Driver' (OnClassCondition)

   Neo4jDataAutoConfiguration:
      Did not match:
         - @ConditionalOnClass did not find required class 'org.neo4j.driver.Driver' (OnClassCondition)

   Neo4jReactiveDataAutoConfiguration:
      Did not match:
         - @ConditionalOnClass did not find required class 'org.neo4j.driver.Driver' (OnClassCondition)

   Neo4jReactiveRepositoriesAutoConfiguration:
      Did not match:
         - @ConditionalOnClass did not find required class 'org.neo4j.driver.Driver' (OnClassCondition)

   Neo4jRepositoriesAutoConfiguration:
      Did not match:
         - @ConditionalOnClass did not find required class 'org.neo4j.driver.Driver' (OnClassCondition)

   NettyAutoConfiguration:
      Did not match:
         - @ConditionalOnClass did not find required class 'io.netty.util.NettyRuntime' (OnClassCondition)

   OAuth2AuthorizationServerAutoConfiguration:
      Did not match:
         - @ConditionalOnClass did not find required class 'org.springframework.security.oauth2.server.authorization.OAuth2Authorization' (OnClassCondition)

   OAuth2AuthorizationServerJwtAutoConfiguration:
      Did not match:
         - @ConditionalOnClass did not find required class 'org.springframework.security.oauth2.server.authorization.OAuth2Authorization' (OnClassCondition)

   OAuth2ClientAutoConfiguration:
      Did not match:
         - @ConditionalOnClass did not find required class 'org.springframework.security.oauth2.client.registration.ClientRegistration' (OnClassCondition)

   OAuth2LoadBalancerClientAutoConfiguration:
      Did not match:
         - @ConditionalOnProperty (spring.cloud.oauth2.load-balanced.enabled) did not find property 'spring.cloud.oauth2.load-balanced.enabled' (OnPropertyCondition)

   OAuth2ResourceServerAutoConfiguration:
      Did not match:
         - @ConditionalOnClass did not find required class 'org.springframework.security.oauth2.server.resource.authentication.BearerTokenAuthenticationToken' (OnClassCondition)

   ProjectInfoAutoConfiguration#buildProperties:
      Did not match:
         - @ConditionalOnResource did not find resource '${spring.info.build.location:classpath:META-INF/build-info.properties}' (OnResourceCondition)

   ProjectInfoAutoConfiguration#gitProperties:
      Did not match:
         - GitResource did not find git info at classpath:git.properties (ProjectInfoAutoConfiguration.GitResourceAvailableCondition)

   PulsarAutoConfiguration:
      Did not match:
         - @ConditionalOnClass did not find required class 'org.apache.pulsar.client.api.PulsarClient' (OnClassCondition)

   PulsarReactiveAutoConfiguration:
      Did not match:
         - @ConditionalOnClass did not find required class 'org.apache.pulsar.client.api.PulsarClient' (OnClassCondition)

   QuartzAutoConfiguration:
      Did not match:
         - @ConditionalOnClass did not find required class 'org.quartz.Scheduler' (OnClassCondition)

   R2dbcAutoConfiguration:
      Did not match:
         - @ConditionalOnClass did not find required class 'io.r2dbc.spi.ConnectionFactory' (OnClassCondition)

   R2dbcDataAutoConfiguration:
      Did not match:
         - @ConditionalOnClass did not find required class 'org.springframework.data.r2dbc.core.R2dbcEntityTemplate' (OnClassCondition)

   R2dbcInitializationConfiguration:
      Did not match:
         - @ConditionalOnClass did not find required classes 'io.r2dbc.spi.ConnectionFactory', 'org.springframework.r2dbc.connection.init.DatabasePopulator' (OnClassCondition)

   R2dbcRepositoriesAutoConfiguration:
      Did not match:
         - @ConditionalOnClass did not find required class 'io.r2dbc.spi.ConnectionFactory' (OnClassCondition)

   R2dbcTransactionManagerAutoConfiguration:
      Did not match:
         - @ConditionalOnClass did not find required class 'org.springframework.r2dbc.connection.R2dbcTransactionManager' (OnClassCondition)

   RSocketGraphQlClientAutoConfiguration:
      Did not match:
         - @ConditionalOnClass did not find required class 'graphql.GraphQL' (OnClassCondition)

   RSocketMessagingAutoConfiguration:
      Did not match:
         - @ConditionalOnClass did not find required class 'io.rsocket.RSocket' (OnClassCondition)

   RSocketRequesterAutoConfiguration:
      Did not match:
         - @ConditionalOnClass did not find required class 'io.rsocket.RSocket' (OnClassCondition)

   RSocketSecurityAutoConfiguration:
      Did not match:
         - @ConditionalOnClass did not find required class 'org.springframework.security.rsocket.core.SecuritySocketAcceptorInterceptor' (OnClassCondition)

   RSocketServerAutoConfiguration:
      Did not match:
         - @ConditionalOnClass did not find required class 'io.rsocket.core.RSocketServer' (OnClassCondition)

   RSocketStrategiesAutoConfiguration:
      Did not match:
         - @ConditionalOnClass did not find required class 'io.netty.buffer.PooledByteBufAllocator' (OnClassCondition)

   RabbitAutoConfiguration:
      Did not match:
         - @ConditionalOnClass did not find required class 'com.rabbitmq.client.Channel' (OnClassCondition)

   ReactiveCommonsClientAutoConfiguration.ReactiveDiscoveryLoadBalancerConfiguration:
      Did not match:
         - @ConditionalOnClass did not find required classes 'org.springframework.boot.actuate.health.ReactiveHealthIndicator', 'org.springframework.web.reactive.function.client.WebClient' (OnClassCondition)

   ReactiveCompositeDiscoveryClientAutoConfiguration:
      Did not match:
         - @ConditionalOnClass did not find required class 'org.springframework.web.reactive.function.client.WebClient' (OnClassCondition)

   ReactiveElasticsearchClientAutoConfiguration:
      Did not match:
         - @ConditionalOnClass did not find required class 'co.elastic.clients.transport.ElasticsearchTransport' (OnClassCondition)

   ReactiveElasticsearchRepositoriesAutoConfiguration:
      Did not match:
         - @ConditionalOnClass did not find required class 'org.springframework.data.elasticsearch.client.elc.ReactiveElasticsearchClient' (OnClassCondition)

   ReactiveMultipartAutoConfiguration:
      Did not match:
         - @ConditionalOnClass did not find required class 'org.springframework.web.reactive.config.WebFluxConfigurer' (OnClassCondition)

   ReactiveOAuth2ClientAutoConfiguration:
      Did not match:
         - @ConditionalOnClass did not find required class 'org.springframework.security.oauth2.client.registration.ClientRegistration' (OnClassCondition)

   ReactiveOAuth2ResourceServerAutoConfiguration:
      Did not match:
         - @ConditionalOnWebApplication did not find reactive web application classes (OnWebApplicationCondition)

   ReactiveSecurityAutoConfiguration:
      Did not match:
         - @ConditionalOnClass did not find required class 'org.springframework.web.reactive.config.WebFluxConfigurer' (OnClassCondition)

   ReactiveUserDetailsServiceAutoConfiguration:
      Did not match:
         - AnyNestedCondition 0 matched 2 did not; NestedCondition on ReactiveUserDetailsServiceAutoConfiguration.RSocketEnabledOrReactiveWebApplication.ReactiveWebApplicationCondition did not find reactive web application classes; NestedCondition on ReactiveUserDetailsServiceAutoConfiguration.RSocketEnabledOrReactiveWebApplication.RSocketSecurityEnabledCondition @ConditionalOnBean (types: org.springframework.messaging.rsocket.annotation.support.RSocketMessageHandler; SearchStrategy: all) did not find any beans of type org.springframework.messaging.rsocket.annotation.support.RSocketMessageHandler (ReactiveUserDetailsServiceAutoConfiguration.RSocketEnabledOrReactiveWebApplication)
      Matched:
         - @ConditionalOnClass found required class 'org.springframework.security.authentication.ReactiveAuthenticationManager' (OnClassCondition)
         - AnyNestedCondition 1 matched 2 did not; NestedCondition on ReactiveUserDetailsServiceAutoConfiguration.MissingAlternativeOrUserPropertiesConfigured.PasswordConfigured @ConditionalOnProperty (spring.security.user.password) did not find property 'password'; NestedCondition on ReactiveUserDetailsServiceAutoConfiguration.MissingAlternativeOrUserPropertiesConfigured.NameConfigured @ConditionalOnProperty (spring.security.user.name) did not find property 'name'; NestedCondition on ReactiveUserDetailsServiceAutoConfiguration.MissingAlternativeOrUserPropertiesConfigured.MissingAlternative @ConditionalOnMissingClass did not find unwanted classes 'org.springframework.security.oauth2.client.registration.ClientRegistrationRepository', 'org.springframework.security.oauth2.server.resource.introspection.ReactiveOpaqueTokenIntrospector' (ReactiveUserDetailsServiceAutoConfiguration.MissingAlternativeOrUserPropertiesConfigured)

   ReactiveWebServerFactoryAutoConfiguration:
      Did not match:
         - @ConditionalOnWebApplication did not find reactive web application classes (OnWebApplicationCondition)

   ReactorLoadBalancerClientAutoConfiguration:
      Did not match:
         - @ConditionalOnClass did not find required class 'org.springframework.web.reactive.function.client.WebClient' (OnClassCondition)

   RedisAutoConfiguration:
      Did not match:
         - @ConditionalOnClass did not find required class 'org.springframework.data.redis.core.RedisOperations' (OnClassCondition)

   RedisCacheConfiguration:
      Did not match:
         - @ConditionalOnClass did not find required class 'org.springframework.data.redis.connection.RedisConnectionFactory' (OnClassCondition)

   RedisReactiveAutoConfiguration:
      Did not match:
         - @ConditionalOnClass did not find required class 'org.springframework.data.redis.connection.ReactiveRedisConnectionFactory' (OnClassCondition)

   RedisRepositoriesAutoConfiguration:
      Did not match:
         - @ConditionalOnClass did not find required class 'org.springframework.data.redis.repository.configuration.EnableRedisRepositories' (OnClassCondition)

   RefreshAutoConfiguration#legacyContextRefresher:
      Did not match:
         - AnyNestedCondition 0 matched 3 did not; NestedCondition on ConditionalOnBootstrapEnabled.OnBootstrapEnabledCondition.OnBootstrapEnabled @ConditionalOnProperty (spring.cloud.bootstrap.enabled) did not find property 'spring.cloud.bootstrap.enabled'; NestedCondition on ConditionalOnBootstrapEnabled.OnBootstrapEnabledCondition.OnUseLegacyProcessingEnabled @ConditionalOnProperty (spring.config.use-legacy-processing) did not find property 'spring.config.use-legacy-processing'; NestedCondition on ConditionalOnBootstrapEnabled.OnBootstrapEnabledCondition.OnBootstrapMarkerClassPresent @ConditionalOnClass did not find required class 'org.springframework.cloud.bootstrap.marker.Marker' (ConditionalOnBootstrapEnabled.OnBootstrapEnabledCondition)

   RefreshAutoConfiguration.JpaInvokerConfiguration:
      Did not match:
         - @ConditionalOnClass did not find required class 'javax.persistence.EntityManagerFactory' (OnClassCondition)

   RefreshEndpointAutoConfiguration:
      Did not match:
         - @ConditionalOnClass did not find required class 'org.springframework.boot.actuate.autoconfigure.endpoint.EndpointAutoConfiguration' (OnClassCondition)

   RepositoryRestMvcAutoConfiguration:
      Did not match:
         - @ConditionalOnClass did not find required class 'org.springframework.data.rest.webmvc.config.RepositoryRestMvcConfiguration' (OnClassCondition)

   Saml2RelyingPartyAutoConfiguration:
      Did not match:
         - @ConditionalOnClass did not find required class 'org.springframework.security.saml2.provider.service.registration.RelyingPartyRegistrationRepository' (OnClassCondition)

   SecurityDataConfiguration:
      Did not match:
         - @ConditionalOnClass did not find required class 'org.springframework.security.data.repository.query.SecurityEvaluationContextExtension' (OnClassCondition)

   SendGridAutoConfiguration:
      Did not match:
         - @ConditionalOnClass did not find required class 'com.sendgrid.SendGrid' (OnClassCondition)

   ServiceRegistryAutoConfiguration.ServiceRegistryEndpointConfiguration:
      Did not match:
         - @ConditionalOnClass did not find required class 'org.springframework.boot.actuate.endpoint.annotation.Endpoint' (OnClassCondition)

   ServletWebServerFactoryAutoConfiguration.ForwardedHeaderFilterConfiguration:
      Did not match:
         - @ConditionalOnProperty (server.forward-headers-strategy=framework) did not find property 'server.forward-headers-strategy' (OnPropertyCondition)

   ServletWebServerFactoryConfiguration.EmbeddedJetty:
      Did not match:
         - @ConditionalOnClass did not find required classes 'org.eclipse.jetty.server.Server', 'org.eclipse.jetty.util.Loader', 'org.eclipse.jetty.ee10.webapp.WebAppContext' (OnClassCondition)

   ServletWebServerFactoryConfiguration.EmbeddedUndertow:
      Did not match:
         - @ConditionalOnClass did not find required classes 'io.undertow.Undertow', 'org.xnio.SslClientAuthMode' (OnClassCondition)

   SessionAutoConfiguration:
      Did not match:
         - @ConditionalOnClass did not find required class 'org.springframework.session.Session' (OnClassCondition)

   SimpleReactiveDiscoveryClientAutoConfiguration:
      Did not match:
         - @ConditionalOnClass did not find required class 'org.springframework.web.reactive.function.client.WebClient' (OnClassCondition)

   SpringApplicationAdminJmxAutoConfiguration:
      Did not match:
         - @ConditionalOnProperty (spring.application.admin.enabled=true) did not find property 'enabled' (OnPropertyCondition)

   SpringBootWebSecurityConfiguration.SecurityFilterChainConfiguration:
      Did not match:
         - AllNestedConditions 1 matched 1 did not; NestedCondition on DefaultWebSecurityCondition.Beans @ConditionalOnMissingBean (types: org.springframework.security.web.SecurityFilterChain; SearchStrategy: all) found beans of type 'org.springframework.security.web.SecurityFilterChain' securityFilterChain; NestedCondition on DefaultWebSecurityCondition.Classes @ConditionalOnClass found required classes 'org.springframework.security.web.SecurityFilterChain', 'org.springframework.security.config.annotation.web.builders.HttpSecurity' (DefaultWebSecurityCondition)

   SpringBootWebSecurityConfiguration.WebSecurityEnablerConfiguration:
      Did not match:
         - @ConditionalOnMissingBean (names: springSecurityFilterChain; SearchStrategy: all) found beans named springSecurityFilterChain (OnBeanCondition)
      Matched:
         - @ConditionalOnClass found required class 'org.springframework.security.config.annotation.web.configuration.EnableWebSecurity' (OnClassCondition)

   TaskExecutorConfigurations.SimpleAsyncTaskExecutorBuilderConfiguration#simpleAsyncTaskExecutorBuilderVirtualThreads:
      Did not match:
         - @ConditionalOnMissingBean (types: org.springframework.boot.task.SimpleAsyncTaskExecutorBuilder; SearchStrategy: all) found beans of type 'org.springframework.boot.task.SimpleAsyncTaskExecutorBuilder' simpleAsyncTaskExecutorBuilder (OnBeanCondition)

   TaskExecutorConfigurations.TaskExecutorConfiguration#applicationTaskExecutorVirtualThreads:
      Did not match:
         - @ConditionalOnThreading did not find VIRTUAL (OnThreadingCondition)

   TaskSchedulingAutoConfiguration#scheduledBeanLazyInitializationExcludeFilter:
      Did not match:
         - @ConditionalOnBean (names: org.springframework.context.annotation.internalScheduledAnnotationProcessor; SearchStrategy: all) did not find any beans named org.springframework.context.annotation.internalScheduledAnnotationProcessor (OnBeanCondition)

   TaskSchedulingConfigurations.SimpleAsyncTaskSchedulerBuilderConfiguration#simpleAsyncTaskSchedulerBuilderVirtualThreads:
      Did not match:
         - @ConditionalOnMissingBean (types: org.springframework.boot.task.SimpleAsyncTaskSchedulerBuilder; SearchStrategy: all) found beans of type 'org.springframework.boot.task.SimpleAsyncTaskSchedulerBuilder' simpleAsyncTaskSchedulerBuilder (OnBeanCondition)

   TaskSchedulingConfigurations.TaskSchedulerConfiguration:
      Did not match:
         - @ConditionalOnBean (names: org.springframework.context.annotation.internalScheduledAnnotationProcessor; SearchStrategy: all) did not find any beans named org.springframework.context.annotation.internalScheduledAnnotationProcessor (OnBeanCondition)

   ThymeleafAutoConfiguration:
      Did not match:
         - @ConditionalOnClass did not find required class 'org.thymeleaf.spring6.SpringTemplateEngine' (OnClassCondition)

   TransactionAutoConfiguration#transactionalOperator:
      Did not match:
         - @ConditionalOnSingleCandidate (types: org.springframework.transaction.ReactiveTransactionManager; SearchStrategy: all) did not find any beans (OnBeanCondition)

   TransactionAutoConfiguration.AspectJTransactionManagementConfiguration:
      Did not match:
         - @ConditionalOnBean (types: org.springframework.transaction.aspectj.AbstractTransactionAspect; SearchStrategy: all) did not find any beans of type org.springframework.transaction.aspectj.AbstractTransactionAspect (OnBeanCondition)

   TransactionAutoConfiguration.EnableTransactionManagementConfiguration.JdkDynamicAutoProxyConfiguration:
      Did not match:
         - @ConditionalOnProperty (spring.aop.proxy-target-class=false) did not find property 'proxy-target-class' (OnPropertyCondition)

   ValidationAutoConfiguration:
      Did not match:
         - @ConditionalOnClass did not find required class 'jakarta.validation.executable.ExecutableValidator' (OnClassCondition)

   WebClientAutoConfiguration:
      Did not match:
         - @ConditionalOnClass did not find required class 'org.springframework.web.reactive.function.client.WebClient' (OnClassCondition)

   WebFluxAutoConfiguration:
      Did not match:
         - @ConditionalOnClass did not find required class 'org.springframework.web.reactive.config.WebFluxConfigurer' (OnClassCondition)

   WebMvcAutoConfiguration#hiddenHttpMethodFilter:
      Did not match:
         - @ConditionalOnProperty (spring.mvc.hiddenmethod.filter.enabled) did not find property 'enabled' (OnPropertyCondition)

   WebMvcAutoConfiguration.ProblemDetailsErrorHandlingConfiguration:
      Did not match:
         - @ConditionalOnProperty (spring.mvc.problemdetails.enabled=true) did not find property 'enabled' (OnPropertyCondition)

   WebMvcAutoConfiguration.ResourceChainCustomizerConfiguration:
      Did not match:
         - @ConditionalOnEnabledResourceChain did not find class org.webjars.WebJarAssetLocator (OnEnabledResourceChainCondition)

   WebMvcAutoConfiguration.WebMvcAutoConfigurationAdapter#beanNameViewResolver:
      Did not match:
         - @ConditionalOnMissingBean (types: org.springframework.web.servlet.view.BeanNameViewResolver; SearchStrategy: all) found beans of type 'org.springframework.web.servlet.view.BeanNameViewResolver' beanNameViewResolver (OnBeanCondition)

   WebServiceTemplateAutoConfiguration:
      Did not match:
         - @ConditionalOnClass did not find required class 'org.springframework.oxm.Marshaller' (OnClassCondition)

   WebServicesAutoConfiguration:
      Did not match:
         - @ConditionalOnClass did not find required class 'org.springframework.ws.transport.http.MessageDispatcherServlet' (OnClassCondition)

   WebSessionIdResolverAutoConfiguration:
      Did not match:
         - @ConditionalOnWebApplication did not find reactive web application classes (OnWebApplicationCondition)

   WebSocketMessagingAutoConfiguration:
      Did not match:
         - @ConditionalOnClass did not find required class 'org.springframework.web.socket.config.annotation.WebSocketMessageBrokerConfigurer' (OnClassCondition)

   WebSocketReactiveAutoConfiguration:
      Did not match:
         - @ConditionalOnWebApplication did not find reactive web application classes (OnWebApplicationCondition)

   WebSocketServletAutoConfiguration.JettyWebSocketConfiguration:
      Did not match:
         - @ConditionalOnClass did not find required class 'org.eclipse.jetty.ee10.websocket.jakarta.server.config.JakartaWebSocketServletContainerInitializer' (OnClassCondition)

   WebSocketServletAutoConfiguration.UndertowWebSocketConfiguration:
      Did not match:
         - @ConditionalOnClass did not find required class 'io.undertow.websockets.jsr.Bootstrap' (OnClassCondition)

   WritableEnvironmentEndpointAutoConfiguration:
      Did not match:
         - @ConditionalOnClass did not find required class 'org.springframework.boot.actuate.autoconfigure.env.EnvironmentEndpointProperties' (OnClassCondition)

   XADataSourceAutoConfiguration:
      Did not match:
         - @ConditionalOnBean (types: org.springframework.boot.jdbc.XADataSourceWrapper; SearchStrategy: all) did not find any beans of type org.springframework.boot.jdbc.XADataSourceWrapper (OnBeanCondition)
      Matched:
         - @ConditionalOnClass found required classes 'javax.sql.DataSource', 'jakarta.transaction.TransactionManager', 'org.springframework.jdbc.datasource.embedded.EmbeddedDatabaseType' (OnClassCondition)


Exclusions:
-----------

    None


Unconditional classes:
----------------------

    org.springframework.boot.autoconfigure.context.ConfigurationPropertiesAutoConfiguration

    org.springframework.cloud.client.ReactiveCommonsClientAutoConfiguration

    org.springframework.boot.autoconfigure.ssl.SslAutoConfiguration

    org.springframework.boot.autoconfigure.context.PropertyPlaceholderAutoConfiguration

    org.springframework.cloud.client.discovery.simple.SimpleDiscoveryClientAutoConfiguration

    org.springframework.boot.autoconfigure.context.LifecycleAutoConfiguration

    org.springframework.cloud.client.CommonsClientAutoConfiguration

    org.springframework.cloud.commons.config.CommonsConfigAutoConfiguration

    org.springframework.cloud.netflix.eureka.config.DiscoveryClientOptionalArgsConfiguration

    org.springframework.cloud.client.loadbalancer.LoadBalancerDefaultMappingsProviderAutoConfiguration

    org.springframework.cloud.client.discovery.composite.CompositeDiscoveryClientAutoConfiguration

    org.springframework.cloud.client.serviceregistry.ServiceRegistryAutoConfiguration

    org.springframework.cloud.autoconfigure.LifecycleMvcEndpointAutoConfiguration

    org.springframework.boot.autoconfigure.availability.ApplicationAvailabilityAutoConfiguration

    org.springframework.boot.autoconfigure.info.ProjectInfoAutoConfiguration



2026-04-28T13:20:16.521+01:00  INFO 15528 --- [finance-service] [           main] o.example.plansync.PlanSyncApplication   : Started PlanSyncApplication in 8.105 seconds (process running for 8.314)
2026-04-28T13:20:16.522+01:00 DEBUG 15528 --- [finance-service] [           main] o.s.b.a.ApplicationAvailabilityBean      : Application availability state LivenessState changed to CORRECT
2026-04-28T13:20:16.523+01:00 DEBUG 15528 --- [finance-service] [           main] o.s.b.a.ApplicationAvailabilityBean      : Application availability state ReadinessState changed to ACCEPTING_TRAFFIC
Finance service running on port 8090
2026-04-28T13:20:46.421+01:00  INFO 15528 --- [finance-service] [reshExecutor-%d] com.netflix.discovery.DiscoveryClient    : Disable delta property : false
2026-04-28T13:20:46.424+01:00  INFO 15528 --- [finance-service] [reshExecutor-%d] com.netflix.discovery.DiscoveryClient    : Single vip registry refresh property : null
2026-04-28T13:20:46.426+01:00  INFO 15528 --- [finance-service] [reshExecutor-%d] com.netflix.discovery.DiscoveryClient    : Force full registry fetch : false
2026-04-28T13:20:46.426+01:00 DEBUG 15528 --- [finance-service] [beatExecutor-%d] o.s.web.client.RestTemplate              : HTTP PUT http://localhost:8761/eureka/apps/FINANCE-SERVICE/finance-service:8090?status=UP&lastDirtyTimestamp=1777378816411
2026-04-28T13:20:46.426+01:00  INFO 15528 --- [finance-service] [reshExecutor-%d] com.netflix.discovery.DiscoveryClient    : Application is null : false
2026-04-28T13:20:46.427+01:00  INFO 15528 --- [finance-service] [reshExecutor-%d] com.netflix.discovery.DiscoveryClient    : Registered Applications size is zero : true
2026-04-28T13:20:46.427+01:00  INFO 15528 --- [finance-service] [reshExecutor-%d] com.netflix.discovery.DiscoveryClient    : Application version is -1: false
2026-04-28T13:20:46.427+01:00  INFO 15528 --- [finance-service] [reshExecutor-%d] com.netflix.discovery.DiscoveryClient    : Getting all instance registry info from the eureka server
2026-04-28T13:20:46.427+01:00 DEBUG 15528 --- [finance-service] [reshExecutor-%d] o.s.web.client.RestTemplate              : HTTP GET http://localhost:8761/eureka/apps/
2026-04-28T13:20:46.428+01:00 DEBUG 15528 --- [finance-service] [reshExecutor-%d] o.s.web.client.RestTemplate              : Accept=[application/json, application/*+json]
2026-04-28T13:20:46.433+01:00 DEBUG 15528 --- [finance-service] [beatExecutor-%d] o.s.web.client.RestTemplate              : Accept=[application/json, application/*+json]
2026-04-28T13:20:46.447+01:00 DEBUG 15528 --- [finance-service] [reshExecutor-%d] o.s.web.client.RestTemplate              : Response 200 OK
2026-04-28T13:20:46.449+01:00 DEBUG 15528 --- [finance-service] [reshExecutor-%d] o.s.web.client.RestTemplate              : Reading to [org.springframework.cloud.netflix.eureka.http.EurekaApplications]
2026-04-28T13:20:46.461+01:00 DEBUG 15528 --- [finance-service] [beatExecutor-%d] o.s.web.client.RestTemplate              : Response 200 OK
2026-04-28T13:20:46.475+01:00  INFO 15528 --- [finance-service] [reshExecutor-%d] com.netflix.discovery.DiscoveryClient    : The response status is 200
2026-04-28T13:21:16.470+01:00 DEBUG 15528 --- [finance-service] [beatExecutor-%d] o.s.web.client.RestTemplate              : HTTP PUT http://localhost:8761/eureka/apps/FINANCE-SERVICE/finance-service:8090?status=UP&lastDirtyTimestamp=1777378816411
2026-04-28T13:21:16.474+01:00 DEBUG 15528 --- [finance-service] [beatExecutor-%d] o.s.web.client.RestTemplate              : Accept=[application/json, application/*+json]
2026-04-28T13:21:16.486+01:00 DEBUG 15528 --- [finance-service] [reshExecutor-%d] o.s.web.client.RestTemplate              : HTTP GET http://localhost:8761/eureka/apps/delta
2026-04-28T13:21:16.487+01:00 DEBUG 15528 --- [finance-service] [reshExecutor-%d] o.s.web.client.RestTemplate              : Accept=[application/json, application/*+json]
2026-04-28T13:21:16.492+01:00 DEBUG 15528 --- [finance-service] [beatExecutor-%d] o.s.web.client.RestTemplate              : Response 200 OK
2026-04-28T13:21:16.503+01:00 DEBUG 15528 --- [finance-service] [reshExecutor-%d] o.s.web.client.RestTemplate              : Response 200 OK
2026-04-28T13:21:16.503+01:00 DEBUG 15528 --- [finance-service] [reshExecutor-%d] o.s.web.client.RestTemplate              : Reading to [org.springframework.cloud.netflix.eureka.http.EurekaApplications]
2026-04-28T13:21:46.500+01:00 DEBUG 15528 --- [finance-service] [beatExecutor-%d] o.s.web.client.RestTemplate              : HTTP PUT http://localhost:8761/eureka/apps/FINANCE-SERVICE/finance-service:8090?status=UP&lastDirtyTimestamp=1777378816411
2026-04-28T13:21:46.504+01:00 DEBUG 15528 --- [finance-service] [beatExecutor-%d] o.s.web.client.RestTemplate              : Accept=[application/json, application/*+json]
2026-04-28T13:21:46.515+01:00 DEBUG 15528 --- [finance-service] [reshExecutor-%d] o.s.web.client.RestTemplate              : HTTP GET http://localhost:8761/eureka/apps/delta
2026-04-28T13:21:46.516+01:00 DEBUG 15528 --- [finance-service] [reshExecutor-%d] o.s.web.client.RestTemplate              : Accept=[application/json, application/*+json]
2026-04-28T13:21:46.522+01:00 DEBUG 15528 --- [finance-service] [beatExecutor-%d] o.s.web.client.RestTemplate              : Response 200 OK
2026-04-28T13:21:46.534+01:00 DEBUG 15528 --- [finance-service] [reshExecutor-%d] o.s.web.client.RestTemplate              : Response 200 OK
2026-04-28T13:21:46.535+01:00 DEBUG 15528 --- [finance-service] [reshExecutor-%d] o.s.web.client.RestTemplate              : Reading to [org.springframework.cloud.netflix.eureka.http.EurekaApplications]
2026-04-28T13:22:16.528+01:00 DEBUG 15528 --- [finance-service] [beatExecutor-%d] o.s.web.client.RestTemplate              : HTTP PUT http://localhost:8761/eureka/apps/FINANCE-SERVICE/finance-service:8090?status=UP&lastDirtyTimestamp=1777378816411
2026-04-28T13:22:16.534+01:00 DEBUG 15528 --- [finance-service] [beatExecutor-%d] o.s.web.client.RestTemplate              : Accept=[application/json, application/*+json]
2026-04-28T13:22:16.543+01:00 DEBUG 15528 --- [finance-service] [reshExecutor-%d] o.s.web.client.RestTemplate              : HTTP GET http://localhost:8761/eureka/apps/delta
2026-04-28T13:22:16.544+01:00 DEBUG 15528 --- [finance-service] [reshExecutor-%d] o.s.web.client.RestTemplate              : Accept=[application/json, application/*+json]
2026-04-28T13:22:16.549+01:00 DEBUG 15528 --- [finance-service] [beatExecutor-%d] o.s.web.client.RestTemplate              : Response 200 OK
2026-04-28T13:22:16.564+01:00 DEBUG 15528 --- [finance-service] [reshExecutor-%d] o.s.web.client.RestTemplate              : Response 200 OK
2026-04-28T13:22:16.564+01:00 DEBUG 15528 --- [finance-service] [reshExecutor-%d] o.s.web.client.RestTemplate              : Reading to [org.springframework.cloud.netflix.eureka.http.EurekaApplications]
2026-04-28T13:22:46.551+01:00 DEBUG 15528 --- [finance-service] [beatExecutor-%d] o.s.web.client.RestTemplate              : HTTP PUT http://localhost:8761/eureka/apps/FINANCE-SERVICE/finance-service:8090?status=UP&lastDirtyTimestamp=1777378816411
2026-04-28T13:22:46.557+01:00 DEBUG 15528 --- [finance-service] [beatExecutor-%d] o.s.web.client.RestTemplate              : Accept=[application/json, application/*+json]
2026-04-28T13:22:46.569+01:00 DEBUG 15528 --- [finance-service] [reshExecutor-%d] o.s.web.client.RestTemplate              : HTTP GET http://localhost:8761/eureka/apps/delta
2026-04-28T13:22:46.575+01:00 DEBUG 15528 --- [finance-service] [reshExecutor-%d] o.s.web.client.RestTemplate              : Accept=[application/json, application/*+json]
2026-04-28T13:22:46.582+01:00 DEBUG 15528 --- [finance-service] [beatExecutor-%d] o.s.web.client.RestTemplate              : Response 200 OK
2026-04-28T13:22:46.595+01:00 DEBUG 15528 --- [finance-service] [reshExecutor-%d] o.s.web.client.RestTemplate              : Response 200 OK
2026-04-28T13:22:46.599+01:00 DEBUG 15528 --- [finance-service] [reshExecutor-%d] o.s.web.client.RestTemplate              : Reading to [org.springframework.cloud.netflix.eureka.http.EurekaApplications]
2026-04-28T13:23:16.592+01:00 DEBUG 15528 --- [finance-service] [beatExecutor-%d] o.s.web.client.RestTemplate              : HTTP PUT http://localhost:8761/eureka/apps/FINANCE-SERVICE/finance-service:8090?status=UP&lastDirtyTimestamp=1777378816411
2026-04-28T13:23:16.614+01:00 DEBUG 15528 --- [finance-service] [beatExecutor-%d] o.s.web.client.RestTemplate              : Accept=[application/json, application/*+json]
2026-04-28T13:23:16.622+01:00 DEBUG 15528 --- [finance-service] [reshExecutor-%d] o.s.web.client.RestTemplate              : HTTP GET http://localhost:8761/eureka/apps/delta
2026-04-28T13:23:16.625+01:00 DEBUG 15528 --- [finance-service] [reshExecutor-%d] o.s.web.client.RestTemplate              : Accept=[application/json, application/*+json]
2026-04-28T13:23:16.634+01:00 DEBUG 15528 --- [finance-service] [beatExecutor-%d] o.s.web.client.RestTemplate              : Response 200 OK
2026-04-28T13:23:16.652+01:00 DEBUG 15528 --- [finance-service] [reshExecutor-%d] o.s.web.client.RestTemplate              : Response 200 OK
2026-04-28T13:23:16.655+01:00 DEBUG 15528 --- [finance-service] [reshExecutor-%d] o.s.web.client.RestTemplate              : Reading to [org.springframework.cloud.netflix.eureka.http.EurekaApplications]
2026-04-28T13:23:39.674+01:00  INFO 15528 --- [finance-service] [nio-8090-exec-2] o.a.c.c.C.[Tomcat].[localhost].[/]       : Initializing Spring DispatcherServlet 'dispatcherServlet'
2026-04-28T13:23:39.675+01:00  INFO 15528 --- [finance-service] [nio-8090-exec-2] o.s.web.servlet.DispatcherServlet        : Initializing Servlet 'dispatcherServlet'
2026-04-28T13:23:39.676+01:00 DEBUG 15528 --- [finance-service] [nio-8090-exec-2] o.s.web.servlet.DispatcherServlet        : Detected StandardServletMultipartResolver
2026-04-28T13:23:39.677+01:00 DEBUG 15528 --- [finance-service] [nio-8090-exec-2] o.s.web.servlet.DispatcherServlet        : Detected AcceptHeaderLocaleResolver
2026-04-28T13:23:39.677+01:00 DEBUG 15528 --- [finance-service] [nio-8090-exec-2] o.s.web.servlet.DispatcherServlet        : Detected FixedThemeResolver
2026-04-28T13:23:39.679+01:00 DEBUG 15528 --- [finance-service] [nio-8090-exec-2] o.s.web.servlet.DispatcherServlet        : Detected org.springframework.web.servlet.view.DefaultRequestToViewNameTranslator@388b4f68
2026-04-28T13:23:39.679+01:00 DEBUG 15528 --- [finance-service] [nio-8090-exec-2] o.s.web.servlet.DispatcherServlet        : Detected org.springframework.web.servlet.support.SessionFlashMapManager@1884db6f
2026-04-28T13:23:39.679+01:00 DEBUG 15528 --- [finance-service] [nio-8090-exec-2] o.s.web.servlet.DispatcherServlet        : enableLoggingRequestDetails='false': request parameters and headers will be masked to prevent unsafe logging of potentially sensitive data
2026-04-28T13:23:39.679+01:00  INFO 15528 --- [finance-service] [nio-8090-exec-2] o.s.web.servlet.DispatcherServlet        : Completed initialization in 3 ms
2026-04-28T13:23:39.987+01:00 DEBUG 15528 --- [finance-service] [nio-8090-exec-1] o.s.web.servlet.DispatcherServlet        : GET "/api/notifications", parameters={}
2026-04-28T13:23:39.997+01:00 DEBUG 15528 --- [finance-service] [nio-8090-exec-1] s.w.s.m.m.a.RequestMappingHandlerMapping : Mapped to org.example.plansync.controller.NotificationController#getMyNotifications()
2026-04-28T13:23:40.204+01:00 DEBUG 15528 --- [finance-service] [nio-8090-exec-1] org.hibernate.SQL                        : select n1_0.id,n1_0.created_at,n1_0.message,n1_0.project_id,n1_0.is_read,n1_0.title,n1_0.type,n1_0.user_id from notifications n1_0 where n1_0.user_id in (?,?,?) order by n1_0.created_at desc
Hibernate: select n1_0.id,n1_0.created_at,n1_0.message,n1_0.project_id,n1_0.is_read,n1_0.title,n1_0.type,n1_0.user_id from notifications n1_0 where n1_0.user_id in (?,?,?) order by n1_0.created_at desc
2026-04-28T13:23:40.228+01:00 DEBUG 15528 --- [finance-service] [nio-8090-exec-1] m.m.a.RequestResponseBodyMethodProcessor : Using 'application/json', given [application/json, text/plain, */*] and supported [application/json, application/*+json]
2026-04-28T13:23:40.231+01:00 DEBUG 15528 --- [finance-service] [nio-8090-exec-1] m.m.a.RequestResponseBodyMethodProcessor : Writing [[]]
2026-04-28T13:23:40.242+01:00 DEBUG 15528 --- [finance-service] [nio-8090-exec-1] o.s.web.servlet.DispatcherServlet        : Completed 200 OK
2026-04-28T13:23:46.656+01:00 DEBUG 15528 --- [finance-service] [beatExecutor-%d] o.s.web.client.RestTemplate              : HTTP PUT http://localhost:8761/eureka/apps/FINANCE-SERVICE/finance-service:8090?status=UP&lastDirtyTimestamp=1777378816411
2026-04-28T13:23:46.656+01:00 DEBUG 15528 --- [finance-service] [beatExecutor-%d] o.s.web.client.RestTemplate              : Accept=[application/json, application/*+json]
2026-04-28T13:23:46.672+01:00 DEBUG 15528 --- [finance-service] [reshExecutor-%d] o.s.web.client.RestTemplate              : HTTP GET http://localhost:8761/eureka/apps/delta
2026-04-28T13:23:46.677+01:00 DEBUG 15528 --- [finance-service] [reshExecutor-%d] o.s.web.client.RestTemplate              : Accept=[application/json, application/*+json]
2026-04-28T13:23:46.685+01:00 DEBUG 15528 --- [finance-service] [beatExecutor-%d] o.s.web.client.RestTemplate              : Response 200 OK
2026-04-28T13:23:46.700+01:00 DEBUG 15528 --- [finance-service] [reshExecutor-%d] o.s.web.client.RestTemplate              : Response 200 OK
2026-04-28T13:23:46.703+01:00 DEBUG 15528 --- [finance-service] [reshExecutor-%d] o.s.web.client.RestTemplate              : Reading to [org.springframework.cloud.netflix.eureka.http.EurekaApplications]
2026-04-28T13:23:59.241+01:00 DEBUG 15528 --- [finance-service] [nio-8090-exec-7] o.s.web.servlet.DispatcherServlet        : GET "/api/notifications", parameters={}
2026-04-28T13:23:59.241+01:00 DEBUG 15528 --- [finance-service] [nio-8090-exec-7] s.w.s.m.m.a.RequestMappingHandlerMapping : Mapped to org.example.plansync.controller.NotificationController#getMyNotifications()
2026-04-28T13:23:59.289+01:00 DEBUG 15528 --- [finance-service] [nio-8090-exec-7] org.hibernate.SQL                        : select n1_0.id,n1_0.created_at,n1_0.message,n1_0.project_id,n1_0.is_read,n1_0.title,n1_0.type,n1_0.user_id from notifications n1_0 where n1_0.user_id in (?,?,?) order by n1_0.created_at desc
Hibernate: select n1_0.id,n1_0.created_at,n1_0.message,n1_0.project_id,n1_0.is_read,n1_0.title,n1_0.type,n1_0.user_id from notifications n1_0 where n1_0.user_id in (?,?,?) order by n1_0.created_at desc
2026-04-28T13:23:59.298+01:00 DEBUG 15528 --- [finance-service] [nio-8090-exec-7] m.m.a.RequestResponseBodyMethodProcessor : Using 'application/json', given [application/json, text/plain, */*] and supported [application/json, application/*+json]
2026-04-28T13:23:59.299+01:00 DEBUG 15528 --- [finance-service] [nio-8090-exec-7] m.m.a.RequestResponseBodyMethodProcessor : Writing [[]]
2026-04-28T13:23:59.302+01:00 DEBUG 15528 --- [finance-service] [nio-8090-exec-7] o.s.web.servlet.DispatcherServlet        : Completed 200 OK
2026-04-28T13:24:16.695+01:00 DEBUG 15528 --- [finance-service] [beatExecutor-%d] o.s.web.client.RestTemplate              : HTTP PUT http://localhost:8761/eureka/apps/FINANCE-SERVICE/finance-service:8090?status=UP&lastDirtyTimestamp=1777378816411
2026-04-28T13:24:16.695+01:00 DEBUG 15528 --- [finance-service] [beatExecutor-%d] o.s.web.client.RestTemplate              : Accept=[application/json, application/*+json]
2026-04-28T13:24:16.711+01:00 DEBUG 15528 --- [finance-service] [beatExecutor-%d] o.s.web.client.RestTemplate              : Response 200 OK
2026-04-28T13:24:16.727+01:00 DEBUG 15528 --- [finance-service] [reshExecutor-%d] o.s.web.client.RestTemplate              : HTTP GET http://localhost:8761/eureka/apps/delta
2026-04-28T13:24:16.733+01:00 DEBUG 15528 --- [finance-service] [reshExecutor-%d] o.s.web.client.RestTemplate              : Accept=[application/json, application/*+json]
2026-04-28T13:24:16.757+01:00 DEBUG 15528 --- [finance-service] [reshExecutor-%d] o.s.web.client.RestTemplate              : Response 200 OK
2026-04-28T13:24:16.760+01:00 DEBUG 15528 --- [finance-service] [reshExecutor-%d] o.s.web.client.RestTemplate              : Reading to [org.springframework.cloud.netflix.eureka.http.EurekaApplications]
2026-04-28T13:24:20.011+01:00 DEBUG 15528 --- [finance-service] [io-8090-exec-10] o.s.web.servlet.DispatcherServlet        : GET "/api/notifications", parameters={}
2026-04-28T13:24:20.023+01:00 DEBUG 15528 --- [finance-service] [io-8090-exec-10] s.w.s.m.m.a.RequestMappingHandlerMapping : Mapped to org.example.plansync.controller.NotificationController#getMyNotifications()
2026-04-28T13:24:20.039+01:00 DEBUG 15528 --- [finance-service] [io-8090-exec-10] org.hibernate.SQL                        : select n1_0.id,n1_0.created_at,n1_0.message,n1_0.project_id,n1_0.is_read,n1_0.title,n1_0.type,n1_0.user_id from notifications n1_0 where n1_0.user_id in (?,?,?) order by n1_0.created_at desc
Hibernate: select n1_0.id,n1_0.created_at,n1_0.message,n1_0.project_id,n1_0.is_read,n1_0.title,n1_0.type,n1_0.user_id from notifications n1_0 where n1_0.user_id in (?,?,?) order by n1_0.created_at desc
2026-04-28T13:24:20.063+01:00 DEBUG 15528 --- [finance-service] [io-8090-exec-10] m.m.a.RequestResponseBodyMethodProcessor : Using 'application/json', given [application/json, text/plain, */*] and supported [application/json, application/*+json]
2026-04-28T13:24:20.063+01:00 DEBUG 15528 --- [finance-service] [io-8090-exec-10] m.m.a.RequestResponseBodyMethodProcessor : Writing [[]]
2026-04-28T13:24:20.063+01:00 DEBUG 15528 --- [finance-service] [io-8090-exec-10] o.s.web.servlet.DispatcherServlet        : Completed 200 OK
2026-04-28T13:24:40.604+01:00 DEBUG 15528 --- [finance-service] [nio-8090-exec-2] o.s.web.servlet.DispatcherServlet        : GET "/api/notifications", parameters={}
2026-04-28T13:24:40.628+01:00 DEBUG 15528 --- [finance-service] [nio-8090-exec-2] s.w.s.m.m.a.RequestMappingHandlerMapping : Mapped to org.example.plansync.controller.NotificationController#getMyNotifications()
2026-04-28T13:24:40.632+01:00 DEBUG 15528 --- [finance-service] [nio-8090-exec-2] org.hibernate.SQL                        : select n1_0.id,n1_0.created_at,n1_0.message,n1_0.project_id,n1_0.is_read,n1_0.title,n1_0.type,n1_0.user_id from notifications n1_0 where n1_0.user_id in (?,?,?) order by n1_0.created_at desc
Hibernate: select n1_0.id,n1_0.created_at,n1_0.message,n1_0.project_id,n1_0.is_read,n1_0.title,n1_0.type,n1_0.user_id from notifications n1_0 where n1_0.user_id in (?,?,?) order by n1_0.created_at desc
2026-04-28T13:24:40.653+01:00 DEBUG 15528 --- [finance-service] [nio-8090-exec-2] m.m.a.RequestResponseBodyMethodProcessor : Using 'application/json', given [application/json, text/plain, */*] and supported [application/json, application/*+json]
2026-04-28T13:24:40.655+01:00 DEBUG 15528 --- [finance-service] [nio-8090-exec-2] m.m.a.RequestResponseBodyMethodProcessor : Writing [[]]
2026-04-28T13:24:40.657+01:00 DEBUG 15528 --- [finance-service] [nio-8090-exec-2] o.s.web.servlet.DispatcherServlet        : Completed 200 OK
2026-04-28T13:24:46.741+01:00 DEBUG 15528 --- [finance-service] [beatExecutor-%d] o.s.web.client.RestTemplate              : HTTP PUT http://localhost:8761/eureka/apps/FINANCE-SERVICE/finance-service:8090?status=UP&lastDirtyTimestamp=1777378816411
2026-04-28T13:24:46.741+01:00 DEBUG 15528 --- [finance-service] [beatExecutor-%d] o.s.web.client.RestTemplate              : Accept=[application/json, application/*+json]
2026-04-28T13:24:46.772+01:00 DEBUG 15528 --- [finance-service] [beatExecutor-%d] o.s.web.client.RestTemplate              : Response 200 OK
2026-04-28T13:24:46.772+01:00 DEBUG 15528 --- [finance-service] [reshExecutor-%d] o.s.web.client.RestTemplate              : HTTP GET http://localhost:8761/eureka/apps/delta
2026-04-28T13:24:46.772+01:00 DEBUG 15528 --- [finance-service] [reshExecutor-%d] o.s.web.client.RestTemplate              : Accept=[application/json, application/*+json]
2026-04-28T13:24:46.790+01:00 DEBUG 15528 --- [finance-service] [reshExecutor-%d] o.s.web.client.RestTemplate              : Response 200 OK
2026-04-28T13:24:46.798+01:00 DEBUG 15528 --- [finance-service] [reshExecutor-%d] o.s.web.client.RestTemplate              : Reading to [org.springframework.cloud.netflix.eureka.http.EurekaApplications]
2026-04-28T13:25:01.513+01:00 DEBUG 15528 --- [finance-service] [nio-8090-exec-5] o.s.web.servlet.DispatcherServlet        : GET "/api/notifications", parameters={}
2026-04-28T13:25:01.513+01:00 DEBUG 15528 --- [finance-service] [nio-8090-exec-5] s.w.s.m.m.a.RequestMappingHandlerMapping : Mapped to org.example.plansync.controller.NotificationController#getMyNotifications()
2026-04-28T13:25:01.529+01:00 DEBUG 15528 --- [finance-service] [nio-8090-exec-5] org.hibernate.SQL                        : select n1_0.id,n1_0.created_at,n1_0.message,n1_0.project_id,n1_0.is_read,n1_0.title,n1_0.type,n1_0.user_id from notifications n1_0 where n1_0.user_id in (?,?,?) order by n1_0.created_at desc
Hibernate: select n1_0.id,n1_0.created_at,n1_0.message,n1_0.project_id,n1_0.is_read,n1_0.title,n1_0.type,n1_0.user_id from notifications n1_0 where n1_0.user_id in (?,?,?) order by n1_0.created_at desc
2026-04-28T13:25:01.545+01:00 DEBUG 15528 --- [finance-service] [nio-8090-exec-5] m.m.a.RequestResponseBodyMethodProcessor : Using 'application/json', given [application/json, text/plain, */*] and supported [application/json, application/*+json]
2026-04-28T13:25:01.545+01:00 DEBUG 15528 --- [finance-service] [nio-8090-exec-5] m.m.a.RequestResponseBodyMethodProcessor : Writing [[]]
2026-04-28T13:25:01.545+01:00 DEBUG 15528 --- [finance-service] [nio-8090-exec-5] o.s.web.servlet.DispatcherServlet        : Completed 200 OK
2026-04-28T13:25:16.256+01:00  INFO 15528 --- [finance-service] [rap-executor-%d] c.n.d.s.r.aws.ConfigClusterResolver      : Resolving eureka endpoints via configuration
2026-04-28T13:25:16.794+01:00 DEBUG 15528 --- [finance-service] [beatExecutor-%d] o.s.web.client.RestTemplate              : HTTP PUT http://localhost:8761/eureka/apps/FINANCE-SERVICE/finance-service:8090?status=UP&lastDirtyTimestamp=1777378816411
2026-04-28T13:25:16.796+01:00 DEBUG 15528 --- [finance-service] [beatExecutor-%d] o.s.web.client.RestTemplate              : Accept=[application/json, application/*+json]
2026-04-28T13:25:16.812+01:00 DEBUG 15528 --- [finance-service] [reshExecutor-%d] o.s.web.client.RestTemplate              : HTTP GET http://localhost:8761/eureka/apps/delta
2026-04-28T13:25:16.812+01:00 DEBUG 15528 --- [finance-service] [reshExecutor-%d] o.s.web.client.RestTemplate              : Accept=[application/json, application/*+json]
2026-04-28T13:25:16.812+01:00 DEBUG 15528 --- [finance-service] [beatExecutor-%d] o.s.web.client.RestTemplate              : Response 200 OK
2026-04-28T13:25:16.828+01:00 DEBUG 15528 --- [finance-service] [reshExecutor-%d] o.s.web.client.RestTemplate              : Response 200 OK
2026-04-28T13:25:16.828+01:00 DEBUG 15528 --- [finance-service] [reshExecutor-%d] o.s.web.client.RestTemplate              : Reading to [org.springframework.cloud.netflix.eureka.http.EurekaApplications]
2026-04-28T13:25:46.830+01:00 DEBUG 15528 --- [finance-service] [beatExecutor-%d] o.s.web.client.RestTemplate              : HTTP PUT http://localhost:8761/eureka/apps/FINANCE-SERVICE/finance-service:8090?status=UP&lastDirtyTimestamp=1777378816411
2026-04-28T13:25:46.837+01:00 DEBUG 15528 --- [finance-service] [beatExecutor-%d] o.s.web.client.RestTemplate              : Accept=[application/json, application/*+json]
2026-04-28T13:25:46.859+01:00 DEBUG 15528 --- [finance-service] [reshExecutor-%d] o.s.web.client.RestTemplate              : HTTP GET http://localhost:8761/eureka/apps/delta
2026-04-28T13:25:46.859+01:00 DEBUG 15528 --- [finance-service] [reshExecutor-%d] o.s.web.client.RestTemplate              : Accept=[application/json, application/*+json]
2026-04-28T13:25:46.859+01:00 DEBUG 15528 --- [finance-service] [beatExecutor-%d] o.s.web.client.RestTemplate              : Response 200 OK
2026-04-28T13:25:46.886+01:00 DEBUG 15528 --- [finance-service] [reshExecutor-%d] o.s.web.client.RestTemplate              : Response 200 OK
2026-04-28T13:25:46.890+01:00 DEBUG 15528 --- [finance-service] [reshExecutor-%d] o.s.web.client.RestTemplate              : Reading to [org.springframework.cloud.netflix.eureka.http.EurekaApplications]
2026-04-28T13:26:12.983+01:00 DEBUG 15528 --- [finance-service] [nio-8090-exec-9] o.s.web.servlet.DispatcherServlet        : GET "/api/notifications", parameters={}
2026-04-28T13:26:12.986+01:00 DEBUG 15528 --- [finance-service] [nio-8090-exec-9] s.w.s.m.m.a.RequestMappingHandlerMapping : Mapped to org.example.plansync.controller.NotificationController#getMyNotifications()
2026-04-28T13:26:12.992+01:00 DEBUG 15528 --- [finance-service] [nio-8090-exec-9] org.hibernate.SQL                        : select n1_0.id,n1_0.created_at,n1_0.message,n1_0.project_id,n1_0.is_read,n1_0.title,n1_0.type,n1_0.user_id from notifications n1_0 where n1_0.user_id in (?,?,?) order by n1_0.created_at desc
Hibernate: select n1_0.id,n1_0.created_at,n1_0.message,n1_0.project_id,n1_0.is_read,n1_0.title,n1_0.type,n1_0.user_id from notifications n1_0 where n1_0.user_id in (?,?,?) order by n1_0.created_at desc
2026-04-28T13:26:12.992+01:00 DEBUG 15528 --- [finance-service] [nio-8090-exec-9] m.m.a.RequestResponseBodyMethodProcessor : Using 'application/json', given [application/json, text/plain, */*] and supported [application/json, application/*+json]
2026-04-28T13:26:12.992+01:00 DEBUG 15528 --- [finance-service] [nio-8090-exec-9] m.m.a.RequestResponseBodyMethodProcessor : Writing [[]]
2026-04-28T13:26:12.992+01:00 DEBUG 15528 --- [finance-service] [nio-8090-exec-9] o.s.web.servlet.DispatcherServlet        : Completed 200 OK
2026-04-28T13:26:16.883+01:00 DEBUG 15528 --- [finance-service] [beatExecutor-%d] o.s.web.client.RestTemplate              : HTTP PUT http://localhost:8761/eureka/apps/FINANCE-SERVICE/finance-service:8090?status=UP&lastDirtyTimestamp=1777378816411
2026-04-28T13:26:16.885+01:00 DEBUG 15528 --- [finance-service] [beatExecutor-%d] o.s.web.client.RestTemplate              : Accept=[application/json, application/*+json]
2026-04-28T13:26:16.896+01:00 DEBUG 15528 --- [finance-service] [reshExecutor-%d] o.s.web.client.RestTemplate              : HTTP GET http://localhost:8761/eureka/apps/delta
2026-04-28T13:26:16.897+01:00 DEBUG 15528 --- [finance-service] [reshExecutor-%d] o.s.web.client.RestTemplate              : Accept=[application/json, application/*+json]
2026-04-28T13:26:16.901+01:00 DEBUG 15528 --- [finance-service] [beatExecutor-%d] o.s.web.client.RestTemplate              : Response 200 OK
2026-04-28T13:26:16.908+01:00 DEBUG 15528 --- [finance-service] [reshExecutor-%d] o.s.web.client.RestTemplate              : Response 200 OK
2026-04-28T13:26:16.910+01:00 DEBUG 15528 --- [finance-service] [reshExecutor-%d] o.s.web.client.RestTemplate              : Reading to [org.springframework.cloud.netflix.eureka.http.EurekaApplications]
2026-04-28T13:26:46.913+01:00 DEBUG 15528 --- [finance-service] [beatExecutor-%d] o.s.web.client.RestTemplate              : HTTP PUT http://localhost:8761/eureka/apps/FINANCE-SERVICE/finance-service:8090?status=UP&lastDirtyTimestamp=1777378816411
2026-04-28T13:26:46.919+01:00 DEBUG 15528 --- [finance-service] [beatExecutor-%d] o.s.web.client.RestTemplate              : Accept=[application/json, application/*+json]
2026-04-28T13:26:46.929+01:00 DEBUG 15528 --- [finance-service] [reshExecutor-%d] o.s.web.client.RestTemplate              : HTTP GET http://localhost:8761/eureka/apps/delta
2026-04-28T13:26:46.935+01:00 DEBUG 15528 --- [finance-service] [reshExecutor-%d] o.s.web.client.RestTemplate              : Accept=[application/json, application/*+json]
2026-04-28T13:26:46.942+01:00 DEBUG 15528 --- [finance-service] [beatExecutor-%d] o.s.web.client.RestTemplate              : Response 200 OK
2026-04-28T13:26:46.965+01:00 DEBUG 15528 --- [finance-service] [reshExecutor-%d] o.s.web.client.RestTemplate              : Response 200 OK
2026-04-28T13:26:46.972+01:00 DEBUG 15528 --- [finance-service] [reshExecutor-%d] o.s.web.client.RestTemplate              : Reading to [org.springframework.cloud.netflix.eureka.http.EurekaApplications]
2026-04-28T13:27:12.989+01:00 DEBUG 15528 --- [finance-service] [nio-8090-exec-4] o.s.web.servlet.DispatcherServlet        : GET "/api/notifications", parameters={}
2026-04-28T13:27:12.990+01:00 DEBUG 15528 --- [finance-service] [nio-8090-exec-4] s.w.s.m.m.a.RequestMappingHandlerMapping : Mapped to org.example.plansync.controller.NotificationController#getMyNotifications()
2026-04-28T13:27:13.015+01:00 DEBUG 15528 --- [finance-service] [nio-8090-exec-4] org.hibernate.SQL                        : select n1_0.id,n1_0.created_at,n1_0.message,n1_0.project_id,n1_0.is_read,n1_0.title,n1_0.type,n1_0.user_id from notifications n1_0 where n1_0.user_id in (?,?,?) order by n1_0.created_at desc
Hibernate: select n1_0.id,n1_0.created_at,n1_0.message,n1_0.project_id,n1_0.is_read,n1_0.title,n1_0.type,n1_0.user_id from notifications n1_0 where n1_0.user_id in (?,?,?) order by n1_0.created_at desc
2026-04-28T13:27:13.022+01:00 DEBUG 15528 --- [finance-service] [nio-8090-exec-4] m.m.a.RequestResponseBodyMethodProcessor : Using 'application/json', given [application/json, text/plain, */*] and supported [application/json, application/*+json]
2026-04-28T13:27:13.024+01:00 DEBUG 15528 --- [finance-service] [nio-8090-exec-4] m.m.a.RequestResponseBodyMethodProcessor : Writing [[]]
2026-04-28T13:27:13.029+01:00 DEBUG 15528 --- [finance-service] [nio-8090-exec-4] o.s.web.servlet.DispatcherServlet        : Completed 200 OK
2026-04-28T13:27:16.947+01:00 DEBUG 15528 --- [finance-service] [beatExecutor-%d] o.s.web.client.RestTemplate              : HTTP PUT http://localhost:8761/eureka/apps/FINANCE-SERVICE/finance-service:8090?status=UP&lastDirtyTimestamp=1777378816411
2026-04-28T13:27:16.952+01:00 DEBUG 15528 --- [finance-service] [beatExecutor-%d] o.s.web.client.RestTemplate              : Accept=[application/json, application/*+json]
2026-04-28T13:27:16.969+01:00 DEBUG 15528 --- [finance-service] [beatExecutor-%d] o.s.web.client.RestTemplate              : Response 200 OK
2026-04-28T13:27:17.001+01:00 DEBUG 15528 --- [finance-service] [reshExecutor-%d] o.s.web.client.RestTemplate              : HTTP GET http://localhost:8761/eureka/apps/delta
2026-04-28T13:27:17.004+01:00 DEBUG 15528 --- [finance-service] [reshExecutor-%d] o.s.web.client.RestTemplate              : Accept=[application/json, application/*+json]
2026-04-28T13:27:17.024+01:00 DEBUG 15528 --- [finance-service] [reshExecutor-%d] o.s.web.client.RestTemplate              : Response 200 OK
2026-04-28T13:27:17.028+01:00 DEBUG 15528 --- [finance-service] [reshExecutor-%d] o.s.web.client.RestTemplate              : Reading to [org.springframework.cloud.netflix.eureka.http.EurekaApplications]
2026-04-28T13:27:46.977+01:00 DEBUG 15528 --- [finance-service] [beatExecutor-%d] o.s.web.client.RestTemplate              : HTTP PUT http://localhost:8761/eureka/apps/FINANCE-SERVICE/finance-service:8090?status=UP&lastDirtyTimestamp=1777378816411
2026-04-28T13:27:46.982+01:00 DEBUG 15528 --- [finance-service] [beatExecutor-%d] o.s.web.client.RestTemplate              : Accept=[application/json, application/*+json]
2026-04-28T13:27:47.007+01:00 DEBUG 15528 --- [finance-service] [beatExecutor-%d] o.s.web.client.RestTemplate              : Response 200 OK
2026-04-28T13:27:47.043+01:00 DEBUG 15528 --- [finance-service] [reshExecutor-%d] o.s.web.client.RestTemplate              : HTTP GET http://localhost:8761/eureka/apps/delta
2026-04-28T13:27:47.044+01:00 DEBUG 15528 --- [finance-service] [reshExecutor-%d] o.s.web.client.RestTemplate              : Accept=[application/json, application/*+json]
2026-04-28T13:27:47.052+01:00 DEBUG 15528 --- [finance-service] [reshExecutor-%d] o.s.web.client.RestTemplate              : Response 200 OK
2026-04-28T13:27:47.053+01:00 DEBUG 15528 --- [finance-service] [reshExecutor-%d] o.s.web.client.RestTemplate              : Reading to [org.springframework.cloud.netflix.eureka.http.EurekaApplications]
2026-04-28T13:28:12.973+01:00 DEBUG 15528 --- [finance-service] [nio-8090-exec-3] o.s.web.servlet.DispatcherServlet        : GET "/api/notifications", parameters={}
2026-04-28T13:28:12.976+01:00 DEBUG 15528 --- [finance-service] [nio-8090-exec-3] s.w.s.m.m.a.RequestMappingHandlerMapping : Mapped to org.example.plansync.controller.NotificationController#getMyNotifications()
2026-04-28T13:28:12.985+01:00 DEBUG 15528 --- [finance-service] [nio-8090-exec-3] org.hibernate.SQL                        : select n1_0.id,n1_0.created_at,n1_0.message,n1_0.project_id,n1_0.is_read,n1_0.title,n1_0.type,n1_0.user_id from notifications n1_0 where n1_0.user_id in (?,?,?) order by n1_0.created_at desc
Hibernate: select n1_0.id,n1_0.created_at,n1_0.message,n1_0.project_id,n1_0.is_read,n1_0.title,n1_0.type,n1_0.user_id from notifications n1_0 where n1_0.user_id in (?,?,?) order by n1_0.created_at desc
2026-04-28T13:28:12.988+01:00 DEBUG 15528 --- [finance-service] [nio-8090-exec-3] m.m.a.RequestResponseBodyMethodProcessor : Using 'application/json', given [application/json, text/plain, */*] and supported [application/json, application/*+json]
2026-04-28T13:28:12.989+01:00 DEBUG 15528 --- [finance-service] [nio-8090-exec-3] m.m.a.RequestResponseBodyMethodProcessor : Writing [[]]
2026-04-28T13:28:12.991+01:00 DEBUG 15528 --- [finance-service] [nio-8090-exec-3] o.s.web.servlet.DispatcherServlet        : Completed 200 OK
2026-04-28T13:28:17.017+01:00 DEBUG 15528 --- [finance-service] [beatExecutor-%d] o.s.web.client.RestTemplate              : HTTP PUT http://localhost:8761/eureka/apps/FINANCE-SERVICE/finance-service:8090?status=UP&lastDirtyTimestamp=1777378816411
2026-04-28T13:28:17.021+01:00 DEBUG 15528 --- [finance-service] [beatExecutor-%d] o.s.web.client.RestTemplate              : Accept=[application/json, application/*+json]
2026-04-28T13:28:17.036+01:00 DEBUG 15528 --- [finance-service] [beatExecutor-%d] o.s.web.client.RestTemplate              : Response 200 OK
2026-04-28T13:28:17.064+01:00 DEBUG 15528 --- [finance-service] [reshExecutor-%d] o.s.web.client.RestTemplate              : HTTP GET http://localhost:8761/eureka/apps/delta
2026-04-28T13:28:17.065+01:00 DEBUG 15528 --- [finance-service] [reshExecutor-%d] o.s.web.client.RestTemplate              : Accept=[application/json, application/*+json]
2026-04-28T13:28:17.086+01:00 DEBUG 15528 --- [finance-service] [reshExecutor-%d] o.s.web.client.RestTemplate              : Response 200 OK
2026-04-28T13:28:17.088+01:00 DEBUG 15528 --- [finance-service] [reshExecutor-%d] o.s.web.client.RestTemplate              : Reading to [org.springframework.cloud.netflix.eureka.http.EurekaApplications]
2026-04-28T13:28:47.041+01:00 DEBUG 15528 --- [finance-service] [beatExecutor-%d] o.s.web.client.RestTemplate              : HTTP PUT http://localhost:8761/eureka/apps/FINANCE-SERVICE/finance-service:8090?status=UP&lastDirtyTimestamp=1777378816411
2026-04-28T13:28:47.049+01:00 DEBUG 15528 --- [finance-service] [beatExecutor-%d] o.s.web.client.RestTemplate              : Accept=[application/json, application/*+json]
2026-04-28T13:28:47.059+01:00 DEBUG 15528 --- [finance-service] [beatExecutor-%d] o.s.web.client.RestTemplate              : Response 200 OK
2026-04-28T13:28:47.093+01:00 DEBUG 15528 --- [finance-service] [reshExecutor-%d] o.s.web.client.RestTemplate              : HTTP GET http://localhost:8761/eureka/apps/delta
2026-04-28T13:28:47.093+01:00 DEBUG 15528 --- [finance-service] [reshExecutor-%d] o.s.web.client.RestTemplate              : Accept=[application/json, application/*+json]
2026-04-28T13:28:47.106+01:00 DEBUG 15528 --- [finance-service] [reshExecutor-%d] o.s.web.client.RestTemplate              : Response 200 OK
2026-04-28T13:28:47.108+01:00 DEBUG 15528 --- [finance-service] [reshExecutor-%d] o.s.web.client.RestTemplate              : Reading to [org.springframework.cloud.netflix.eureka.http.EurekaApplications]
2026-04-28T13:29:17.068+01:00 DEBUG 15528 --- [finance-service] [beatExecutor-%d] o.s.web.client.RestTemplate              : HTTP PUT http://localhost:8761/eureka/apps/FINANCE-SERVICE/finance-service:8090?status=UP&lastDirtyTimestamp=1777378816411
2026-04-28T13:29:17.070+01:00 DEBUG 15528 --- [finance-service] [beatExecutor-%d] o.s.web.client.RestTemplate              : Accept=[application/json, application/*+json]
2026-04-28T13:29:17.077+01:00 DEBUG 15528 --- [finance-service] [beatExecutor-%d] o.s.web.client.RestTemplate              : Response 200 OK
2026-04-28T13:29:17.116+01:00 DEBUG 15528 --- [finance-service] [reshExecutor-%d] o.s.web.client.RestTemplate              : HTTP GET http://localhost:8761/eureka/apps/delta
2026-04-28T13:29:17.116+01:00 DEBUG 15528 --- [finance-service] [reshExecutor-%d] o.s.web.client.RestTemplate              : Accept=[application/json, application/*+json]
2026-04-28T13:29:17.126+01:00 DEBUG 15528 --- [finance-service] [reshExecutor-%d] o.s.web.client.RestTemplate              : Response 200 OK
2026-04-28T13:29:17.126+01:00 DEBUG 15528 --- [finance-service] [reshExecutor-%d] o.s.web.client.RestTemplate              : Reading to [org.springframework.cloud.netflix.eureka.http.EurekaApplications]
2026-04-28T13:29:47.087+01:00 DEBUG 15528 --- [finance-service] [beatExecutor-%d] o.s.web.client.RestTemplate              : HTTP PUT http://localhost:8761/eureka/apps/FINANCE-SERVICE/finance-service:8090?status=UP&lastDirtyTimestamp=1777378816411
2026-04-28T13:29:47.092+01:00 DEBUG 15528 --- [finance-service] [beatExecutor-%d] o.s.web.client.RestTemplate              : Accept=[application/json, application/*+json]
2026-04-28T13:29:47.110+01:00 DEBUG 15528 --- [finance-service] [beatExecutor-%d] o.s.web.client.RestTemplate              : Response 200 OK
2026-04-28T13:29:47.138+01:00 DEBUG 15528 --- [finance-service] [reshExecutor-%d] o.s.web.client.RestTemplate              : HTTP GET http://localhost:8761/eureka/apps/delta
2026-04-28T13:29:47.140+01:00 DEBUG 15528 --- [finance-service] [reshExecutor-%d] o.s.web.client.RestTemplate              : Accept=[application/json, application/*+json]
2026-04-28T13:29:47.147+01:00 DEBUG 15528 --- [finance-service] [reshExecutor-%d] o.s.web.client.RestTemplate              : Response 200 OK
2026-04-28T13:29:47.148+01:00 DEBUG 15528 --- [finance-service] [reshExecutor-%d] o.s.web.client.RestTemplate              : Reading to [org.springframework.cloud.netflix.eureka.http.EurekaApplications]
2026-04-28T13:30:16.270+01:00  INFO 15528 --- [finance-service] [rap-executor-%d] c.n.d.s.r.aws.ConfigClusterResolver      : Resolving eureka endpoints via configuration
2026-04-28T13:30:17.125+01:00 DEBUG 15528 --- [finance-service] [beatExecutor-%d] o.s.web.client.RestTemplate              : HTTP PUT http://localhost:8761/eureka/apps/FINANCE-SERVICE/finance-service:8090?status=UP&lastDirtyTimestamp=1777378816411
2026-04-28T13:30:17.131+01:00 DEBUG 15528 --- [finance-service] [beatExecutor-%d] o.s.web.client.RestTemplate              : Accept=[application/json, application/*+json]
2026-04-28T13:30:17.149+01:00 DEBUG 15528 --- [finance-service] [beatExecutor-%d] o.s.web.client.RestTemplate              : Response 200 OK
2026-04-28T13:30:17.155+01:00 DEBUG 15528 --- [finance-service] [reshExecutor-%d] o.s.web.client.RestTemplate              : HTTP GET http://localhost:8761/eureka/apps/delta
2026-04-28T13:30:17.158+01:00 DEBUG 15528 --- [finance-service] [reshExecutor-%d] o.s.web.client.RestTemplate              : Accept=[application/json, application/*+json]
2026-04-28T13:30:17.181+01:00 DEBUG 15528 --- [finance-service] [reshExecutor-%d] o.s.web.client.RestTemplate              : Response 200 OK
2026-04-28T13:30:17.186+01:00 DEBUG 15528 --- [finance-service] [reshExecutor-%d] o.s.web.client.RestTemplate              : Reading to [org.springframework.cloud.netflix.eureka.http.EurekaApplications]
2026-04-28T13:30:47.167+01:00 DEBUG 15528 --- [finance-service] [beatExecutor-%d] o.s.web.client.RestTemplate              : HTTP PUT http://localhost:8761/eureka/apps/FINANCE-SERVICE/finance-service:8090?status=UP&lastDirtyTimestamp=1777378816411
2026-04-28T13:30:47.169+01:00 DEBUG 15528 --- [finance-service] [beatExecutor-%d] o.s.web.client.RestTemplate              : Accept=[application/json, application/*+json]
2026-04-28T13:30:47.183+01:00 DEBUG 15528 --- [finance-service] [beatExecutor-%d] o.s.web.client.RestTemplate              : Response 200 OK
2026-04-28T13:30:47.195+01:00 DEBUG 15528 --- [finance-service] [reshExecutor-%d] o.s.web.client.RestTemplate              : HTTP GET http://localhost:8761/eureka/apps/delta
2026-04-28T13:30:47.197+01:00 DEBUG 15528 --- [finance-service] [reshExecutor-%d] o.s.web.client.RestTemplate              : Accept=[application/json, application/*+json]
2026-04-28T13:30:47.203+01:00 DEBUG 15528 --- [finance-service] [reshExecutor-%d] o.s.web.client.RestTemplate              : Response 200 OK
2026-04-28T13:30:47.206+01:00 DEBUG 15528 --- [finance-service] [reshExecutor-%d] o.s.web.client.RestTemplate              : Reading to [org.springframework.cloud.netflix.eureka.http.EurekaApplications]
2026-04-28T13:31:17.209+01:00 DEBUG 15528 --- [finance-service] [beatExecutor-%d] o.s.web.client.RestTemplate              : HTTP PUT http://localhost:8761/eureka/apps/FINANCE-SERVICE/finance-service:8090?status=UP&lastDirtyTimestamp=1777378816411
2026-04-28T13:31:17.210+01:00 DEBUG 15528 --- [finance-service] [reshExecutor-%d] o.s.web.client.RestTemplate              : HTTP GET http://localhost:8761/eureka/apps/delta
2026-04-28T13:31:17.213+01:00 DEBUG 15528 --- [finance-service] [beatExecutor-%d] o.s.web.client.RestTemplate              : Accept=[application/json, application/*+json]
2026-04-28T13:31:17.215+01:00 DEBUG 15528 --- [finance-service] [reshExecutor-%d] o.s.web.client.RestTemplate              : Accept=[application/json, application/*+json]
2026-04-28T13:31:17.220+01:00 DEBUG 15528 --- [finance-service] [beatExecutor-%d] o.s.web.client.RestTemplate              : Response 200 OK
2026-04-28T13:31:17.238+01:00 DEBUG 15528 --- [finance-service] [reshExecutor-%d] o.s.web.client.RestTemplate              : Response 200 OK
2026-04-28T13:31:17.238+01:00 DEBUG 15528 --- [finance-service] [reshExecutor-%d] o.s.web.client.RestTemplate              : Reading to [org.springframework.cloud.netflix.eureka.http.EurekaApplications]
2026-04-28T13:31:47.239+01:00 DEBUG 15528 --- [finance-service] [beatExecutor-%d] o.s.web.client.RestTemplate              : HTTP PUT http://localhost:8761/eureka/apps/FINANCE-SERVICE/finance-service:8090?status=UP&lastDirtyTimestamp=1777378816411
2026-04-28T13:31:47.240+01:00 DEBUG 15528 --- [finance-service] [beatExecutor-%d] o.s.web.client.RestTemplate              : Accept=[application/json, application/*+json]
2026-04-28T13:31:47.256+01:00 DEBUG 15528 --- [finance-service] [beatExecutor-%d] o.s.web.client.RestTemplate              : Response 200 OK
2026-04-28T13:31:47.257+01:00 DEBUG 15528 --- [finance-service] [reshExecutor-%d] o.s.web.client.RestTemplate              : HTTP GET http://localhost:8761/eureka/apps/delta
2026-04-28T13:31:47.257+01:00 DEBUG 15528 --- [finance-service] [reshExecutor-%d] o.s.web.client.RestTemplate              : Accept=[application/json, application/*+json]
2026-04-28T13:31:47.272+01:00 DEBUG 15528 --- [finance-service] [reshExecutor-%d] o.s.web.client.RestTemplate              : Response 200 OK
2026-04-28T13:31:47.273+01:00 DEBUG 15528 --- [finance-service] [reshExecutor-%d] o.s.web.client.RestTemplate              : Reading to [org.springframework.cloud.netflix.eureka.http.EurekaApplications]
2026-04-28T13:32:17.261+01:00 DEBUG 15528 --- [finance-service] [beatExecutor-%d] o.s.web.client.RestTemplate              : HTTP PUT http://localhost:8761/eureka/apps/FINANCE-SERVICE/finance-service:8090?status=UP&lastDirtyTimestamp=1777378816411
2026-04-28T13:32:17.267+01:00 DEBUG 15528 --- [finance-service] [beatExecutor-%d] o.s.web.client.RestTemplate              : Accept=[application/json, application/*+json]
2026-04-28T13:32:17.278+01:00 DEBUG 15528 --- [finance-service] [reshExecutor-%d] o.s.web.client.RestTemplate              : HTTP GET http://localhost:8761/eureka/apps/delta
2026-04-28T13:32:17.279+01:00 DEBUG 15528 --- [finance-service] [reshExecutor-%d] o.s.web.client.RestTemplate              : Accept=[application/json, application/*+json]
2026-04-28T13:32:17.282+01:00 DEBUG 15528 --- [finance-service] [beatExecutor-%d] o.s.web.client.RestTemplate              : Response 200 OK
2026-04-28T13:32:17.297+01:00 DEBUG 15528 --- [finance-service] [reshExecutor-%d] o.s.web.client.RestTemplate              : Response 200 OK
2026-04-28T13:32:17.299+01:00 DEBUG 15528 --- [finance-service] [reshExecutor-%d] o.s.web.client.RestTemplate              : Reading to [org.springframework.cloud.netflix.eureka.http.EurekaApplications]
2026-04-28T13:32:47.288+01:00 DEBUG 15528 --- [finance-service] [beatExecutor-%d] o.s.web.client.RestTemplate              : HTTP PUT http://localhost:8761/eureka/apps/FINANCE-SERVICE/finance-service:8090?status=UP&lastDirtyTimestamp=1777378816411
2026-04-28T13:32:47.292+01:00 DEBUG 15528 --- [finance-service] [beatExecutor-%d] o.s.web.client.RestTemplate              : Accept=[application/json, application/*+json]
2026-04-28T13:32:47.302+01:00 DEBUG 15528 --- [finance-service] [reshExecutor-%d] o.s.web.client.RestTemplate              : HTTP GET http://localhost:8761/eureka/apps/delta
2026-04-28T13:32:47.304+01:00 DEBUG 15528 --- [finance-service] [reshExecutor-%d] o.s.web.client.RestTemplate              : Accept=[application/json, application/*+json]
2026-04-28T13:32:47.306+01:00 DEBUG 15528 --- [finance-service] [beatExecutor-%d] o.s.web.client.RestTemplate              : Response 200 OK
2026-04-28T13:32:47.322+01:00 DEBUG 15528 --- [finance-service] [reshExecutor-%d] o.s.web.client.RestTemplate              : Response 200 OK
2026-04-28T13:32:47.323+01:00 DEBUG 15528 --- [finance-service] [reshExecutor-%d] o.s.web.client.RestTemplate              : Reading to [org.springframework.cloud.netflix.eureka.http.EurekaApplications]
2026-04-28T13:33:17.313+01:00 DEBUG 15528 --- [finance-service] [beatExecutor-%d] o.s.web.client.RestTemplate              : HTTP PUT http://localhost:8761/eureka/apps/FINANCE-SERVICE/finance-service:8090?status=UP&lastDirtyTimestamp=1777378816411
2026-04-28T13:33:17.318+01:00 DEBUG 15528 --- [finance-service] [beatExecutor-%d] o.s.web.client.RestTemplate              : Accept=[application/json, application/*+json]
2026-04-28T13:33:17.329+01:00 DEBUG 15528 --- [finance-service] [reshExecutor-%d] o.s.web.client.RestTemplate              : HTTP GET http://localhost:8761/eureka/apps/delta
2026-04-28T13:33:17.330+01:00 DEBUG 15528 --- [finance-service] [reshExecutor-%d] o.s.web.client.RestTemplate              : Accept=[application/json, application/*+json]
2026-04-28T13:33:17.332+01:00 DEBUG 15528 --- [finance-service] [beatExecutor-%d] o.s.web.client.RestTemplate              : Response 200 OK
2026-04-28T13:33:17.344+01:00 DEBUG 15528 --- [finance-service] [reshExecutor-%d] o.s.web.client.RestTemplate              : Response 200 OK
2026-04-28T13:33:17.346+01:00 DEBUG 15528 --- [finance-service] [reshExecutor-%d] o.s.web.client.RestTemplate              : Reading to [org.springframework.cloud.netflix.eureka.http.EurekaApplications]
2026-04-28T13:33:47.336+01:00 DEBUG 15528 --- [finance-service] [beatExecutor-%d] o.s.web.client.RestTemplate              : HTTP PUT http://localhost:8761/eureka/apps/FINANCE-SERVICE/finance-service:8090?status=UP&lastDirtyTimestamp=1777378816411
2026-04-28T13:33:47.341+01:00 DEBUG 15528 --- [finance-service] [beatExecutor-%d] o.s.web.client.RestTemplate              : Accept=[application/json, application/*+json]
2026-04-28T13:33:47.351+01:00 DEBUG 15528 --- [finance-service] [reshExecutor-%d] o.s.web.client.RestTemplate              : HTTP GET http://localhost:8761/eureka/apps/delta
2026-04-28T13:33:47.353+01:00 DEBUG 15528 --- [finance-service] [reshExecutor-%d] o.s.web.client.RestTemplate              : Accept=[application/json, application/*+json]
2026-04-28T13:33:47.355+01:00 DEBUG 15528 --- [finance-service] [beatExecutor-%d] o.s.web.client.RestTemplate              : Response 200 OK
2026-04-28T13:33:47.371+01:00 DEBUG 15528 --- [finance-service] [reshExecutor-%d] o.s.web.client.RestTemplate              : Response 200 OK
2026-04-28T13:33:47.373+01:00 DEBUG 15528 --- [finance-service] [reshExecutor-%d] o.s.web.client.RestTemplate              : Reading to [org.springframework.cloud.netflix.eureka.http.EurekaApplications]
2026-04-28T13:34:17.363+01:00 DEBUG 15528 --- [finance-service] [beatExecutor-%d] o.s.web.client.RestTemplate              : HTTP PUT http://localhost:8761/eureka/apps/FINANCE-SERVICE/finance-service:8090?status=UP&lastDirtyTimestamp=1777378816411
2026-04-28T13:34:17.363+01:00 DEBUG 15528 --- [finance-service] [beatExecutor-%d] o.s.web.client.RestTemplate              : Accept=[application/json, application/*+json]
2026-04-28T13:34:17.380+01:00 DEBUG 15528 --- [finance-service] [reshExecutor-%d] o.s.web.client.RestTemplate              : HTTP GET http://localhost:8761/eureka/apps/delta
2026-04-28T13:34:17.380+01:00 DEBUG 15528 --- [finance-service] [reshExecutor-%d] o.s.web.client.RestTemplate              : Accept=[application/json, application/*+json]
2026-04-28T13:34:17.380+01:00 DEBUG 15528 --- [finance-service] [beatExecutor-%d] o.s.web.client.RestTemplate              : Response 200 OK
2026-04-28T13:34:17.388+01:00 DEBUG 15528 --- [finance-service] [reshExecutor-%d] o.s.web.client.RestTemplate              : Response 200 OK
2026-04-28T13:34:17.388+01:00 DEBUG 15528 --- [finance-service] [reshExecutor-%d] o.s.web.client.RestTemplate              : Reading to [org.springframework.cloud.netflix.eureka.http.EurekaApplications]
2026-04-28T13:34:47.392+01:00 DEBUG 15528 --- [finance-service] [beatExecutor-%d] o.s.web.client.RestTemplate              : HTTP PUT http://localhost:8761/eureka/apps/FINANCE-SERVICE/finance-service:8090?status=UP&lastDirtyTimestamp=1777378816411
2026-04-28T13:34:47.398+01:00 DEBUG 15528 --- [finance-service] [beatExecutor-%d] o.s.web.client.RestTemplate              : Accept=[application/json, application/*+json]
2026-04-28T13:34:47.403+01:00 DEBUG 15528 --- [finance-service] [reshExecutor-%d] o.s.web.client.RestTemplate              : HTTP GET http://localhost:8761/eureka/apps/delta
2026-04-28T13:34:47.403+01:00 DEBUG 15528 --- [finance-service] [reshExecutor-%d] o.s.web.client.RestTemplate              : Accept=[application/json, application/*+json]
2026-04-28T13:34:47.403+01:00 DEBUG 15528 --- [finance-service] [beatExecutor-%d] o.s.web.client.RestTemplate              : Response 200 OK
2026-04-28T13:34:47.420+01:00 DEBUG 15528 --- [finance-service] [reshExecutor-%d] o.s.web.client.RestTemplate              : Response 200 OK
2026-04-28T13:34:47.421+01:00 DEBUG 15528 --- [finance-service] [reshExecutor-%d] o.s.web.client.RestTemplate              : Reading to [org.springframework.cloud.netflix.eureka.http.EurekaApplications]
2026-04-28T13:35:16.280+01:00  INFO 15528 --- [finance-service] [rap-executor-%d] c.n.d.s.r.aws.ConfigClusterResolver      : Resolving eureka endpoints via configuration
2026-04-28T13:35:17.434+01:00 DEBUG 15528 --- [finance-service] [reshExecutor-%d] o.s.web.client.RestTemplate              : HTTP GET http://localhost:8761/eureka/apps/delta
2026-04-28T13:35:17.434+01:00 DEBUG 15528 --- [finance-service] [beatExecutor-%d] o.s.web.client.RestTemplate              : HTTP PUT http://localhost:8761/eureka/apps/FINANCE-SERVICE/finance-service:8090?status=UP&lastDirtyTimestamp=1777378816411
2026-04-28T13:35:17.484+01:00 DEBUG 15528 --- [finance-service] [reshExecutor-%d] o.s.web.client.RestTemplate              : Accept=[application/json, application/*+json]
2026-04-28T13:35:17.484+01:00 DEBUG 15528 --- [finance-service] [beatExecutor-%d] o.s.web.client.RestTemplate              : Accept=[application/json, application/*+json]
2026-04-28T13:35:17.492+01:00 DEBUG 15528 --- [finance-service] [beatExecutor-%d] o.s.web.client.RestTemplate              : Response 200 OK
2026-04-28T13:35:17.492+01:00 DEBUG 15528 --- [finance-service] [reshExecutor-%d] o.s.web.client.RestTemplate              : Response 200 OK
2026-04-28T13:35:17.543+01:00 DEBUG 15528 --- [finance-service] [reshExecutor-%d] o.s.web.client.RestTemplate              : Reading to [org.springframework.cloud.netflix.eureka.http.EurekaApplications]
2026-04-28T13:35:47.547+01:00 DEBUG 15528 --- [finance-service] [beatExecutor-%d] o.s.web.client.RestTemplate              : HTTP PUT http://localhost:8761/eureka/apps/FINANCE-SERVICE/finance-service:8090?status=UP&lastDirtyTimestamp=1777378816411
2026-04-28T13:35:47.555+01:00 DEBUG 15528 --- [finance-service] [beatExecutor-%d] o.s.web.client.RestTemplate              : Accept=[application/json, application/*+json]
2026-04-28T13:35:47.564+01:00 DEBUG 15528 --- [finance-service] [reshExecutor-%d] o.s.web.client.RestTemplate              : HTTP GET http://localhost:8761/eureka/apps/delta
2026-04-28T13:35:47.569+01:00 DEBUG 15528 --- [finance-service] [reshExecutor-%d] o.s.web.client.RestTemplate              : Accept=[application/json, application/*+json]
2026-04-28T13:35:47.571+01:00 DEBUG 15528 --- [finance-service] [beatExecutor-%d] o.s.web.client.RestTemplate              : Response 200 OK
2026-04-28T13:35:47.597+01:00 DEBUG 15528 --- [finance-service] [reshExecutor-%d] o.s.web.client.RestTemplate              : Response 200 OK
2026-04-28T13:35:47.600+01:00 DEBUG 15528 --- [finance-service] [reshExecutor-%d] o.s.web.client.RestTemplate              : Reading to [org.springframework.cloud.netflix.eureka.http.EurekaApplications]
2026-04-28T13:36:17.585+01:00 DEBUG 15528 --- [finance-service] [beatExecutor-%d] o.s.web.client.RestTemplate              : HTTP PUT http://localhost:8761/eureka/apps/FINANCE-SERVICE/finance-service:8090?status=UP&lastDirtyTimestamp=1777378816411
2026-04-28T13:36:17.588+01:00 DEBUG 15528 --- [finance-service] [beatExecutor-%d] o.s.web.client.RestTemplate              : Accept=[application/json, application/*+json]
2026-04-28T13:36:17.602+01:00 DEBUG 15528 --- [finance-service] [beatExecutor-%d] o.s.web.client.RestTemplate              : Response 200 OK
2026-04-28T13:36:17.616+01:00 DEBUG 15528 --- [finance-service] [reshExecutor-%d] o.s.web.client.RestTemplate              : HTTP GET http://localhost:8761/eureka/apps/delta
2026-04-28T13:36:17.617+01:00 DEBUG 15528 --- [finance-service] [reshExecutor-%d] o.s.web.client.RestTemplate              : Accept=[application/json, application/*+json]
2026-04-28T13:36:17.634+01:00 DEBUG 15528 --- [finance-service] [reshExecutor-%d] o.s.web.client.RestTemplate              : Response 200 OK
2026-04-28T13:36:17.634+01:00 DEBUG 15528 --- [finance-service] [reshExecutor-%d] o.s.web.client.RestTemplate              : Reading to [org.springframework.cloud.netflix.eureka.http.EurekaApplications]
2026-04-28T13:36:47.623+01:00 DEBUG 15528 --- [finance-service] [beatExecutor-%d] o.s.web.client.RestTemplate              : HTTP PUT http://localhost:8761/eureka/apps/FINANCE-SERVICE/finance-service:8090?status=UP&lastDirtyTimestamp=1777378816411
2026-04-28T13:36:47.628+01:00 DEBUG 15528 --- [finance-service] [beatExecutor-%d] o.s.web.client.RestTemplate              : Accept=[application/json, application/*+json]
2026-04-28T13:36:47.636+01:00 DEBUG 15528 --- [finance-service] [reshExecutor-%d] o.s.web.client.RestTemplate              : HTTP GET http://localhost:8761/eureka/apps/delta
2026-04-28T13:36:47.638+01:00 DEBUG 15528 --- [finance-service] [reshExecutor-%d] o.s.web.client.RestTemplate              : Accept=[application/json, application/*+json]
2026-04-28T13:36:47.638+01:00 DEBUG 15528 --- [finance-service] [beatExecutor-%d] o.s.web.client.RestTemplate              : Response 200 OK
2026-04-28T13:36:47.652+01:00 DEBUG 15528 --- [finance-service] [reshExecutor-%d] o.s.web.client.RestTemplate              : Response 200 OK
2026-04-28T13:36:47.652+01:00 DEBUG 15528 --- [finance-service] [reshExecutor-%d] o.s.web.client.RestTemplate              : Reading to [org.springframework.cloud.netflix.eureka.http.EurekaApplications]
2026-04-28T13:37:17.658+01:00 DEBUG 15528 --- [finance-service] [beatExecutor-%d] o.s.web.client.RestTemplate              : HTTP PUT http://localhost:8761/eureka/apps/FINANCE-SERVICE/finance-service:8090?status=UP&lastDirtyTimestamp=1777378816411
2026-04-28T13:37:17.663+01:00 DEBUG 15528 --- [finance-service] [beatExecutor-%d] o.s.web.client.RestTemplate              : Accept=[application/json, application/*+json]
2026-04-28T13:37:17.672+01:00 DEBUG 15528 --- [finance-service] [reshExecutor-%d] o.s.web.client.RestTemplate              : HTTP GET http://localhost:8761/eureka/apps/delta
2026-04-28T13:37:17.675+01:00 DEBUG 15528 --- [finance-service] [reshExecutor-%d] o.s.web.client.RestTemplate              : Accept=[application/json, application/*+json]
2026-04-28T13:37:17.678+01:00 DEBUG 15528 --- [finance-service] [beatExecutor-%d] o.s.web.client.RestTemplate              : Response 200 OK
2026-04-28T13:37:17.692+01:00 DEBUG 15528 --- [finance-service] [reshExecutor-%d] o.s.web.client.RestTemplate              : Response 200 OK
2026-04-28T13:37:17.695+01:00 DEBUG 15528 --- [finance-service] [reshExecutor-%d] o.s.web.client.RestTemplate              : Reading to [org.springframework.cloud.netflix.eureka.http.EurekaApplications]
2026-04-28T13:37:47.695+01:00 DEBUG 15528 --- [finance-service] [beatExecutor-%d] o.s.web.client.RestTemplate              : HTTP PUT http://localhost:8761/eureka/apps/FINANCE-SERVICE/finance-service:8090?status=UP&lastDirtyTimestamp=1777378816411
2026-04-28T13:37:47.701+01:00 DEBUG 15528 --- [finance-service] [beatExecutor-%d] o.s.web.client.RestTemplate              : Accept=[application/json, application/*+json]
2026-04-28T13:37:47.710+01:00 DEBUG 15528 --- [finance-service] [reshExecutor-%d] o.s.web.client.RestTemplate              : HTTP GET http://localhost:8761/eureka/apps/delta
2026-04-28T13:37:47.712+01:00 DEBUG 15528 --- [finance-service] [reshExecutor-%d] o.s.web.client.RestTemplate              : Accept=[application/json, application/*+json]
2026-04-28T13:37:47.713+01:00 DEBUG 15528 --- [finance-service] [beatExecutor-%d] o.s.web.client.RestTemplate              : Response 200 OK
2026-04-28T13:37:47.729+01:00 DEBUG 15528 --- [finance-service] [reshExecutor-%d] o.s.web.client.RestTemplate              : Response 200 OK
2026-04-28T13:37:47.730+01:00 DEBUG 15528 --- [finance-service] [reshExecutor-%d] o.s.web.client.RestTemplate              : Reading to [org.springframework.cloud.netflix.eureka.http.EurekaApplications]
2026-04-28T13:38:17.715+01:00 DEBUG 15528 --- [finance-service] [beatExecutor-%d] o.s.web.client.RestTemplate              : HTTP PUT http://localhost:8761/eureka/apps/FINANCE-SERVICE/finance-service:8090?status=UP&lastDirtyTimestamp=1777378816411
2026-04-28T13:38:17.719+01:00 DEBUG 15528 --- [finance-service] [beatExecutor-%d] o.s.web.client.RestTemplate              : Accept=[application/json, application/*+json]
2026-04-28T13:38:17.732+01:00 DEBUG 15528 --- [finance-service] [beatExecutor-%d] o.s.web.client.RestTemplate              : Response 200 OK
2026-04-28T13:38:17.751+01:00 DEBUG 15528 --- [finance-service] [reshExecutor-%d] o.s.web.client.RestTemplate              : HTTP GET http://localhost:8761/eureka/apps/delta
2026-04-28T13:38:17.759+01:00 DEBUG 15528 --- [finance-service] [reshExecutor-%d] o.s.web.client.RestTemplate              : Accept=[application/json, application/*+json]
2026-04-28T13:38:17.762+01:00 DEBUG 15528 --- [finance-service] [reshExecutor-%d] o.s.web.client.RestTemplate              : Response 200 OK
2026-04-28T13:38:17.763+01:00 DEBUG 15528 --- [finance-service] [reshExecutor-%d] o.s.web.client.RestTemplate              : Reading to [org.springframework.cloud.netflix.eureka.http.EurekaApplications]
2026-04-28T13:38:47.734+01:00 DEBUG 15528 --- [finance-service] [beatExecutor-%d] o.s.web.client.RestTemplate              : HTTP PUT http://localhost:8761/eureka/apps/FINANCE-SERVICE/finance-service:8090?status=UP&lastDirtyTimestamp=1777378816411
2026-04-28T13:38:47.740+01:00 DEBUG 15528 --- [finance-service] [beatExecutor-%d] o.s.web.client.RestTemplate              : Accept=[application/json, application/*+json]
2026-04-28T13:38:47.762+01:00 DEBUG 15528 --- [finance-service] [beatExecutor-%d] o.s.web.client.RestTemplate              : Response 200 OK
2026-04-28T13:38:47.767+01:00 DEBUG 15528 --- [finance-service] [reshExecutor-%d] o.s.web.client.RestTemplate              : HTTP GET http://localhost:8761/eureka/apps/delta
2026-04-28T13:38:47.770+01:00 DEBUG 15528 --- [finance-service] [reshExecutor-%d] o.s.web.client.RestTemplate              : Accept=[application/json, application/*+json]
2026-04-28T13:38:47.786+01:00 DEBUG 15528 --- [finance-service] [reshExecutor-%d] o.s.web.client.RestTemplate              : Response 200 OK
2026-04-28T13:38:47.790+01:00 DEBUG 15528 --- [finance-service] [reshExecutor-%d] o.s.web.client.RestTemplate              : Reading to [org.springframework.cloud.netflix.eureka.http.EurekaApplications]
2026-04-28T13:39:17.784+01:00 DEBUG 15528 --- [finance-service] [beatExecutor-%d] o.s.web.client.RestTemplate              : HTTP PUT http://localhost:8761/eureka/apps/FINANCE-SERVICE/finance-service:8090?status=UP&lastDirtyTimestamp=1777378816411
2026-04-28T13:39:17.788+01:00 DEBUG 15528 --- [finance-service] [beatExecutor-%d] o.s.web.client.RestTemplate              : Accept=[application/json, application/*+json]
2026-04-28T13:39:17.798+01:00 DEBUG 15528 --- [finance-service] [reshExecutor-%d] o.s.web.client.RestTemplate              : HTTP GET http://localhost:8761/eureka/apps/delta
2026-04-28T13:39:17.799+01:00 DEBUG 15528 --- [finance-service] [reshExecutor-%d] o.s.web.client.RestTemplate              : Accept=[application/json, application/*+json]
2026-04-28T13:39:17.800+01:00 DEBUG 15528 --- [finance-service] [beatExecutor-%d] o.s.web.client.RestTemplate              : Response 200 OK
2026-04-28T13:39:17.816+01:00 DEBUG 15528 --- [finance-service] [reshExecutor-%d] o.s.web.client.RestTemplate              : Response 200 OK
2026-04-28T13:39:17.816+01:00 DEBUG 15528 --- [finance-service] [reshExecutor-%d] o.s.web.client.RestTemplate              : Reading to [org.springframework.cloud.netflix.eureka.http.EurekaApplications]
2026-04-28T13:39:47.809+01:00 DEBUG 15528 --- [finance-service] [beatExecutor-%d] o.s.web.client.RestTemplate              : HTTP PUT http://localhost:8761/eureka/apps/FINANCE-SERVICE/finance-service:8090?status=UP&lastDirtyTimestamp=1777378816411
2026-04-28T13:39:47.813+01:00 DEBUG 15528 --- [finance-service] [beatExecutor-%d] o.s.web.client.RestTemplate              : Accept=[application/json, application/*+json]
2026-04-28T13:39:47.823+01:00 DEBUG 15528 --- [finance-service] [reshExecutor-%d] o.s.web.client.RestTemplate              : HTTP GET http://localhost:8761/eureka/apps/delta
2026-04-28T13:39:47.824+01:00 DEBUG 15528 --- [finance-service] [reshExecutor-%d] o.s.web.client.RestTemplate              : Accept=[application/json, application/*+json]
2026-04-28T13:39:47.826+01:00 DEBUG 15528 --- [finance-service] [beatExecutor-%d] o.s.web.client.RestTemplate              : Response 200 OK
2026-04-28T13:39:47.841+01:00 DEBUG 15528 --- [finance-service] [reshExecutor-%d] o.s.web.client.RestTemplate              : Response 200 OK
2026-04-28T13:39:47.843+01:00 DEBUG 15528 --- [finance-service] [reshExecutor-%d] o.s.web.client.RestTemplate              : Reading to [org.springframework.cloud.netflix.eureka.http.EurekaApplications]
2026-04-28T13:40:16.290+01:00  INFO 15528 --- [finance-service] [rap-executor-%d] c.n.d.s.r.aws.ConfigClusterResolver      : Resolving eureka endpoints via configuration
2026-04-28T13:40:17.831+01:00 DEBUG 15528 --- [finance-service] [beatExecutor-%d] o.s.web.client.RestTemplate              : HTTP PUT http://localhost:8761/eureka/apps/FINANCE-SERVICE/finance-service:8090?status=UP&lastDirtyTimestamp=1777378816411
2026-04-28T13:40:17.835+01:00 DEBUG 15528 --- [finance-service] [beatExecutor-%d] o.s.web.client.RestTemplate              : Accept=[application/json, application/*+json]
2026-04-28T13:40:17.847+01:00 DEBUG 15528 --- [finance-service] [reshExecutor-%d] o.s.web.client.RestTemplate              : HTTP GET http://localhost:8761/eureka/apps/delta
2026-04-28T13:40:17.847+01:00 DEBUG 15528 --- [finance-service] [reshExecutor-%d] o.s.web.client.RestTemplate              : Accept=[application/json, application/*+json]
2026-04-28T13:40:17.848+01:00 DEBUG 15528 --- [finance-service] [beatExecutor-%d] o.s.web.client.RestTemplate              : Response 200 OK
2026-04-28T13:40:17.865+01:00 DEBUG 15528 --- [finance-service] [reshExecutor-%d] o.s.web.client.RestTemplate              : Response 200 OK
2026-04-28T13:40:17.866+01:00 DEBUG 15528 --- [finance-service] [reshExecutor-%d] o.s.web.client.RestTemplate              : Reading to [org.springframework.cloud.netflix.eureka.http.EurekaApplications]
2026-04-28T13:40:47.854+01:00 DEBUG 15528 --- [finance-service] [beatExecutor-%d] o.s.web.client.RestTemplate              : HTTP PUT http://localhost:8761/eureka/apps/FINANCE-SERVICE/finance-service:8090?status=UP&lastDirtyTimestamp=1777378816411
2026-04-28T13:40:47.860+01:00 DEBUG 15528 --- [finance-service] [beatExecutor-%d] o.s.web.client.RestTemplate              : Accept=[application/json, application/*+json]
2026-04-28T13:40:47.870+01:00 DEBUG 15528 --- [finance-service] [reshExecutor-%d] o.s.web.client.RestTemplate              : HTTP GET http://localhost:8761/eureka/apps/delta
2026-04-28T13:40:47.872+01:00 DEBUG 15528 --- [finance-service] [reshExecutor-%d] o.s.web.client.RestTemplate              : Accept=[application/json, application/*+json]
2026-04-28T13:40:47.875+01:00 DEBUG 15528 --- [finance-service] [beatExecutor-%d] o.s.web.client.RestTemplate              : Response 200 OK
2026-04-28T13:40:47.887+01:00 DEBUG 15528 --- [finance-service] [reshExecutor-%d] o.s.web.client.RestTemplate              : Response 200 OK
2026-04-28T13:40:47.890+01:00 DEBUG 15528 --- [finance-service] [reshExecutor-%d] o.s.web.client.RestTemplate              : Reading to [org.springframework.cloud.netflix.eureka.http.EurekaApplications]
2026-04-28T13:41:17.886+01:00 DEBUG 15528 --- [finance-service] [beatExecutor-%d] o.s.web.client.RestTemplate              : HTTP PUT http://localhost:8761/eureka/apps/FINANCE-SERVICE/finance-service:8090?status=UP&lastDirtyTimestamp=1777378816411
2026-04-28T13:41:17.891+01:00 DEBUG 15528 --- [finance-service] [beatExecutor-%d] o.s.web.client.RestTemplate              : Accept=[application/json, application/*+json]
2026-04-28T13:41:17.898+01:00 DEBUG 15528 --- [finance-service] [reshExecutor-%d] o.s.web.client.RestTemplate              : HTTP GET http://localhost:8761/eureka/apps/delta
2026-04-28T13:41:17.899+01:00 DEBUG 15528 --- [finance-service] [reshExecutor-%d] o.s.web.client.RestTemplate              : Accept=[application/json, application/*+json]
2026-04-28T13:41:17.909+01:00 DEBUG 15528 --- [finance-service] [beatExecutor-%d] o.s.web.client.RestTemplate              : Response 200 OK
2026-04-28T13:41:17.909+01:00 DEBUG 15528 --- [finance-service] [reshExecutor-%d] o.s.web.client.RestTemplate              : Response 200 OK
2026-04-28T13:41:17.911+01:00 DEBUG 15528 --- [finance-service] [reshExecutor-%d] o.s.web.client.RestTemplate              : Reading to [org.springframework.cloud.netflix.eureka.http.EurekaApplications]
2026-04-28T13:41:47.918+01:00 DEBUG 15528 --- [finance-service] [beatExecutor-%d] o.s.web.client.RestTemplate              : HTTP PUT http://localhost:8761/eureka/apps/FINANCE-SERVICE/finance-service:8090?status=UP&lastDirtyTimestamp=1777378816411
2026-04-28T13:41:47.918+01:00 DEBUG 15528 --- [finance-service] [reshExecutor-%d] o.s.web.client.RestTemplate              : HTTP GET http://localhost:8761/eureka/apps/delta
2026-04-28T13:41:47.924+01:00 DEBUG 15528 --- [finance-service] [beatExecutor-%d] o.s.web.client.RestTemplate              : Accept=[application/json, application/*+json]
2026-04-28T13:41:47.924+01:00 DEBUG 15528 --- [finance-service] [reshExecutor-%d] o.s.web.client.RestTemplate              : Accept=[application/json, application/*+json]
2026-04-28T13:41:47.934+01:00 DEBUG 15528 --- [finance-service] [beatExecutor-%d] o.s.web.client.RestTemplate              : Response 200 OK
2026-04-28T13:41:47.934+01:00 DEBUG 15528 --- [finance-service] [reshExecutor-%d] o.s.web.client.RestTemplate              : Response 200 OK
2026-04-28T13:41:47.934+01:00 DEBUG 15528 --- [finance-service] [reshExecutor-%d] o.s.web.client.RestTemplate              : Reading to [org.springframework.cloud.netflix.eureka.http.EurekaApplications]
2026-04-28T13:42:17.946+01:00 DEBUG 15528 --- [finance-service] [beatExecutor-%d] o.s.web.client.RestTemplate              : HTTP PUT http://localhost:8761/eureka/apps/FINANCE-SERVICE/finance-service:8090?status=UP&lastDirtyTimestamp=1777378816411
2026-04-28T13:42:17.946+01:00 DEBUG 15528 --- [finance-service] [reshExecutor-%d] o.s.web.client.RestTemplate              : HTTP GET http://localhost:8761/eureka/apps/delta
2026-04-28T13:42:17.963+01:00 DEBUG 15528 --- [finance-service] [reshExecutor-%d] o.s.web.client.RestTemplate              : Accept=[application/json, application/*+json]
2026-04-28T13:42:17.959+01:00 DEBUG 15528 --- [finance-service] [beatExecutor-%d] o.s.web.client.RestTemplate              : Accept=[application/json, application/*+json]
2026-04-28T13:42:17.980+01:00 DEBUG 15528 --- [finance-service] [beatExecutor-%d] o.s.web.client.RestTemplate              : Response 200 OK
2026-04-28T13:42:17.981+01:00 DEBUG 15528 --- [finance-service] [reshExecutor-%d] o.s.web.client.RestTemplate              : Response 200 OK
2026-04-28T13:42:17.986+01:00 DEBUG 15528 --- [finance-service] [reshExecutor-%d] o.s.web.client.RestTemplate              : Reading to [org.springframework.cloud.netflix.eureka.http.EurekaApplications]
2026-04-28T13:42:47.986+01:00 DEBUG 15528 --- [finance-service] [beatExecutor-%d] o.s.web.client.RestTemplate              : HTTP PUT http://localhost:8761/eureka/apps/FINANCE-SERVICE/finance-service:8090?status=UP&lastDirtyTimestamp=1777378816411
2026-04-28T13:42:47.986+01:00 DEBUG 15528 --- [finance-service] [beatExecutor-%d] o.s.web.client.RestTemplate              : Accept=[application/json, application/*+json]
2026-04-28T13:42:48.003+01:00 DEBUG 15528 --- [finance-service] [reshExecutor-%d] o.s.web.client.RestTemplate              : HTTP GET http://localhost:8761/eureka/apps/delta
2026-04-28T13:42:48.003+01:00 DEBUG 15528 --- [finance-service] [reshExecutor-%d] o.s.web.client.RestTemplate              : Accept=[application/json, application/*+json]
2026-04-28T13:42:48.007+01:00 DEBUG 15528 --- [finance-service] [beatExecutor-%d] o.s.web.client.RestTemplate              : Response 200 OK
2026-04-28T13:42:48.022+01:00 DEBUG 15528 --- [finance-service] [reshExecutor-%d] o.s.web.client.RestTemplate              : Response 200 OK
2026-04-28T13:42:48.027+01:00 DEBUG 15528 --- [finance-service] [reshExecutor-%d] o.s.web.client.RestTemplate              : Reading to [org.springframework.cloud.netflix.eureka.http.EurekaApplications]
2026-04-28T13:43:18.016+01:00 DEBUG 15528 --- [finance-service] [beatExecutor-%d] o.s.web.client.RestTemplate              : HTTP PUT http://localhost:8761/eureka/apps/FINANCE-SERVICE/finance-service:8090?status=UP&lastDirtyTimestamp=1777378816411
2026-04-28T13:43:18.020+01:00 DEBUG 15528 --- [finance-service] [beatExecutor-%d] o.s.web.client.RestTemplate              : Accept=[application/json, application/*+json]
2026-04-28T13:43:18.029+01:00 DEBUG 15528 --- [finance-service] [beatExecutor-%d] o.s.web.client.RestTemplate              : Response 200 OK
2026-04-28T13:43:18.033+01:00 DEBUG 15528 --- [finance-service] [reshExecutor-%d] o.s.web.client.RestTemplate              : HTTP GET http://localhost:8761/eureka/apps/delta
2026-04-28T13:43:18.034+01:00 DEBUG 15528 --- [finance-service] [reshExecutor-%d] o.s.web.client.RestTemplate              : Accept=[application/json, application/*+json]
2026-04-28T13:43:18.044+01:00 DEBUG 15528 --- [finance-service] [reshExecutor-%d] o.s.web.client.RestTemplate              : Response 200 OK
2026-04-28T13:43:18.048+01:00 DEBUG 15528 --- [finance-service] [reshExecutor-%d] o.s.web.client.RestTemplate              : Reading to [org.springframework.cloud.netflix.eureka.http.EurekaApplications]
2026-04-28T13:43:48.047+01:00 DEBUG 15528 --- [finance-service] [beatExecutor-%d] o.s.web.client.RestTemplate              : HTTP PUT http://localhost:8761/eureka/apps/FINANCE-SERVICE/finance-service:8090?status=UP&lastDirtyTimestamp=1777378816411
2026-04-28T13:43:48.052+01:00 DEBUG 15528 --- [finance-service] [beatExecutor-%d] o.s.web.client.RestTemplate              : Accept=[application/json, application/*+json]
2026-04-28T13:43:48.061+01:00 DEBUG 15528 --- [finance-service] [reshExecutor-%d] o.s.web.client.RestTemplate              : HTTP GET http://localhost:8761/eureka/apps/delta
2026-04-28T13:43:48.062+01:00 DEBUG 15528 --- [finance-service] [reshExecutor-%d] o.s.web.client.RestTemplate              : Accept=[application/json, application/*+json]
2026-04-28T13:43:48.071+01:00 DEBUG 15528 --- [finance-service] [beatExecutor-%d] o.s.web.client.RestTemplate              : Response 200 OK
2026-04-28T13:43:48.087+01:00 DEBUG 15528 --- [finance-service] [reshExecutor-%d] o.s.web.client.RestTemplate              : Response 200 OK
2026-04-28T13:43:48.087+01:00 DEBUG 15528 --- [finance-service] [reshExecutor-%d] o.s.web.client.RestTemplate              : Reading to [org.springframework.cloud.netflix.eureka.http.EurekaApplications]
2026-04-28T13:44:18.074+01:00 DEBUG 15528 --- [finance-service] [beatExecutor-%d] o.s.web.client.RestTemplate              : HTTP PUT http://localhost:8761/eureka/apps/FINANCE-SERVICE/finance-service:8090?status=UP&lastDirtyTimestamp=1777378816411
2026-04-28T13:44:18.082+01:00 DEBUG 15528 --- [finance-service] [beatExecutor-%d] o.s.web.client.RestTemplate              : Accept=[application/json, application/*+json]
2026-04-28T13:44:18.101+01:00 DEBUG 15528 --- [finance-service] [reshExecutor-%d] o.s.web.client.RestTemplate              : HTTP GET http://localhost:8761/eureka/apps/delta
2026-04-28T13:44:18.107+01:00 DEBUG 15528 --- [finance-service] [reshExecutor-%d] o.s.web.client.RestTemplate              : Accept=[application/json, application/*+json]
2026-04-28T13:44:18.107+01:00 DEBUG 15528 --- [finance-service] [beatExecutor-%d] o.s.web.client.RestTemplate              : Response 200 OK
2026-04-28T13:44:18.120+01:00 DEBUG 15528 --- [finance-service] [reshExecutor-%d] o.s.web.client.RestTemplate              : Response 200 OK
2026-04-28T13:44:18.138+01:00 DEBUG 15528 --- [finance-service] [reshExecutor-%d] o.s.web.client.RestTemplate              : Reading to [org.springframework.cloud.netflix.eureka.http.EurekaApplications]
2026-04-28T13:44:48.116+01:00 DEBUG 15528 --- [finance-service] [beatExecutor-%d] o.s.web.client.RestTemplate              : HTTP PUT http://localhost:8761/eureka/apps/FINANCE-SERVICE/finance-service:8090?status=UP&lastDirtyTimestamp=1777378816411
2026-04-28T13:44:48.118+01:00 DEBUG 15528 --- [finance-service] [beatExecutor-%d] o.s.web.client.RestTemplate              : Accept=[application/json, application/*+json]
2026-04-28T13:44:48.128+01:00 DEBUG 15528 --- [finance-service] [beatExecutor-%d] o.s.web.client.RestTemplate              : Response 200 OK
2026-04-28T13:44:48.160+01:00 DEBUG 15528 --- [finance-service] [reshExecutor-%d] o.s.web.client.RestTemplate              : HTTP GET http://localhost:8761/eureka/apps/delta
2026-04-28T13:44:48.162+01:00 DEBUG 15528 --- [finance-service] [reshExecutor-%d] o.s.web.client.RestTemplate              : Accept=[application/json, application/*+json]
2026-04-28T13:44:48.172+01:00 DEBUG 15528 --- [finance-service] [reshExecutor-%d] o.s.web.client.RestTemplate              : Response 200 OK
2026-04-28T13:44:48.175+01:00 DEBUG 15528 --- [finance-service] [reshExecutor-%d] o.s.web.client.RestTemplate              : Reading to [org.springframework.cloud.netflix.eureka.http.EurekaApplications]
2026-04-28T13:45:16.296+01:00  INFO 15528 --- [finance-service] [rap-executor-%d] c.n.d.s.r.aws.ConfigClusterResolver      : Resolving eureka endpoints via configuration
2026-04-28T13:45:18.136+01:00 DEBUG 15528 --- [finance-service] [beatExecutor-%d] o.s.web.client.RestTemplate              : HTTP PUT http://localhost:8761/eureka/apps/FINANCE-SERVICE/finance-service:8090?status=UP&lastDirtyTimestamp=1777378816411
2026-04-28T13:45:18.142+01:00 DEBUG 15528 --- [finance-service] [beatExecutor-%d] o.s.web.client.RestTemplate              : Accept=[application/json, application/*+json]
2026-04-28T13:45:18.170+01:00 DEBUG 15528 --- [finance-service] [beatExecutor-%d] o.s.web.client.RestTemplate              : Response 200 OK
2026-04-28T13:45:18.184+01:00 DEBUG 15528 --- [finance-service] [reshExecutor-%d] o.s.web.client.RestTemplate              : HTTP GET http://localhost:8761/eureka/apps/delta
2026-04-28T13:45:18.184+01:00 DEBUG 15528 --- [finance-service] [reshExecutor-%d] o.s.web.client.RestTemplate              : Accept=[application/json, application/*+json]
2026-04-28T13:45:18.205+01:00 DEBUG 15528 --- [finance-service] [reshExecutor-%d] o.s.web.client.RestTemplate              : Response 200 OK
2026-04-28T13:45:18.209+01:00 DEBUG 15528 --- [finance-service] [reshExecutor-%d] o.s.web.client.RestTemplate              : Reading to [org.springframework.cloud.netflix.eureka.http.EurekaApplications]
2026-04-28T13:45:48.183+01:00 DEBUG 15528 --- [finance-service] [beatExecutor-%d] o.s.web.client.RestTemplate              : HTTP PUT http://localhost:8761/eureka/apps/FINANCE-SERVICE/finance-service:8090?status=UP&lastDirtyTimestamp=1777378816411
2026-04-28T13:45:48.187+01:00 DEBUG 15528 --- [finance-service] [beatExecutor-%d] o.s.web.client.RestTemplate              : Accept=[application/json, application/*+json]
2026-04-28T13:45:48.204+01:00 DEBUG 15528 --- [finance-service] [beatExecutor-%d] o.s.web.client.RestTemplate              : Response 200 OK
2026-04-28T13:45:48.220+01:00 DEBUG 15528 --- [finance-service] [reshExecutor-%d] o.s.web.client.RestTemplate              : HTTP GET http://localhost:8761/eureka/apps/delta
2026-04-28T13:45:48.220+01:00 DEBUG 15528 --- [finance-service] [reshExecutor-%d] o.s.web.client.RestTemplate              : Accept=[application/json, application/*+json]
2026-04-28T13:45:48.229+01:00 DEBUG 15528 --- [finance-service] [reshExecutor-%d] o.s.web.client.RestTemplate              : Response 200 OK
2026-04-28T13:45:48.232+01:00 DEBUG 15528 --- [finance-service] [reshExecutor-%d] o.s.web.client.RestTemplate              : Reading to [org.springframework.cloud.netflix.eureka.http.EurekaApplications]
2026-04-28T13:46:18.215+01:00 DEBUG 15528 --- [finance-service] [beatExecutor-%d] o.s.web.client.RestTemplate              : HTTP PUT http://localhost:8761/eureka/apps/FINANCE-SERVICE/finance-service:8090?status=UP&lastDirtyTimestamp=1777378816411
2026-04-28T13:46:18.217+01:00 DEBUG 15528 --- [finance-service] [beatExecutor-%d] o.s.web.client.RestTemplate              : Accept=[application/json, application/*+json]
2026-04-28T13:46:18.224+01:00 DEBUG 15528 --- [finance-service] [beatExecutor-%d] o.s.web.client.RestTemplate              : Response 200 OK
2026-04-28T13:46:18.248+01:00 DEBUG 15528 --- [finance-service] [reshExecutor-%d] o.s.web.client.RestTemplate              : HTTP GET http://localhost:8761/eureka/apps/delta
2026-04-28T13:46:18.248+01:00 DEBUG 15528 --- [finance-service] [reshExecutor-%d] o.s.web.client.RestTemplate              : Accept=[application/json, application/*+json]
2026-04-28T13:46:18.258+01:00 DEBUG 15528 --- [finance-service] [reshExecutor-%d] o.s.web.client.RestTemplate              : Response 200 OK
2026-04-28T13:46:18.258+01:00 DEBUG 15528 --- [finance-service] [reshExecutor-%d] o.s.web.client.RestTemplate              : Reading to [org.springframework.cloud.netflix.eureka.http.EurekaApplications]
2026-04-28T13:46:48.232+01:00 DEBUG 15528 --- [finance-service] [beatExecutor-%d] o.s.web.client.RestTemplate              : HTTP PUT http://localhost:8761/eureka/apps/FINANCE-SERVICE/finance-service:8090?status=UP&lastDirtyTimestamp=1777378816411
2026-04-28T13:46:48.242+01:00 DEBUG 15528 --- [finance-service] [beatExecutor-%d] o.s.web.client.RestTemplate              : Accept=[application/json, application/*+json]
2026-04-28T13:46:48.272+01:00 DEBUG 15528 --- [finance-service] [reshExecutor-%d] o.s.web.client.RestTemplate              : HTTP GET http://localhost:8761/eureka/apps/delta
2026-04-28T13:46:48.272+01:00 DEBUG 15528 --- [finance-service] [reshExecutor-%d] o.s.web.client.RestTemplate              : Accept=[application/json, application/*+json]
2026-04-28T13:46:48.272+01:00 DEBUG 15528 --- [finance-service] [beatExecutor-%d] o.s.web.client.RestTemplate              : Response 200 OK
2026-04-28T13:46:48.318+01:00 DEBUG 15528 --- [finance-service] [reshExecutor-%d] o.s.web.client.RestTemplate              : Response 200 OK
2026-04-28T13:46:48.322+01:00 DEBUG 15528 --- [finance-service] [reshExecutor-%d] o.s.web.client.RestTemplate              : Reading to [org.springframework.cloud.netflix.eureka.http.EurekaApplications]
2026-04-28T13:47:18.296+01:00 DEBUG 15528 --- [finance-service] [beatExecutor-%d] o.s.web.client.RestTemplate              : HTTP PUT http://localhost:8761/eureka/apps/FINANCE-SERVICE/finance-service:8090?status=UP&lastDirtyTimestamp=1777378816411
2026-04-28T13:47:18.297+01:00 DEBUG 15528 --- [finance-service] [beatExecutor-%d] o.s.web.client.RestTemplate              : Accept=[application/json, application/*+json]
2026-04-28T13:47:18.312+01:00 DEBUG 15528 --- [finance-service] [beatExecutor-%d] o.s.web.client.RestTemplate              : Response 200 OK
2026-04-28T13:47:18.345+01:00 DEBUG 15528 --- [finance-service] [reshExecutor-%d] o.s.web.client.RestTemplate              : HTTP GET http://localhost:8761/eureka/apps/delta
2026-04-28T13:47:18.346+01:00 DEBUG 15528 --- [finance-service] [reshExecutor-%d] o.s.web.client.RestTemplate              : Accept=[application/json, application/*+json]
2026-04-28T13:47:18.358+01:00 DEBUG 15528 --- [finance-service] [reshExecutor-%d] o.s.web.client.RestTemplate              : Response 200 OK
2026-04-28T13:47:18.359+01:00 DEBUG 15528 --- [finance-service] [reshExecutor-%d] o.s.web.client.RestTemplate              : Reading to [org.springframework.cloud.netflix.eureka.http.EurekaApplications]
2026-04-28T13:47:48.318+01:00 DEBUG 15528 --- [finance-service] [beatExecutor-%d] o.s.web.client.RestTemplate              : HTTP PUT http://localhost:8761/eureka/apps/FINANCE-SERVICE/finance-service:8090?status=UP&lastDirtyTimestamp=1777378816411
2026-04-28T13:47:48.321+01:00 DEBUG 15528 --- [finance-service] [beatExecutor-%d] o.s.web.client.RestTemplate              : Accept=[application/json, application/*+json]
2026-04-28T13:47:48.337+01:00 DEBUG 15528 --- [finance-service] [beatExecutor-%d] o.s.web.client.RestTemplate              : Response 200 OK
2026-04-28T13:47:48.362+01:00 DEBUG 15528 --- [finance-service] [reshExecutor-%d] o.s.web.client.RestTemplate              : HTTP GET http://localhost:8761/eureka/apps/delta
2026-04-28T13:47:48.366+01:00 DEBUG 15528 --- [finance-service] [reshExecutor-%d] o.s.web.client.RestTemplate              : Accept=[application/json, application/*+json]
2026-04-28T13:47:48.382+01:00 DEBUG 15528 --- [finance-service] [reshExecutor-%d] o.s.web.client.RestTemplate              : Response 200 OK
2026-04-28T13:47:48.384+01:00 DEBUG 15528 --- [finance-service] [reshExecutor-%d] o.s.web.client.RestTemplate              : Reading to [org.springframework.cloud.netflix.eureka.http.EurekaApplications]
2026-04-28T13:48:18.354+01:00 DEBUG 15528 --- [finance-service] [beatExecutor-%d] o.s.web.client.RestTemplate              : HTTP PUT http://localhost:8761/eureka/apps/FINANCE-SERVICE/finance-service:8090?status=UP&lastDirtyTimestamp=1777378816411
2026-04-28T13:48:18.359+01:00 DEBUG 15528 --- [finance-service] [beatExecutor-%d] o.s.web.client.RestTemplate              : Accept=[application/json, application/*+json]
2026-04-28T13:48:18.374+01:00 DEBUG 15528 --- [finance-service] [beatExecutor-%d] o.s.web.client.RestTemplate              : Response 200 OK
2026-04-28T13:48:18.402+01:00 DEBUG 15528 --- [finance-service] [reshExecutor-%d] o.s.web.client.RestTemplate              : HTTP GET http://localhost:8761/eureka/apps/delta
2026-04-28T13:48:18.403+01:00 DEBUG 15528 --- [finance-service] [reshExecutor-%d] o.s.web.client.RestTemplate              : Accept=[application/json, application/*+json]
2026-04-28T13:48:18.422+01:00 DEBUG 15528 --- [finance-service] [reshExecutor-%d] o.s.web.client.RestTemplate              : Response 200 OK
2026-04-28T13:48:18.423+01:00 DEBUG 15528 --- [finance-service] [reshExecutor-%d] o.s.web.client.RestTemplate              : Reading to [org.springframework.cloud.netflix.eureka.http.EurekaApplications]
2026-04-28T13:48:48.381+01:00 DEBUG 15528 --- [finance-service] [beatExecutor-%d] o.s.web.client.RestTemplate              : HTTP PUT http://localhost:8761/eureka/apps/FINANCE-SERVICE/finance-service:8090?status=UP&lastDirtyTimestamp=1777378816411
2026-04-28T13:48:48.383+01:00 DEBUG 15528 --- [finance-service] [beatExecutor-%d] o.s.web.client.RestTemplate              : Accept=[application/json, application/*+json]
2026-04-28T13:48:48.396+01:00 DEBUG 15528 --- [finance-service] [beatExecutor-%d] o.s.web.client.RestTemplate              : Response 200 OK
2026-04-28T13:48:48.441+01:00 DEBUG 15528 --- [finance-service] [reshExecutor-%d] o.s.web.client.RestTemplate              : HTTP GET http://localhost:8761/eureka/apps/delta
2026-04-28T13:48:48.443+01:00 DEBUG 15528 --- [finance-service] [reshExecutor-%d] o.s.web.client.RestTemplate              : Accept=[application/json, application/*+json]
2026-04-28T13:48:48.459+01:00 DEBUG 15528 --- [finance-service] [reshExecutor-%d] o.s.web.client.RestTemplate              : Response 200 OK
2026-04-28T13:48:48.460+01:00 DEBUG 15528 --- [finance-service] [reshExecutor-%d] o.s.web.client.RestTemplate              : Reading to [org.springframework.cloud.netflix.eureka.http.EurekaApplications]
2026-04-28T13:49:18.418+01:00 DEBUG 15528 --- [finance-service] [beatExecutor-%d] o.s.web.client.RestTemplate              : HTTP PUT http://localhost:8761/eureka/apps/FINANCE-SERVICE/finance-service:8090?status=UP&lastDirtyTimestamp=1777378816411
2026-04-28T13:49:18.439+01:00 DEBUG 15528 --- [finance-service] [beatExecutor-%d] o.s.web.client.RestTemplate              : Accept=[application/json, application/*+json]
2026-04-28T13:49:18.451+01:00 DEBUG 15528 --- [finance-service] [beatExecutor-%d] o.s.web.client.RestTemplate              : Response 200 OK
2026-04-28T13:49:18.478+01:00 DEBUG 15528 --- [finance-service] [reshExecutor-%d] o.s.web.client.RestTemplate              : HTTP GET http://localhost:8761/eureka/apps/delta
2026-04-28T13:49:18.480+01:00 DEBUG 15528 --- [finance-service] [reshExecutor-%d] o.s.web.client.RestTemplate              : Accept=[application/json, application/*+json]
2026-04-28T13:49:18.497+01:00 DEBUG 15528 --- [finance-service] [reshExecutor-%d] o.s.web.client.RestTemplate              : Response 200 OK
2026-04-28T13:49:18.499+01:00 DEBUG 15528 --- [finance-service] [reshExecutor-%d] o.s.web.client.RestTemplate              : Reading to [org.springframework.cloud.netflix.eureka.http.EurekaApplications]
2026-04-28T13:49:48.463+01:00 DEBUG 15528 --- [finance-service] [beatExecutor-%d] o.s.web.client.RestTemplate              : HTTP PUT http://localhost:8761/eureka/apps/FINANCE-SERVICE/finance-service:8090?status=UP&lastDirtyTimestamp=1777378816411
2026-04-28T13:49:48.471+01:00 DEBUG 15528 --- [finance-service] [beatExecutor-%d] o.s.web.client.RestTemplate              : Accept=[application/json, application/*+json]
2026-04-28T13:49:48.481+01:00 DEBUG 15528 --- [finance-service] [beatExecutor-%d] o.s.web.client.RestTemplate              : Response 200 OK
2026-04-28T13:49:48.510+01:00 DEBUG 15528 --- [finance-service] [reshExecutor-%d] o.s.web.client.RestTemplate              : HTTP GET http://localhost:8761/eureka/apps/delta
2026-04-28T13:49:48.524+01:00 DEBUG 15528 --- [finance-service] [reshExecutor-%d] o.s.web.client.RestTemplate              : Accept=[application/json, application/*+json]
2026-04-28T13:49:48.542+01:00 DEBUG 15528 --- [finance-service] [reshExecutor-%d] o.s.web.client.RestTemplate              : Response 200 OK
2026-04-28T13:49:48.542+01:00 DEBUG 15528 --- [finance-service] [reshExecutor-%d] o.s.web.client.RestTemplate              : Reading to [org.springframework.cloud.netflix.eureka.http.EurekaApplications]
2026-04-28T13:50:16.305+01:00  INFO 15528 --- [finance-service] [rap-executor-%d] c.n.d.s.r.aws.ConfigClusterResolver      : Resolving eureka endpoints via configuration
2026-04-28T13:50:18.492+01:00 DEBUG 15528 --- [finance-service] [beatExecutor-%d] o.s.web.client.RestTemplate              : HTTP PUT http://localhost:8761/eureka/apps/FINANCE-SERVICE/finance-service:8090?status=UP&lastDirtyTimestamp=1777378816411
2026-04-28T13:50:18.497+01:00 DEBUG 15528 --- [finance-service] [beatExecutor-%d] o.s.web.client.RestTemplate              : Accept=[application/json, application/*+json]
2026-04-28T13:50:18.509+01:00 DEBUG 15528 --- [finance-service] [beatExecutor-%d] o.s.web.client.RestTemplate              : Response 200 OK
2026-04-28T13:50:18.553+01:00 DEBUG 15528 --- [finance-service] [reshExecutor-%d] o.s.web.client.RestTemplate              : HTTP GET http://localhost:8761/eureka/apps/delta
2026-04-28T13:50:18.555+01:00 DEBUG 15528 --- [finance-service] [reshExecutor-%d] o.s.web.client.RestTemplate              : Accept=[application/json, application/*+json]
2026-04-28T13:50:18.570+01:00 DEBUG 15528 --- [finance-service] [reshExecutor-%d] o.s.web.client.RestTemplate              : Response 200 OK
2026-04-28T13:50:18.571+01:00 DEBUG 15528 --- [finance-service] [reshExecutor-%d] o.s.web.client.RestTemplate              : Reading to [org.springframework.cloud.netflix.eureka.http.EurekaApplications]
2026-04-28T13:50:48.525+01:00 DEBUG 15528 --- [finance-service] [beatExecutor-%d] o.s.web.client.RestTemplate              : HTTP PUT http://localhost:8761/eureka/apps/FINANCE-SERVICE/finance-service:8090?status=UP&lastDirtyTimestamp=1777378816411
2026-04-28T13:50:48.530+01:00 DEBUG 15528 --- [finance-service] [beatExecutor-%d] o.s.web.client.RestTemplate              : Accept=[application/json, application/*+json]
2026-04-28T13:50:48.545+01:00 DEBUG 15528 --- [finance-service] [beatExecutor-%d] o.s.web.client.RestTemplate              : Response 200 OK
2026-04-28T13:50:48.586+01:00 DEBUG 15528 --- [finance-service] [reshExecutor-%d] o.s.web.client.RestTemplate              : HTTP GET http://localhost:8761/eureka/apps/delta
2026-04-28T13:50:48.589+01:00 DEBUG 15528 --- [finance-service] [reshExecutor-%d] o.s.web.client.RestTemplate              : Accept=[application/json, application/*+json]
2026-04-28T13:50:48.607+01:00 DEBUG 15528 --- [finance-service] [reshExecutor-%d] o.s.web.client.RestTemplate              : Response 200 OK
2026-04-28T13:50:48.608+01:00 DEBUG 15528 --- [finance-service] [reshExecutor-%d] o.s.web.client.RestTemplate              : Reading to [org.springframework.cloud.netflix.eureka.http.EurekaApplications]
2026-04-28T13:51:18.554+01:00 DEBUG 15528 --- [finance-service] [beatExecutor-%d] o.s.web.client.RestTemplate              : HTTP PUT http://localhost:8761/eureka/apps/FINANCE-SERVICE/finance-service:8090?status=UP&lastDirtyTimestamp=1777378816411
2026-04-28T13:51:18.559+01:00 DEBUG 15528 --- [finance-service] [beatExecutor-%d] o.s.web.client.RestTemplate              : Accept=[application/json, application/*+json]
2026-04-28T13:51:18.570+01:00 DEBUG 15528 --- [finance-service] [beatExecutor-%d] o.s.web.client.RestTemplate              : Response 200 OK
2026-04-28T13:51:18.616+01:00 DEBUG 15528 --- [finance-service] [reshExecutor-%d] o.s.web.client.RestTemplate              : HTTP GET http://localhost:8761/eureka/apps/delta
2026-04-28T13:51:18.618+01:00 DEBUG 15528 --- [finance-service] [reshExecutor-%d] o.s.web.client.RestTemplate              : Accept=[application/json, application/*+json]
2026-04-28T13:51:18.636+01:00 DEBUG 15528 --- [finance-service] [reshExecutor-%d] o.s.web.client.RestTemplate              : Response 200 OK
2026-04-28T13:51:18.638+01:00 DEBUG 15528 --- [finance-service] [reshExecutor-%d] o.s.web.client.RestTemplate              : Reading to [org.springframework.cloud.netflix.eureka.http.EurekaApplications]
2026-04-28T13:51:48.580+01:00 DEBUG 15528 --- [finance-service] [beatExecutor-%d] o.s.web.client.RestTemplate              : HTTP PUT http://localhost:8761/eureka/apps/FINANCE-SERVICE/finance-service:8090?status=UP&lastDirtyTimestamp=1777378816411
2026-04-28T13:51:48.583+01:00 DEBUG 15528 --- [finance-service] [beatExecutor-%d] o.s.web.client.RestTemplate              : Accept=[application/json, application/*+json]
2026-04-28T13:51:48.596+01:00 DEBUG 15528 --- [finance-service] [beatExecutor-%d] o.s.web.client.RestTemplate              : Response 200 OK
2026-04-28T13:51:48.658+01:00 DEBUG 15528 --- [finance-service] [reshExecutor-%d] o.s.web.client.RestTemplate              : HTTP GET http://localhost:8761/eureka/apps/delta
2026-04-28T13:51:48.661+01:00 DEBUG 15528 --- [finance-service] [reshExecutor-%d] o.s.web.client.RestTemplate              : Accept=[application/json, application/*+json]
2026-04-28T13:51:48.678+01:00 DEBUG 15528 --- [finance-service] [reshExecutor-%d] o.s.web.client.RestTemplate              : Response 200 OK
2026-04-28T13:51:48.679+01:00 DEBUG 15528 --- [finance-service] [reshExecutor-%d] o.s.web.client.RestTemplate              : Reading to [org.springframework.cloud.netflix.eureka.http.EurekaApplications]
2026-04-28T13:52:18.606+01:00 DEBUG 15528 --- [finance-service] [beatExecutor-%d] o.s.web.client.RestTemplate              : HTTP PUT http://localhost:8761/eureka/apps/FINANCE-SERVICE/finance-service:8090?status=UP&lastDirtyTimestamp=1777378816411
2026-04-28T13:52:18.611+01:00 DEBUG 15528 --- [finance-service] [beatExecutor-%d] o.s.web.client.RestTemplate              : Accept=[application/json, application/*+json]
2026-04-28T13:52:18.626+01:00 DEBUG 15528 --- [finance-service] [beatExecutor-%d] o.s.web.client.RestTemplate              : Response 200 OK
2026-04-28T13:52:18.698+01:00 DEBUG 15528 --- [finance-service] [reshExecutor-%d] o.s.web.client.RestTemplate              : HTTP GET http://localhost:8761/eureka/apps/delta
2026-04-28T13:52:18.701+01:00 DEBUG 15528 --- [finance-service] [reshExecutor-%d] o.s.web.client.RestTemplate              : Accept=[application/json, application/*+json]
2026-04-28T13:52:18.717+01:00 DEBUG 15528 --- [finance-service] [reshExecutor-%d] o.s.web.client.RestTemplate              : Response 200 OK
2026-04-28T13:52:18.719+01:00 DEBUG 15528 --- [finance-service] [reshExecutor-%d] o.s.web.client.RestTemplate              : Reading to [org.springframework.cloud.netflix.eureka.http.EurekaApplications]
2026-04-28T13:52:48.640+01:00 DEBUG 15528 --- [finance-service] [beatExecutor-%d] o.s.web.client.RestTemplate              : HTTP PUT http://localhost:8761/eureka/apps/FINANCE-SERVICE/finance-service:8090?status=UP&lastDirtyTimestamp=1777378816411
2026-04-28T13:52:48.645+01:00 DEBUG 15528 --- [finance-service] [beatExecutor-%d] o.s.web.client.RestTemplate              : Accept=[application/json, application/*+json]
2026-04-28T13:52:48.661+01:00 DEBUG 15528 --- [finance-service] [beatExecutor-%d] o.s.web.client.RestTemplate              : Response 200 OK
2026-04-28T13:52:48.732+01:00 DEBUG 15528 --- [finance-service] [reshExecutor-%d] o.s.web.client.RestTemplate              : HTTP GET http://localhost:8761/eureka/apps/delta
2026-04-28T13:52:48.733+01:00 DEBUG 15528 --- [finance-service] [reshExecutor-%d] o.s.web.client.RestTemplate              : Accept=[application/json, application/*+json]
2026-04-28T13:52:48.749+01:00 DEBUG 15528 --- [finance-service] [reshExecutor-%d] o.s.web.client.RestTemplate              : Response 200 OK
2026-04-28T13:52:48.751+01:00 DEBUG 15528 --- [finance-service] [reshExecutor-%d] o.s.web.client.RestTemplate              : Reading to [org.springframework.cloud.netflix.eureka.http.EurekaApplications]
2026-04-28T13:53:18.673+01:00 DEBUG 15528 --- [finance-service] [beatExecutor-%d] o.s.web.client.RestTemplate              : HTTP PUT http://localhost:8761/eureka/apps/FINANCE-SERVICE/finance-service:8090?status=UP&lastDirtyTimestamp=1777378816411
2026-04-28T13:53:18.677+01:00 DEBUG 15528 --- [finance-service] [beatExecutor-%d] o.s.web.client.RestTemplate              : Accept=[application/json, application/*+json]
2026-04-28T13:53:18.690+01:00 DEBUG 15528 --- [finance-service] [beatExecutor-%d] o.s.web.client.RestTemplate              : Response 200 OK
2026-04-28T13:53:18.769+01:00 DEBUG 15528 --- [finance-service] [reshExecutor-%d] o.s.web.client.RestTemplate              : HTTP GET http://localhost:8761/eureka/apps/delta
2026-04-28T13:53:18.772+01:00 DEBUG 15528 --- [finance-service] [reshExecutor-%d] o.s.web.client.RestTemplate              : Accept=[application/json, application/*+json]
2026-04-28T13:53:18.791+01:00 DEBUG 15528 --- [finance-service] [reshExecutor-%d] o.s.web.client.RestTemplate              : Response 200 OK
2026-04-28T13:53:18.792+01:00 DEBUG 15528 --- [finance-service] [reshExecutor-%d] o.s.web.client.RestTemplate              : Reading to [org.springframework.cloud.netflix.eureka.http.EurekaApplications]
2026-04-28T13:53:48.704+01:00 DEBUG 15528 --- [finance-service] [beatExecutor-%d] o.s.web.client.RestTemplate              : HTTP PUT http://localhost:8761/eureka/apps/FINANCE-SERVICE/finance-service:8090?status=UP&lastDirtyTimestamp=1777378816411
2026-04-28T13:53:48.710+01:00 DEBUG 15528 --- [finance-service] [beatExecutor-%d] o.s.web.client.RestTemplate              : Accept=[application/json, application/*+json]
2026-04-28T13:53:48.724+01:00 DEBUG 15528 --- [finance-service] [beatExecutor-%d] o.s.web.client.RestTemplate              : Response 200 OK
2026-04-28T13:53:48.798+01:00 DEBUG 15528 --- [finance-service] [reshExecutor-%d] o.s.web.client.RestTemplate              : HTTP GET http://localhost:8761/eureka/apps/delta
2026-04-28T13:53:48.800+01:00 DEBUG 15528 --- [finance-service] [reshExecutor-%d] o.s.web.client.RestTemplate              : Accept=[application/json, application/*+json]
2026-04-28T13:53:48.817+01:00 DEBUG 15528 --- [finance-service] [reshExecutor-%d] o.s.web.client.RestTemplate              : Response 200 OK
2026-04-28T13:53:48.818+01:00 DEBUG 15528 --- [finance-service] [reshExecutor-%d] o.s.web.client.RestTemplate              : Reading to [org.springframework.cloud.netflix.eureka.http.EurekaApplications]
2026-04-28T13:54:18.735+01:00 DEBUG 15528 --- [finance-service] [beatExecutor-%d] o.s.web.client.RestTemplate              : HTTP PUT http://localhost:8761/eureka/apps/FINANCE-SERVICE/finance-service:8090?status=UP&lastDirtyTimestamp=1777378816411
2026-04-28T13:54:18.740+01:00 DEBUG 15528 --- [finance-service] [beatExecutor-%d] o.s.web.client.RestTemplate              : Accept=[application/json, application/*+json]
2026-04-28T13:54:18.755+01:00 DEBUG 15528 --- [finance-service] [beatExecutor-%d] o.s.web.client.RestTemplate              : Response 200 OK
2026-04-28T13:54:18.829+01:00 DEBUG 15528 --- [finance-service] [reshExecutor-%d] o.s.web.client.RestTemplate              : HTTP GET http://localhost:8761/eureka/apps/delta
2026-04-28T13:54:18.831+01:00 DEBUG 15528 --- [finance-service] [reshExecutor-%d] o.s.web.client.RestTemplate              : Accept=[application/json, application/*+json]
2026-04-28T13:54:18.846+01:00 DEBUG 15528 --- [finance-service] [reshExecutor-%d] o.s.web.client.RestTemplate              : Response 200 OK
2026-04-28T13:54:18.847+01:00 DEBUG 15528 --- [finance-service] [reshExecutor-%d] o.s.web.client.RestTemplate              : Reading to [org.springframework.cloud.netflix.eureka.http.EurekaApplications]
2026-04-28T13:54:48.767+01:00 DEBUG 15528 --- [finance-service] [beatExecutor-%d] o.s.web.client.RestTemplate              : HTTP PUT http://localhost:8761/eureka/apps/FINANCE-SERVICE/finance-service:8090?status=UP&lastDirtyTimestamp=1777378816411
2026-04-28T13:54:48.771+01:00 DEBUG 15528 --- [finance-service] [beatExecutor-%d] o.s.web.client.RestTemplate              : Accept=[application/json, application/*+json]
2026-04-28T13:54:48.787+01:00 DEBUG 15528 --- [finance-service] [beatExecutor-%d] o.s.web.client.RestTemplate              : Response 200 OK
2026-04-28T13:54:48.860+01:00 DEBUG 15528 --- [finance-service] [reshExecutor-%d] o.s.web.client.RestTemplate              : HTTP GET http://localhost:8761/eureka/apps/delta
2026-04-28T13:54:48.862+01:00 DEBUG 15528 --- [finance-service] [reshExecutor-%d] o.s.web.client.RestTemplate              : Accept=[application/json, application/*+json]
2026-04-28T13:54:48.881+01:00 DEBUG 15528 --- [finance-service] [reshExecutor-%d] o.s.web.client.RestTemplate              : Response 200 OK
2026-04-28T13:54:48.882+01:00 DEBUG 15528 --- [finance-service] [reshExecutor-%d] o.s.web.client.RestTemplate              : Reading to [org.springframework.cloud.netflix.eureka.http.EurekaApplications]
2026-04-28T13:55:16.322+01:00  INFO 15528 --- [finance-service] [rap-executor-%d] c.n.d.s.r.aws.ConfigClusterResolver      : Resolving eureka endpoints via configuration
2026-04-28T13:55:18.793+01:00 DEBUG 15528 --- [finance-service] [beatExecutor-%d] o.s.web.client.RestTemplate              : HTTP PUT http://localhost:8761/eureka/apps/FINANCE-SERVICE/finance-service:8090?status=UP&lastDirtyTimestamp=1777378816411
2026-04-28T13:55:18.797+01:00 DEBUG 15528 --- [finance-service] [beatExecutor-%d] o.s.web.client.RestTemplate              : Accept=[application/json, application/*+json]
2026-04-28T13:55:18.810+01:00 DEBUG 15528 --- [finance-service] [beatExecutor-%d] o.s.web.client.RestTemplate              : Response 200 OK
2026-04-28T13:55:18.885+01:00 DEBUG 15528 --- [finance-service] [reshExecutor-%d] o.s.web.client.RestTemplate              : HTTP GET http://localhost:8761/eureka/apps/delta
2026-04-28T13:55:18.888+01:00 DEBUG 15528 --- [finance-service] [reshExecutor-%d] o.s.web.client.RestTemplate              : Accept=[application/json, application/*+json]
2026-04-28T13:55:18.906+01:00 DEBUG 15528 --- [finance-service] [reshExecutor-%d] o.s.web.client.RestTemplate              : Response 200 OK
2026-04-28T13:55:18.909+01:00 DEBUG 15528 --- [finance-service] [reshExecutor-%d] o.s.web.client.RestTemplate              : Reading to [org.springframework.cloud.netflix.eureka.http.EurekaApplications]
2026-04-28T13:55:48.826+01:00 DEBUG 15528 --- [finance-service] [beatExecutor-%d] o.s.web.client.RestTemplate              : HTTP PUT http://localhost:8761/eureka/apps/FINANCE-SERVICE/finance-service:8090?status=UP&lastDirtyTimestamp=1777378816411
2026-04-28T13:55:48.828+01:00 DEBUG 15528 --- [finance-service] [beatExecutor-%d] o.s.web.client.RestTemplate              : Accept=[application/json, application/*+json]
2026-04-28T13:55:48.842+01:00 DEBUG 15528 --- [finance-service] [beatExecutor-%d] o.s.web.client.RestTemplate              : Response 200 OK
2026-04-28T13:55:48.920+01:00 DEBUG 15528 --- [finance-service] [reshExecutor-%d] o.s.web.client.RestTemplate              : HTTP GET http://localhost:8761/eureka/apps/delta
2026-04-28T13:55:48.921+01:00 DEBUG 15528 --- [finance-service] [reshExecutor-%d] o.s.web.client.RestTemplate              : Accept=[application/json, application/*+json]
2026-04-28T13:55:48.938+01:00 DEBUG 15528 --- [finance-service] [reshExecutor-%d] o.s.web.client.RestTemplate              : Response 200 OK
2026-04-28T13:55:48.939+01:00 DEBUG 15528 --- [finance-service] [reshExecutor-%d] o.s.web.client.RestTemplate              : Reading to [org.springframework.cloud.netflix.eureka.http.EurekaApplications]
2026-04-28T13:56:18.850+01:00 DEBUG 15528 --- [finance-service] [beatExecutor-%d] o.s.web.client.RestTemplate              : HTTP PUT http://localhost:8761/eureka/apps/FINANCE-SERVICE/finance-service:8090?status=UP&lastDirtyTimestamp=1777378816411
2026-04-28T13:56:18.855+01:00 DEBUG 15528 --- [finance-service] [beatExecutor-%d] o.s.web.client.RestTemplate              : Accept=[application/json, application/*+json]
2026-04-28T13:56:18.867+01:00 DEBUG 15528 --- [finance-service] [beatExecutor-%d] o.s.web.client.RestTemplate              : Response 200 OK
2026-04-28T13:56:18.943+01:00 DEBUG 15528 --- [finance-service] [reshExecutor-%d] o.s.web.client.RestTemplate              : HTTP GET http://localhost:8761/eureka/apps/delta
2026-04-28T13:56:18.948+01:00 DEBUG 15528 --- [finance-service] [reshExecutor-%d] o.s.web.client.RestTemplate              : Accept=[application/json, application/*+json]
2026-04-28T13:56:18.960+01:00 DEBUG 15528 --- [finance-service] [reshExecutor-%d] o.s.web.client.RestTemplate              : Response 200 OK
2026-04-28T13:56:18.961+01:00 DEBUG 15528 --- [finance-service] [reshExecutor-%d] o.s.web.client.RestTemplate              : Reading to [org.springframework.cloud.netflix.eureka.http.EurekaApplications]
2026-04-28T13:56:48.877+01:00 DEBUG 15528 --- [finance-service] [beatExecutor-%d] o.s.web.client.RestTemplate              : HTTP PUT http://localhost:8761/eureka/apps/FINANCE-SERVICE/finance-service:8090?status=UP&lastDirtyTimestamp=1777378816411
2026-04-28T13:56:48.882+01:00 DEBUG 15528 --- [finance-service] [beatExecutor-%d] o.s.web.client.RestTemplate              : Accept=[application/json, application/*+json]
2026-04-28T13:56:48.897+01:00 DEBUG 15528 --- [finance-service] [beatExecutor-%d] o.s.web.client.RestTemplate              : Response 200 OK
2026-04-28T13:56:48.970+01:00 DEBUG 15528 --- [finance-service] [reshExecutor-%d] o.s.web.client.RestTemplate              : HTTP GET http://localhost:8761/eureka/apps/delta
2026-04-28T13:56:48.972+01:00 DEBUG 15528 --- [finance-service] [reshExecutor-%d] o.s.web.client.RestTemplate              : Accept=[application/json, application/*+json]
2026-04-28T13:56:48.988+01:00 DEBUG 15528 --- [finance-service] [reshExecutor-%d] o.s.web.client.RestTemplate              : Response 200 OK
2026-04-28T13:56:48.989+01:00 DEBUG 15528 --- [finance-service] [reshExecutor-%d] o.s.web.client.RestTemplate              : Reading to [org.springframework.cloud.netflix.eureka.http.EurekaApplications]
2026-04-28T13:57:18.920+01:00 DEBUG 15528 --- [finance-service] [beatExecutor-%d] o.s.web.client.RestTemplate              : HTTP PUT http://localhost:8761/eureka/apps/FINANCE-SERVICE/finance-service:8090?status=UP&lastDirtyTimestamp=1777378816411
2026-04-28T13:57:18.926+01:00 DEBUG 15528 --- [finance-service] [beatExecutor-%d] o.s.web.client.RestTemplate              : Accept=[application/json, application/*+json]
2026-04-28T13:57:18.958+01:00 DEBUG 15528 --- [finance-service] [beatExecutor-%d] o.s.web.client.RestTemplate              : Response 200 OK
2026-04-28T13:57:18.994+01:00 DEBUG 15528 --- [finance-service] [reshExecutor-%d] o.s.web.client.RestTemplate              : HTTP GET http://localhost:8761/eureka/apps/delta
2026-04-28T13:57:18.999+01:00 DEBUG 15528 --- [finance-service] [reshExecutor-%d] o.s.web.client.RestTemplate              : Accept=[application/json, application/*+json]
2026-04-28T13:57:19.028+01:00 DEBUG 15528 --- [finance-service] [reshExecutor-%d] o.s.web.client.RestTemplate              : Response 200 OK
2026-04-28T13:57:19.028+01:00 DEBUG 15528 --- [finance-service] [reshExecutor-%d] o.s.web.client.RestTemplate              : Reading to [org.springframework.cloud.netflix.eureka.http.EurekaApplications]
2026-04-28T13:57:48.969+01:00 DEBUG 15528 --- [finance-service] [beatExecutor-%d] o.s.web.client.RestTemplate              : HTTP PUT http://localhost:8761/eureka/apps/FINANCE-SERVICE/finance-service:8090?status=UP&lastDirtyTimestamp=1777378816411
2026-04-28T13:57:48.972+01:00 DEBUG 15528 --- [finance-service] [beatExecutor-%d] o.s.web.client.RestTemplate              : Accept=[application/json, application/*+json]
2026-04-28T13:57:48.986+01:00 DEBUG 15528 --- [finance-service] [beatExecutor-%d] o.s.web.client.RestTemplate              : Response 200 OK
2026-04-28T13:57:49.047+01:00 DEBUG 15528 --- [finance-service] [reshExecutor-%d] o.s.web.client.RestTemplate              : HTTP GET http://localhost:8761/eureka/apps/delta
2026-04-28T13:57:49.048+01:00 DEBUG 15528 --- [finance-service] [reshExecutor-%d] o.s.web.client.RestTemplate              : Accept=[application/json, application/*+json]
2026-04-28T13:57:49.064+01:00 DEBUG 15528 --- [finance-service] [reshExecutor-%d] o.s.web.client.RestTemplate              : Response 200 OK
2026-04-28T13:57:49.064+01:00 DEBUG 15528 --- [finance-service] [reshExecutor-%d] o.s.web.client.RestTemplate              : Reading to [org.springframework.cloud.netflix.eureka.http.EurekaApplications]
2026-04-28T13:58:18.993+01:00 DEBUG 15528 --- [finance-service] [beatExecutor-%d] o.s.web.client.RestTemplate              : HTTP PUT http://localhost:8761/eureka/apps/FINANCE-SERVICE/finance-service:8090?status=UP&lastDirtyTimestamp=1777378816411
2026-04-28T13:58:18.996+01:00 DEBUG 15528 --- [finance-service] [beatExecutor-%d] o.s.web.client.RestTemplate              : Accept=[application/json, application/*+json]
2026-04-28T13:58:19.009+01:00 DEBUG 15528 --- [finance-service] [beatExecutor-%d] o.s.web.client.RestTemplate              : Response 200 OK
2026-04-28T13:58:19.070+01:00 DEBUG 15528 --- [finance-service] [reshExecutor-%d] o.s.web.client.RestTemplate              : HTTP GET http://localhost:8761/eureka/apps/delta
2026-04-28T13:58:19.072+01:00 DEBUG 15528 --- [finance-service] [reshExecutor-%d] o.s.web.client.RestTemplate              : Accept=[application/json, application/*+json]
2026-04-28T13:58:19.086+01:00 DEBUG 15528 --- [finance-service] [reshExecutor-%d] o.s.web.client.RestTemplate              : Response 200 OK
2026-04-28T13:58:19.086+01:00 DEBUG 15528 --- [finance-service] [reshExecutor-%d] o.s.web.client.RestTemplate              : Reading to [org.springframework.cloud.netflix.eureka.http.EurekaApplications]
2026-04-28T13:58:49.024+01:00 DEBUG 15528 --- [finance-service] [beatExecutor-%d] o.s.web.client.RestTemplate              : HTTP PUT http://localhost:8761/eureka/apps/FINANCE-SERVICE/finance-service:8090?status=UP&lastDirtyTimestamp=1777378816411
2026-04-28T13:58:49.029+01:00 DEBUG 15528 --- [finance-service] [beatExecutor-%d] o.s.web.client.RestTemplate              : Accept=[application/json, application/*+json]
2026-04-28T13:58:49.040+01:00 DEBUG 15528 --- [finance-service] [beatExecutor-%d] o.s.web.client.RestTemplate              : Response 200 OK
2026-04-28T13:58:49.106+01:00 DEBUG 15528 --- [finance-service] [reshExecutor-%d] o.s.web.client.RestTemplate              : HTTP GET http://localhost:8761/eureka/apps/delta
2026-04-28T13:58:49.112+01:00 DEBUG 15528 --- [finance-service] [reshExecutor-%d] o.s.web.client.RestTemplate              : Accept=[application/json, application/*+json]
2026-04-28T13:58:49.114+01:00 DEBUG 15528 --- [finance-service] [reshExecutor-%d] o.s.web.client.RestTemplate              : Response 200 OK
2026-04-28T13:58:49.114+01:00 DEBUG 15528 --- [finance-service] [reshExecutor-%d] o.s.web.client.RestTemplate              : Reading to [org.springframework.cloud.netflix.eureka.http.EurekaApplications]
2026-04-28T13:59:19.044+01:00 DEBUG 15528 --- [finance-service] [beatExecutor-%d] o.s.web.client.RestTemplate              : HTTP PUT http://localhost:8761/eureka/apps/FINANCE-SERVICE/finance-service:8090?status=UP&lastDirtyTimestamp=1777378816411
2026-04-28T13:59:19.050+01:00 DEBUG 15528 --- [finance-service] [beatExecutor-%d] o.s.web.client.RestTemplate              : Accept=[application/json, application/*+json]
2026-04-28T13:59:19.064+01:00 DEBUG 15528 --- [finance-service] [beatExecutor-%d] o.s.web.client.RestTemplate              : Response 200 OK
2026-04-28T13:59:19.121+01:00 DEBUG 15528 --- [finance-service] [reshExecutor-%d] o.s.web.client.RestTemplate              : HTTP GET http://localhost:8761/eureka/apps/delta
2026-04-28T13:59:19.122+01:00 DEBUG 15528 --- [finance-service] [reshExecutor-%d] o.s.web.client.RestTemplate              : Accept=[application/json, application/*+json]
2026-04-28T13:59:19.138+01:00 DEBUG 15528 --- [finance-service] [reshExecutor-%d] o.s.web.client.RestTemplate              : Response 200 OK
2026-04-28T13:59:19.138+01:00 DEBUG 15528 --- [finance-service] [reshExecutor-%d] o.s.web.client.RestTemplate              : Reading to [org.springframework.cloud.netflix.eureka.http.EurekaApplications]
2026-04-28T13:59:49.077+01:00 DEBUG 15528 --- [finance-service] [beatExecutor-%d] o.s.web.client.RestTemplate              : HTTP PUT http://localhost:8761/eureka/apps/FINANCE-SERVICE/finance-service:8090?status=UP&lastDirtyTimestamp=1777378816411
2026-04-28T13:59:49.081+01:00 DEBUG 15528 --- [finance-service] [beatExecutor-%d] o.s.web.client.RestTemplate              : Accept=[application/json, application/*+json]
2026-04-28T13:59:49.094+01:00 DEBUG 15528 --- [finance-service] [beatExecutor-%d] o.s.web.client.RestTemplate              : Response 200 OK
2026-04-28T13:59:49.154+01:00 DEBUG 15528 --- [finance-service] [reshExecutor-%d] o.s.web.client.RestTemplate              : HTTP GET http://localhost:8761/eureka/apps/delta
2026-04-28T13:59:49.155+01:00 DEBUG 15528 --- [finance-service] [reshExecutor-%d] o.s.web.client.RestTemplate              : Accept=[application/json, application/*+json]
2026-04-28T13:59:49.169+01:00 DEBUG 15528 --- [finance-service] [reshExecutor-%d] o.s.web.client.RestTemplate              : Response 200 OK
2026-04-28T13:59:49.170+01:00 DEBUG 15528 --- [finance-service] [reshExecutor-%d] o.s.web.client.RestTemplate              : Reading to [org.springframework.cloud.netflix.eureka.http.EurekaApplications]
2026-04-28T14:00:16.339+01:00  INFO 15528 --- [finance-service] [rap-executor-%d] c.n.d.s.r.aws.ConfigClusterResolver      : Resolving eureka endpoints via configuration
2026-04-28T14:00:19.101+01:00 DEBUG 15528 --- [finance-service] [beatExecutor-%d] o.s.web.client.RestTemplate              : HTTP PUT http://localhost:8761/eureka/apps/FINANCE-SERVICE/finance-service:8090?status=UP&lastDirtyTimestamp=1777378816411
2026-04-28T14:00:19.105+01:00 DEBUG 15528 --- [finance-service] [beatExecutor-%d] o.s.web.client.RestTemplate              : Accept=[application/json, application/*+json]
2026-04-28T14:00:19.119+01:00 DEBUG 15528 --- [finance-service] [beatExecutor-%d] o.s.web.client.RestTemplate              : Response 200 OK
2026-04-28T14:00:19.178+01:00 DEBUG 15528 --- [finance-service] [reshExecutor-%d] o.s.web.client.RestTemplate              : HTTP GET http://localhost:8761/eureka/apps/delta
2026-04-28T14:00:19.181+01:00 DEBUG 15528 --- [finance-service] [reshExecutor-%d] o.s.web.client.RestTemplate              : Accept=[application/json, application/*+json]
2026-04-28T14:00:19.197+01:00 DEBUG 15528 --- [finance-service] [reshExecutor-%d] o.s.web.client.RestTemplate              : Response 200 OK
2026-04-28T14:00:19.198+01:00 DEBUG 15528 --- [finance-service] [reshExecutor-%d] o.s.web.client.RestTemplate              : Reading to [org.springframework.cloud.netflix.eureka.http.EurekaApplications]
2026-04-28T14:00:49.124+01:00 DEBUG 15528 --- [finance-service] [beatExecutor-%d] o.s.web.client.RestTemplate              : HTTP PUT http://localhost:8761/eureka/apps/FINANCE-SERVICE/finance-service:8090?status=UP&lastDirtyTimestamp=1777378816411
2026-04-28T14:00:49.127+01:00 DEBUG 15528 --- [finance-service] [beatExecutor-%d] o.s.web.client.RestTemplate              : Accept=[application/json, application/*+json]
2026-04-28T14:00:49.140+01:00 DEBUG 15528 --- [finance-service] [beatExecutor-%d] o.s.web.client.RestTemplate              : Response 200 OK
2026-04-28T14:00:49.217+01:00 DEBUG 15528 --- [finance-service] [reshExecutor-%d] o.s.web.client.RestTemplate              : HTTP GET http://localhost:8761/eureka/apps/delta
2026-04-28T14:00:49.218+01:00 DEBUG 15528 --- [finance-service] [reshExecutor-%d] o.s.web.client.RestTemplate              : Accept=[application/json, application/*+json]
2026-04-28T14:00:49.234+01:00 DEBUG 15528 --- [finance-service] [reshExecutor-%d] o.s.web.client.RestTemplate              : Response 200 OK
2026-04-28T14:00:49.234+01:00 DEBUG 15528 --- [finance-service] [reshExecutor-%d] o.s.web.client.RestTemplate              : Reading to [org.springframework.cloud.netflix.eureka.http.EurekaApplications]
2026-04-28T14:01:19.144+01:00 DEBUG 15528 --- [finance-service] [beatExecutor-%d] o.s.web.client.RestTemplate              : HTTP PUT http://localhost:8761/eureka/apps/FINANCE-SERVICE/finance-service:8090?status=UP&lastDirtyTimestamp=1777378816411
2026-04-28T14:01:19.144+01:00 DEBUG 15528 --- [finance-service] [beatExecutor-%d] o.s.web.client.RestTemplate              : Accept=[application/json, application/*+json]
2026-04-28T14:01:19.151+01:00  INFO 15528 --- [finance-service] [beatExecutor-%d] c.n.d.s.t.d.RedirectingEurekaHttpClient  : Request execution error. endpoint=DefaultEndpoint{ serviceUrl='http://localhost:8761/eureka/} exception=I/O error on PUT request for "http://localhost:8761/eureka/apps/FINANCE-SERVICE/finance-service:8090": Connect to http://localhost:8761 [localhost/127.0.0.1, localhost/0:0:0:0:0:0:0:1] failed: Connection refused: no further information stacktrace=org.springframework.web.client.ResourceAccessException: I/O error on PUT request for "http://localhost:8761/eureka/apps/FINANCE-SERVICE/finance-service:8090": Connect to http://localhost:8761 [localhost/127.0.0.1, localhost/0:0:0:0:0:0:0:1] failed: Connection refused: no further information
	at org.springframework.web.client.RestTemplate.createResourceAccessException(RestTemplate.java:915)
	at org.springframework.web.client.RestTemplate.doExecute(RestTemplate.java:895)
	at org.springframework.web.client.RestTemplate.execute(RestTemplate.java:830)
	at org.springframework.web.client.RestTemplate.exchange(RestTemplate.java:691)
	at org.springframework.cloud.netflix.eureka.http.RestTemplateEurekaHttpClient.sendHeartBeat(RestTemplateEurekaHttpClient.java:115)
	at com.netflix.discovery.shared.transport.decorator.EurekaHttpClientDecorator$3.execute(EurekaHttpClientDecorator.java:92)
	at com.netflix.discovery.shared.transport.decorator.RedirectingEurekaHttpClient.execute(RedirectingEurekaHttpClient.java:91)
	at com.netflix.discovery.shared.transport.decorator.EurekaHttpClientDecorator.sendHeartBeat(EurekaHttpClientDecorator.java:89)
	at com.netflix.discovery.shared.transport.decorator.EurekaHttpClientDecorator$3.execute(EurekaHttpClientDecorator.java:92)
	at com.netflix.discovery.shared.transport.decorator.RetryableEurekaHttpClient.execute(RetryableEurekaHttpClient.java:120)
	at com.netflix.discovery.shared.transport.decorator.EurekaHttpClientDecorator.sendHeartBeat(EurekaHttpClientDecorator.java:89)
	at com.netflix.discovery.shared.transport.decorator.EurekaHttpClientDecorator$3.execute(EurekaHttpClientDecorator.java:92)
	at com.netflix.discovery.shared.transport.decorator.SessionedEurekaHttpClient.execute(SessionedEurekaHttpClient.java:76)
	at com.netflix.discovery.shared.transport.decorator.EurekaHttpClientDecorator.sendHeartBeat(EurekaHttpClientDecorator.java:89)
	at com.netflix.discovery.DiscoveryClient.renew(DiscoveryClient.java:845)
	at com.netflix.discovery.DiscoveryClient$HeartbeatThread.run(DiscoveryClient.java:1402)
	at java.base/java.util.concurrent.Executors$RunnableAdapter.call(Executors.java:539)
	at java.base/java.util.concurrent.FutureTask.run(FutureTask.java:264)
	at java.base/java.util.concurrent.ThreadPoolExecutor.runWorker(ThreadPoolExecutor.java:1136)
	at java.base/java.util.concurrent.ThreadPoolExecutor$Worker.run(ThreadPoolExecutor.java:635)
	at java.base/java.lang.Thread.run(Thread.java:842)
Caused by: org.apache.hc.client5.http.HttpHostConnectException: Connect to http://localhost:8761 [localhost/127.0.0.1, localhost/0:0:0:0:0:0:0:1] failed: Connection refused: no further information
	at java.base/sun.nio.ch.Net.pollConnect(Native Method)
	at java.base/sun.nio.ch.Net.pollConnectNow(Net.java:672)
	at java.base/sun.nio.ch.NioSocketImpl.timedFinishConnect(NioSocketImpl.java:547)
	at java.base/sun.nio.ch.NioSocketImpl.connect(NioSocketImpl.java:602)
	at java.base/java.net.SocksSocketImpl.connect(SocksSocketImpl.java:327)
	at java.base/java.net.Socket.connect(Socket.java:633)
	at org.apache.hc.client5.http.socket.PlainConnectionSocketFactory.lambda$connectSocket$0(PlainConnectionSocketFactory.java:91)
	at java.base/java.security.AccessController.doPrivileged(AccessController.java:569)
	at org.apache.hc.client5.http.socket.PlainConnectionSocketFactory.connectSocket(PlainConnectionSocketFactory.java:90)
	at org.apache.hc.client5.http.socket.ConnectionSocketFactory.connectSocket(ConnectionSocketFactory.java:123)
	at org.apache.hc.client5.http.impl.io.DefaultHttpClientConnectionOperator.connect(DefaultHttpClientConnectionOperator.java:189)
	at org.apache.hc.client5.http.impl.io.PoolingHttpClientConnectionManager.connect(PoolingHttpClientConnectionManager.java:450)
	at org.apache.hc.client5.http.impl.classic.InternalExecRuntime.connectEndpoint(InternalExecRuntime.java:162)
	at org.apache.hc.client5.http.impl.classic.InternalExecRuntime.connectEndpoint(InternalExecRuntime.java:172)
	at org.apache.hc.client5.http.impl.classic.ConnectExec.execute(ConnectExec.java:142)
	at org.apache.hc.client5.http.impl.classic.ExecChainElement.execute(ExecChainElement.java:51)
	at org.apache.hc.client5.http.impl.classic.ProtocolExec.execute(ProtocolExec.java:192)
	at org.apache.hc.client5.http.impl.classic.ExecChainElement.execute(ExecChainElement.java:51)
	at org.apache.hc.client5.http.impl.classic.HttpRequestRetryExec.execute(HttpRequestRetryExec.java:113)
	at org.apache.hc.client5.http.impl.classic.ExecChainElement.execute(ExecChainElement.java:51)
	at org.apache.hc.client5.http.impl.classic.ContentCompressionExec.execute(ContentCompressionExec.java:152)
	at org.apache.hc.client5.http.impl.classic.ExecChainElement.execute(ExecChainElement.java:51)
	at org.apache.hc.client5.http.impl.classic.RedirectExec.execute(RedirectExec.java:116)
	at org.apache.hc.client5.http.impl.classic.ExecChainElement.execute(ExecChainElement.java:51)
	at org.apache.hc.client5.http.impl.classic.InternalHttpClient.doExecute(InternalHttpClient.java:170)
	at org.apache.hc.client5.http.impl.classic.CloseableHttpClient.execute(CloseableHttpClient.java:87)
	at org.apache.hc.client5.http.impl.classic.CloseableHttpClient.execute(CloseableHttpClient.java:55)
	at org.apache.hc.client5.http.classic.HttpClient.executeOpen(HttpClient.java:183)
	at org.springframework.http.client.HttpComponentsClientHttpRequest.executeInternal(HttpComponentsClientHttpRequest.java:99)
	at org.springframework.http.client.AbstractStreamingClientHttpRequest.executeInternal(AbstractStreamingClientHttpRequest.java:70)
	at org.springframework.http.client.AbstractClientHttpRequest.execute(AbstractClientHttpRequest.java:66)
	at org.springframework.http.client.InterceptingClientHttpRequest$InterceptingRequestExecution.execute(InterceptingClientHttpRequest.java:112)
	at org.springframework.cloud.netflix.eureka.http.RestTemplateTransportClientFactory.lambda$restTemplate$3(RestTemplateTransportClientFactory.java:170)
	at org.springframework.http.client.InterceptingClientHttpRequest$InterceptingRequestExecution.execute(InterceptingClientHttpRequest.java:88)
	at org.springframework.http.client.InterceptingClientHttpRequest.executeInternal(InterceptingClientHttpRequest.java:72)
	at org.springframework.http.client.AbstractBufferingClientHttpRequest.executeInternal(AbstractBufferingClientHttpRequest.java:48)
	at org.springframework.http.client.AbstractClientHttpRequest.execute(AbstractClientHttpRequest.java:66)
	at org.springframework.web.client.RestTemplate.doExecute(RestTemplate.java:889)
	... 19 more

2026-04-28T14:01:19.151+01:00  WARN 15528 --- [finance-service] [beatExecutor-%d] c.n.d.s.t.d.RetryableEurekaHttpClient    : Request execution failed with message: I/O error on PUT request for "http://localhost:8761/eureka/apps/FINANCE-SERVICE/finance-service:8090": Connect to http://localhost:8761 [localhost/127.0.0.1, localhost/0:0:0:0:0:0:0:1] failed: Connection refused: no further information
2026-04-28T14:01:19.155+01:00 DEBUG 15528 --- [finance-service] [beatExecutor-%d] o.s.web.client.RestTemplate              : HTTP PUT http://localhost:8761/eureka/apps/FINANCE-SERVICE/finance-service:8090?status=UP&lastDirtyTimestamp=1777378816411
2026-04-28T14:01:19.156+01:00 DEBUG 15528 --- [finance-service] [beatExecutor-%d] o.s.web.client.RestTemplate              : Accept=[application/json, application/*+json]
2026-04-28T14:01:19.176+01:00  INFO 15528 --- [finance-service] [beatExecutor-%d] c.n.d.s.t.d.RedirectingEurekaHttpClient  : Request execution error. endpoint=DefaultEndpoint{ serviceUrl='http://localhost:8761/eureka/}, exception=I/O error on PUT request for "http://localhost:8761/eureka/apps/FINANCE-SERVICE/finance-service:8090": Connect to http://localhost:8761 [localhost/127.0.0.1, localhost/0:0:0:0:0:0:0:1] failed: Connection refused: no further information stacktrace=org.springframework.web.client.ResourceAccessException: I/O error on PUT request for "http://localhost:8761/eureka/apps/FINANCE-SERVICE/finance-service:8090": Connect to http://localhost:8761 [localhost/127.0.0.1, localhost/0:0:0:0:0:0:0:1] failed: Connection refused: no further information
	at org.springframework.web.client.RestTemplate.createResourceAccessException(RestTemplate.java:915)
	at org.springframework.web.client.RestTemplate.doExecute(RestTemplate.java:895)
	at org.springframework.web.client.RestTemplate.execute(RestTemplate.java:830)
	at org.springframework.web.client.RestTemplate.exchange(RestTemplate.java:691)
	at org.springframework.cloud.netflix.eureka.http.RestTemplateEurekaHttpClient.sendHeartBeat(RestTemplateEurekaHttpClient.java:115)
	at com.netflix.discovery.shared.transport.decorator.EurekaHttpClientDecorator$3.execute(EurekaHttpClientDecorator.java:92)
	at com.netflix.discovery.shared.transport.decorator.RedirectingEurekaHttpClient.executeOnNewServer(RedirectingEurekaHttpClient.java:121)
	at com.netflix.discovery.shared.transport.decorator.RedirectingEurekaHttpClient.execute(RedirectingEurekaHttpClient.java:80)
	at com.netflix.discovery.shared.transport.decorator.EurekaHttpClientDecorator.sendHeartBeat(EurekaHttpClientDecorator.java:89)
	at com.netflix.discovery.shared.transport.decorator.EurekaHttpClientDecorator$3.execute(EurekaHttpClientDecorator.java:92)
	at com.netflix.discovery.shared.transport.decorator.RetryableEurekaHttpClient.execute(RetryableEurekaHttpClient.java:120)
	at com.netflix.discovery.shared.transport.decorator.EurekaHttpClientDecorator.sendHeartBeat(EurekaHttpClientDecorator.java:89)
	at com.netflix.discovery.shared.transport.decorator.EurekaHttpClientDecorator$3.execute(EurekaHttpClientDecorator.java:92)
	at com.netflix.discovery.shared.transport.decorator.SessionedEurekaHttpClient.execute(SessionedEurekaHttpClient.java:76)
	at com.netflix.discovery.shared.transport.decorator.EurekaHttpClientDecorator.sendHeartBeat(EurekaHttpClientDecorator.java:89)
	at com.netflix.discovery.DiscoveryClient.renew(DiscoveryClient.java:845)
	at com.netflix.discovery.DiscoveryClient$HeartbeatThread.run(DiscoveryClient.java:1402)
	at java.base/java.util.concurrent.Executors$RunnableAdapter.call(Executors.java:539)
	at java.base/java.util.concurrent.FutureTask.run(FutureTask.java:264)
	at java.base/java.util.concurrent.ThreadPoolExecutor.runWorker(ThreadPoolExecutor.java:1136)
	at java.base/java.util.concurrent.ThreadPoolExecutor$Worker.run(ThreadPoolExecutor.java:635)
	at java.base/java.lang.Thread.run(Thread.java:842)
Caused by: org.apache.hc.client5.http.HttpHostConnectException: Connect to http://localhost:8761 [localhost/127.0.0.1, localhost/0:0:0:0:0:0:0:1] failed: Connection refused: no further information
	at java.base/sun.nio.ch.Net.pollConnect(Native Method)
	at java.base/sun.nio.ch.Net.pollConnectNow(Net.java:672)
	at java.base/sun.nio.ch.NioSocketImpl.timedFinishConnect(NioSocketImpl.java:547)
	at java.base/sun.nio.ch.NioSocketImpl.connect(NioSocketImpl.java:602)
	at java.base/java.net.SocksSocketImpl.connect(SocksSocketImpl.java:327)
	at java.base/java.net.Socket.connect(Socket.java:633)
	at org.apache.hc.client5.http.socket.PlainConnectionSocketFactory.lambda$connectSocket$0(PlainConnectionSocketFactory.java:91)
	at java.base/java.security.AccessController.doPrivileged(AccessController.java:569)
	at org.apache.hc.client5.http.socket.PlainConnectionSocketFactory.connectSocket(PlainConnectionSocketFactory.java:90)
	at org.apache.hc.client5.http.socket.ConnectionSocketFactory.connectSocket(ConnectionSocketFactory.java:123)
	at org.apache.hc.client5.http.impl.io.DefaultHttpClientConnectionOperator.connect(DefaultHttpClientConnectionOperator.java:189)
	at org.apache.hc.client5.http.impl.io.PoolingHttpClientConnectionManager.connect(PoolingHttpClientConnectionManager.java:450)
	at org.apache.hc.client5.http.impl.classic.InternalExecRuntime.connectEndpoint(InternalExecRuntime.java:162)
	at org.apache.hc.client5.http.impl.classic.InternalExecRuntime.connectEndpoint(InternalExecRuntime.java:172)
	at org.apache.hc.client5.http.impl.classic.ConnectExec.execute(ConnectExec.java:142)
	at org.apache.hc.client5.http.impl.classic.ExecChainElement.execute(ExecChainElement.java:51)
	at org.apache.hc.client5.http.impl.classic.ProtocolExec.execute(ProtocolExec.java:192)
	at org.apache.hc.client5.http.impl.classic.ExecChainElement.execute(ExecChainElement.java:51)
	at org.apache.hc.client5.http.impl.classic.HttpRequestRetryExec.execute(HttpRequestRetryExec.java:113)
	at org.apache.hc.client5.http.impl.classic.ExecChainElement.execute(ExecChainElement.java:51)
	at org.apache.hc.client5.http.impl.classic.ContentCompressionExec.execute(ContentCompressionExec.java:152)
	at org.apache.hc.client5.http.impl.classic.ExecChainElement.execute(ExecChainElement.java:51)
	at org.apache.hc.client5.http.impl.classic.RedirectExec.execute(RedirectExec.java:116)
	at org.apache.hc.client5.http.impl.classic.ExecChainElement.execute(ExecChainElement.java:51)
	at org.apache.hc.client5.http.impl.classic.InternalHttpClient.doExecute(InternalHttpClient.java:170)
	at org.apache.hc.client5.http.impl.classic.CloseableHttpClient.execute(CloseableHttpClient.java:87)
	at org.apache.hc.client5.http.impl.classic.CloseableHttpClient.execute(CloseableHttpClient.java:55)
	at org.apache.hc.client5.http.classic.HttpClient.executeOpen(HttpClient.java:183)
	at org.springframework.http.client.HttpComponentsClientHttpRequest.executeInternal(HttpComponentsClientHttpRequest.java:99)
	at org.springframework.http.client.AbstractStreamingClientHttpRequest.executeInternal(AbstractStreamingClientHttpRequest.java:70)
	at org.springframework.http.client.AbstractClientHttpRequest.execute(AbstractClientHttpRequest.java:66)
	at org.springframework.http.client.InterceptingClientHttpRequest$InterceptingRequestExecution.execute(InterceptingClientHttpRequest.java:112)
	at org.springframework.cloud.netflix.eureka.http.RestTemplateTransportClientFactory.lambda$restTemplate$3(RestTemplateTransportClientFactory.java:170)
	at org.springframework.http.client.InterceptingClientHttpRequest$InterceptingRequestExecution.execute(InterceptingClientHttpRequest.java:88)
	at org.springframework.http.client.InterceptingClientHttpRequest.executeInternal(InterceptingClientHttpRequest.java:72)
	at org.springframework.http.client.AbstractBufferingClientHttpRequest.executeInternal(AbstractBufferingClientHttpRequest.java:48)
	at org.springframework.http.client.AbstractClientHttpRequest.execute(AbstractClientHttpRequest.java:66)
	at org.springframework.web.client.RestTemplate.doExecute(RestTemplate.java:889)
	... 20 more

2026-04-28T14:01:19.176+01:00  WARN 15528 --- [finance-service] [beatExecutor-%d] c.n.d.s.t.d.RetryableEurekaHttpClient    : Request execution failed with message: I/O error on PUT request for "http://localhost:8761/eureka/apps/FINANCE-SERVICE/finance-service:8090": Connect to http://localhost:8761 [localhost/127.0.0.1, localhost/0:0:0:0:0:0:0:1] failed: Connection refused: no further information
2026-04-28T14:01:19.176+01:00 ERROR 15528 --- [finance-service] [beatExecutor-%d] com.netflix.discovery.DiscoveryClient    : DiscoveryClient_FINANCE-SERVICE/finance-service:8090 - was unable to send heartbeat!

com.netflix.discovery.shared.transport.TransportException: Cannot execute request on any known server
	at com.netflix.discovery.shared.transport.decorator.RetryableEurekaHttpClient.execute(RetryableEurekaHttpClient.java:112) ~[eureka-client-2.0.4.jar:2.0.4]
	at com.netflix.discovery.shared.transport.decorator.EurekaHttpClientDecorator.sendHeartBeat(EurekaHttpClientDecorator.java:89) ~[eureka-client-2.0.4.jar:2.0.4]
	at com.netflix.discovery.shared.transport.decorator.EurekaHttpClientDecorator$3.execute(EurekaHttpClientDecorator.java:92) ~[eureka-client-2.0.4.jar:2.0.4]
	at com.netflix.discovery.shared.transport.decorator.SessionedEurekaHttpClient.execute(SessionedEurekaHttpClient.java:76) ~[eureka-client-2.0.4.jar:2.0.4]
	at com.netflix.discovery.shared.transport.decorator.EurekaHttpClientDecorator.sendHeartBeat(EurekaHttpClientDecorator.java:89) ~[eureka-client-2.0.4.jar:2.0.4]
	at com.netflix.discovery.DiscoveryClient.renew(DiscoveryClient.java:845) ~[eureka-client-2.0.4.jar:2.0.4]
	at com.netflix.discovery.DiscoveryClient$HeartbeatThread.run(DiscoveryClient.java:1402) ~[eureka-client-2.0.4.jar:2.0.4]
	at java.base/java.util.concurrent.Executors$RunnableAdapter.call(Executors.java:539) ~[na:na]
	at java.base/java.util.concurrent.FutureTask.run(FutureTask.java:264) ~[na:na]
	at java.base/java.util.concurrent.ThreadPoolExecutor.runWorker(ThreadPoolExecutor.java:1136) ~[na:na]
	at java.base/java.util.concurrent.ThreadPoolExecutor$Worker.run(ThreadPoolExecutor.java:635) ~[na:na]
	at java.base/java.lang.Thread.run(Thread.java:842) ~[na:na]

2026-04-28T14:01:19.240+01:00 DEBUG 15528 --- [finance-service] [reshExecutor-%d] o.s.web.client.RestTemplate              : HTTP GET http://localhost:8761/eureka/apps/delta
2026-04-28T14:01:19.241+01:00 DEBUG 15528 --- [finance-service] [reshExecutor-%d] o.s.web.client.RestTemplate              : Accept=[application/json, application/*+json]
2026-04-28T14:01:19.242+01:00  INFO 15528 --- [finance-service] [reshExecutor-%d] c.n.d.s.t.d.RedirectingEurekaHttpClient  : Request execution error. endpoint=DefaultEndpoint{ serviceUrl='http://localhost:8761/eureka/} exception=I/O error on GET request for "http://localhost:8761/eureka/apps/delta": Connect to http://localhost:8761 [localhost/127.0.0.1, localhost/0:0:0:0:0:0:0:1] failed: Connection refused: no further information stacktrace=org.springframework.web.client.ResourceAccessException: I/O error on GET request for "http://localhost:8761/eureka/apps/delta": Connect to http://localhost:8761 [localhost/127.0.0.1, localhost/0:0:0:0:0:0:0:1] failed: Connection refused: no further information
	at org.springframework.web.client.RestTemplate.createResourceAccessException(RestTemplate.java:915)
	at org.springframework.web.client.RestTemplate.doExecute(RestTemplate.java:895)
	at org.springframework.web.client.RestTemplate.execute(RestTemplate.java:830)
	at org.springframework.web.client.RestTemplate.exchange(RestTemplate.java:691)
	at org.springframework.cloud.netflix.eureka.http.RestTemplateEurekaHttpClient.getApplicationsInternal(RestTemplateEurekaHttpClient.java:170)
	at org.springframework.cloud.netflix.eureka.http.RestTemplateEurekaHttpClient.getDelta(RestTemplateEurekaHttpClient.java:182)
	at com.netflix.discovery.shared.transport.decorator.EurekaHttpClientDecorator$7.execute(EurekaHttpClientDecorator.java:152)
	at com.netflix.discovery.shared.transport.decorator.RedirectingEurekaHttpClient.execute(RedirectingEurekaHttpClient.java:91)
	at com.netflix.discovery.shared.transport.decorator.EurekaHttpClientDecorator.getDelta(EurekaHttpClientDecorator.java:149)
	at com.netflix.discovery.shared.transport.decorator.EurekaHttpClientDecorator$7.execute(EurekaHttpClientDecorator.java:152)
	at com.netflix.discovery.shared.transport.decorator.RetryableEurekaHttpClient.execute(RetryableEurekaHttpClient.java:120)
	at com.netflix.discovery.shared.transport.decorator.EurekaHttpClientDecorator.getDelta(EurekaHttpClientDecorator.java:149)
	at com.netflix.discovery.shared.transport.decorator.EurekaHttpClientDecorator$7.execute(EurekaHttpClientDecorator.java:152)
	at com.netflix.discovery.shared.transport.decorator.SessionedEurekaHttpClient.execute(SessionedEurekaHttpClient.java:76)
	at com.netflix.discovery.shared.transport.decorator.EurekaHttpClientDecorator.getDelta(EurekaHttpClientDecorator.java:149)
	at com.netflix.discovery.DiscoveryClient.getAndUpdateDelta(DiscoveryClient.java:1080)
	at com.netflix.discovery.DiscoveryClient.fetchRegistry(DiscoveryClient.java:963)
	at com.netflix.discovery.DiscoveryClient.refreshRegistry(DiscoveryClient.java:1473)
	at com.netflix.discovery.DiscoveryClient$CacheRefreshThread.run(DiscoveryClient.java:1441)
	at java.base/java.util.concurrent.Executors$RunnableAdapter.call(Executors.java:539)
	at java.base/java.util.concurrent.FutureTask.run(FutureTask.java:264)
	at java.base/java.util.concurrent.ThreadPoolExecutor.runWorker(ThreadPoolExecutor.java:1136)
	at java.base/java.util.concurrent.ThreadPoolExecutor$Worker.run(ThreadPoolExecutor.java:635)
	at java.base/java.lang.Thread.run(Thread.java:842)
Caused by: org.apache.hc.client5.http.HttpHostConnectException: Connect to http://localhost:8761 [localhost/127.0.0.1, localhost/0:0:0:0:0:0:0:1] failed: Connection refused: no further information
	at java.base/sun.nio.ch.Net.pollConnect(Native Method)
	at java.base/sun.nio.ch.Net.pollConnectNow(Net.java:672)
	at java.base/sun.nio.ch.NioSocketImpl.timedFinishConnect(NioSocketImpl.java:547)
	at java.base/sun.nio.ch.NioSocketImpl.connect(NioSocketImpl.java:602)
	at java.base/java.net.SocksSocketImpl.connect(SocksSocketImpl.java:327)
	at java.base/java.net.Socket.connect(Socket.java:633)
	at org.apache.hc.client5.http.socket.PlainConnectionSocketFactory.lambda$connectSocket$0(PlainConnectionSocketFactory.java:91)
	at java.base/java.security.AccessController.doPrivileged(AccessController.java:569)
	at org.apache.hc.client5.http.socket.PlainConnectionSocketFactory.connectSocket(PlainConnectionSocketFactory.java:90)
	at org.apache.hc.client5.http.socket.ConnectionSocketFactory.connectSocket(ConnectionSocketFactory.java:123)
	at org.apache.hc.client5.http.impl.io.DefaultHttpClientConnectionOperator.connect(DefaultHttpClientConnectionOperator.java:189)
	at org.apache.hc.client5.http.impl.io.PoolingHttpClientConnectionManager.connect(PoolingHttpClientConnectionManager.java:450)
	at org.apache.hc.client5.http.impl.classic.InternalExecRuntime.connectEndpoint(InternalExecRuntime.java:162)
	at org.apache.hc.client5.http.impl.classic.InternalExecRuntime.connectEndpoint(InternalExecRuntime.java:172)
	at org.apache.hc.client5.http.impl.classic.ConnectExec.execute(ConnectExec.java:142)
	at org.apache.hc.client5.http.impl.classic.ExecChainElement.execute(ExecChainElement.java:51)
	at org.apache.hc.client5.http.impl.classic.ProtocolExec.execute(ProtocolExec.java:192)
	at org.apache.hc.client5.http.impl.classic.ExecChainElement.execute(ExecChainElement.java:51)
	at org.apache.hc.client5.http.impl.classic.HttpRequestRetryExec.execute(HttpRequestRetryExec.java:113)
	at org.apache.hc.client5.http.impl.classic.ExecChainElement.execute(ExecChainElement.java:51)
	at org.apache.hc.client5.http.impl.classic.ContentCompressionExec.execute(ContentCompressionExec.java:152)
	at org.apache.hc.client5.http.impl.classic.ExecChainElement.execute(ExecChainElement.java:51)
	at org.apache.hc.client5.http.impl.classic.RedirectExec.execute(RedirectExec.java:116)
	at org.apache.hc.client5.http.impl.classic.ExecChainElement.execute(ExecChainElement.java:51)
	at org.apache.hc.client5.http.impl.classic.InternalHttpClient.doExecute(InternalHttpClient.java:170)
	at org.apache.hc.client5.http.impl.classic.CloseableHttpClient.execute(CloseableHttpClient.java:87)
	at org.apache.hc.client5.http.impl.classic.CloseableHttpClient.execute(CloseableHttpClient.java:55)
	at org.apache.hc.client5.http.classic.HttpClient.executeOpen(HttpClient.java:183)
	at org.springframework.http.client.HttpComponentsClientHttpRequest.executeInternal(HttpComponentsClientHttpRequest.java:99)
	at org.springframework.http.client.AbstractStreamingClientHttpRequest.executeInternal(AbstractStreamingClientHttpRequest.java:70)
	at org.springframework.http.client.AbstractClientHttpRequest.execute(AbstractClientHttpRequest.java:66)
	at org.springframework.http.client.InterceptingClientHttpRequest$InterceptingRequestExecution.execute(InterceptingClientHttpRequest.java:112)
	at org.springframework.cloud.netflix.eureka.http.RestTemplateTransportClientFactory.lambda$restTemplate$3(RestTemplateTransportClientFactory.java:170)
	at org.springframework.http.client.InterceptingClientHttpRequest$InterceptingRequestExecution.execute(InterceptingClientHttpRequest.java:88)
	at org.springframework.http.client.InterceptingClientHttpRequest.executeInternal(InterceptingClientHttpRequest.java:72)
	at org.springframework.http.client.AbstractBufferingClientHttpRequest.executeInternal(AbstractBufferingClientHttpRequest.java:48)
	at org.springframework.http.client.AbstractClientHttpRequest.execute(AbstractClientHttpRequest.java:66)
	at org.springframework.web.client.RestTemplate.doExecute(RestTemplate.java:889)
	... 22 more

2026-04-28T14:01:19.242+01:00  WARN 15528 --- [finance-service] [reshExecutor-%d] c.n.d.s.t.d.RetryableEurekaHttpClient    : Request execution failed with message: I/O error on GET request for "http://localhost:8761/eureka/apps/delta": Connect to http://localhost:8761 [localhost/127.0.0.1, localhost/0:0:0:0:0:0:0:1] failed: Connection refused: no further information
2026-04-28T14:01:19.244+01:00 DEBUG 15528 --- [finance-service] [reshExecutor-%d] o.s.web.client.RestTemplate              : HTTP GET http://localhost:8761/eureka/apps/delta
2026-04-28T14:01:19.248+01:00 DEBUG 15528 --- [finance-service] [reshExecutor-%d] o.s.web.client.RestTemplate              : Accept=[application/json, application/*+json]
2026-04-28T14:01:19.272+01:00  INFO 15528 --- [finance-service] [reshExecutor-%d] c.n.d.s.t.d.RedirectingEurekaHttpClient  : Request execution error. endpoint=DefaultEndpoint{ serviceUrl='http://localhost:8761/eureka/}, exception=I/O error on GET request for "http://localhost:8761/eureka/apps/delta": Connect to http://localhost:8761 [localhost/127.0.0.1, localhost/0:0:0:0:0:0:0:1] failed: Connection refused: no further information stacktrace=org.springframework.web.client.ResourceAccessException: I/O error on GET request for "http://localhost:8761/eureka/apps/delta": Connect to http://localhost:8761 [localhost/127.0.0.1, localhost/0:0:0:0:0:0:0:1] failed: Connection refused: no further information
	at org.springframework.web.client.RestTemplate.createResourceAccessException(RestTemplate.java:915)
	at org.springframework.web.client.RestTemplate.doExecute(RestTemplate.java:895)
	at org.springframework.web.client.RestTemplate.execute(RestTemplate.java:830)
	at org.springframework.web.client.RestTemplate.exchange(RestTemplate.java:691)
	at org.springframework.cloud.netflix.eureka.http.RestTemplateEurekaHttpClient.getApplicationsInternal(RestTemplateEurekaHttpClient.java:170)
	at org.springframework.cloud.netflix.eureka.http.RestTemplateEurekaHttpClient.getDelta(RestTemplateEurekaHttpClient.java:182)
	at com.netflix.discovery.shared.transport.decorator.EurekaHttpClientDecorator$7.execute(EurekaHttpClientDecorator.java:152)
	at com.netflix.discovery.shared.transport.decorator.RedirectingEurekaHttpClient.executeOnNewServer(RedirectingEurekaHttpClient.java:121)
	at com.netflix.discovery.shared.transport.decorator.RedirectingEurekaHttpClient.execute(RedirectingEurekaHttpClient.java:80)
	at com.netflix.discovery.shared.transport.decorator.EurekaHttpClientDecorator.getDelta(EurekaHttpClientDecorator.java:149)
	at com.netflix.discovery.shared.transport.decorator.EurekaHttpClientDecorator$7.execute(EurekaHttpClientDecorator.java:152)
	at com.netflix.discovery.shared.transport.decorator.RetryableEurekaHttpClient.execute(RetryableEurekaHttpClient.java:120)
	at com.netflix.discovery.shared.transport.decorator.EurekaHttpClientDecorator.getDelta(EurekaHttpClientDecorator.java:149)
	at com.netflix.discovery.shared.transport.decorator.EurekaHttpClientDecorator$7.execute(EurekaHttpClientDecorator.java:152)
	at com.netflix.discovery.shared.transport.decorator.SessionedEurekaHttpClient.execute(SessionedEurekaHttpClient.java:76)
	at com.netflix.discovery.shared.transport.decorator.EurekaHttpClientDecorator.getDelta(EurekaHttpClientDecorator.java:149)
	at com.netflix.discovery.DiscoveryClient.getAndUpdateDelta(DiscoveryClient.java:1080)
	at com.netflix.discovery.DiscoveryClient.fetchRegistry(DiscoveryClient.java:963)
	at com.netflix.discovery.DiscoveryClient.refreshRegistry(DiscoveryClient.java:1473)
	at com.netflix.discovery.DiscoveryClient$CacheRefreshThread.run(DiscoveryClient.java:1441)
	at java.base/java.util.concurrent.Executors$RunnableAdapter.call(Executors.java:539)
	at java.base/java.util.concurrent.FutureTask.run(FutureTask.java:264)
	at java.base/java.util.concurrent.ThreadPoolExecutor.runWorker(ThreadPoolExecutor.java:1136)
	at java.base/java.util.concurrent.ThreadPoolExecutor$Worker.run(ThreadPoolExecutor.java:635)
	at java.base/java.lang.Thread.run(Thread.java:842)
Caused by: org.apache.hc.client5.http.HttpHostConnectException: Connect to http://localhost:8761 [localhost/127.0.0.1, localhost/0:0:0:0:0:0:0:1] failed: Connection refused: no further information
	at java.base/sun.nio.ch.Net.pollConnect(Native Method)
	at java.base/sun.nio.ch.Net.pollConnectNow(Net.java:672)
	at java.base/sun.nio.ch.NioSocketImpl.timedFinishConnect(NioSocketImpl.java:547)
	at java.base/sun.nio.ch.NioSocketImpl.connect(NioSocketImpl.java:602)
	at java.base/java.net.SocksSocketImpl.connect(SocksSocketImpl.java:327)
	at java.base/java.net.Socket.connect(Socket.java:633)
	at org.apache.hc.client5.http.socket.PlainConnectionSocketFactory.lambda$connectSocket$0(PlainConnectionSocketFactory.java:91)
	at java.base/java.security.AccessController.doPrivileged(AccessController.java:569)
	at org.apache.hc.client5.http.socket.PlainConnectionSocketFactory.connectSocket(PlainConnectionSocketFactory.java:90)
	at org.apache.hc.client5.http.socket.ConnectionSocketFactory.connectSocket(ConnectionSocketFactory.java:123)
	at org.apache.hc.client5.http.impl.io.DefaultHttpClientConnectionOperator.connect(DefaultHttpClientConnectionOperator.java:189)
	at org.apache.hc.client5.http.impl.io.PoolingHttpClientConnectionManager.connect(PoolingHttpClientConnectionManager.java:450)
	at org.apache.hc.client5.http.impl.classic.InternalExecRuntime.connectEndpoint(InternalExecRuntime.java:162)
	at org.apache.hc.client5.http.impl.classic.InternalExecRuntime.connectEndpoint(InternalExecRuntime.java:172)
	at org.apache.hc.client5.http.impl.classic.ConnectExec.execute(ConnectExec.java:142)
	at org.apache.hc.client5.http.impl.classic.ExecChainElement.execute(ExecChainElement.java:51)
	at org.apache.hc.client5.http.impl.classic.ProtocolExec.execute(ProtocolExec.java:192)
	at org.apache.hc.client5.http.impl.classic.ExecChainElement.execute(ExecChainElement.java:51)
	at org.apache.hc.client5.http.impl.classic.HttpRequestRetryExec.execute(HttpRequestRetryExec.java:113)
	at org.apache.hc.client5.http.impl.classic.ExecChainElement.execute(ExecChainElement.java:51)
	at org.apache.hc.client5.http.impl.classic.ContentCompressionExec.execute(ContentCompressionExec.java:152)
	at org.apache.hc.client5.http.impl.classic.ExecChainElement.execute(ExecChainElement.java:51)
	at org.apache.hc.client5.http.impl.classic.RedirectExec.execute(RedirectExec.java:116)
	at org.apache.hc.client5.http.impl.classic.ExecChainElement.execute(ExecChainElement.java:51)
	at org.apache.hc.client5.http.impl.classic.InternalHttpClient.doExecute(InternalHttpClient.java:170)
	at org.apache.hc.client5.http.impl.classic.CloseableHttpClient.execute(CloseableHttpClient.java:87)
	at org.apache.hc.client5.http.impl.classic.CloseableHttpClient.execute(CloseableHttpClient.java:55)
	at org.apache.hc.client5.http.classic.HttpClient.executeOpen(HttpClient.java:183)
	at org.springframework.http.client.HttpComponentsClientHttpRequest.executeInternal(HttpComponentsClientHttpRequest.java:99)
	at org.springframework.http.client.AbstractStreamingClientHttpRequest.executeInternal(AbstractStreamingClientHttpRequest.java:70)
	at org.springframework.http.client.AbstractClientHttpRequest.execute(AbstractClientHttpRequest.java:66)
	at org.springframework.http.client.InterceptingClientHttpRequest$InterceptingRequestExecution.execute(InterceptingClientHttpRequest.java:112)
	at org.springframework.cloud.netflix.eureka.http.RestTemplateTransportClientFactory.lambda$restTemplate$3(RestTemplateTransportClientFactory.java:170)
	at org.springframework.http.client.InterceptingClientHttpRequest$InterceptingRequestExecution.execute(InterceptingClientHttpRequest.java:88)
	at org.springframework.http.client.InterceptingClientHttpRequest.executeInternal(InterceptingClientHttpRequest.java:72)
	at org.springframework.http.client.AbstractBufferingClientHttpRequest.executeInternal(AbstractBufferingClientHttpRequest.java:48)
	at org.springframework.http.client.AbstractClientHttpRequest.execute(AbstractClientHttpRequest.java:66)
	at org.springframework.web.client.RestTemplate.doExecute(RestTemplate.java:889)
	... 23 more

2026-04-28T14:01:19.273+01:00  WARN 15528 --- [finance-service] [reshExecutor-%d] c.n.d.s.t.d.RetryableEurekaHttpClient    : Request execution failed with message: I/O error on GET request for "http://localhost:8761/eureka/apps/delta": Connect to http://localhost:8761 [localhost/127.0.0.1, localhost/0:0:0:0:0:0:0:1] failed: Connection refused: no further information
2026-04-28T14:01:19.273+01:00  INFO 15528 --- [finance-service] [reshExecutor-%d] com.netflix.discovery.DiscoveryClient    : DiscoveryClient_FINANCE-SERVICE/finance-service:8090 - was unable to refresh its cache! This periodic background refresh will be retried in 30 seconds. status = Cannot execute request on any known server stacktrace = com.netflix.discovery.shared.transport.TransportException: Cannot execute request on any known server
	at com.netflix.discovery.shared.transport.decorator.RetryableEurekaHttpClient.execute(RetryableEurekaHttpClient.java:112)
	at com.netflix.discovery.shared.transport.decorator.EurekaHttpClientDecorator.getDelta(EurekaHttpClientDecorator.java:149)
	at com.netflix.discovery.shared.transport.decorator.EurekaHttpClientDecorator$7.execute(EurekaHttpClientDecorator.java:152)
	at com.netflix.discovery.shared.transport.decorator.SessionedEurekaHttpClient.execute(SessionedEurekaHttpClient.java:76)
	at com.netflix.discovery.shared.transport.decorator.EurekaHttpClientDecorator.getDelta(EurekaHttpClientDecorator.java:149)
	at com.netflix.discovery.DiscoveryClient.getAndUpdateDelta(DiscoveryClient.java:1080)
	at com.netflix.discovery.DiscoveryClient.fetchRegistry(DiscoveryClient.java:963)
	at com.netflix.discovery.DiscoveryClient.refreshRegistry(DiscoveryClient.java:1473)
	at com.netflix.discovery.DiscoveryClient$CacheRefreshThread.run(DiscoveryClient.java:1441)
	at java.base/java.util.concurrent.Executors$RunnableAdapter.call(Executors.java:539)
	at java.base/java.util.concurrent.FutureTask.run(FutureTask.java:264)
	at java.base/java.util.concurrent.ThreadPoolExecutor.runWorker(ThreadPoolExecutor.java:1136)
	at java.base/java.util.concurrent.ThreadPoolExecutor$Worker.run(ThreadPoolExecutor.java:635)
	at java.base/java.lang.Thread.run(Thread.java:842)

2026-04-28T14:01:44.542+01:00 DEBUG 15528 --- [finance-service] [nio-8090-exec-7] o.s.web.servlet.DispatcherServlet        : POST "/api/finance/projects/sync", parameters={}
2026-04-28T14:01:44.542+01:00 DEBUG 15528 --- [finance-service] [nio-8090-exec-7] s.w.s.m.m.a.RequestMappingHandlerMapping : Mapped to org.example.plansync.controller.ProjectController#syncProject(ProjectDTO)
2026-04-28T14:01:44.550+01:00 DEBUG 15528 --- [finance-service] [nio-8090-exec-7] m.m.a.RequestResponseBodyMethodProcessor : Read "application/json;charset=UTF-8" to [ProjectDTO[id=1, name=PROJET TEST, description=aa, status=PLANNED, createdDate=2026-04-28T01:33:59,  (truncated)...]
2026-04-28T14:01:44.569+01:00 DEBUG 15528 --- [finance-service] [nio-8090-exec-7] org.hibernate.SQL                        : select p1_0.id,p1_0.created_at,p1_0.description,p1_0.name,p1_0.owner_id,p1_0.owner_name,p1_0.status from projects p1_0 where p1_0.id=?
Hibernate: select p1_0.id,p1_0.created_at,p1_0.description,p1_0.name,p1_0.owner_id,p1_0.owner_name,p1_0.status from projects p1_0 where p1_0.id=?
2026-04-28T14:01:44.581+01:00 DEBUG 15528 --- [finance-service] [nio-8090-exec-7] org.hibernate.SQL                        : select p1_0.id,p1_0.created_at,p1_0.description,fr1_0.id,fr1_0.generated_at,fr1_0.project_id,fr1_0.summary,fr1_0.total_budget,fr1_0.total_expenses,fr1_0.variance,p1_0.name,p1_0.owner_id,p1_0.owner_name,p1_0.status,b1_0.project_id,b1_0.id,b1_0.allocated_amount,b1_0.created_by,b1_0.description,b1_0.end_date,b1_0.name,b1_0.planned_amount,b1_0.start_date from projects p1_0 left join financial_reports fr1_0 on p1_0.id=fr1_0.project_id left join budgets b1_0 on p1_0.id=b1_0.project_id where p1_0.id=?
Hibernate: select p1_0.id,p1_0.created_at,p1_0.description,fr1_0.id,fr1_0.generated_at,fr1_0.project_id,fr1_0.summary,fr1_0.total_budget,fr1_0.total_expenses,fr1_0.variance,p1_0.name,p1_0.owner_id,p1_0.owner_name,p1_0.status,b1_0.project_id,b1_0.id,b1_0.allocated_amount,b1_0.created_by,b1_0.description,b1_0.end_date,b1_0.name,b1_0.planned_amount,b1_0.start_date from projects p1_0 left join financial_reports fr1_0 on p1_0.id=fr1_0.project_id left join budgets b1_0 on p1_0.id=b1_0.project_id where p1_0.id=?
2026-04-28T14:01:44.596+01:00 DEBUG 15528 --- [finance-service] [nio-8090-exec-7] org.hibernate.SQL                        : insert into projects (created_at,description,name,owner_id,owner_name,status,id) values (?,?,?,?,?,?,default)
Hibernate: insert into projects (created_at,description,name,owner_id,owner_name,status,id) values (?,?,?,?,?,?,default)
2026-04-28T14:01:44.625+01:00 DEBUG 15528 --- [finance-service] [nio-8090-exec-7] m.m.a.RequestResponseBodyMethodProcessor : Using 'application/json', given [*/*] and supported [application/json, application/*+json]
2026-04-28T14:01:44.628+01:00 DEBUG 15528 --- [finance-service] [nio-8090-exec-7] m.m.a.RequestResponseBodyMethodProcessor : Writing [ProjectResponse[id=1, name=PROJET TEST, description=aa, status=PLANNED, createdAt=2026-04-28T01:33:5 (truncated)...]
2026-04-28T14:01:44.631+01:00 DEBUG 15528 --- [finance-service] [nio-8090-exec-7] o.s.web.servlet.DispatcherServlet        : Completed 200 OK
2026-04-28T14:01:44.642+01:00 DEBUG 15528 --- [finance-service] [nio-8090-exec-8] o.s.web.servlet.DispatcherServlet        : POST "/api/finance/projects/sync", parameters={}
2026-04-28T14:01:44.642+01:00 DEBUG 15528 --- [finance-service] [nio-8090-exec-8] s.w.s.m.m.a.RequestMappingHandlerMapping : Mapped to org.example.plansync.controller.ProjectController#syncProject(ProjectDTO)
2026-04-28T14:01:44.644+01:00 DEBUG 15528 --- [finance-service] [nio-8090-exec-8] m.m.a.RequestResponseBodyMethodProcessor : Read "application/json;charset=UTF-8" to [ProjectDTO[id=2, name=PROJET TEST&, description=AA, status=PLANNED, createdDate=2026-04-28T01:45:25, (truncated)...]
2026-04-28T14:01:44.645+01:00 DEBUG 15528 --- [finance-service] [nio-8090-exec-8] org.hibernate.SQL                        : select p1_0.id,p1_0.created_at,p1_0.description,p1_0.name,p1_0.owner_id,p1_0.owner_name,p1_0.status from projects p1_0 where p1_0.id=?
Hibernate: select p1_0.id,p1_0.created_at,p1_0.description,p1_0.name,p1_0.owner_id,p1_0.owner_name,p1_0.status from projects p1_0 where p1_0.id=?
2026-04-28T14:01:44.646+01:00 DEBUG 15528 --- [finance-service] [nio-8090-exec-8] org.hibernate.SQL                        : select p1_0.id,p1_0.created_at,p1_0.description,fr1_0.id,fr1_0.generated_at,fr1_0.project_id,fr1_0.summary,fr1_0.total_budget,fr1_0.total_expenses,fr1_0.variance,p1_0.name,p1_0.owner_id,p1_0.owner_name,p1_0.status,b1_0.project_id,b1_0.id,b1_0.allocated_amount,b1_0.created_by,b1_0.description,b1_0.end_date,b1_0.name,b1_0.planned_amount,b1_0.start_date from projects p1_0 left join financial_reports fr1_0 on p1_0.id=fr1_0.project_id left join budgets b1_0 on p1_0.id=b1_0.project_id where p1_0.id=?
Hibernate: select p1_0.id,p1_0.created_at,p1_0.description,fr1_0.id,fr1_0.generated_at,fr1_0.project_id,fr1_0.summary,fr1_0.total_budget,fr1_0.total_expenses,fr1_0.variance,p1_0.name,p1_0.owner_id,p1_0.owner_name,p1_0.status,b1_0.project_id,b1_0.id,b1_0.allocated_amount,b1_0.created_by,b1_0.description,b1_0.end_date,b1_0.name,b1_0.planned_amount,b1_0.start_date from projects p1_0 left join financial_reports fr1_0 on p1_0.id=fr1_0.project_id left join budgets b1_0 on p1_0.id=b1_0.project_id where p1_0.id=?
2026-04-28T14:01:44.646+01:00 DEBUG 15528 --- [finance-service] [nio-8090-exec-8] org.hibernate.SQL                        : insert into projects (created_at,description,name,owner_id,owner_name,status,id) values (?,?,?,?,?,?,default)
Hibernate: insert into projects (created_at,description,name,owner_id,owner_name,status,id) values (?,?,?,?,?,?,default)
2026-04-28T14:01:44.647+01:00 DEBUG 15528 --- [finance-service] [nio-8090-exec-8] m.m.a.RequestResponseBodyMethodProcessor : Using 'application/json', given [*/*] and supported [application/json, application/*+json]
2026-04-28T14:01:44.648+01:00 DEBUG 15528 --- [finance-service] [nio-8090-exec-8] m.m.a.RequestResponseBodyMethodProcessor : Writing [ProjectResponse[id=2, name=PROJET TEST&, description=AA, status=PLANNED, createdAt=2026-04-28T01:45: (truncated)...]
2026-04-28T14:01:44.648+01:00 DEBUG 15528 --- [finance-service] [nio-8090-exec-8] o.s.web.servlet.DispatcherServlet        : Completed 200 OK
2026-04-28T14:01:49.197+01:00 DEBUG 15528 --- [finance-service] [beatExecutor-%d] o.s.web.client.RestTemplate              : HTTP PUT http://localhost:8761/eureka/apps/FINANCE-SERVICE/finance-service:8090?status=UP&lastDirtyTimestamp=1777378816411
2026-04-28T14:01:49.199+01:00 DEBUG 15528 --- [finance-service] [beatExecutor-%d] o.s.web.client.RestTemplate              : Accept=[application/json, application/*+json]
2026-04-28T14:01:49.205+01:00 DEBUG 15528 --- [finance-service] [beatExecutor-%d] o.s.web.client.RestTemplate              : Response 404 NOT_FOUND
2026-04-28T14:01:49.206+01:00  INFO 15528 --- [finance-service] [beatExecutor-%d] com.netflix.discovery.DiscoveryClient    : DiscoveryClient_FINANCE-SERVICE/finance-service:8090 - Re-registering apps/FINANCE-SERVICE
2026-04-28T14:01:49.206+01:00  INFO 15528 --- [finance-service] [beatExecutor-%d] com.netflix.discovery.DiscoveryClient    : DiscoveryClient_FINANCE-SERVICE/finance-service:8090: registering service...
2026-04-28T14:01:49.206+01:00 DEBUG 15528 --- [finance-service] [beatExecutor-%d] o.s.web.client.RestTemplate              : HTTP POST http://localhost:8761/eureka/apps/FINANCE-SERVICE
2026-04-28T14:01:49.206+01:00 DEBUG 15528 --- [finance-service] [beatExecutor-%d] o.s.web.client.RestTemplate              : Accept=[application/json, application/*+json]
2026-04-28T14:01:49.207+01:00 DEBUG 15528 --- [finance-service] [beatExecutor-%d] o.s.web.client.RestTemplate              : Writing [InstanceInfo [instanceId = finance-service:8090, appName = FINANCE-SERVICE, hostName = localhost, status = UP, ipAddr = 172.20.10.2, port = 8090, securePort = 443, dataCenterInfo = com.netflix.appinfo.MyDataCenterInfo@3c81a51a] as "application/json"
2026-04-28T14:01:49.211+01:00 DEBUG 15528 --- [finance-service] [beatExecutor-%d] o.s.web.client.RestTemplate              : Response 204 NO_CONTENT
2026-04-28T14:01:49.211+01:00  INFO 15528 --- [finance-service] [beatExecutor-%d] com.netflix.discovery.DiscoveryClient    : DiscoveryClient_FINANCE-SERVICE/finance-service:8090 - registration status: 204
2026-04-28T14:01:49.291+01:00 DEBUG 15528 --- [finance-service] [reshExecutor-%d] o.s.web.client.RestTemplate              : HTTP GET http://localhost:8761/eureka/apps/delta
2026-04-28T14:01:49.293+01:00 DEBUG 15528 --- [finance-service] [reshExecutor-%d] o.s.web.client.RestTemplate              : Accept=[application/json, application/*+json]
2026-04-28T14:01:49.296+01:00 DEBUG 15528 --- [finance-service] [reshExecutor-%d] o.s.web.client.RestTemplate              : Response 200 OK
2026-04-28T14:01:49.296+01:00 DEBUG 15528 --- [finance-service] [reshExecutor-%d] o.s.web.client.RestTemplate              : Reading to [org.springframework.cloud.netflix.eureka.http.EurekaApplications]
2026-04-28T14:01:49.298+01:00 DEBUG 15528 --- [finance-service] [reshExecutor-%d] o.s.web.client.RestTemplate              : HTTP GET http://localhost:8761/eureka/apps/
2026-04-28T14:01:49.298+01:00 DEBUG 15528 --- [finance-service] [reshExecutor-%d] o.s.web.client.RestTemplate              : Accept=[application/json, application/*+json]
2026-04-28T14:01:49.300+01:00 DEBUG 15528 --- [finance-service] [reshExecutor-%d] o.s.web.client.RestTemplate              : Response 200 OK
2026-04-28T14:01:49.300+01:00 DEBUG 15528 --- [finance-service] [reshExecutor-%d] o.s.web.client.RestTemplate              : Reading to [org.springframework.cloud.netflix.eureka.http.EurekaApplications]
2026-04-28T14:02:19.227+01:00 DEBUG 15528 --- [finance-service] [beatExecutor-%d] o.s.web.client.RestTemplate              : HTTP PUT http://localhost:8761/eureka/apps/FINANCE-SERVICE/finance-service:8090?status=UP&lastDirtyTimestamp=1777381309206
2026-04-28T14:02:19.231+01:00 DEBUG 15528 --- [finance-service] [beatExecutor-%d] o.s.web.client.RestTemplate              : Accept=[application/json, application/*+json]
2026-04-28T14:02:19.246+01:00 DEBUG 15528 --- [finance-service] [beatExecutor-%d] o.s.web.client.RestTemplate              : Response 200 OK
2026-04-28T14:02:19.304+01:00 DEBUG 15528 --- [finance-service] [reshExecutor-%d] o.s.web.client.RestTemplate              : HTTP GET http://localhost:8761/eureka/apps/delta
2026-04-28T14:02:19.305+01:00 DEBUG 15528 --- [finance-service] [reshExecutor-%d] o.s.web.client.RestTemplate              : Accept=[application/json, application/*+json]
2026-04-28T14:02:19.328+01:00 DEBUG 15528 --- [finance-service] [reshExecutor-%d] o.s.web.client.RestTemplate              : Response 200 OK
2026-04-28T14:02:19.330+01:00 DEBUG 15528 --- [finance-service] [reshExecutor-%d] o.s.web.client.RestTemplate              : Reading to [org.springframework.cloud.netflix.eureka.http.EurekaApplications]
2026-04-28T14:02:49.268+01:00 DEBUG 15528 --- [finance-service] [beatExecutor-%d] o.s.web.client.RestTemplate              : HTTP PUT http://localhost:8761/eureka/apps/FINANCE-SERVICE/finance-service:8090?status=UP&lastDirtyTimestamp=1777381309206
2026-04-28T14:02:49.280+01:00 DEBUG 15528 --- [finance-service] [beatExecutor-%d] o.s.web.client.RestTemplate              : Accept=[application/json, application/*+json]
2026-04-28T14:02:49.288+01:00 DEBUG 15528 --- [finance-service] [beatExecutor-%d] o.s.web.client.RestTemplate              : Response 200 OK
2026-04-28T14:02:49.336+01:00 DEBUG 15528 --- [finance-service] [reshExecutor-%d] o.s.web.client.RestTemplate              : HTTP GET http://localhost:8761/eureka/apps/delta
2026-04-28T14:02:49.337+01:00 DEBUG 15528 --- [finance-service] [reshExecutor-%d] o.s.web.client.RestTemplate              : Accept=[application/json, application/*+json]
2026-04-28T14:02:49.361+01:00 DEBUG 15528 --- [finance-service] [reshExecutor-%d] o.s.web.client.RestTemplate              : Response 200 OK
2026-04-28T14:02:49.362+01:00 DEBUG 15528 --- [finance-service] [reshExecutor-%d] o.s.web.client.RestTemplate              : Reading to [org.springframework.cloud.netflix.eureka.http.EurekaApplications]
2026-04-28T14:03:19.302+01:00 DEBUG 15528 --- [finance-service] [beatExecutor-%d] o.s.web.client.RestTemplate              : HTTP PUT http://localhost:8761/eureka/apps/FINANCE-SERVICE/finance-service:8090?status=UP&lastDirtyTimestamp=1777381309206
2026-04-28T14:03:19.305+01:00 DEBUG 15528 --- [finance-service] [beatExecutor-%d] o.s.web.client.RestTemplate              : Accept=[application/json, application/*+json]
2026-04-28T14:03:19.321+01:00 DEBUG 15528 --- [finance-service] [beatExecutor-%d] o.s.web.client.RestTemplate              : Response 200 OK
2026-04-28T14:03:19.380+01:00 DEBUG 15528 --- [finance-service] [reshExecutor-%d] o.s.web.client.RestTemplate              : HTTP GET http://localhost:8761/eureka/apps/delta
2026-04-28T14:03:19.382+01:00 DEBUG 15528 --- [finance-service] [reshExecutor-%d] o.s.web.client.RestTemplate              : Accept=[application/json, application/*+json]
2026-04-28T14:03:19.399+01:00 DEBUG 15528 --- [finance-service] [reshExecutor-%d] o.s.web.client.RestTemplate              : Response 200 OK
2026-04-28T14:03:19.400+01:00 DEBUG 15528 --- [finance-service] [reshExecutor-%d] o.s.web.client.RestTemplate              : Reading to [org.springframework.cloud.netflix.eureka.http.EurekaApplications]
2026-04-28T14:03:49.334+01:00 DEBUG 15528 --- [finance-service] [beatExecutor-%d] o.s.web.client.RestTemplate              : HTTP PUT http://localhost:8761/eureka/apps/FINANCE-SERVICE/finance-service:8090?status=UP&lastDirtyTimestamp=1777381309206
2026-04-28T14:03:49.338+01:00 DEBUG 15528 --- [finance-service] [beatExecutor-%d] o.s.web.client.RestTemplate              : Accept=[application/json, application/*+json]
2026-04-28T14:03:49.356+01:00 DEBUG 15528 --- [finance-service] [beatExecutor-%d] o.s.web.client.RestTemplate              : Response 200 OK
2026-04-28T14:03:49.410+01:00 DEBUG 15528 --- [finance-service] [reshExecutor-%d] o.s.web.client.RestTemplate              : HTTP GET http://localhost:8761/eureka/apps/delta
2026-04-28T14:03:49.412+01:00 DEBUG 15528 --- [finance-service] [reshExecutor-%d] o.s.web.client.RestTemplate              : Accept=[application/json, application/*+json]
2026-04-28T14:03:49.429+01:00 DEBUG 15528 --- [finance-service] [reshExecutor-%d] o.s.web.client.RestTemplate              : Response 200 OK
2026-04-28T14:03:49.430+01:00 DEBUG 15528 --- [finance-service] [reshExecutor-%d] o.s.web.client.RestTemplate              : Reading to [org.springframework.cloud.netflix.eureka.http.EurekaApplications]
2026-04-28T14:04:19.362+01:00 DEBUG 15528 --- [finance-service] [beatExecutor-%d] o.s.web.client.RestTemplate              : HTTP PUT http://localhost:8761/eureka/apps/FINANCE-SERVICE/finance-service:8090?status=UP&lastDirtyTimestamp=1777381309206
2026-04-28T14:04:19.366+01:00 DEBUG 15528 --- [finance-service] [beatExecutor-%d] o.s.web.client.RestTemplate              : Accept=[application/json, application/*+json]
2026-04-28T14:04:19.381+01:00 DEBUG 15528 --- [finance-service] [beatExecutor-%d] o.s.web.client.RestTemplate              : Response 200 OK
2026-04-28T14:04:19.439+01:00 DEBUG 15528 --- [finance-service] [reshExecutor-%d] o.s.web.client.RestTemplate              : HTTP GET http://localhost:8761/eureka/apps/delta
2026-04-28T14:04:19.442+01:00 DEBUG 15528 --- [finance-service] [reshExecutor-%d] o.s.web.client.RestTemplate              : Accept=[application/json, application/*+json]
2026-04-28T14:04:19.458+01:00 DEBUG 15528 --- [finance-service] [reshExecutor-%d] o.s.web.client.RestTemplate              : Response 200 OK
2026-04-28T14:04:19.459+01:00 DEBUG 15528 --- [finance-service] [reshExecutor-%d] o.s.web.client.RestTemplate              : Reading to [org.springframework.cloud.netflix.eureka.http.EurekaApplications]
2026-04-28T14:04:49.393+01:00 DEBUG 15528 --- [finance-service] [beatExecutor-%d] o.s.web.client.RestTemplate              : HTTP PUT http://localhost:8761/eureka/apps/FINANCE-SERVICE/finance-service:8090?status=UP&lastDirtyTimestamp=1777381309206
2026-04-28T14:04:49.399+01:00 DEBUG 15528 --- [finance-service] [beatExecutor-%d] o.s.web.client.RestTemplate              : Accept=[application/json, application/*+json]
2026-04-28T14:04:49.421+01:00 DEBUG 15528 --- [finance-service] [beatExecutor-%d] o.s.web.client.RestTemplate              : Response 200 OK
2026-04-28T14:04:49.469+01:00 DEBUG 15528 --- [finance-service] [reshExecutor-%d] o.s.web.client.RestTemplate              : HTTP GET http://localhost:8761/eureka/apps/delta
2026-04-28T14:04:49.472+01:00 DEBUG 15528 --- [finance-service] [reshExecutor-%d] o.s.web.client.RestTemplate              : Accept=[application/json, application/*+json]
2026-04-28T14:04:49.498+01:00 DEBUG 15528 --- [finance-service] [reshExecutor-%d] o.s.web.client.RestTemplate              : Response 200 OK
2026-04-28T14:04:49.501+01:00 DEBUG 15528 --- [finance-service] [reshExecutor-%d] o.s.web.client.RestTemplate              : Reading to [org.springframework.cloud.netflix.eureka.http.EurekaApplications]
2026-04-28T14:05:16.350+01:00  INFO 15528 --- [finance-service] [rap-executor-%d] c.n.d.s.r.aws.ConfigClusterResolver      : Resolving eureka endpoints via configuration
2026-04-28T14:05:19.436+01:00 DEBUG 15528 --- [finance-service] [beatExecutor-%d] o.s.web.client.RestTemplate              : HTTP PUT http://localhost:8761/eureka/apps/FINANCE-SERVICE/finance-service:8090?status=UP&lastDirtyTimestamp=1777381309206
2026-04-28T14:05:19.441+01:00 DEBUG 15528 --- [finance-service] [beatExecutor-%d] o.s.web.client.RestTemplate              : Accept=[application/json, application/*+json]
2026-04-28T14:05:19.453+01:00 DEBUG 15528 --- [finance-service] [beatExecutor-%d] o.s.web.client.RestTemplate              : Response 200 OK
2026-04-28T14:05:19.514+01:00 DEBUG 15528 --- [finance-service] [reshExecutor-%d] o.s.web.client.RestTemplate              : HTTP GET http://localhost:8761/eureka/apps/delta
2026-04-28T14:05:19.514+01:00 DEBUG 15528 --- [finance-service] [reshExecutor-%d] o.s.web.client.RestTemplate              : Accept=[application/json, application/*+json]
2026-04-28T14:05:19.531+01:00 DEBUG 15528 --- [finance-service] [reshExecutor-%d] o.s.web.client.RestTemplate              : Response 200 OK
2026-04-28T14:05:19.532+01:00 DEBUG 15528 --- [finance-service] [reshExecutor-%d] o.s.web.client.RestTemplate              : Reading to [org.springframework.cloud.netflix.eureka.http.EurekaApplications]
2026-04-28T14:05:49.469+01:00 DEBUG 15528 --- [finance-service] [beatExecutor-%d] o.s.web.client.RestTemplate              : HTTP PUT http://localhost:8761/eureka/apps/FINANCE-SERVICE/finance-service:8090?status=UP&lastDirtyTimestamp=1777381309206
2026-04-28T14:05:49.472+01:00 DEBUG 15528 --- [finance-service] [beatExecutor-%d] o.s.web.client.RestTemplate              : Accept=[application/json, application/*+json]
2026-04-28T14:05:49.493+01:00 DEBUG 15528 --- [finance-service] [beatExecutor-%d] o.s.web.client.RestTemplate              : Response 200 OK
2026-04-28T14:05:49.546+01:00 DEBUG 15528 --- [finance-service] [reshExecutor-%d] o.s.web.client.RestTemplate              : HTTP GET http://localhost:8761/eureka/apps/delta
2026-04-28T14:05:49.548+01:00 DEBUG 15528 --- [finance-service] [reshExecutor-%d] o.s.web.client.RestTemplate              : Accept=[application/json, application/*+json]
2026-04-28T14:05:49.568+01:00 DEBUG 15528 --- [finance-service] [reshExecutor-%d] o.s.web.client.RestTemplate              : Response 200 OK
2026-04-28T14:05:49.569+01:00 DEBUG 15528 --- [finance-service] [reshExecutor-%d] o.s.web.client.RestTemplate              : Reading to [org.springframework.cloud.netflix.eureka.http.EurekaApplications]
2026-04-28T14:06:19.498+01:00 DEBUG 15528 --- [finance-service] [beatExecutor-%d] o.s.web.client.RestTemplate              : HTTP PUT http://localhost:8761/eureka/apps/FINANCE-SERVICE/finance-service:8090?status=UP&lastDirtyTimestamp=1777381309206
2026-04-28T14:06:19.501+01:00 DEBUG 15528 --- [finance-service] [beatExecutor-%d] o.s.web.client.RestTemplate              : Accept=[application/json, application/*+json]
2026-04-28T14:06:19.516+01:00 DEBUG 15528 --- [finance-service] [beatExecutor-%d] o.s.web.client.RestTemplate              : Response 200 OK
2026-04-28T14:06:19.576+01:00 DEBUG 15528 --- [finance-service] [reshExecutor-%d] o.s.web.client.RestTemplate              : HTTP GET http://localhost:8761/eureka/apps/delta
2026-04-28T14:06:19.578+01:00 DEBUG 15528 --- [finance-service] [reshExecutor-%d] o.s.web.client.RestTemplate              : Accept=[application/json, application/*+json]
2026-04-28T14:06:19.593+01:00 DEBUG 15528 --- [finance-service] [reshExecutor-%d] o.s.web.client.RestTemplate              : Response 200 OK
2026-04-28T14:06:19.593+01:00 DEBUG 15528 --- [finance-service] [reshExecutor-%d] o.s.web.client.RestTemplate              : Reading to [org.springframework.cloud.netflix.eureka.http.EurekaApplications]
2026-04-28T14:06:49.521+01:00 DEBUG 15528 --- [finance-service] [beatExecutor-%d] o.s.web.client.RestTemplate              : HTTP PUT http://localhost:8761/eureka/apps/FINANCE-SERVICE/finance-service:8090?status=UP&lastDirtyTimestamp=1777381309206
2026-04-28T14:06:49.526+01:00 DEBUG 15528 --- [finance-service] [beatExecutor-%d] o.s.web.client.RestTemplate              : Accept=[application/json, application/*+json]
2026-04-28T14:06:49.540+01:00 DEBUG 15528 --- [finance-service] [beatExecutor-%d] o.s.web.client.RestTemplate              : Response 200 OK
2026-04-28T14:06:49.599+01:00 DEBUG 15528 --- [finance-service] [reshExecutor-%d] o.s.web.client.RestTemplate              : HTTP GET http://localhost:8761/eureka/apps/delta
2026-04-28T14:06:49.600+01:00 DEBUG 15528 --- [finance-service] [reshExecutor-%d] o.s.web.client.RestTemplate              : Accept=[application/json, application/*+json]
2026-04-28T14:06:49.617+01:00 DEBUG 15528 --- [finance-service] [reshExecutor-%d] o.s.web.client.RestTemplate              : Response 200 OK
2026-04-28T14:06:49.617+01:00 DEBUG 15528 --- [finance-service] [reshExecutor-%d] o.s.web.client.RestTemplate              : Reading to [org.springframework.cloud.netflix.eureka.http.EurekaApplications]
2026-04-28T14:07:19.544+01:00 DEBUG 15528 --- [finance-service] [beatExecutor-%d] o.s.web.client.RestTemplate              : HTTP PUT http://localhost:8761/eureka/apps/FINANCE-SERVICE/finance-service:8090?status=UP&lastDirtyTimestamp=1777381309206
2026-04-28T14:07:19.545+01:00 DEBUG 15528 --- [finance-service] [beatExecutor-%d] o.s.web.client.RestTemplate              : Accept=[application/json, application/*+json]
2026-04-28T14:07:19.561+01:00 DEBUG 15528 --- [finance-service] [beatExecutor-%d] o.s.web.client.RestTemplate              : Response 200 OK
2026-04-28T14:07:19.622+01:00 DEBUG 15528 --- [finance-service] [reshExecutor-%d] o.s.web.client.RestTemplate              : HTTP GET http://localhost:8761/eureka/apps/delta
2026-04-28T14:07:19.623+01:00 DEBUG 15528 --- [finance-service] [reshExecutor-%d] o.s.web.client.RestTemplate              : Accept=[application/json, application/*+json]
2026-04-28T14:07:19.639+01:00 DEBUG 15528 --- [finance-service] [reshExecutor-%d] o.s.web.client.RestTemplate              : Response 200 OK
2026-04-28T14:07:19.639+01:00 DEBUG 15528 --- [finance-service] [reshExecutor-%d] o.s.web.client.RestTemplate              : Reading to [org.springframework.cloud.netflix.eureka.http.EurekaApplications]
2026-04-28T14:07:49.576+01:00 DEBUG 15528 --- [finance-service] [beatExecutor-%d] o.s.web.client.RestTemplate              : HTTP PUT http://localhost:8761/eureka/apps/FINANCE-SERVICE/finance-service:8090?status=UP&lastDirtyTimestamp=1777381309206
2026-04-28T14:07:49.580+01:00 DEBUG 15528 --- [finance-service] [beatExecutor-%d] o.s.web.client.RestTemplate              : Accept=[application/json, application/*+json]
2026-04-28T14:07:49.593+01:00 DEBUG 15528 --- [finance-service] [beatExecutor-%d] o.s.web.client.RestTemplate              : Response 200 OK
2026-04-28T14:07:49.654+01:00 DEBUG 15528 --- [finance-service] [reshExecutor-%d] o.s.web.client.RestTemplate              : HTTP GET http://localhost:8761/eureka/apps/delta
2026-04-28T14:07:49.656+01:00 DEBUG 15528 --- [finance-service] [reshExecutor-%d] o.s.web.client.RestTemplate              : Accept=[application/json, application/*+json]
2026-04-28T14:07:49.674+01:00 DEBUG 15528 --- [finance-service] [reshExecutor-%d] o.s.web.client.RestTemplate              : Response 200 OK
2026-04-28T14:07:49.675+01:00 DEBUG 15528 --- [finance-service] [reshExecutor-%d] o.s.web.client.RestTemplate              : Reading to [org.springframework.cloud.netflix.eureka.http.EurekaApplications]
2026-04-28T14:08:19.602+01:00 DEBUG 15528 --- [finance-service] [beatExecutor-%d] o.s.web.client.RestTemplate              : HTTP PUT http://localhost:8761/eureka/apps/FINANCE-SERVICE/finance-service:8090?status=UP&lastDirtyTimestamp=1777381309206
2026-04-28T14:08:19.605+01:00 DEBUG 15528 --- [finance-service] [beatExecutor-%d] o.s.web.client.RestTemplate              : Accept=[application/json, application/*+json]
2026-04-28T14:08:19.620+01:00 DEBUG 15528 --- [finance-service] [beatExecutor-%d] o.s.web.client.RestTemplate              : Response 200 OK
2026-04-28T14:08:19.680+01:00 DEBUG 15528 --- [finance-service] [reshExecutor-%d] o.s.web.client.RestTemplate              : HTTP GET http://localhost:8761/eureka/apps/delta
2026-04-28T14:08:19.681+01:00 DEBUG 15528 --- [finance-service] [reshExecutor-%d] o.s.web.client.RestTemplate              : Accept=[application/json, application/*+json]
2026-04-28T14:08:19.698+01:00 DEBUG 15528 --- [finance-service] [reshExecutor-%d] o.s.web.client.RestTemplate              : Response 200 OK
2026-04-28T14:08:19.698+01:00 DEBUG 15528 --- [finance-service] [reshExecutor-%d] o.s.web.client.RestTemplate              : Reading to [org.springframework.cloud.netflix.eureka.http.EurekaApplications]
2026-04-28T14:08:31.830+01:00 DEBUG 15528 --- [finance-service] [io-8090-exec-10] o.s.web.servlet.DispatcherServlet        : GET "/api/notifications", parameters={}
2026-04-28T14:08:31.831+01:00 DEBUG 15528 --- [finance-service] [io-8090-exec-10] s.w.s.m.m.a.RequestMappingHandlerMapping : Mapped to org.example.plansync.controller.NotificationController#getMyNotifications()
2026-04-28T14:08:31.842+01:00 DEBUG 15528 --- [finance-service] [io-8090-exec-10] org.hibernate.SQL                        : select n1_0.id,n1_0.created_at,n1_0.message,n1_0.project_id,n1_0.is_read,n1_0.title,n1_0.type,n1_0.user_id from notifications n1_0 where n1_0.user_id in (?,?,?) order by n1_0.created_at desc
Hibernate: select n1_0.id,n1_0.created_at,n1_0.message,n1_0.project_id,n1_0.is_read,n1_0.title,n1_0.type,n1_0.user_id from notifications n1_0 where n1_0.user_id in (?,?,?) order by n1_0.created_at desc
2026-04-28T14:08:31.846+01:00 DEBUG 15528 --- [finance-service] [io-8090-exec-10] m.m.a.RequestResponseBodyMethodProcessor : Using 'application/json', given [application/json, text/plain, */*] and supported [application/json, application/*+json]
2026-04-28T14:08:31.848+01:00 DEBUG 15528 --- [finance-service] [io-8090-exec-10] m.m.a.RequestResponseBodyMethodProcessor : Writing [[]]
2026-04-28T14:08:31.850+01:00 DEBUG 15528 --- [finance-service] [io-8090-exec-10] o.s.web.servlet.DispatcherServlet        : Completed 200 OK
2026-04-28T14:08:42.608+01:00 DEBUG 15528 --- [finance-service] [nio-8090-exec-4] o.s.web.servlet.DispatcherServlet        : GET "/api/notifications", parameters={}
2026-04-28T14:08:42.611+01:00 DEBUG 15528 --- [finance-service] [nio-8090-exec-4] s.w.s.m.m.a.RequestMappingHandlerMapping : Mapped to org.example.plansync.controller.NotificationController#getMyNotifications()
2026-04-28T14:08:42.629+01:00 DEBUG 15528 --- [finance-service] [nio-8090-exec-4] org.hibernate.SQL                        : select n1_0.id,n1_0.created_at,n1_0.message,n1_0.project_id,n1_0.is_read,n1_0.title,n1_0.type,n1_0.user_id from notifications n1_0 where n1_0.user_id in (?,?,?) order by n1_0.created_at desc
Hibernate: select n1_0.id,n1_0.created_at,n1_0.message,n1_0.project_id,n1_0.is_read,n1_0.title,n1_0.type,n1_0.user_id from notifications n1_0 where n1_0.user_id in (?,?,?) order by n1_0.created_at desc
2026-04-28T14:08:42.629+01:00 DEBUG 15528 --- [finance-service] [nio-8090-exec-4] m.m.a.RequestResponseBodyMethodProcessor : Using 'application/json', given [application/json, text/plain, */*] and supported [application/json, application/*+json]
2026-04-28T14:08:42.629+01:00 DEBUG 15528 --- [finance-service] [nio-8090-exec-4] m.m.a.RequestResponseBodyMethodProcessor : Writing [[]]
2026-04-28T14:08:42.629+01:00 DEBUG 15528 --- [finance-service] [nio-8090-exec-4] o.s.web.servlet.DispatcherServlet        : Completed 200 OK
2026-04-28T14:08:49.632+01:00 DEBUG 15528 --- [finance-service] [beatExecutor-%d] o.s.web.client.RestTemplate              : HTTP PUT http://localhost:8761/eureka/apps/FINANCE-SERVICE/finance-service:8090?status=UP&lastDirtyTimestamp=1777381309206
2026-04-28T14:08:49.632+01:00 DEBUG 15528 --- [finance-service] [beatExecutor-%d] o.s.web.client.RestTemplate              : Accept=[application/json, application/*+json]
2026-04-28T14:08:49.656+01:00 DEBUG 15528 --- [finance-service] [beatExecutor-%d] o.s.web.client.RestTemplate              : Response 200 OK
2026-04-28T14:08:49.709+01:00 DEBUG 15528 --- [finance-service] [reshExecutor-%d] o.s.web.client.RestTemplate              : HTTP GET http://localhost:8761/eureka/apps/delta
2026-04-28T14:08:49.709+01:00 DEBUG 15528 --- [finance-service] [reshExecutor-%d] o.s.web.client.RestTemplate              : Accept=[application/json, application/*+json]
2026-04-28T14:08:49.725+01:00 DEBUG 15528 --- [finance-service] [reshExecutor-%d] o.s.web.client.RestTemplate              : Response 200 OK
2026-04-28T14:08:49.725+01:00 DEBUG 15528 --- [finance-service] [reshExecutor-%d] o.s.web.client.RestTemplate              : Reading to [org.springframework.cloud.netflix.eureka.http.EurekaApplications]
2026-04-28T14:09:02.634+01:00 DEBUG 15528 --- [finance-service] [nio-8090-exec-1] o.s.web.servlet.DispatcherServlet        : GET "/api/notifications", parameters={}
2026-04-28T14:09:02.640+01:00 DEBUG 15528 --- [finance-service] [nio-8090-exec-1] s.w.s.m.m.a.RequestMappingHandlerMapping : Mapped to org.example.plansync.controller.NotificationController#getMyNotifications()
2026-04-28T14:09:02.663+01:00 DEBUG 15528 --- [finance-service] [nio-8090-exec-1] org.hibernate.SQL                        : select n1_0.id,n1_0.created_at,n1_0.message,n1_0.project_id,n1_0.is_read,n1_0.title,n1_0.type,n1_0.user_id from notifications n1_0 where n1_0.user_id in (?,?,?) order by n1_0.created_at desc
Hibernate: select n1_0.id,n1_0.created_at,n1_0.message,n1_0.project_id,n1_0.is_read,n1_0.title,n1_0.type,n1_0.user_id from notifications n1_0 where n1_0.user_id in (?,?,?) order by n1_0.created_at desc
2026-04-28T14:09:02.671+01:00 DEBUG 15528 --- [finance-service] [nio-8090-exec-1] m.m.a.RequestResponseBodyMethodProcessor : Using 'application/json', given [application/json, text/plain, */*] and supported [application/json, application/*+json]
2026-04-28T14:09:02.673+01:00 DEBUG 15528 --- [finance-service] [nio-8090-exec-1] m.m.a.RequestResponseBodyMethodProcessor : Writing [[]]
2026-04-28T14:09:02.677+01:00 DEBUG 15528 --- [finance-service] [nio-8090-exec-1] o.s.web.servlet.DispatcherServlet        : Completed 200 OK
2026-04-28T14:09:19.664+01:00 DEBUG 15528 --- [finance-service] [beatExecutor-%d] o.s.web.client.RestTemplate              : HTTP PUT http://localhost:8761/eureka/apps/FINANCE-SERVICE/finance-service:8090?status=UP&lastDirtyTimestamp=1777381309206
2026-04-28T14:09:19.665+01:00 DEBUG 15528 --- [finance-service] [beatExecutor-%d] o.s.web.client.RestTemplate              : Accept=[application/json, application/*+json]
2026-04-28T14:09:19.681+01:00 DEBUG 15528 --- [finance-service] [beatExecutor-%d] o.s.web.client.RestTemplate              : Response 200 OK
2026-04-28T14:09:19.742+01:00 DEBUG 15528 --- [finance-service] [reshExecutor-%d] o.s.web.client.RestTemplate              : HTTP GET http://localhost:8761/eureka/apps/delta
2026-04-28T14:09:19.743+01:00 DEBUG 15528 --- [finance-service] [reshExecutor-%d] o.s.web.client.RestTemplate              : Accept=[application/json, application/*+json]
2026-04-28T14:09:19.759+01:00 DEBUG 15528 --- [finance-service] [reshExecutor-%d] o.s.web.client.RestTemplate              : Response 200 OK
2026-04-28T14:09:19.760+01:00 DEBUG 15528 --- [finance-service] [reshExecutor-%d] o.s.web.client.RestTemplate              : Reading to [org.springframework.cloud.netflix.eureka.http.EurekaApplications]
2026-04-28T14:09:22.969+01:00 DEBUG 15528 --- [finance-service] [nio-8090-exec-5] o.s.web.servlet.DispatcherServlet        : GET "/api/notifications", parameters={}
2026-04-28T14:09:22.970+01:00 DEBUG 15528 --- [finance-service] [nio-8090-exec-5] s.w.s.m.m.a.RequestMappingHandlerMapping : Mapped to org.example.plansync.controller.NotificationController#getMyNotifications()
2026-04-28T14:09:22.974+01:00 DEBUG 15528 --- [finance-service] [nio-8090-exec-5] org.hibernate.SQL                        : select n1_0.id,n1_0.created_at,n1_0.message,n1_0.project_id,n1_0.is_read,n1_0.title,n1_0.type,n1_0.user_id from notifications n1_0 where n1_0.user_id in (?,?,?) order by n1_0.created_at desc
Hibernate: select n1_0.id,n1_0.created_at,n1_0.message,n1_0.project_id,n1_0.is_read,n1_0.title,n1_0.type,n1_0.user_id from notifications n1_0 where n1_0.user_id in (?,?,?) order by n1_0.created_at desc
2026-04-28T14:09:22.975+01:00 DEBUG 15528 --- [finance-service] [nio-8090-exec-5] m.m.a.RequestResponseBodyMethodProcessor : Using 'application/json', given [application/json, text/plain, */*] and supported [application/json, application/*+json]
2026-04-28T14:09:22.976+01:00 DEBUG 15528 --- [finance-service] [nio-8090-exec-5] m.m.a.RequestResponseBodyMethodProcessor : Writing [[]]
2026-04-28T14:09:22.976+01:00 DEBUG 15528 --- [finance-service] [nio-8090-exec-5] o.s.web.servlet.DispatcherServlet        : Completed 200 OK
2026-04-28T14:09:42.634+01:00 DEBUG 15528 --- [finance-service] [nio-8090-exec-8] o.s.web.servlet.DispatcherServlet        : GET "/api/notifications", parameters={}
2026-04-28T14:09:42.643+01:00 DEBUG 15528 --- [finance-service] [nio-8090-exec-8] s.w.s.m.m.a.RequestMappingHandlerMapping : Mapped to org.example.plansync.controller.NotificationController#getMyNotifications()
2026-04-28T14:09:42.664+01:00 DEBUG 15528 --- [finance-service] [nio-8090-exec-8] org.hibernate.SQL                        : select n1_0.id,n1_0.created_at,n1_0.message,n1_0.project_id,n1_0.is_read,n1_0.title,n1_0.type,n1_0.user_id from notifications n1_0 where n1_0.user_id in (?,?,?) order by n1_0.created_at desc
Hibernate: select n1_0.id,n1_0.created_at,n1_0.message,n1_0.project_id,n1_0.is_read,n1_0.title,n1_0.type,n1_0.user_id from notifications n1_0 where n1_0.user_id in (?,?,?) order by n1_0.created_at desc
2026-04-28T14:09:42.675+01:00 DEBUG 15528 --- [finance-service] [nio-8090-exec-8] m.m.a.RequestResponseBodyMethodProcessor : Using 'application/json', given [application/json, text/plain, */*] and supported [application/json, application/*+json]
2026-04-28T14:09:42.678+01:00 DEBUG 15528 --- [finance-service] [nio-8090-exec-8] m.m.a.RequestResponseBodyMethodProcessor : Writing [[]]
2026-04-28T14:09:42.683+01:00 DEBUG 15528 --- [finance-service] [nio-8090-exec-8] o.s.web.servlet.DispatcherServlet        : Completed 200 OK
2026-04-28T14:09:49.683+01:00 DEBUG 15528 --- [finance-service] [beatExecutor-%d] o.s.web.client.RestTemplate              : HTTP PUT http://localhost:8761/eureka/apps/FINANCE-SERVICE/finance-service:8090?status=UP&lastDirtyTimestamp=1777381309206
2026-04-28T14:09:49.683+01:00 DEBUG 15528 --- [finance-service] [beatExecutor-%d] o.s.web.client.RestTemplate              : Accept=[application/json, application/*+json]
2026-04-28T14:09:49.690+01:00 DEBUG 15528 --- [finance-service] [beatExecutor-%d] o.s.web.client.RestTemplate              : Response 200 OK
2026-04-28T14:09:49.775+01:00 DEBUG 15528 --- [finance-service] [reshExecutor-%d] o.s.web.client.RestTemplate              : HTTP GET http://localhost:8761/eureka/apps/delta
2026-04-28T14:09:49.777+01:00 DEBUG 15528 --- [finance-service] [reshExecutor-%d] o.s.web.client.RestTemplate              : Accept=[application/json, application/*+json]
2026-04-28T14:09:49.793+01:00 DEBUG 15528 --- [finance-service] [reshExecutor-%d] o.s.web.client.RestTemplate              : Response 200 OK
2026-04-28T14:09:49.793+01:00 DEBUG 15528 --- [finance-service] [reshExecutor-%d] o.s.web.client.RestTemplate              : Reading to [org.springframework.cloud.netflix.eureka.http.EurekaApplications]
2026-04-28T14:10:10.086+01:00 DEBUG 15528 --- [finance-service] [io-8090-exec-10] o.s.web.servlet.DispatcherServlet        : GET "/api/notifications", parameters={}
2026-04-28T14:10:10.104+01:00 DEBUG 15528 --- [finance-service] [io-8090-exec-10] s.w.s.m.m.a.RequestMappingHandlerMapping : Mapped to org.example.plansync.controller.NotificationController#getMyNotifications()
2026-04-28T14:10:10.138+01:00 DEBUG 15528 --- [finance-service] [io-8090-exec-10] org.hibernate.SQL                        : select n1_0.id,n1_0.created_at,n1_0.message,n1_0.project_id,n1_0.is_read,n1_0.title,n1_0.type,n1_0.user_id from notifications n1_0 where n1_0.user_id in (?,?,?) order by n1_0.created_at desc
Hibernate: select n1_0.id,n1_0.created_at,n1_0.message,n1_0.project_id,n1_0.is_read,n1_0.title,n1_0.type,n1_0.user_id from notifications n1_0 where n1_0.user_id in (?,?,?) order by n1_0.created_at desc
2026-04-28T14:10:10.139+01:00 DEBUG 15528 --- [finance-service] [io-8090-exec-10] m.m.a.RequestResponseBodyMethodProcessor : Using 'application/json', given [application/json, text/plain, */*] and supported [application/json, application/*+json]
2026-04-28T14:10:10.139+01:00 DEBUG 15528 --- [finance-service] [io-8090-exec-10] m.m.a.RequestResponseBodyMethodProcessor : Writing [[]]
2026-04-28T14:10:10.155+01:00 DEBUG 15528 --- [finance-service] [io-8090-exec-10] o.s.web.servlet.DispatcherServlet        : Completed 200 OK
2026-04-28T14:10:16.353+01:00  INFO 15528 --- [finance-service] [rap-executor-%d] c.n.d.s.r.aws.ConfigClusterResolver      : Resolving eureka endpoints via configuration
2026-04-28T14:10:19.694+01:00 DEBUG 15528 --- [finance-service] [beatExecutor-%d] o.s.web.client.RestTemplate              : HTTP PUT http://localhost:8761/eureka/apps/FINANCE-SERVICE/finance-service:8090?status=UP&lastDirtyTimestamp=1777381309206
2026-04-28T14:10:19.699+01:00 DEBUG 15528 --- [finance-service] [beatExecutor-%d] o.s.web.client.RestTemplate              : Accept=[application/json, application/*+json]
2026-04-28T14:10:19.704+01:00 DEBUG 15528 --- [finance-service] [beatExecutor-%d] o.s.web.client.RestTemplate              : Response 200 OK
2026-04-28T14:10:19.805+01:00 DEBUG 15528 --- [finance-service] [reshExecutor-%d] o.s.web.client.RestTemplate              : HTTP GET http://localhost:8761/eureka/apps/delta
2026-04-28T14:10:19.805+01:00 DEBUG 15528 --- [finance-service] [reshExecutor-%d] o.s.web.client.RestTemplate              : Accept=[application/json, application/*+json]
2026-04-28T14:10:19.816+01:00 DEBUG 15528 --- [finance-service] [reshExecutor-%d] o.s.web.client.RestTemplate              : Response 200 OK
2026-04-28T14:10:19.816+01:00 DEBUG 15528 --- [finance-service] [reshExecutor-%d] o.s.web.client.RestTemplate              : Reading to [org.springframework.cloud.netflix.eureka.http.EurekaApplications]
2026-04-28T14:10:30.055+01:00 DEBUG 15528 --- [finance-service] [nio-8090-exec-4] o.s.web.servlet.DispatcherServlet        : GET "/api/notifications", parameters={}
2026-04-28T14:10:30.055+01:00 DEBUG 15528 --- [finance-service] [nio-8090-exec-4] s.w.s.m.m.a.RequestMappingHandlerMapping : Mapped to org.example.plansync.controller.NotificationController#getMyNotifications()
2026-04-28T14:10:30.055+01:00 DEBUG 15528 --- [finance-service] [nio-8090-exec-4] org.hibernate.SQL                        : select n1_0.id,n1_0.created_at,n1_0.message,n1_0.project_id,n1_0.is_read,n1_0.title,n1_0.type,n1_0.user_id from notifications n1_0 where n1_0.user_id in (?,?,?) order by n1_0.created_at desc
Hibernate: select n1_0.id,n1_0.created_at,n1_0.message,n1_0.project_id,n1_0.is_read,n1_0.title,n1_0.type,n1_0.user_id from notifications n1_0 where n1_0.user_id in (?,?,?) order by n1_0.created_at desc
2026-04-28T14:10:30.055+01:00 DEBUG 15528 --- [finance-service] [nio-8090-exec-4] m.m.a.RequestResponseBodyMethodProcessor : Using 'application/json', given [application/json, text/plain, */*] and supported [application/json, application/*+json]
2026-04-28T14:10:30.055+01:00 DEBUG 15528 --- [finance-service] [nio-8090-exec-4] m.m.a.RequestResponseBodyMethodProcessor : Writing [[]]
2026-04-28T14:10:30.055+01:00 DEBUG 15528 --- [finance-service] [nio-8090-exec-4] o.s.web.servlet.DispatcherServlet        : Completed 200 OK
2026-04-28T14:10:49.718+01:00 DEBUG 15528 --- [finance-service] [beatExecutor-%d] o.s.web.client.RestTemplate              : HTTP PUT http://localhost:8761/eureka/apps/FINANCE-SERVICE/finance-service:8090?status=UP&lastDirtyTimestamp=1777381309206
2026-04-28T14:10:49.721+01:00 DEBUG 15528 --- [finance-service] [beatExecutor-%d] o.s.web.client.RestTemplate              : Accept=[application/json, application/*+json]
2026-04-28T14:10:49.735+01:00 DEBUG 15528 --- [finance-service] [beatExecutor-%d] o.s.web.client.RestTemplate              : Response 200 OK
2026-04-28T14:10:49.828+01:00 DEBUG 15528 --- [finance-service] [reshExecutor-%d] o.s.web.client.RestTemplate              : HTTP GET http://localhost:8761/eureka/apps/delta
2026-04-28T14:10:49.829+01:00 DEBUG 15528 --- [finance-service] [reshExecutor-%d] o.s.web.client.RestTemplate              : Accept=[application/json, application/*+json]
2026-04-28T14:10:49.845+01:00 DEBUG 15528 --- [finance-service] [reshExecutor-%d] o.s.web.client.RestTemplate              : Response 200 OK
2026-04-28T14:10:49.845+01:00 DEBUG 15528 --- [finance-service] [reshExecutor-%d] o.s.web.client.RestTemplate              : Reading to [org.springframework.cloud.netflix.eureka.http.EurekaApplications]
2026-04-28T14:10:50.969+01:00 DEBUG 15528 --- [finance-service] [nio-8090-exec-1] o.s.web.servlet.DispatcherServlet        : GET "/api/notifications", parameters={}
2026-04-28T14:10:50.971+01:00 DEBUG 15528 --- [finance-service] [nio-8090-exec-1] s.w.s.m.m.a.RequestMappingHandlerMapping : Mapped to org.example.plansync.controller.NotificationController#getMyNotifications()
2026-04-28T14:10:50.977+01:00 DEBUG 15528 --- [finance-service] [nio-8090-exec-1] org.hibernate.SQL                        : select n1_0.id,n1_0.created_at,n1_0.message,n1_0.project_id,n1_0.is_read,n1_0.title,n1_0.type,n1_0.user_id from notifications n1_0 where n1_0.user_id in (?,?,?) order by n1_0.created_at desc
Hibernate: select n1_0.id,n1_0.created_at,n1_0.message,n1_0.project_id,n1_0.is_read,n1_0.title,n1_0.type,n1_0.user_id from notifications n1_0 where n1_0.user_id in (?,?,?) order by n1_0.created_at desc
2026-04-28T14:10:50.978+01:00 DEBUG 15528 --- [finance-service] [nio-8090-exec-1] m.m.a.RequestResponseBodyMethodProcessor : Using 'application/json', given [application/json, text/plain, */*] and supported [application/json, application/*+json]
2026-04-28T14:10:50.978+01:00 DEBUG 15528 --- [finance-service] [nio-8090-exec-1] m.m.a.RequestResponseBodyMethodProcessor : Writing [[]]
2026-04-28T14:10:50.980+01:00 DEBUG 15528 --- [finance-service] [nio-8090-exec-1] o.s.web.servlet.DispatcherServlet        : Completed 200 OK
2026-04-28T14:11:10.968+01:00 DEBUG 15528 --- [finance-service] [nio-8090-exec-5] o.s.web.servlet.DispatcherServlet        : GET "/api/notifications", parameters={}
2026-04-28T14:11:10.968+01:00 DEBUG 15528 --- [finance-service] [nio-8090-exec-5] s.w.s.m.m.a.RequestMappingHandlerMapping : Mapped to org.example.plansync.controller.NotificationController#getMyNotifications()
2026-04-28T14:11:10.999+01:00 DEBUG 15528 --- [finance-service] [nio-8090-exec-5] org.hibernate.SQL                        : select n1_0.id,n1_0.created_at,n1_0.message,n1_0.project_id,n1_0.is_read,n1_0.title,n1_0.type,n1_0.user_id from notifications n1_0 where n1_0.user_id in (?,?,?) order by n1_0.created_at desc
Hibernate: select n1_0.id,n1_0.created_at,n1_0.message,n1_0.project_id,n1_0.is_read,n1_0.title,n1_0.type,n1_0.user_id from notifications n1_0 where n1_0.user_id in (?,?,?) order by n1_0.created_at desc
2026-04-28T14:11:11.002+01:00 DEBUG 15528 --- [finance-service] [nio-8090-exec-5] m.m.a.RequestResponseBodyMethodProcessor : Using 'application/json', given [application/json, text/plain, */*] and supported [application/json, application/*+json]
2026-04-28T14:11:11.002+01:00 DEBUG 15528 --- [finance-service] [nio-8090-exec-5] m.m.a.RequestResponseBodyMethodProcessor : Writing [[]]
2026-04-28T14:11:11.017+01:00 DEBUG 15528 --- [finance-service] [nio-8090-exec-5] o.s.web.servlet.DispatcherServlet        : Completed 200 OK
2026-04-28T14:11:19.738+01:00 DEBUG 15528 --- [finance-service] [beatExecutor-%d] o.s.web.client.RestTemplate              : HTTP PUT http://localhost:8761/eureka/apps/FINANCE-SERVICE/finance-service:8090?status=UP&lastDirtyTimestamp=1777381309206
2026-04-28T14:11:19.744+01:00 DEBUG 15528 --- [finance-service] [beatExecutor-%d] o.s.web.client.RestTemplate              : Accept=[application/json, application/*+json]
2026-04-28T14:11:19.761+01:00 DEBUG 15528 --- [finance-service] [beatExecutor-%d] o.s.web.client.RestTemplate              : Response 200 OK
2026-04-28T14:11:19.857+01:00 DEBUG 15528 --- [finance-service] [reshExecutor-%d] o.s.web.client.RestTemplate              : HTTP GET http://localhost:8761/eureka/apps/delta
2026-04-28T14:11:19.858+01:00 DEBUG 15528 --- [finance-service] [reshExecutor-%d] o.s.web.client.RestTemplate              : Accept=[application/json, application/*+json]
2026-04-28T14:11:19.865+01:00 DEBUG 15528 --- [finance-service] [reshExecutor-%d] o.s.web.client.RestTemplate              : Response 200 OK
2026-04-28T14:11:19.866+01:00 DEBUG 15528 --- [finance-service] [reshExecutor-%d] o.s.web.client.RestTemplate              : Reading to [org.springframework.cloud.netflix.eureka.http.EurekaApplications]
2026-04-28T14:11:31.370+01:00 DEBUG 15528 --- [finance-service] [nio-8090-exec-8] o.s.web.servlet.DispatcherServlet        : GET "/api/notifications", parameters={}
2026-04-28T14:11:31.449+01:00 DEBUG 15528 --- [finance-service] [nio-8090-exec-8] s.w.s.m.m.a.RequestMappingHandlerMapping : Mapped to org.example.plansync.controller.NotificationController#getMyNotifications()
2026-04-28T14:11:31.718+01:00 DEBUG 15528 --- [finance-service] [nio-8090-exec-8] org.hibernate.SQL                        : select n1_0.id,n1_0.created_at,n1_0.message,n1_0.project_id,n1_0.is_read,n1_0.title,n1_0.type,n1_0.user_id from notifications n1_0 where n1_0.user_id in (?,?,?) order by n1_0.created_at desc
Hibernate: select n1_0.id,n1_0.created_at,n1_0.message,n1_0.project_id,n1_0.is_read,n1_0.title,n1_0.type,n1_0.user_id from notifications n1_0 where n1_0.user_id in (?,?,?) order by n1_0.created_at desc
2026-04-28T14:11:31.720+01:00 DEBUG 15528 --- [finance-service] [nio-8090-exec-8] m.m.a.RequestResponseBodyMethodProcessor : Using 'application/json', given [application/json, text/plain, */*] and supported [application/json, application/*+json]
2026-04-28T14:11:31.720+01:00 DEBUG 15528 --- [finance-service] [nio-8090-exec-8] m.m.a.RequestResponseBodyMethodProcessor : Writing [[]]
2026-04-28T14:11:31.721+01:00 DEBUG 15528 --- [finance-service] [nio-8090-exec-8] o.s.web.servlet.DispatcherServlet        : Completed 200 OK
2026-04-28T14:11:49.770+01:00 DEBUG 15528 --- [finance-service] [beatExecutor-%d] o.s.web.client.RestTemplate              : HTTP PUT http://localhost:8761/eureka/apps/FINANCE-SERVICE/finance-service:8090?status=UP&lastDirtyTimestamp=1777381309206
2026-04-28T14:11:49.772+01:00 DEBUG 15528 --- [finance-service] [beatExecutor-%d] o.s.web.client.RestTemplate              : Accept=[application/json, application/*+json]
2026-04-28T14:11:49.790+01:00 DEBUG 15528 --- [finance-service] [beatExecutor-%d] o.s.web.client.RestTemplate              : Response 200 OK
2026-04-28T14:11:49.879+01:00 DEBUG 15528 --- [finance-service] [reshExecutor-%d] o.s.web.client.RestTemplate              : HTTP GET http://localhost:8761/eureka/apps/delta
2026-04-28T14:11:49.880+01:00 DEBUG 15528 --- [finance-service] [reshExecutor-%d] o.s.web.client.RestTemplate              : Accept=[application/json, application/*+json]
2026-04-28T14:11:49.899+01:00 DEBUG 15528 --- [finance-service] [reshExecutor-%d] o.s.web.client.RestTemplate              : Response 200 OK
2026-04-28T14:11:49.910+01:00 DEBUG 15528 --- [finance-service] [reshExecutor-%d] o.s.web.client.RestTemplate              : Reading to [org.springframework.cloud.netflix.eureka.http.EurekaApplications]
2026-04-28T14:12:13.005+01:00 DEBUG 15528 --- [finance-service] [io-8090-exec-10] o.s.web.servlet.DispatcherServlet        : GET "/api/notifications", parameters={}
2026-04-28T14:12:13.011+01:00 DEBUG 15528 --- [finance-service] [io-8090-exec-10] s.w.s.m.m.a.RequestMappingHandlerMapping : Mapped to org.example.plansync.controller.NotificationController#getMyNotifications()
2026-04-28T14:12:13.025+01:00 DEBUG 15528 --- [finance-service] [io-8090-exec-10] org.hibernate.SQL                        : select n1_0.id,n1_0.created_at,n1_0.message,n1_0.project_id,n1_0.is_read,n1_0.title,n1_0.type,n1_0.user_id from notifications n1_0 where n1_0.user_id in (?,?,?) order by n1_0.created_at desc
Hibernate: select n1_0.id,n1_0.created_at,n1_0.message,n1_0.project_id,n1_0.is_read,n1_0.title,n1_0.type,n1_0.user_id from notifications n1_0 where n1_0.user_id in (?,?,?) order by n1_0.created_at desc
2026-04-28T14:12:13.030+01:00 DEBUG 15528 --- [finance-service] [io-8090-exec-10] m.m.a.RequestResponseBodyMethodProcessor : Using 'application/json', given [application/json, text/plain, */*] and supported [application/json, application/*+json]
2026-04-28T14:12:13.032+01:00 DEBUG 15528 --- [finance-service] [io-8090-exec-10] m.m.a.RequestResponseBodyMethodProcessor : Writing [[]]
2026-04-28T14:12:13.034+01:00 DEBUG 15528 --- [finance-service] [io-8090-exec-10] o.s.web.servlet.DispatcherServlet        : Completed 200 OK
2026-04-28T14:12:19.801+01:00 DEBUG 15528 --- [finance-service] [beatExecutor-%d] o.s.web.client.RestTemplate              : HTTP PUT http://localhost:8761/eureka/apps/FINANCE-SERVICE/finance-service:8090?status=UP&lastDirtyTimestamp=1777381309206
2026-04-28T14:12:19.802+01:00 DEBUG 15528 --- [finance-service] [beatExecutor-%d] o.s.web.client.RestTemplate              : Accept=[application/json, application/*+json]
2026-04-28T14:12:19.806+01:00 DEBUG 15528 --- [finance-service] [beatExecutor-%d] o.s.web.client.RestTemplate              : Response 200 OK
2026-04-28T14:12:19.940+01:00 DEBUG 15528 --- [finance-service] [reshExecutor-%d] o.s.web.client.RestTemplate              : HTTP GET http://localhost:8761/eureka/apps/delta
2026-04-28T14:12:19.940+01:00 DEBUG 15528 --- [finance-service] [reshExecutor-%d] o.s.web.client.RestTemplate              : Accept=[application/json, application/*+json]
2026-04-28T14:12:19.954+01:00 DEBUG 15528 --- [finance-service] [reshExecutor-%d] o.s.web.client.RestTemplate              : Response 200 OK
2026-04-28T14:12:19.955+01:00 DEBUG 15528 --- [finance-service] [reshExecutor-%d] o.s.web.client.RestTemplate              : Reading to [org.springframework.cloud.netflix.eureka.http.EurekaApplications]
2026-04-28T14:12:49.812+01:00 DEBUG 15528 --- [finance-service] [beatExecutor-%d] o.s.web.client.RestTemplate              : HTTP PUT http://localhost:8761/eureka/apps/FINANCE-SERVICE/finance-service:8090?status=UP&lastDirtyTimestamp=1777381309206
2026-04-28T14:12:49.818+01:00 DEBUG 15528 --- [finance-service] [beatExecutor-%d] o.s.web.client.RestTemplate              : Accept=[application/json, application/*+json]
2026-04-28T14:12:49.836+01:00 DEBUG 15528 --- [finance-service] [beatExecutor-%d] o.s.web.client.RestTemplate              : Response 200 OK
2026-04-28T14:12:49.959+01:00 DEBUG 15528 --- [finance-service] [reshExecutor-%d] o.s.web.client.RestTemplate              : HTTP GET http://localhost:8761/eureka/apps/delta
2026-04-28T14:12:49.963+01:00 DEBUG 15528 --- [finance-service] [reshExecutor-%d] o.s.web.client.RestTemplate              : Accept=[application/json, application/*+json]
2026-04-28T14:12:49.979+01:00 DEBUG 15528 --- [finance-service] [reshExecutor-%d] o.s.web.client.RestTemplate              : Response 200 OK
2026-04-28T14:12:49.979+01:00 DEBUG 15528 --- [finance-service] [reshExecutor-%d] o.s.web.client.RestTemplate              : Reading to [org.springframework.cloud.netflix.eureka.http.EurekaApplications]
2026-04-28T14:13:13.012+01:00 DEBUG 15528 --- [finance-service] [nio-8090-exec-4] o.s.web.servlet.DispatcherServlet        : GET "/api/notifications", parameters={}
2026-04-28T14:13:13.015+01:00 DEBUG 15528 --- [finance-service] [nio-8090-exec-4] s.w.s.m.m.a.RequestMappingHandlerMapping : Mapped to org.example.plansync.controller.NotificationController#getMyNotifications()
2026-04-28T14:13:13.036+01:00 DEBUG 15528 --- [finance-service] [nio-8090-exec-4] org.hibernate.SQL                        : select n1_0.id,n1_0.created_at,n1_0.message,n1_0.project_id,n1_0.is_read,n1_0.title,n1_0.type,n1_0.user_id from notifications n1_0 where n1_0.user_id in (?,?,?) order by n1_0.created_at desc
Hibernate: select n1_0.id,n1_0.created_at,n1_0.message,n1_0.project_id,n1_0.is_read,n1_0.title,n1_0.type,n1_0.user_id from notifications n1_0 where n1_0.user_id in (?,?,?) order by n1_0.created_at desc
2026-04-28T14:13:13.040+01:00 DEBUG 15528 --- [finance-service] [nio-8090-exec-4] m.m.a.RequestResponseBodyMethodProcessor : Using 'application/json', given [application/json, text/plain, */*] and supported [application/json, application/*+json]
2026-04-28T14:13:13.041+01:00 DEBUG 15528 --- [finance-service] [nio-8090-exec-4] m.m.a.RequestResponseBodyMethodProcessor : Writing [[]]
2026-04-28T14:13:13.042+01:00 DEBUG 15528 --- [finance-service] [nio-8090-exec-4] o.s.web.servlet.DispatcherServlet        : Completed 200 OK
2026-04-28T14:13:19.846+01:00 DEBUG 15528 --- [finance-service] [beatExecutor-%d] o.s.web.client.RestTemplate              : HTTP PUT http://localhost:8761/eureka/apps/FINANCE-SERVICE/finance-service:8090?status=UP&lastDirtyTimestamp=1777381309206
2026-04-28T14:13:19.846+01:00 DEBUG 15528 --- [finance-service] [beatExecutor-%d] o.s.web.client.RestTemplate              : Accept=[application/json, application/*+json]
2026-04-28T14:13:19.864+01:00 DEBUG 15528 --- [finance-service] [beatExecutor-%d] o.s.web.client.RestTemplate              : Response 200 OK
2026-04-28T14:13:19.992+01:00 DEBUG 15528 --- [finance-service] [reshExecutor-%d] o.s.web.client.RestTemplate              : HTTP GET http://localhost:8761/eureka/apps/delta
2026-04-28T14:13:19.996+01:00 DEBUG 15528 --- [finance-service] [reshExecutor-%d] o.s.web.client.RestTemplate              : Accept=[application/json, application/*+json]
2026-04-28T14:13:20.009+01:00 DEBUG 15528 --- [finance-service] [reshExecutor-%d] o.s.web.client.RestTemplate              : Response 200 OK
2026-04-28T14:13:20.010+01:00 DEBUG 15528 --- [finance-service] [reshExecutor-%d] o.s.web.client.RestTemplate              : Reading to [org.springframework.cloud.netflix.eureka.http.EurekaApplications]
2026-04-28T14:13:49.882+01:00 DEBUG 15528 --- [finance-service] [beatExecutor-%d] o.s.web.client.RestTemplate              : HTTP PUT http://localhost:8761/eureka/apps/FINANCE-SERVICE/finance-service:8090?status=UP&lastDirtyTimestamp=1777381309206
2026-04-28T14:13:49.886+01:00 DEBUG 15528 --- [finance-service] [beatExecutor-%d] o.s.web.client.RestTemplate              : Accept=[application/json, application/*+json]
2026-04-28T14:13:49.898+01:00 DEBUG 15528 --- [finance-service] [beatExecutor-%d] o.s.web.client.RestTemplate              : Response 200 OK
2026-04-28T14:13:50.012+01:00 DEBUG 15528 --- [finance-service] [reshExecutor-%d] o.s.web.client.RestTemplate              : HTTP GET http://localhost:8761/eureka/apps/delta
2026-04-28T14:13:50.012+01:00 DEBUG 15528 --- [finance-service] [reshExecutor-%d] o.s.web.client.RestTemplate              : Accept=[application/json, application/*+json]
2026-04-28T14:13:50.033+01:00 DEBUG 15528 --- [finance-service] [reshExecutor-%d] o.s.web.client.RestTemplate              : Response 200 OK
2026-04-28T14:13:50.033+01:00 DEBUG 15528 --- [finance-service] [reshExecutor-%d] o.s.web.client.RestTemplate              : Reading to [org.springframework.cloud.netflix.eureka.http.EurekaApplications]
2026-04-28T14:14:11.013+01:00 DEBUG 15528 --- [finance-service] [nio-8090-exec-1] o.s.web.servlet.DispatcherServlet        : GET "/api/notifications", parameters={}
2026-04-28T14:14:11.013+01:00 DEBUG 15528 --- [finance-service] [nio-8090-exec-1] s.w.s.m.m.a.RequestMappingHandlerMapping : Mapped to org.example.plansync.controller.NotificationController#getMyNotifications()
2026-04-28T14:14:11.062+01:00 DEBUG 15528 --- [finance-service] [nio-8090-exec-1] org.hibernate.SQL                        : select n1_0.id,n1_0.created_at,n1_0.message,n1_0.project_id,n1_0.is_read,n1_0.title,n1_0.type,n1_0.user_id from notifications n1_0 where n1_0.user_id in (?,?,?) order by n1_0.created_at desc
Hibernate: select n1_0.id,n1_0.created_at,n1_0.message,n1_0.project_id,n1_0.is_read,n1_0.title,n1_0.type,n1_0.user_id from notifications n1_0 where n1_0.user_id in (?,?,?) order by n1_0.created_at desc
2026-04-28T14:14:11.067+01:00 DEBUG 15528 --- [finance-service] [nio-8090-exec-1] m.m.a.RequestResponseBodyMethodProcessor : Using 'application/json', given [application/json, text/plain, */*] and supported [application/json, application/*+json]
2026-04-28T14:14:11.068+01:00 DEBUG 15528 --- [finance-service] [nio-8090-exec-1] m.m.a.RequestResponseBodyMethodProcessor : Writing [[]]
2026-04-28T14:14:11.071+01:00 DEBUG 15528 --- [finance-service] [nio-8090-exec-1] o.s.web.servlet.DispatcherServlet        : Completed 200 OK
2026-04-28T14:14:19.900+01:00 DEBUG 15528 --- [finance-service] [beatExecutor-%d] o.s.web.client.RestTemplate              : HTTP PUT http://localhost:8761/eureka/apps/FINANCE-SERVICE/finance-service:8090?status=UP&lastDirtyTimestamp=1777381309206
2026-04-28T14:14:19.905+01:00 DEBUG 15528 --- [finance-service] [beatExecutor-%d] o.s.web.client.RestTemplate              : Accept=[application/json, application/*+json]
2026-04-28T14:14:19.922+01:00 DEBUG 15528 --- [finance-service] [beatExecutor-%d] o.s.web.client.RestTemplate              : Response 200 OK
2026-04-28T14:14:20.040+01:00 DEBUG 15528 --- [finance-service] [reshExecutor-%d] o.s.web.client.RestTemplate              : HTTP GET http://localhost:8761/eureka/apps/delta
2026-04-28T14:14:20.040+01:00 DEBUG 15528 --- [finance-service] [reshExecutor-%d] o.s.web.client.RestTemplate              : Accept=[application/json, application/*+json]
2026-04-28T14:14:20.049+01:00 DEBUG 15528 --- [finance-service] [reshExecutor-%d] o.s.web.client.RestTemplate              : Response 200 OK
2026-04-28T14:14:20.050+01:00 DEBUG 15528 --- [finance-service] [reshExecutor-%d] o.s.web.client.RestTemplate              : Reading to [org.springframework.cloud.netflix.eureka.http.EurekaApplications]
2026-04-28T14:14:31.025+01:00 DEBUG 15528 --- [finance-service] [nio-8090-exec-5] o.s.web.servlet.DispatcherServlet        : GET "/api/notifications", parameters={}
2026-04-28T14:14:31.025+01:00 DEBUG 15528 --- [finance-service] [nio-8090-exec-5] s.w.s.m.m.a.RequestMappingHandlerMapping : Mapped to org.example.plansync.controller.NotificationController#getMyNotifications()
2026-04-28T14:14:31.056+01:00 DEBUG 15528 --- [finance-service] [nio-8090-exec-5] org.hibernate.SQL                        : select n1_0.id,n1_0.created_at,n1_0.message,n1_0.project_id,n1_0.is_read,n1_0.title,n1_0.type,n1_0.user_id from notifications n1_0 where n1_0.user_id in (?,?,?) order by n1_0.created_at desc
Hibernate: select n1_0.id,n1_0.created_at,n1_0.message,n1_0.project_id,n1_0.is_read,n1_0.title,n1_0.type,n1_0.user_id from notifications n1_0 where n1_0.user_id in (?,?,?) order by n1_0.created_at desc
2026-04-28T14:14:31.060+01:00 DEBUG 15528 --- [finance-service] [nio-8090-exec-5] m.m.a.RequestResponseBodyMethodProcessor : Using 'application/json', given [application/json, text/plain, */*] and supported [application/json, application/*+json]
2026-04-28T14:14:31.062+01:00 DEBUG 15528 --- [finance-service] [nio-8090-exec-5] m.m.a.RequestResponseBodyMethodProcessor : Writing [[]]
2026-04-28T14:14:31.067+01:00 DEBUG 15528 --- [finance-service] [nio-8090-exec-5] o.s.web.servlet.DispatcherServlet        : Completed 200 OK
2026-04-28T14:14:49.943+01:00 DEBUG 15528 --- [finance-service] [beatExecutor-%d] o.s.web.client.RestTemplate              : HTTP PUT http://localhost:8761/eureka/apps/FINANCE-SERVICE/finance-service:8090?status=UP&lastDirtyTimestamp=1777381309206
2026-04-28T14:14:49.943+01:00 DEBUG 15528 --- [finance-service] [beatExecutor-%d] o.s.web.client.RestTemplate              : Accept=[application/json, application/*+json]
2026-04-28T14:14:49.977+01:00 DEBUG 15528 --- [finance-service] [beatExecutor-%d] o.s.web.client.RestTemplate              : Response 200 OK
2026-04-28T14:14:50.052+01:00 DEBUG 15528 --- [finance-service] [reshExecutor-%d] o.s.web.client.RestTemplate              : HTTP GET http://localhost:8761/eureka/apps/delta
2026-04-28T14:14:50.057+01:00 DEBUG 15528 --- [finance-service] [reshExecutor-%d] o.s.web.client.RestTemplate              : Accept=[application/json, application/*+json]
2026-04-28T14:14:50.078+01:00 DEBUG 15528 --- [finance-service] [reshExecutor-%d] o.s.web.client.RestTemplate              : Response 200 OK
2026-04-28T14:14:50.079+01:00 DEBUG 15528 --- [finance-service] [reshExecutor-%d] o.s.web.client.RestTemplate              : Reading to [org.springframework.cloud.netflix.eureka.http.EurekaApplications]
2026-04-28T14:14:50.978+01:00 DEBUG 15528 --- [finance-service] [nio-8090-exec-8] o.s.web.servlet.DispatcherServlet        : GET "/api/notifications", parameters={}
2026-04-28T14:14:50.978+01:00 DEBUG 15528 --- [finance-service] [nio-8090-exec-8] s.w.s.m.m.a.RequestMappingHandlerMapping : Mapped to org.example.plansync.controller.NotificationController#getMyNotifications()
2026-04-28T14:14:51.010+01:00 DEBUG 15528 --- [finance-service] [nio-8090-exec-8] org.hibernate.SQL                        : select n1_0.id,n1_0.created_at,n1_0.message,n1_0.project_id,n1_0.is_read,n1_0.title,n1_0.type,n1_0.user_id from notifications n1_0 where n1_0.user_id in (?,?,?) order by n1_0.created_at desc
Hibernate: select n1_0.id,n1_0.created_at,n1_0.message,n1_0.project_id,n1_0.is_read,n1_0.title,n1_0.type,n1_0.user_id from notifications n1_0 where n1_0.user_id in (?,?,?) order by n1_0.created_at desc
2026-04-28T14:14:51.027+01:00 DEBUG 15528 --- [finance-service] [nio-8090-exec-8] m.m.a.RequestResponseBodyMethodProcessor : Using 'application/json', given [application/json, text/plain, */*] and supported [application/json, application/*+json]
2026-04-28T14:14:51.027+01:00 DEBUG 15528 --- [finance-service] [nio-8090-exec-8] m.m.a.RequestResponseBodyMethodProcessor : Writing [[]]
2026-04-28T14:14:51.042+01:00 DEBUG 15528 --- [finance-service] [nio-8090-exec-8] o.s.web.servlet.DispatcherServlet        : Completed 200 OK
2026-04-28T14:15:10.982+01:00 DEBUG 15528 --- [finance-service] [io-8090-exec-10] o.s.web.servlet.DispatcherServlet        : GET "/api/notifications", parameters={}
2026-04-28T14:15:10.982+01:00 DEBUG 15528 --- [finance-service] [io-8090-exec-10] s.w.s.m.m.a.RequestMappingHandlerMapping : Mapped to org.example.plansync.controller.NotificationController#getMyNotifications()
2026-04-28T14:15:11.031+01:00 DEBUG 15528 --- [finance-service] [io-8090-exec-10] org.hibernate.SQL                        : select n1_0.id,n1_0.created_at,n1_0.message,n1_0.project_id,n1_0.is_read,n1_0.title,n1_0.type,n1_0.user_id from notifications n1_0 where n1_0.user_id in (?,?,?) order by n1_0.created_at desc
Hibernate: select n1_0.id,n1_0.created_at,n1_0.message,n1_0.project_id,n1_0.is_read,n1_0.title,n1_0.type,n1_0.user_id from notifications n1_0 where n1_0.user_id in (?,?,?) order by n1_0.created_at desc
2026-04-28T14:15:11.031+01:00 DEBUG 15528 --- [finance-service] [io-8090-exec-10] m.m.a.RequestResponseBodyMethodProcessor : Using 'application/json', given [application/json, text/plain, */*] and supported [application/json, application/*+json]
2026-04-28T14:15:11.031+01:00 DEBUG 15528 --- [finance-service] [io-8090-exec-10] m.m.a.RequestResponseBodyMethodProcessor : Writing [[]]
2026-04-28T14:15:11.048+01:00 DEBUG 15528 --- [finance-service] [io-8090-exec-10] o.s.web.servlet.DispatcherServlet        : Completed 200 OK
2026-04-28T14:15:16.365+01:00  INFO 15528 --- [finance-service] [rap-executor-%d] c.n.d.s.r.aws.ConfigClusterResolver      : Resolving eureka endpoints via configuration
2026-04-28T14:15:20.004+01:00 DEBUG 15528 --- [finance-service] [beatExecutor-%d] o.s.web.client.RestTemplate              : HTTP PUT http://localhost:8761/eureka/apps/FINANCE-SERVICE/finance-service:8090?status=UP&lastDirtyTimestamp=1777381309206
2026-04-28T14:15:20.006+01:00 DEBUG 15528 --- [finance-service] [beatExecutor-%d] o.s.web.client.RestTemplate              : Accept=[application/json, application/*+json]
2026-04-28T14:15:20.011+01:00 DEBUG 15528 --- [finance-service] [beatExecutor-%d] o.s.web.client.RestTemplate              : Response 200 OK
2026-04-28T14:15:20.096+01:00 DEBUG 15528 --- [finance-service] [reshExecutor-%d] o.s.web.client.RestTemplate              : HTTP GET http://localhost:8761/eureka/apps/delta
2026-04-28T14:15:20.098+01:00 DEBUG 15528 --- [finance-service] [reshExecutor-%d] o.s.web.client.RestTemplate              : Accept=[application/json, application/*+json]
2026-04-28T14:15:20.109+01:00 DEBUG 15528 --- [finance-service] [reshExecutor-%d] o.s.web.client.RestTemplate              : Response 200 OK
2026-04-28T14:15:20.110+01:00 DEBUG 15528 --- [finance-service] [reshExecutor-%d] o.s.web.client.RestTemplate              : Reading to [org.springframework.cloud.netflix.eureka.http.EurekaApplications]
2026-04-28T14:15:50.020+01:00 DEBUG 15528 --- [finance-service] [beatExecutor-%d] o.s.web.client.RestTemplate              : HTTP PUT http://localhost:8761/eureka/apps/FINANCE-SERVICE/finance-service:8090?status=UP&lastDirtyTimestamp=1777381309206
2026-04-28T14:15:50.024+01:00 DEBUG 15528 --- [finance-service] [beatExecutor-%d] o.s.web.client.RestTemplate              : Accept=[application/json, application/*+json]
2026-04-28T14:15:50.037+01:00 DEBUG 15528 --- [finance-service] [beatExecutor-%d] o.s.web.client.RestTemplate              : Response 200 OK
2026-04-28T14:15:50.115+01:00 DEBUG 15528 --- [finance-service] [reshExecutor-%d] o.s.web.client.RestTemplate              : HTTP GET http://localhost:8761/eureka/apps/delta
2026-04-28T14:15:50.117+01:00 DEBUG 15528 --- [finance-service] [reshExecutor-%d] o.s.web.client.RestTemplate              : Accept=[application/json, application/*+json]
2026-04-28T14:15:50.130+01:00 DEBUG 15528 --- [finance-service] [reshExecutor-%d] o.s.web.client.RestTemplate              : Response 200 OK
2026-04-28T14:15:50.131+01:00 DEBUG 15528 --- [finance-service] [reshExecutor-%d] o.s.web.client.RestTemplate              : Reading to [org.springframework.cloud.netflix.eureka.http.EurekaApplications]
2026-04-28T14:16:04.348+01:00 DEBUG 15528 --- [finance-service] [nio-8090-exec-4] o.s.web.servlet.DispatcherServlet        : GET "/api/notifications", parameters={}
2026-04-28T14:16:04.355+01:00 DEBUG 15528 --- [finance-service] [nio-8090-exec-4] s.w.s.m.m.a.RequestMappingHandlerMapping : Mapped to org.example.plansync.controller.NotificationController#getMyNotifications()
2026-04-28T14:16:04.355+01:00 DEBUG 15528 --- [finance-service] [nio-8090-exec-4] org.hibernate.SQL                        : select n1_0.id,n1_0.created_at,n1_0.message,n1_0.project_id,n1_0.is_read,n1_0.title,n1_0.type,n1_0.user_id from notifications n1_0 where n1_0.user_id in (?,?,?) order by n1_0.created_at desc
Hibernate: select n1_0.id,n1_0.created_at,n1_0.message,n1_0.project_id,n1_0.is_read,n1_0.title,n1_0.type,n1_0.user_id from notifications n1_0 where n1_0.user_id in (?,?,?) order by n1_0.created_at desc
2026-04-28T14:16:04.355+01:00 DEBUG 15528 --- [finance-service] [nio-8090-exec-4] m.m.a.RequestResponseBodyMethodProcessor : Using 'application/json', given [application/json, text/plain, */*] and supported [application/json, application/*+json]
2026-04-28T14:16:04.355+01:00 DEBUG 15528 --- [finance-service] [nio-8090-exec-4] m.m.a.RequestResponseBodyMethodProcessor : Writing [[]]
2026-04-28T14:16:04.362+01:00 DEBUG 15528 --- [finance-service] [nio-8090-exec-4] o.s.web.servlet.DispatcherServlet        : Completed 200 OK
2026-04-28T14:16:20.042+01:00 DEBUG 15528 --- [finance-service] [beatExecutor-%d] o.s.web.client.RestTemplate              : HTTP PUT http://localhost:8761/eureka/apps/FINANCE-SERVICE/finance-service:8090?status=UP&lastDirtyTimestamp=1777381309206
2026-04-28T14:16:20.045+01:00 DEBUG 15528 --- [finance-service] [beatExecutor-%d] o.s.web.client.RestTemplate              : Accept=[application/json, application/*+json]
2026-04-28T14:16:20.051+01:00 DEBUG 15528 --- [finance-service] [beatExecutor-%d] o.s.web.client.RestTemplate              : Response 200 OK
2026-04-28T14:16:20.146+01:00 DEBUG 15528 --- [finance-service] [reshExecutor-%d] o.s.web.client.RestTemplate              : HTTP GET http://localhost:8761/eureka/apps/delta
2026-04-28T14:16:20.148+01:00 DEBUG 15528 --- [finance-service] [reshExecutor-%d] o.s.web.client.RestTemplate              : Accept=[application/json, application/*+json]
2026-04-28T14:16:20.155+01:00 DEBUG 15528 --- [finance-service] [reshExecutor-%d] o.s.web.client.RestTemplate              : Response 200 OK
2026-04-28T14:16:20.155+01:00 DEBUG 15528 --- [finance-service] [reshExecutor-%d] o.s.web.client.RestTemplate              : Reading to [org.springframework.cloud.netflix.eureka.http.EurekaApplications]
2026-04-28T14:16:23.976+01:00 DEBUG 15528 --- [finance-service] [nio-8090-exec-1] o.s.web.servlet.DispatcherServlet        : GET "/api/notifications", parameters={}
2026-04-28T14:16:23.976+01:00 DEBUG 15528 --- [finance-service] [nio-8090-exec-1] s.w.s.m.m.a.RequestMappingHandlerMapping : Mapped to org.example.plansync.controller.NotificationController#getMyNotifications()
2026-04-28T14:16:23.991+01:00 DEBUG 15528 --- [finance-service] [nio-8090-exec-1] org.hibernate.SQL                        : select n1_0.id,n1_0.created_at,n1_0.message,n1_0.project_id,n1_0.is_read,n1_0.title,n1_0.type,n1_0.user_id from notifications n1_0 where n1_0.user_id in (?,?,?) order by n1_0.created_at desc
Hibernate: select n1_0.id,n1_0.created_at,n1_0.message,n1_0.project_id,n1_0.is_read,n1_0.title,n1_0.type,n1_0.user_id from notifications n1_0 where n1_0.user_id in (?,?,?) order by n1_0.created_at desc
2026-04-28T14:16:23.996+01:00 DEBUG 15528 --- [finance-service] [nio-8090-exec-1] m.m.a.RequestResponseBodyMethodProcessor : Using 'application/json', given [application/json, text/plain, */*] and supported [application/json, application/*+json]
2026-04-28T14:16:23.998+01:00 DEBUG 15528 --- [finance-service] [nio-8090-exec-1] m.m.a.RequestResponseBodyMethodProcessor : Writing [[]]
2026-04-28T14:16:24.000+01:00 DEBUG 15528 --- [finance-service] [nio-8090-exec-1] o.s.web.servlet.DispatcherServlet        : Completed 200 OK
2026-04-28T14:16:43.959+01:00 DEBUG 15528 --- [finance-service] [nio-8090-exec-5] o.s.web.servlet.DispatcherServlet        : GET "/api/notifications", parameters={}
2026-04-28T14:16:43.960+01:00 DEBUG 15528 --- [finance-service] [nio-8090-exec-5] s.w.s.m.m.a.RequestMappingHandlerMapping : Mapped to org.example.plansync.controller.NotificationController#getMyNotifications()
2026-04-28T14:16:43.967+01:00 DEBUG 15528 --- [finance-service] [nio-8090-exec-5] org.hibernate.SQL                        : select n1_0.id,n1_0.created_at,n1_0.message,n1_0.project_id,n1_0.is_read,n1_0.title,n1_0.type,n1_0.user_id from notifications n1_0 where n1_0.user_id in (?,?,?) order by n1_0.created_at desc
Hibernate: select n1_0.id,n1_0.created_at,n1_0.message,n1_0.project_id,n1_0.is_read,n1_0.title,n1_0.type,n1_0.user_id from notifications n1_0 where n1_0.user_id in (?,?,?) order by n1_0.created_at desc
2026-04-28T14:16:43.967+01:00 DEBUG 15528 --- [finance-service] [nio-8090-exec-5] m.m.a.RequestResponseBodyMethodProcessor : Using 'application/json', given [application/json, text/plain, */*] and supported [application/json, application/*+json]
2026-04-28T14:16:43.967+01:00 DEBUG 15528 --- [finance-service] [nio-8090-exec-5] m.m.a.RequestResponseBodyMethodProcessor : Writing [[]]
2026-04-28T14:16:43.972+01:00 DEBUG 15528 --- [finance-service] [nio-8090-exec-5] o.s.web.servlet.DispatcherServlet        : Completed 200 OK
2026-04-28T14:16:50.066+01:00 DEBUG 15528 --- [finance-service] [beatExecutor-%d] o.s.web.client.RestTemplate              : HTTP PUT http://localhost:8761/eureka/apps/FINANCE-SERVICE/finance-service:8090?status=UP&lastDirtyTimestamp=1777381309206
2026-04-28T14:16:50.067+01:00 DEBUG 15528 --- [finance-service] [beatExecutor-%d] o.s.web.client.RestTemplate              : Accept=[application/json, application/*+json]
2026-04-28T14:16:50.083+01:00 DEBUG 15528 --- [finance-service] [beatExecutor-%d] o.s.web.client.RestTemplate              : Response 200 OK
2026-04-28T14:16:50.176+01:00 DEBUG 15528 --- [finance-service] [reshExecutor-%d] o.s.web.client.RestTemplate              : HTTP GET http://localhost:8761/eureka/apps/delta
2026-04-28T14:16:50.176+01:00 DEBUG 15528 --- [finance-service] [reshExecutor-%d] o.s.web.client.RestTemplate              : Accept=[application/json, application/*+json]
2026-04-28T14:16:50.231+01:00 DEBUG 15528 --- [finance-service] [reshExecutor-%d] o.s.web.client.RestTemplate              : Response 200 OK
2026-04-28T14:16:50.232+01:00 DEBUG 15528 --- [finance-service] [reshExecutor-%d] o.s.web.client.RestTemplate              : Reading to [org.springframework.cloud.netflix.eureka.http.EurekaApplications]
2026-04-28T14:17:03.978+01:00 DEBUG 15528 --- [finance-service] [nio-8090-exec-8] o.s.web.servlet.DispatcherServlet        : GET "/api/notifications", parameters={}
2026-04-28T14:17:03.986+01:00 DEBUG 15528 --- [finance-service] [nio-8090-exec-8] s.w.s.m.m.a.RequestMappingHandlerMapping : Mapped to org.example.plansync.controller.NotificationController#getMyNotifications()
2026-04-28T14:17:03.996+01:00 DEBUG 15528 --- [finance-service] [nio-8090-exec-8] org.hibernate.SQL                        : select n1_0.id,n1_0.created_at,n1_0.message,n1_0.project_id,n1_0.is_read,n1_0.title,n1_0.type,n1_0.user_id from notifications n1_0 where n1_0.user_id in (?,?,?) order by n1_0.created_at desc
Hibernate: select n1_0.id,n1_0.created_at,n1_0.message,n1_0.project_id,n1_0.is_read,n1_0.title,n1_0.type,n1_0.user_id from notifications n1_0 where n1_0.user_id in (?,?,?) order by n1_0.created_at desc
2026-04-28T14:17:04.011+01:00 DEBUG 15528 --- [finance-service] [nio-8090-exec-8] m.m.a.RequestResponseBodyMethodProcessor : Using 'application/json', given [application/json, text/plain, */*] and supported [application/json, application/*+json]
2026-04-28T14:17:04.011+01:00 DEBUG 15528 --- [finance-service] [nio-8090-exec-8] m.m.a.RequestResponseBodyMethodProcessor : Writing [[]]
2026-04-28T14:17:04.011+01:00 DEBUG 15528 --- [finance-service] [nio-8090-exec-8] o.s.web.servlet.DispatcherServlet        : Completed 200 OK
2026-04-28T14:17:20.087+01:00 DEBUG 15528 --- [finance-service] [beatExecutor-%d] o.s.web.client.RestTemplate              : HTTP PUT http://localhost:8761/eureka/apps/FINANCE-SERVICE/finance-service:8090?status=UP&lastDirtyTimestamp=1777381309206
2026-04-28T14:17:20.087+01:00 DEBUG 15528 --- [finance-service] [beatExecutor-%d] o.s.web.client.RestTemplate              : Accept=[application/json, application/*+json]
2026-04-28T14:17:20.103+01:00 DEBUG 15528 --- [finance-service] [beatExecutor-%d] o.s.web.client.RestTemplate              : Response 200 OK
2026-04-28T14:17:20.244+01:00 DEBUG 15528 --- [finance-service] [reshExecutor-%d] o.s.web.client.RestTemplate              : HTTP GET http://localhost:8761/eureka/apps/delta
2026-04-28T14:17:20.244+01:00 DEBUG 15528 --- [finance-service] [reshExecutor-%d] o.s.web.client.RestTemplate              : Accept=[application/json, application/*+json]
2026-04-28T14:17:20.259+01:00 DEBUG 15528 --- [finance-service] [reshExecutor-%d] o.s.web.client.RestTemplate              : Response 200 OK
2026-04-28T14:17:20.268+01:00 DEBUG 15528 --- [finance-service] [reshExecutor-%d] o.s.web.client.RestTemplate              : Reading to [org.springframework.cloud.netflix.eureka.http.EurekaApplications]
2026-04-28T14:17:50.113+01:00 DEBUG 15528 --- [finance-service] [beatExecutor-%d] o.s.web.client.RestTemplate              : HTTP PUT http://localhost:8761/eureka/apps/FINANCE-SERVICE/finance-service:8090?status=UP&lastDirtyTimestamp=1777381309206
2026-04-28T14:17:50.113+01:00 DEBUG 15528 --- [finance-service] [beatExecutor-%d] o.s.web.client.RestTemplate              : Accept=[application/json, application/*+json]
2026-04-28T14:17:50.133+01:00 DEBUG 15528 --- [finance-service] [beatExecutor-%d] o.s.web.client.RestTemplate              : Response 200 OK
2026-04-28T14:17:50.288+01:00 DEBUG 15528 --- [finance-service] [reshExecutor-%d] o.s.web.client.RestTemplate              : HTTP GET http://localhost:8761/eureka/apps/delta
2026-04-28T14:17:50.290+01:00 DEBUG 15528 --- [finance-service] [reshExecutor-%d] o.s.web.client.RestTemplate              : Accept=[application/json, application/*+json]
2026-04-28T14:17:50.305+01:00 DEBUG 15528 --- [finance-service] [reshExecutor-%d] o.s.web.client.RestTemplate              : Response 200 OK
2026-04-28T14:17:50.306+01:00 DEBUG 15528 --- [finance-service] [reshExecutor-%d] o.s.web.client.RestTemplate              : Reading to [org.springframework.cloud.netflix.eureka.http.EurekaApplications]
2026-04-28T14:18:13.013+01:00 DEBUG 15528 --- [finance-service] [nio-8090-exec-6] o.s.web.servlet.DispatcherServlet        : GET "/api/notifications", parameters={}
2026-04-28T14:18:13.019+01:00 DEBUG 15528 --- [finance-service] [nio-8090-exec-6] s.w.s.m.m.a.RequestMappingHandlerMapping : Mapped to org.example.plansync.controller.NotificationController#getMyNotifications()
2026-04-28T14:18:13.033+01:00 DEBUG 15528 --- [finance-service] [nio-8090-exec-6] org.hibernate.SQL                        : select n1_0.id,n1_0.created_at,n1_0.message,n1_0.project_id,n1_0.is_read,n1_0.title,n1_0.type,n1_0.user_id from notifications n1_0 where n1_0.user_id in (?,?,?) order by n1_0.created_at desc
Hibernate: select n1_0.id,n1_0.created_at,n1_0.message,n1_0.project_id,n1_0.is_read,n1_0.title,n1_0.type,n1_0.user_id from notifications n1_0 where n1_0.user_id in (?,?,?) order by n1_0.created_at desc
2026-04-28T14:18:13.037+01:00 DEBUG 15528 --- [finance-service] [nio-8090-exec-6] m.m.a.RequestResponseBodyMethodProcessor : Using 'application/json', given [application/json, text/plain, */*] and supported [application/json, application/*+json]
2026-04-28T14:18:13.039+01:00 DEBUG 15528 --- [finance-service] [nio-8090-exec-6] m.m.a.RequestResponseBodyMethodProcessor : Writing [[]]
2026-04-28T14:18:13.042+01:00 DEBUG 15528 --- [finance-service] [nio-8090-exec-6] o.s.web.servlet.DispatcherServlet        : Completed 200 OK
2026-04-28T14:18:20.165+01:00 DEBUG 15528 --- [finance-service] [beatExecutor-%d] o.s.web.client.RestTemplate              : HTTP PUT http://localhost:8761/eureka/apps/FINANCE-SERVICE/finance-service:8090?status=UP&lastDirtyTimestamp=1777381309206
2026-04-28T14:18:20.169+01:00 DEBUG 15528 --- [finance-service] [beatExecutor-%d] o.s.web.client.RestTemplate              : Accept=[application/json, application/*+json]
2026-04-28T14:18:20.184+01:00 DEBUG 15528 --- [finance-service] [beatExecutor-%d] o.s.web.client.RestTemplate              : Response 200 OK
2026-04-28T14:18:20.323+01:00 DEBUG 15528 --- [finance-service] [reshExecutor-%d] o.s.web.client.RestTemplate              : HTTP GET http://localhost:8761/eureka/apps/delta
2026-04-28T14:18:20.328+01:00 DEBUG 15528 --- [finance-service] [reshExecutor-%d] o.s.web.client.RestTemplate              : Accept=[application/json, application/*+json]
2026-04-28T14:18:20.343+01:00 DEBUG 15528 --- [finance-service] [reshExecutor-%d] o.s.web.client.RestTemplate              : Response 200 OK
2026-04-28T14:18:20.346+01:00 DEBUG 15528 --- [finance-service] [reshExecutor-%d] o.s.web.client.RestTemplate              : Reading to [org.springframework.cloud.netflix.eureka.http.EurekaApplications]
2026-04-28T14:18:50.195+01:00 DEBUG 15528 --- [finance-service] [beatExecutor-%d] o.s.web.client.RestTemplate              : HTTP PUT http://localhost:8761/eureka/apps/FINANCE-SERVICE/finance-service:8090?status=UP&lastDirtyTimestamp=1777381309206
2026-04-28T14:18:50.200+01:00 DEBUG 15528 --- [finance-service] [beatExecutor-%d] o.s.web.client.RestTemplate              : Accept=[application/json, application/*+json]
2026-04-28T14:18:50.208+01:00 DEBUG 15528 --- [finance-service] [beatExecutor-%d] o.s.web.client.RestTemplate              : Response 200 OK
2026-04-28T14:18:50.360+01:00 DEBUG 15528 --- [finance-service] [reshExecutor-%d] o.s.web.client.RestTemplate              : HTTP GET http://localhost:8761/eureka/apps/delta
2026-04-28T14:18:50.364+01:00 DEBUG 15528 --- [finance-service] [reshExecutor-%d] o.s.web.client.RestTemplate              : Accept=[application/json, application/*+json]
2026-04-28T14:18:50.370+01:00 DEBUG 15528 --- [finance-service] [reshExecutor-%d] o.s.web.client.RestTemplate              : Response 200 OK
2026-04-28T14:18:50.370+01:00 DEBUG 15528 --- [finance-service] [reshExecutor-%d] o.s.web.client.RestTemplate              : Reading to [org.springframework.cloud.netflix.eureka.http.EurekaApplications]
2026-04-28T14:19:13.055+01:00 DEBUG 15528 --- [finance-service] [nio-8090-exec-2] o.s.web.servlet.DispatcherServlet        : GET "/api/notifications", parameters={}
2026-04-28T14:19:13.059+01:00 DEBUG 15528 --- [finance-service] [nio-8090-exec-2] s.w.s.m.m.a.RequestMappingHandlerMapping : Mapped to org.example.plansync.controller.NotificationController#getMyNotifications()
2026-04-28T14:19:13.061+01:00 DEBUG 15528 --- [finance-service] [nio-8090-exec-2] org.hibernate.SQL                        : select n1_0.id,n1_0.created_at,n1_0.message,n1_0.project_id,n1_0.is_read,n1_0.title,n1_0.type,n1_0.user_id from notifications n1_0 where n1_0.user_id in (?,?,?) order by n1_0.created_at desc
Hibernate: select n1_0.id,n1_0.created_at,n1_0.message,n1_0.project_id,n1_0.is_read,n1_0.title,n1_0.type,n1_0.user_id from notifications n1_0 where n1_0.user_id in (?,?,?) order by n1_0.created_at desc
2026-04-28T14:19:13.061+01:00 DEBUG 15528 --- [finance-service] [nio-8090-exec-2] m.m.a.RequestResponseBodyMethodProcessor : Using 'application/json', given [application/json, text/plain, */*] and supported [application/json, application/*+json]
2026-04-28T14:19:13.061+01:00 DEBUG 15528 --- [finance-service] [nio-8090-exec-2] m.m.a.RequestResponseBodyMethodProcessor : Writing [[]]
2026-04-28T14:19:13.071+01:00 DEBUG 15528 --- [finance-service] [nio-8090-exec-2] o.s.web.servlet.DispatcherServlet        : Completed 200 OK
2026-04-28T14:19:20.211+01:00 DEBUG 15528 --- [finance-service] [beatExecutor-%d] o.s.web.client.RestTemplate              : HTTP PUT http://localhost:8761/eureka/apps/FINANCE-SERVICE/finance-service:8090?status=UP&lastDirtyTimestamp=1777381309206
2026-04-28T14:19:20.211+01:00 DEBUG 15528 --- [finance-service] [beatExecutor-%d] o.s.web.client.RestTemplate              : Accept=[application/json, application/*+json]
2026-04-28T14:19:20.227+01:00 DEBUG 15528 --- [finance-service] [beatExecutor-%d] o.s.web.client.RestTemplate              : Response 200 OK
2026-04-28T14:19:20.385+01:00 DEBUG 15528 --- [finance-service] [reshExecutor-%d] o.s.web.client.RestTemplate              : HTTP GET http://localhost:8761/eureka/apps/delta
2026-04-28T14:19:20.385+01:00 DEBUG 15528 --- [finance-service] [reshExecutor-%d] o.s.web.client.RestTemplate              : Accept=[application/json, application/*+json]
2026-04-28T14:19:20.401+01:00 DEBUG 15528 --- [finance-service] [reshExecutor-%d] o.s.web.client.RestTemplate              : Response 200 OK
2026-04-28T14:19:20.401+01:00 DEBUG 15528 --- [finance-service] [reshExecutor-%d] o.s.web.client.RestTemplate              : Reading to [org.springframework.cloud.netflix.eureka.http.EurekaApplications]
2026-04-28T14:19:50.231+01:00 DEBUG 15528 --- [finance-service] [beatExecutor-%d] o.s.web.client.RestTemplate              : HTTP PUT http://localhost:8761/eureka/apps/FINANCE-SERVICE/finance-service:8090?status=UP&lastDirtyTimestamp=1777381309206
2026-04-28T14:19:50.234+01:00 DEBUG 15528 --- [finance-service] [beatExecutor-%d] o.s.web.client.RestTemplate              : Accept=[application/json, application/*+json]
2026-04-28T14:19:50.247+01:00 DEBUG 15528 --- [finance-service] [beatExecutor-%d] o.s.web.client.RestTemplate              : Response 200 OK
2026-04-28T14:19:50.419+01:00 DEBUG 15528 --- [finance-service] [reshExecutor-%d] o.s.web.client.RestTemplate              : HTTP GET http://localhost:8761/eureka/apps/delta
2026-04-28T14:19:50.419+01:00 DEBUG 15528 --- [finance-service] [reshExecutor-%d] o.s.web.client.RestTemplate              : Accept=[application/json, application/*+json]
2026-04-28T14:19:50.437+01:00 DEBUG 15528 --- [finance-service] [reshExecutor-%d] o.s.web.client.RestTemplate              : Response 200 OK
2026-04-28T14:19:50.437+01:00 DEBUG 15528 --- [finance-service] [reshExecutor-%d] o.s.web.client.RestTemplate              : Reading to [org.springframework.cloud.netflix.eureka.http.EurekaApplications]
2026-04-28T14:20:12.969+01:00 DEBUG 15528 --- [finance-service] [nio-8090-exec-3] o.s.web.servlet.DispatcherServlet        : GET "/api/notifications", parameters={}
2026-04-28T14:20:12.969+01:00 DEBUG 15528 --- [finance-service] [nio-8090-exec-3] s.w.s.m.m.a.RequestMappingHandlerMapping : Mapped to org.example.plansync.controller.NotificationController#getMyNotifications()
2026-04-28T14:20:12.977+01:00 DEBUG 15528 --- [finance-service] [nio-8090-exec-3] org.hibernate.SQL                        : select n1_0.id,n1_0.created_at,n1_0.message,n1_0.project_id,n1_0.is_read,n1_0.title,n1_0.type,n1_0.user_id from notifications n1_0 where n1_0.user_id in (?,?,?) order by n1_0.created_at desc
Hibernate: select n1_0.id,n1_0.created_at,n1_0.message,n1_0.project_id,n1_0.is_read,n1_0.title,n1_0.type,n1_0.user_id from notifications n1_0 where n1_0.user_id in (?,?,?) order by n1_0.created_at desc
2026-04-28T14:20:12.983+01:00 DEBUG 15528 --- [finance-service] [nio-8090-exec-3] m.m.a.RequestResponseBodyMethodProcessor : Using 'application/json', given [application/json, text/plain, */*] and supported [application/json, application/*+json]
2026-04-28T14:20:12.983+01:00 DEBUG 15528 --- [finance-service] [nio-8090-exec-3] m.m.a.RequestResponseBodyMethodProcessor : Writing [[]]
2026-04-28T14:20:12.983+01:00 DEBUG 15528 --- [finance-service] [nio-8090-exec-3] o.s.web.servlet.DispatcherServlet        : Completed 200 OK
2026-04-28T14:20:16.371+01:00  INFO 15528 --- [finance-service] [rap-executor-%d] c.n.d.s.r.aws.ConfigClusterResolver      : Resolving eureka endpoints via configuration
2026-04-28T14:20:20.271+01:00 DEBUG 15528 --- [finance-service] [beatExecutor-%d] o.s.web.client.RestTemplate              : HTTP PUT http://localhost:8761/eureka/apps/FINANCE-SERVICE/finance-service:8090?status=UP&lastDirtyTimestamp=1777381309206
2026-04-28T14:20:20.271+01:00 DEBUG 15528 --- [finance-service] [beatExecutor-%d] o.s.web.client.RestTemplate              : Accept=[application/json, application/*+json]
2026-04-28T14:20:20.287+01:00 DEBUG 15528 --- [finance-service] [beatExecutor-%d] o.s.web.client.RestTemplate              : Response 200 OK
2026-04-28T14:20:20.463+01:00 DEBUG 15528 --- [finance-service] [reshExecutor-%d] o.s.web.client.RestTemplate              : HTTP GET http://localhost:8761/eureka/apps/delta
2026-04-28T14:20:20.463+01:00 DEBUG 15528 --- [finance-service] [reshExecutor-%d] o.s.web.client.RestTemplate              : Accept=[application/json, application/*+json]
2026-04-28T14:20:20.478+01:00 DEBUG 15528 --- [finance-service] [reshExecutor-%d] o.s.web.client.RestTemplate              : Response 200 OK
2026-04-28T14:20:20.478+01:00 DEBUG 15528 --- [finance-service] [reshExecutor-%d] o.s.web.client.RestTemplate              : Reading to [org.springframework.cloud.netflix.eureka.http.EurekaApplications]
2026-04-28T14:20:50.297+01:00 DEBUG 15528 --- [finance-service] [beatExecutor-%d] o.s.web.client.RestTemplate              : HTTP PUT http://localhost:8761/eureka/apps/FINANCE-SERVICE/finance-service:8090?status=UP&lastDirtyTimestamp=1777381309206
2026-04-28T14:20:50.297+01:00 DEBUG 15528 --- [finance-service] [beatExecutor-%d] o.s.web.client.RestTemplate              : Accept=[application/json, application/*+json]
2026-04-28T14:20:50.316+01:00 DEBUG 15528 --- [finance-service] [beatExecutor-%d] o.s.web.client.RestTemplate              : Response 200 OK
2026-04-28T14:20:50.487+01:00 DEBUG 15528 --- [finance-service] [reshExecutor-%d] o.s.web.client.RestTemplate              : HTTP GET http://localhost:8761/eureka/apps/delta
2026-04-28T14:20:50.487+01:00 DEBUG 15528 --- [finance-service] [reshExecutor-%d] o.s.web.client.RestTemplate              : Accept=[application/json, application/*+json]
2026-04-28T14:20:50.503+01:00 DEBUG 15528 --- [finance-service] [reshExecutor-%d] o.s.web.client.RestTemplate              : Response 200 OK
2026-04-28T14:20:50.503+01:00 DEBUG 15528 --- [finance-service] [reshExecutor-%d] o.s.web.client.RestTemplate              : Reading to [org.springframework.cloud.netflix.eureka.http.EurekaApplications]
2026-04-28T14:21:20.333+01:00 DEBUG 15528 --- [finance-service] [beatExecutor-%d] o.s.web.client.RestTemplate              : HTTP PUT http://localhost:8761/eureka/apps/FINANCE-SERVICE/finance-service:8090?status=UP&lastDirtyTimestamp=1777381309206
2026-04-28T14:21:20.338+01:00 DEBUG 15528 --- [finance-service] [beatExecutor-%d] o.s.web.client.RestTemplate              : Accept=[application/json, application/*+json]
2026-04-28T14:21:20.349+01:00 DEBUG 15528 --- [finance-service] [beatExecutor-%d] o.s.web.client.RestTemplate              : Response 200 OK
2026-04-28T14:21:20.524+01:00 DEBUG 15528 --- [finance-service] [reshExecutor-%d] o.s.web.client.RestTemplate              : HTTP GET http://localhost:8761/eureka/apps/delta
2026-04-28T14:21:20.524+01:00 DEBUG 15528 --- [finance-service] [reshExecutor-%d] o.s.web.client.RestTemplate              : Accept=[application/json, application/*+json]
2026-04-28T14:21:20.540+01:00 DEBUG 15528 --- [finance-service] [reshExecutor-%d] o.s.web.client.RestTemplate              : Response 200 OK
2026-04-28T14:21:20.540+01:00 DEBUG 15528 --- [finance-service] [reshExecutor-%d] o.s.web.client.RestTemplate              : Reading to [org.springframework.cloud.netflix.eureka.http.EurekaApplications]
2026-04-28T14:21:50.361+01:00 DEBUG 15528 --- [finance-service] [beatExecutor-%d] o.s.web.client.RestTemplate              : HTTP PUT http://localhost:8761/eureka/apps/FINANCE-SERVICE/finance-service:8090?status=UP&lastDirtyTimestamp=1777381309206
2026-04-28T14:21:50.361+01:00 DEBUG 15528 --- [finance-service] [beatExecutor-%d] o.s.web.client.RestTemplate              : Accept=[application/json, application/*+json]
2026-04-28T14:21:50.393+01:00 DEBUG 15528 --- [finance-service] [beatExecutor-%d] o.s.web.client.RestTemplate              : Response 404 NOT_FOUND
2026-04-28T14:21:50.393+01:00  INFO 15528 --- [finance-service] [beatExecutor-%d] com.netflix.discovery.DiscoveryClient    : DiscoveryClient_FINANCE-SERVICE/finance-service:8090 - Re-registering apps/FINANCE-SERVICE
2026-04-28T14:21:50.393+01:00  INFO 15528 --- [finance-service] [beatExecutor-%d] com.netflix.discovery.DiscoveryClient    : DiscoveryClient_FINANCE-SERVICE/finance-service:8090: registering service...
2026-04-28T14:21:50.393+01:00 DEBUG 15528 --- [finance-service] [beatExecutor-%d] o.s.web.client.RestTemplate              : HTTP POST http://localhost:8761/eureka/apps/FINANCE-SERVICE
2026-04-28T14:21:50.393+01:00 DEBUG 15528 --- [finance-service] [beatExecutor-%d] o.s.web.client.RestTemplate              : Accept=[application/json, application/*+json]
2026-04-28T14:21:50.424+01:00 DEBUG 15528 --- [finance-service] [beatExecutor-%d] o.s.web.client.RestTemplate              : Writing [InstanceInfo [instanceId = finance-service:8090, appName = FINANCE-SERVICE, hostName = localhost, status = UP, ipAddr = 172.20.10.2, port = 8090, securePort = 443, dataCenterInfo = com.netflix.appinfo.MyDataCenterInfo@3c81a51a] as "application/json"
2026-04-28T14:21:50.473+01:00 DEBUG 15528 --- [finance-service] [beatExecutor-%d] o.s.web.client.RestTemplate              : Response 204 NO_CONTENT
2026-04-28T14:21:50.473+01:00  INFO 15528 --- [finance-service] [beatExecutor-%d] com.netflix.discovery.DiscoveryClient    : DiscoveryClient_FINANCE-SERVICE/finance-service:8090 - registration status: 204
2026-04-28T14:21:50.552+01:00 DEBUG 15528 --- [finance-service] [reshExecutor-%d] o.s.web.client.RestTemplate              : HTTP GET http://localhost:8761/eureka/apps/delta
2026-04-28T14:21:50.552+01:00 DEBUG 15528 --- [finance-service] [reshExecutor-%d] o.s.web.client.RestTemplate              : Accept=[application/json, application/*+json]
2026-04-28T14:21:50.568+01:00 DEBUG 15528 --- [finance-service] [reshExecutor-%d] o.s.web.client.RestTemplate              : Response 200 OK
2026-04-28T14:21:50.568+01:00 DEBUG 15528 --- [finance-service] [reshExecutor-%d] o.s.web.client.RestTemplate              : Reading to [org.springframework.cloud.netflix.eureka.http.EurekaApplications]
2026-04-28T14:22:20.478+01:00 DEBUG 15528 --- [finance-service] [beatExecutor-%d] o.s.web.client.RestTemplate              : HTTP PUT http://localhost:8761/eureka/apps/FINANCE-SERVICE/finance-service:8090?status=UP&lastDirtyTimestamp=1777382510393
2026-04-28T14:22:20.481+01:00 DEBUG 15528 --- [finance-service] [beatExecutor-%d] o.s.web.client.RestTemplate              : Accept=[application/json, application/*+json]
2026-04-28T14:22:20.495+01:00 DEBUG 15528 --- [finance-service] [beatExecutor-%d] o.s.web.client.RestTemplate              : Response 200 OK
2026-04-28T14:22:20.573+01:00 DEBUG 15528 --- [finance-service] [reshExecutor-%d] o.s.web.client.RestTemplate              : HTTP GET http://localhost:8761/eureka/apps/delta
2026-04-28T14:22:20.574+01:00 DEBUG 15528 --- [finance-service] [reshExecutor-%d] o.s.web.client.RestTemplate              : Accept=[application/json, application/*+json]
2026-04-28T14:22:20.589+01:00 DEBUG 15528 --- [finance-service] [reshExecutor-%d] o.s.web.client.RestTemplate              : Response 200 OK
2026-04-28T14:22:20.589+01:00 DEBUG 15528 --- [finance-service] [reshExecutor-%d] o.s.web.client.RestTemplate              : Reading to [org.springframework.cloud.netflix.eureka.http.EurekaApplications]
2026-04-28T14:22:50.498+01:00 DEBUG 15528 --- [finance-service] [beatExecutor-%d] o.s.web.client.RestTemplate              : HTTP PUT http://localhost:8761/eureka/apps/FINANCE-SERVICE/finance-service:8090?status=UP&lastDirtyTimestamp=1777382510393
2026-04-28T14:22:50.503+01:00 DEBUG 15528 --- [finance-service] [beatExecutor-%d] o.s.web.client.RestTemplate              : Accept=[application/json, application/*+json]
2026-04-28T14:22:50.523+01:00 DEBUG 15528 --- [finance-service] [beatExecutor-%d] o.s.web.client.RestTemplate              : Response 404 NOT_FOUND
2026-04-28T14:22:50.525+01:00  INFO 15528 --- [finance-service] [beatExecutor-%d] com.netflix.discovery.DiscoveryClient    : DiscoveryClient_FINANCE-SERVICE/finance-service:8090 - Re-registering apps/FINANCE-SERVICE
2026-04-28T14:22:50.525+01:00  INFO 15528 --- [finance-service] [beatExecutor-%d] com.netflix.discovery.DiscoveryClient    : DiscoveryClient_FINANCE-SERVICE/finance-service:8090: registering service...
2026-04-28T14:22:50.525+01:00 DEBUG 15528 --- [finance-service] [beatExecutor-%d] o.s.web.client.RestTemplate              : HTTP POST http://localhost:8761/eureka/apps/FINANCE-SERVICE
2026-04-28T14:22:50.526+01:00 DEBUG 15528 --- [finance-service] [beatExecutor-%d] o.s.web.client.RestTemplate              : Accept=[application/json, application/*+json]
2026-04-28T14:22:50.527+01:00 DEBUG 15528 --- [finance-service] [beatExecutor-%d] o.s.web.client.RestTemplate              : Writing [InstanceInfo [instanceId = finance-service:8090, appName = FINANCE-SERVICE, hostName = localhost, status = UP, ipAddr = 172.20.10.2, port = 8090, securePort = 443, dataCenterInfo = com.netflix.appinfo.MyDataCenterInfo@3c81a51a] as "application/json"
2026-04-28T14:22:50.533+01:00 DEBUG 15528 --- [finance-service] [beatExecutor-%d] o.s.web.client.RestTemplate              : Response 204 NO_CONTENT
2026-04-28T14:22:50.533+01:00  INFO 15528 --- [finance-service] [beatExecutor-%d] com.netflix.discovery.DiscoveryClient    : DiscoveryClient_FINANCE-SERVICE/finance-service:8090 - registration status: 204
2026-04-28T14:22:50.593+01:00 DEBUG 15528 --- [finance-service] [reshExecutor-%d] o.s.web.client.RestTemplate              : HTTP GET http://localhost:8761/eureka/apps/delta
2026-04-28T14:22:50.594+01:00 DEBUG 15528 --- [finance-service] [reshExecutor-%d] o.s.web.client.RestTemplate              : Accept=[application/json, application/*+json]
2026-04-28T14:22:50.609+01:00 DEBUG 15528 --- [finance-service] [reshExecutor-%d] o.s.web.client.RestTemplate              : Response 200 OK
2026-04-28T14:22:50.610+01:00 DEBUG 15528 --- [finance-service] [reshExecutor-%d] o.s.web.client.RestTemplate              : Reading to [org.springframework.cloud.netflix.eureka.http.EurekaApplications]
2026-04-28T14:23:20.555+01:00 DEBUG 15528 --- [finance-service] [beatExecutor-%d] o.s.web.client.RestTemplate              : HTTP PUT http://localhost:8761/eureka/apps/FINANCE-SERVICE/finance-service:8090?status=UP&lastDirtyTimestamp=1777382570525
2026-04-28T14:23:20.568+01:00 DEBUG 15528 --- [finance-service] [beatExecutor-%d] o.s.web.client.RestTemplate              : Accept=[application/json, application/*+json]
2026-04-28T14:23:20.572+01:00 DEBUG 15528 --- [finance-service] [beatExecutor-%d] o.s.web.client.RestTemplate              : Response 200 OK
2026-04-28T14:23:20.625+01:00 DEBUG 15528 --- [finance-service] [reshExecutor-%d] o.s.web.client.RestTemplate              : HTTP GET http://localhost:8761/eureka/apps/delta
2026-04-28T14:23:20.626+01:00 DEBUG 15528 --- [finance-service] [reshExecutor-%d] o.s.web.client.RestTemplate              : Accept=[application/json, application/*+json]
2026-04-28T14:23:20.642+01:00 DEBUG 15528 --- [finance-service] [reshExecutor-%d] o.s.web.client.RestTemplate              : Response 200 OK
2026-04-28T14:23:20.643+01:00 DEBUG 15528 --- [finance-service] [reshExecutor-%d] o.s.web.client.RestTemplate              : Reading to [org.springframework.cloud.netflix.eureka.http.EurekaApplications]
2026-04-28T14:23:50.582+01:00 DEBUG 15528 --- [finance-service] [beatExecutor-%d] o.s.web.client.RestTemplate              : HTTP PUT http://localhost:8761/eureka/apps/FINANCE-SERVICE/finance-service:8090?status=UP&lastDirtyTimestamp=1777382570525
2026-04-28T14:23:50.585+01:00 DEBUG 15528 --- [finance-service] [beatExecutor-%d] o.s.web.client.RestTemplate              : Accept=[application/json, application/*+json]
2026-04-28T14:23:50.598+01:00 DEBUG 15528 --- [finance-service] [beatExecutor-%d] o.s.web.client.RestTemplate              : Response 200 OK
2026-04-28T14:23:50.660+01:00 DEBUG 15528 --- [finance-service] [reshExecutor-%d] o.s.web.client.RestTemplate              : HTTP GET http://localhost:8761/eureka/apps/delta
2026-04-28T14:23:50.661+01:00 DEBUG 15528 --- [finance-service] [reshExecutor-%d] o.s.web.client.RestTemplate              : Accept=[application/json, application/*+json]
2026-04-28T14:23:50.676+01:00 DEBUG 15528 --- [finance-service] [reshExecutor-%d] o.s.web.client.RestTemplate              : Response 200 OK
2026-04-28T14:23:50.677+01:00 DEBUG 15528 --- [finance-service] [reshExecutor-%d] o.s.web.client.RestTemplate              : Reading to [org.springframework.cloud.netflix.eureka.http.EurekaApplications]
2026-04-28T14:24:20.602+01:00 DEBUG 15528 --- [finance-service] [beatExecutor-%d] o.s.web.client.RestTemplate              : HTTP PUT http://localhost:8761/eureka/apps/FINANCE-SERVICE/finance-service:8090?status=UP&lastDirtyTimestamp=1777382570525
2026-04-28T14:24:20.606+01:00 DEBUG 15528 --- [finance-service] [beatExecutor-%d] o.s.web.client.RestTemplate              : Accept=[application/json, application/*+json]
2026-04-28T14:24:20.619+01:00 DEBUG 15528 --- [finance-service] [beatExecutor-%d] o.s.web.client.RestTemplate              : Response 200 OK
2026-04-28T14:24:20.686+01:00 DEBUG 15528 --- [finance-service] [reshExecutor-%d] o.s.web.client.RestTemplate              : HTTP GET http://localhost:8761/eureka/apps/delta
2026-04-28T14:24:20.690+01:00 DEBUG 15528 --- [finance-service] [reshExecutor-%d] o.s.web.client.RestTemplate              : Accept=[application/json, application/*+json]
2026-04-28T14:24:20.698+01:00 DEBUG 15528 --- [finance-service] [reshExecutor-%d] o.s.web.client.RestTemplate              : Response 200 OK
2026-04-28T14:24:20.699+01:00 DEBUG 15528 --- [finance-service] [reshExecutor-%d] o.s.web.client.RestTemplate              : Reading to [org.springframework.cloud.netflix.eureka.http.EurekaApplications]
2026-04-28T14:24:50.622+01:00 DEBUG 15528 --- [finance-service] [beatExecutor-%d] o.s.web.client.RestTemplate              : HTTP PUT http://localhost:8761/eureka/apps/FINANCE-SERVICE/finance-service:8090?status=UP&lastDirtyTimestamp=1777382570525
2026-04-28T14:24:50.626+01:00 DEBUG 15528 --- [finance-service] [beatExecutor-%d] o.s.web.client.RestTemplate              : Accept=[application/json, application/*+json]
2026-04-28T14:24:50.638+01:00 DEBUG 15528 --- [finance-service] [beatExecutor-%d] o.s.web.client.RestTemplate              : Response 200 OK
2026-04-28T14:24:50.716+01:00 DEBUG 15528 --- [finance-service] [reshExecutor-%d] o.s.web.client.RestTemplate              : HTTP GET http://localhost:8761/eureka/apps/delta
2026-04-28T14:24:50.716+01:00 DEBUG 15528 --- [finance-service] [reshExecutor-%d] o.s.web.client.RestTemplate              : Accept=[application/json, application/*+json]
2026-04-28T14:24:50.732+01:00 DEBUG 15528 --- [finance-service] [reshExecutor-%d] o.s.web.client.RestTemplate              : Response 200 OK
2026-04-28T14:24:50.733+01:00 DEBUG 15528 --- [finance-service] [reshExecutor-%d] o.s.web.client.RestTemplate              : Reading to [org.springframework.cloud.netflix.eureka.http.EurekaApplications]
2026-04-28T14:25:16.377+01:00  INFO 15528 --- [finance-service] [rap-executor-%d] c.n.d.s.r.aws.ConfigClusterResolver      : Resolving eureka endpoints via configuration
2026-04-28T14:25:20.641+01:00 DEBUG 15528 --- [finance-service] [beatExecutor-%d] o.s.web.client.RestTemplate              : HTTP PUT http://localhost:8761/eureka/apps/FINANCE-SERVICE/finance-service:8090?status=UP&lastDirtyTimestamp=1777382570525
2026-04-28T14:25:20.644+01:00 DEBUG 15528 --- [finance-service] [beatExecutor-%d] o.s.web.client.RestTemplate              : Accept=[application/json, application/*+json]
2026-04-28T14:25:20.658+01:00 DEBUG 15528 --- [finance-service] [beatExecutor-%d] o.s.web.client.RestTemplate              : Response 200 OK
2026-04-28T14:25:20.751+01:00 DEBUG 15528 --- [finance-service] [reshExecutor-%d] o.s.web.client.RestTemplate              : HTTP GET http://localhost:8761/eureka/apps/delta
2026-04-28T14:25:20.753+01:00 DEBUG 15528 --- [finance-service] [reshExecutor-%d] o.s.web.client.RestTemplate              : Accept=[application/json, application/*+json]
2026-04-28T14:25:20.770+01:00 DEBUG 15528 --- [finance-service] [reshExecutor-%d] o.s.web.client.RestTemplate              : Response 200 OK
2026-04-28T14:25:20.771+01:00 DEBUG 15528 --- [finance-service] [reshExecutor-%d] o.s.web.client.RestTemplate              : Reading to [org.springframework.cloud.netflix.eureka.http.EurekaApplications]
2026-04-28T14:25:50.663+01:00 DEBUG 15528 --- [finance-service] [beatExecutor-%d] o.s.web.client.RestTemplate              : HTTP PUT http://localhost:8761/eureka/apps/FINANCE-SERVICE/finance-service:8090?status=UP&lastDirtyTimestamp=1777382570525
2026-04-28T14:25:50.667+01:00 DEBUG 15528 --- [finance-service] [beatExecutor-%d] o.s.web.client.RestTemplate              : Accept=[application/json, application/*+json]
2026-04-28T14:25:50.675+01:00 DEBUG 15528 --- [finance-service] [beatExecutor-%d] o.s.web.client.RestTemplate              : Response 200 OK
2026-04-28T14:25:50.792+01:00 DEBUG 15528 --- [finance-service] [reshExecutor-%d] o.s.web.client.RestTemplate              : HTTP GET http://localhost:8761/eureka/apps/delta
2026-04-28T14:25:50.803+01:00 DEBUG 15528 --- [finance-service] [reshExecutor-%d] o.s.web.client.RestTemplate              : Accept=[application/json, application/*+json]
2026-04-28T14:25:50.806+01:00 DEBUG 15528 --- [finance-service] [reshExecutor-%d] o.s.web.client.RestTemplate              : Response 200 OK
2026-04-28T14:25:50.807+01:00 DEBUG 15528 --- [finance-service] [reshExecutor-%d] o.s.web.client.RestTemplate              : Reading to [org.springframework.cloud.netflix.eureka.http.EurekaApplications]
2026-04-28T14:26:20.677+01:00 DEBUG 15528 --- [finance-service] [beatExecutor-%d] o.s.web.client.RestTemplate              : HTTP PUT http://localhost:8761/eureka/apps/FINANCE-SERVICE/finance-service:8090?status=UP&lastDirtyTimestamp=1777382570525
2026-04-28T14:26:20.679+01:00 DEBUG 15528 --- [finance-service] [beatExecutor-%d] o.s.web.client.RestTemplate              : Accept=[application/json, application/*+json]
2026-04-28T14:26:20.696+01:00 DEBUG 15528 --- [finance-service] [beatExecutor-%d] o.s.web.client.RestTemplate              : Response 200 OK
2026-04-28T14:26:20.818+01:00 DEBUG 15528 --- [finance-service] [reshExecutor-%d] o.s.web.client.RestTemplate              : HTTP GET http://localhost:8761/eureka/apps/delta
2026-04-28T14:26:20.820+01:00 DEBUG 15528 --- [finance-service] [reshExecutor-%d] o.s.web.client.RestTemplate              : Accept=[application/json, application/*+json]
2026-04-28T14:26:20.834+01:00 DEBUG 15528 --- [finance-service] [reshExecutor-%d] o.s.web.client.RestTemplate              : Response 200 OK
2026-04-28T14:26:20.835+01:00 DEBUG 15528 --- [finance-service] [reshExecutor-%d] o.s.web.client.RestTemplate              : Reading to [org.springframework.cloud.netflix.eureka.http.EurekaApplications]
2026-04-28T14:26:50.711+01:00 DEBUG 15528 --- [finance-service] [beatExecutor-%d] o.s.web.client.RestTemplate              : HTTP PUT http://localhost:8761/eureka/apps/FINANCE-SERVICE/finance-service:8090?status=UP&lastDirtyTimestamp=1777382570525
2026-04-28T14:26:50.712+01:00 DEBUG 15528 --- [finance-service] [beatExecutor-%d] o.s.web.client.RestTemplate              : Accept=[application/json, application/*+json]
2026-04-28T14:26:50.726+01:00 DEBUG 15528 --- [finance-service] [beatExecutor-%d] o.s.web.client.RestTemplate              : Response 200 OK
2026-04-28T14:26:50.852+01:00 DEBUG 15528 --- [finance-service] [reshExecutor-%d] o.s.web.client.RestTemplate              : HTTP GET http://localhost:8761/eureka/apps/delta
2026-04-28T14:26:50.856+01:00 DEBUG 15528 --- [finance-service] [reshExecutor-%d] o.s.web.client.RestTemplate              : Accept=[application/json, application/*+json]
2026-04-28T14:26:50.869+01:00 DEBUG 15528 --- [finance-service] [reshExecutor-%d] o.s.web.client.RestTemplate              : Response 200 OK
2026-04-28T14:26:50.869+01:00 DEBUG 15528 --- [finance-service] [reshExecutor-%d] o.s.web.client.RestTemplate              : Reading to [org.springframework.cloud.netflix.eureka.http.EurekaApplications]
2026-04-28T14:27:20.734+01:00 DEBUG 15528 --- [finance-service] [beatExecutor-%d] o.s.web.client.RestTemplate              : HTTP PUT http://localhost:8761/eureka/apps/FINANCE-SERVICE/finance-service:8090?status=UP&lastDirtyTimestamp=1777382570525
2026-04-28T14:27:20.735+01:00 DEBUG 15528 --- [finance-service] [beatExecutor-%d] o.s.web.client.RestTemplate              : Accept=[application/json, application/*+json]
2026-04-28T14:27:20.755+01:00 DEBUG 15528 --- [finance-service] [beatExecutor-%d] o.s.web.client.RestTemplate              : Response 404 NOT_FOUND
2026-04-28T14:27:20.756+01:00  INFO 15528 --- [finance-service] [beatExecutor-%d] com.netflix.discovery.DiscoveryClient    : DiscoveryClient_FINANCE-SERVICE/finance-service:8090 - Re-registering apps/FINANCE-SERVICE
2026-04-28T14:27:20.756+01:00  INFO 15528 --- [finance-service] [beatExecutor-%d] com.netflix.discovery.DiscoveryClient    : DiscoveryClient_FINANCE-SERVICE/finance-service:8090: registering service...
2026-04-28T14:27:20.756+01:00 DEBUG 15528 --- [finance-service] [beatExecutor-%d] o.s.web.client.RestTemplate              : HTTP POST http://localhost:8761/eureka/apps/FINANCE-SERVICE
2026-04-28T14:27:20.756+01:00 DEBUG 15528 --- [finance-service] [beatExecutor-%d] o.s.web.client.RestTemplate              : Accept=[application/json, application/*+json]
2026-04-28T14:27:20.758+01:00 DEBUG 15528 --- [finance-service] [beatExecutor-%d] o.s.web.client.RestTemplate              : Writing [InstanceInfo [instanceId = finance-service:8090, appName = FINANCE-SERVICE, hostName = localhost, status = UP, ipAddr = 172.20.10.2, port = 8090, securePort = 443, dataCenterInfo = com.netflix.appinfo.MyDataCenterInfo@3c81a51a] as "application/json"
2026-04-28T14:27:20.762+01:00 DEBUG 15528 --- [finance-service] [beatExecutor-%d] o.s.web.client.RestTemplate              : Response 204 NO_CONTENT
2026-04-28T14:27:20.762+01:00  INFO 15528 --- [finance-service] [beatExecutor-%d] com.netflix.discovery.DiscoveryClient    : DiscoveryClient_FINANCE-SERVICE/finance-service:8090 - registration status: 204
2026-04-28T14:27:20.873+01:00 DEBUG 15528 --- [finance-service] [reshExecutor-%d] o.s.web.client.RestTemplate              : HTTP GET http://localhost:8761/eureka/apps/delta
2026-04-28T14:27:20.876+01:00 DEBUG 15528 --- [finance-service] [reshExecutor-%d] o.s.web.client.RestTemplate              : Accept=[application/json, application/*+json]
2026-04-28T14:27:20.890+01:00 DEBUG 15528 --- [finance-service] [reshExecutor-%d] o.s.web.client.RestTemplate              : Response 200 OK
2026-04-28T14:27:20.890+01:00 DEBUG 15528 --- [finance-service] [reshExecutor-%d] o.s.web.client.RestTemplate              : Reading to [org.springframework.cloud.netflix.eureka.http.EurekaApplications]
2026-04-28T14:27:50.768+01:00 DEBUG 15528 --- [finance-service] [beatExecutor-%d] o.s.web.client.RestTemplate              : HTTP PUT http://localhost:8761/eureka/apps/FINANCE-SERVICE/finance-service:8090?status=UP&lastDirtyTimestamp=1777382840756
2026-04-28T14:27:50.771+01:00 DEBUG 15528 --- [finance-service] [beatExecutor-%d] o.s.web.client.RestTemplate              : Accept=[application/json, application/*+json]
2026-04-28T14:27:50.785+01:00 DEBUG 15528 --- [finance-service] [beatExecutor-%d] o.s.web.client.RestTemplate              : Response 200 OK
2026-04-28T14:27:50.892+01:00 DEBUG 15528 --- [finance-service] [reshExecutor-%d] o.s.web.client.RestTemplate              : HTTP GET http://localhost:8761/eureka/apps/delta
2026-04-28T14:27:50.896+01:00 DEBUG 15528 --- [finance-service] [reshExecutor-%d] o.s.web.client.RestTemplate              : Accept=[application/json, application/*+json]
2026-04-28T14:27:50.918+01:00 DEBUG 15528 --- [finance-service] [reshExecutor-%d] o.s.web.client.RestTemplate              : Response 200 OK
2026-04-28T14:27:50.920+01:00 DEBUG 15528 --- [finance-service] [reshExecutor-%d] o.s.web.client.RestTemplate              : Reading to [org.springframework.cloud.netflix.eureka.http.EurekaApplications]
2026-04-28T14:28:20.795+01:00 DEBUG 15528 --- [finance-service] [beatExecutor-%d] o.s.web.client.RestTemplate              : HTTP PUT http://localhost:8761/eureka/apps/FINANCE-SERVICE/finance-service:8090?status=UP&lastDirtyTimestamp=1777382840756
2026-04-28T14:28:20.798+01:00 DEBUG 15528 --- [finance-service] [beatExecutor-%d] o.s.web.client.RestTemplate              : Accept=[application/json, application/*+json]
2026-04-28T14:28:20.814+01:00 DEBUG 15528 --- [finance-service] [beatExecutor-%d] o.s.web.client.RestTemplate              : Response 200 OK
2026-04-28T14:28:20.935+01:00 DEBUG 15528 --- [finance-service] [reshExecutor-%d] o.s.web.client.RestTemplate              : HTTP GET http://localhost:8761/eureka/apps/delta
2026-04-28T14:28:20.936+01:00 DEBUG 15528 --- [finance-service] [reshExecutor-%d] o.s.web.client.RestTemplate              : Accept=[application/json, application/*+json]
2026-04-28T14:28:20.952+01:00 DEBUG 15528 --- [finance-service] [reshExecutor-%d] o.s.web.client.RestTemplate              : Response 200 OK
2026-04-28T14:28:20.952+01:00 DEBUG 15528 --- [finance-service] [reshExecutor-%d] o.s.web.client.RestTemplate              : Reading to [org.springframework.cloud.netflix.eureka.http.EurekaApplications]
2026-04-28T14:28:50.826+01:00 DEBUG 15528 --- [finance-service] [beatExecutor-%d] o.s.web.client.RestTemplate              : HTTP PUT http://localhost:8761/eureka/apps/FINANCE-SERVICE/finance-service:8090?status=UP&lastDirtyTimestamp=1777382840756
2026-04-28T14:28:50.830+01:00 DEBUG 15528 --- [finance-service] [beatExecutor-%d] o.s.web.client.RestTemplate              : Accept=[application/json, application/*+json]
2026-04-28T14:28:50.843+01:00 DEBUG 15528 --- [finance-service] [beatExecutor-%d] o.s.web.client.RestTemplate              : Response 200 OK
2026-04-28T14:28:50.966+01:00 DEBUG 15528 --- [finance-service] [reshExecutor-%d] o.s.web.client.RestTemplate              : HTTP GET http://localhost:8761/eureka/apps/delta
2026-04-28T14:28:50.967+01:00 DEBUG 15528 --- [finance-service] [reshExecutor-%d] o.s.web.client.RestTemplate              : Accept=[application/json, application/*+json]
2026-04-28T14:28:50.980+01:00 DEBUG 15528 --- [finance-service] [reshExecutor-%d] o.s.web.client.RestTemplate              : Response 200 OK
2026-04-28T14:28:50.980+01:00 DEBUG 15528 --- [finance-service] [reshExecutor-%d] o.s.web.client.RestTemplate              : Reading to [org.springframework.cloud.netflix.eureka.http.EurekaApplications]
2026-04-28T14:28:52.962+01:00 DEBUG 15528 --- [finance-service] [nio-8090-exec-8] o.s.web.servlet.DispatcherServlet        : GET "/api/notifications", parameters={}
2026-04-28T14:28:52.963+01:00 DEBUG 15528 --- [finance-service] [nio-8090-exec-8] s.w.s.m.m.a.RequestMappingHandlerMapping : Mapped to org.example.plansync.controller.NotificationController#getMyNotifications()
2026-04-28T14:28:52.968+01:00 DEBUG 15528 --- [finance-service] [nio-8090-exec-8] org.hibernate.SQL                        : select n1_0.id,n1_0.created_at,n1_0.message,n1_0.project_id,n1_0.is_read,n1_0.title,n1_0.type,n1_0.user_id from notifications n1_0 where n1_0.user_id in (?,?,?) order by n1_0.created_at desc
Hibernate: select n1_0.id,n1_0.created_at,n1_0.message,n1_0.project_id,n1_0.is_read,n1_0.title,n1_0.type,n1_0.user_id from notifications n1_0 where n1_0.user_id in (?,?,?) order by n1_0.created_at desc
2026-04-28T14:28:52.970+01:00 DEBUG 15528 --- [finance-service] [nio-8090-exec-8] m.m.a.RequestResponseBodyMethodProcessor : Using 'application/json', given [application/json, text/plain, */*] and supported [application/json, application/*+json]
2026-04-28T14:28:52.970+01:00 DEBUG 15528 --- [finance-service] [nio-8090-exec-8] m.m.a.RequestResponseBodyMethodProcessor : Writing [[]]
2026-04-28T14:28:52.971+01:00 DEBUG 15528 --- [finance-service] [nio-8090-exec-8] o.s.web.servlet.DispatcherServlet        : Completed 200 OK
2026-04-28T14:29:12.985+01:00 DEBUG 15528 --- [finance-service] [io-8090-exec-10] o.s.web.servlet.DispatcherServlet        : GET "/api/notifications", parameters={}
2026-04-28T14:29:12.986+01:00 DEBUG 15528 --- [finance-service] [io-8090-exec-10] s.w.s.m.m.a.RequestMappingHandlerMapping : Mapped to org.example.plansync.controller.NotificationController#getMyNotifications()
2026-04-28T14:29:12.992+01:00 DEBUG 15528 --- [finance-service] [io-8090-exec-10] org.hibernate.SQL                        : select n1_0.id,n1_0.created_at,n1_0.message,n1_0.project_id,n1_0.is_read,n1_0.title,n1_0.type,n1_0.user_id from notifications n1_0 where n1_0.user_id in (?,?,?) order by n1_0.created_at desc
Hibernate: select n1_0.id,n1_0.created_at,n1_0.message,n1_0.project_id,n1_0.is_read,n1_0.title,n1_0.type,n1_0.user_id from notifications n1_0 where n1_0.user_id in (?,?,?) order by n1_0.created_at desc
2026-04-28T14:29:12.993+01:00 DEBUG 15528 --- [finance-service] [io-8090-exec-10] m.m.a.RequestResponseBodyMethodProcessor : Using 'application/json', given [application/json, text/plain, */*] and supported [application/json, application/*+json]
2026-04-28T14:29:12.993+01:00 DEBUG 15528 --- [finance-service] [io-8090-exec-10] m.m.a.RequestResponseBodyMethodProcessor : Writing [[]]
2026-04-28T14:29:12.995+01:00 DEBUG 15528 --- [finance-service] [io-8090-exec-10] o.s.web.servlet.DispatcherServlet        : Completed 200 OK
2026-04-28T14:29:20.847+01:00 DEBUG 15528 --- [finance-service] [beatExecutor-%d] o.s.web.client.RestTemplate              : HTTP PUT http://localhost:8761/eureka/apps/FINANCE-SERVICE/finance-service:8090?status=UP&lastDirtyTimestamp=1777382840756
2026-04-28T14:29:20.851+01:00 DEBUG 15528 --- [finance-service] [beatExecutor-%d] o.s.web.client.RestTemplate              : Accept=[application/json, application/*+json]
2026-04-28T14:29:20.864+01:00 DEBUG 15528 --- [finance-service] [beatExecutor-%d] o.s.web.client.RestTemplate              : Response 200 OK
2026-04-28T14:29:21.000+01:00 DEBUG 15528 --- [finance-service] [reshExecutor-%d] o.s.web.client.RestTemplate              : HTTP GET http://localhost:8761/eureka/apps/delta
2026-04-28T14:29:21.004+01:00 DEBUG 15528 --- [finance-service] [reshExecutor-%d] o.s.web.client.RestTemplate              : Accept=[application/json, application/*+json]
2026-04-28T14:29:21.020+01:00 DEBUG 15528 --- [finance-service] [reshExecutor-%d] o.s.web.client.RestTemplate              : Response 200 OK
2026-04-28T14:29:21.021+01:00 DEBUG 15528 --- [finance-service] [reshExecutor-%d] o.s.web.client.RestTemplate              : Reading to [org.springframework.cloud.netflix.eureka.http.EurekaApplications]
2026-04-28T14:29:32.982+01:00 DEBUG 15528 --- [finance-service] [nio-8090-exec-4] o.s.web.servlet.DispatcherServlet        : GET "/api/notifications", parameters={}
2026-04-28T14:29:32.984+01:00 DEBUG 15528 --- [finance-service] [nio-8090-exec-4] s.w.s.m.m.a.RequestMappingHandlerMapping : Mapped to org.example.plansync.controller.NotificationController#getMyNotifications()
2026-04-28T14:29:32.992+01:00 DEBUG 15528 --- [finance-service] [nio-8090-exec-4] org.hibernate.SQL                        : select n1_0.id,n1_0.created_at,n1_0.message,n1_0.project_id,n1_0.is_read,n1_0.title,n1_0.type,n1_0.user_id from notifications n1_0 where n1_0.user_id in (?,?,?) order by n1_0.created_at desc
Hibernate: select n1_0.id,n1_0.created_at,n1_0.message,n1_0.project_id,n1_0.is_read,n1_0.title,n1_0.type,n1_0.user_id from notifications n1_0 where n1_0.user_id in (?,?,?) order by n1_0.created_at desc
2026-04-28T14:29:32.994+01:00 DEBUG 15528 --- [finance-service] [nio-8090-exec-4] m.m.a.RequestResponseBodyMethodProcessor : Using 'application/json', given [application/json, text/plain, */*] and supported [application/json, application/*+json]
2026-04-28T14:29:32.994+01:00 DEBUG 15528 --- [finance-service] [nio-8090-exec-4] m.m.a.RequestResponseBodyMethodProcessor : Writing [[]]
2026-04-28T14:29:32.994+01:00 DEBUG 15528 --- [finance-service] [nio-8090-exec-4] o.s.web.servlet.DispatcherServlet        : Completed 200 OK
2026-04-28T14:29:50.876+01:00 DEBUG 15528 --- [finance-service] [beatExecutor-%d] o.s.web.client.RestTemplate              : HTTP PUT http://localhost:8761/eureka/apps/FINANCE-SERVICE/finance-service:8090?status=UP&lastDirtyTimestamp=1777382840756
2026-04-28T14:29:50.881+01:00 DEBUG 15528 --- [finance-service] [beatExecutor-%d] o.s.web.client.RestTemplate              : Accept=[application/json, application/*+json]
2026-04-28T14:29:50.893+01:00 DEBUG 15528 --- [finance-service] [beatExecutor-%d] o.s.web.client.RestTemplate              : Response 200 OK
2026-04-28T14:29:51.034+01:00 DEBUG 15528 --- [finance-service] [reshExecutor-%d] o.s.web.client.RestTemplate              : HTTP GET http://localhost:8761/eureka/apps/delta
2026-04-28T14:29:51.043+01:00 DEBUG 15528 --- [finance-service] [reshExecutor-%d] o.s.web.client.RestTemplate              : Accept=[application/json, application/*+json]
2026-04-28T14:29:51.056+01:00 DEBUG 15528 --- [finance-service] [reshExecutor-%d] o.s.web.client.RestTemplate              : Response 200 OK
2026-04-28T14:29:51.058+01:00 DEBUG 15528 --- [finance-service] [reshExecutor-%d] o.s.web.client.RestTemplate              : Reading to [org.springframework.cloud.netflix.eureka.http.EurekaApplications]
2026-04-28T14:29:53.012+01:00 DEBUG 15528 --- [finance-service] [nio-8090-exec-1] o.s.web.servlet.DispatcherServlet        : GET "/api/notifications", parameters={}
2026-04-28T14:29:53.014+01:00 DEBUG 15528 --- [finance-service] [nio-8090-exec-1] s.w.s.m.m.a.RequestMappingHandlerMapping : Mapped to org.example.plansync.controller.NotificationController#getMyNotifications()
2026-04-28T14:29:53.023+01:00 DEBUG 15528 --- [finance-service] [nio-8090-exec-1] org.hibernate.SQL                        : select n1_0.id,n1_0.created_at,n1_0.message,n1_0.project_id,n1_0.is_read,n1_0.title,n1_0.type,n1_0.user_id from notifications n1_0 where n1_0.user_id in (?,?,?) order by n1_0.created_at desc
Hibernate: select n1_0.id,n1_0.created_at,n1_0.message,n1_0.project_id,n1_0.is_read,n1_0.title,n1_0.type,n1_0.user_id from notifications n1_0 where n1_0.user_id in (?,?,?) order by n1_0.created_at desc
2026-04-28T14:29:53.028+01:00 DEBUG 15528 --- [finance-service] [nio-8090-exec-1] m.m.a.RequestResponseBodyMethodProcessor : Using 'application/json', given [application/json, text/plain, */*] and supported [application/json, application/*+json]
2026-04-28T14:29:53.031+01:00 DEBUG 15528 --- [finance-service] [nio-8090-exec-1] m.m.a.RequestResponseBodyMethodProcessor : Writing [[]]
2026-04-28T14:29:53.033+01:00 DEBUG 15528 --- [finance-service] [nio-8090-exec-1] o.s.web.servlet.DispatcherServlet        : Completed 200 OK
