[INFO] Scanning for projects...
[INFO] 
[INFO] ----------------------< com.example:Gestion_Risk >----------------------
[INFO] Building Gestion_Risk 0.0.1-SNAPSHOT
[INFO]   from pom.xml
[INFO] --------------------------------[ jar ]---------------------------------
[INFO] 
[INFO] >>> spring-boot:3.3.5:run (default-cli) > test-compile @ Gestion_Risk >>>
[INFO] 
[INFO] --- resources:3.3.1:resources (default-resources) @ Gestion_Risk ---
[INFO] Copying 1 resource from src\main\resources to target\classes
[INFO] Copying 0 resource from src\main\resources to target\classes
[INFO] 
[INFO] --- compiler:3.13.0:compile (default-compile) @ Gestion_Risk ---
[INFO] Nothing to compile - all classes are up to date.
[INFO] 
[INFO] --- resources:3.3.1:testResources (default-testResources) @ Gestion_Risk ---
[INFO] skip non existing resourceDirectory C:\Users\MSI\Downloads\integration\integration\backend\service-risque\Gestion_Risk\src\test\resources
[INFO] 
[INFO] --- compiler:3.13.0:testCompile (default-testCompile) @ Gestion_Risk ---
[INFO] Nothing to compile - all classes are up to date.
[INFO] 
[INFO] <<< spring-boot:3.3.5:run (default-cli) < test-compile @ Gestion_Risk <<<
[INFO] 
[INFO] 
[INFO] --- spring-boot:3.3.5:run (default-cli) @ Gestion_Risk ---
[INFO] Attaching agents: []

  .   ____          _            __ _ _
 /\\ / ___'_ __ _ _(_)_ __  __ _ \ \ \ \
( ( )\___ | '_ | '_| | '_ \/ _` | \ \ \ \
 \\/  ___)| |_)| | | | | || (_| |  ) ) ) )
  '  |____| .__|_| |_|_| |_\__, | / / / /
 =========|_|==============|___/=/_/_/_/

 :: Spring Boot ::                (v3.3.5)

2026-04-28T14:01:33.201+01:00  INFO 17796 --- [gestion-risk] [           main] c.e.gestion_risk.GestionRiskApplication  : Starting GestionRiskApplication using Java 17.0.12 with PID 17796 (C:\Users\MSI\Downloads\integration\integration\backend\service-risque\Gestion_Risk\target\classes started by MSI in C:\Users\MSI\Downloads\integration\integration\backend\service-risque\Gestion_Risk)
2026-04-28T14:01:33.204+01:00  INFO 17796 --- [gestion-risk] [           main] c.e.gestion_risk.GestionRiskApplication  : No active profile set, falling back to 1 default profile: "default"
2026-04-28T14:01:33.204+01:00 DEBUG 17796 --- [gestion-risk] [           main] o.s.boot.SpringApplication               : Loading source class com.example.gestion_risk.GestionRiskApplication
2026-04-28T14:01:33.227+01:00  INFO 17796 --- [gestion-risk] [           main] o.s.c.c.c.ConfigServerConfigDataLoader   : Fetching config from server at : http://localhost:8888
2026-04-28T14:01:33.228+01:00  INFO 17796 --- [gestion-risk] [           main] o.s.c.c.c.ConfigServerConfigDataLoader   : Located environment: name=gestion-risk, profiles=[default], label=null, version=null, state=null
2026-04-28T14:01:33.229+01:00 DEBUG 17796 --- [gestion-risk] [           main] ConfigServletWebServerApplicationContext : Refreshing org.springframework.boot.web.servlet.context.AnnotationConfigServletWebServerApplicationContext@2a2bb0eb
2026-04-28T14:01:33.670+01:00  INFO 17796 --- [gestion-risk] [           main] .s.d.r.c.RepositoryConfigurationDelegate : Bootstrapping Spring Data JPA repositories in DEFAULT mode.
2026-04-28T14:01:33.683+01:00 DEBUG 17796 --- [gestion-risk] [           main] o.s.b.a.AutoConfigurationPackages        : @EnableAutoConfiguration was declared on a class in the package 'com.example.gestion_risk'. Automatic @Repository and @Entity scanning is enabled.
2026-04-28T14:01:33.767+01:00  INFO 17796 --- [gestion-risk] [           main] .s.d.r.c.RepositoryConfigurationDelegate : Finished Spring Data repository scanning in 87 ms. Found 3 JPA repository interfaces.
2026-04-28T14:01:33.936+01:00  INFO 17796 --- [gestion-risk] [           main] o.s.cloud.context.scope.GenericScope     : BeanFactory id=265009f0-152f-30d5-8de3-e51134d53c77
2026-04-28T14:01:34.034+01:00  WARN 17796 --- [gestion-risk] [           main] trationDelegate$BeanPostProcessorChecker : Bean 'org.springframework.cloud.client.loadbalancer.LoadBalancerAutoConfiguration$DeferringLoadBalancerInterceptorConfig' of type [org.springframework.cloud.client.loadbalancer.LoadBalancerAutoConfiguration$DeferringLoadBalancerInterceptorConfig] is not eligible for getting processed by all BeanPostProcessors (for example: not eligible for auto-proxying). The currently created BeanPostProcessor [lbRestClientPostProcessor] is declared through a non-static factory method on that class; consider declaring it as static instead.
2026-04-28T14:01:34.038+01:00  WARN 17796 --- [gestion-risk] [           main] trationDelegate$BeanPostProcessorChecker : Bean 'deferringLoadBalancerInterceptor' of type [org.springframework.cloud.client.loadbalancer.DeferringLoadBalancerInterceptor] is not eligible for getting processed by all BeanPostProcessors (for example: not eligible for auto-proxying). Is this bean getting eagerly injected/applied to a currently created BeanPostProcessor [lbRestClientPostProcessor]? Check the corresponding BeanPostProcessor declaration and its dependencies/advisors. If this bean does not have to be post-processed, declare it with ROLE_INFRASTRUCTURE.
2026-04-28T14:01:34.183+01:00 DEBUG 17796 --- [gestion-risk] [           main] .s.b.w.e.t.TomcatServletWebServerFactory : Code archive: C:\Users\MSI\.m2\repository\org\springframework\boot\spring-boot\3.3.5\spring-boot-3.3.5.jar
2026-04-28T14:01:34.188+01:00 DEBUG 17796 --- [gestion-risk] [           main] .s.b.w.e.t.TomcatServletWebServerFactory : Code archive: C:\Users\MSI\.m2\repository\org\springframework\boot\spring-boot\3.3.5\spring-boot-3.3.5.jar
2026-04-28T14:01:34.189+01:00 DEBUG 17796 --- [gestion-risk] [           main] .s.b.w.e.t.TomcatServletWebServerFactory : None of the document roots [src/main/webapp, public, static] point to a directory and will be ignored.
2026-04-28T14:01:34.203+01:00  INFO 17796 --- [gestion-risk] [           main] o.s.b.w.embedded.tomcat.TomcatWebServer  : Tomcat initialized with port 8089 (http)
2026-04-28T14:01:34.211+01:00  INFO 17796 --- [gestion-risk] [           main] o.apache.catalina.core.StandardService   : Starting service [Tomcat]
2026-04-28T14:01:34.211+01:00  INFO 17796 --- [gestion-risk] [           main] o.apache.catalina.core.StandardEngine    : Starting Servlet engine: [Apache Tomcat/10.1.31]
2026-04-28T14:01:34.260+01:00  INFO 17796 --- [gestion-risk] [           main] o.a.c.c.C.[Tomcat].[localhost].[/]       : Initializing Spring embedded WebApplicationContext
2026-04-28T14:01:34.261+01:00 DEBUG 17796 --- [gestion-risk] [           main] w.s.c.ServletWebServerApplicationContext : Published root WebApplicationContext as ServletContext attribute with name [org.springframework.web.context.WebApplicationContext.ROOT]
2026-04-28T14:01:34.261+01:00  INFO 17796 --- [gestion-risk] [           main] w.s.c.ServletWebServerApplicationContext : Root WebApplicationContext: initialization completed in 1032 ms
2026-04-28T14:01:34.279+01:00 DEBUG 17796 --- [gestion-risk] [           main] o.s.b.w.s.ServletContextInitializerBeans : Mapping filters: springSecurityFilterChain urls=[/*] order=-100, characterEncodingFilter urls=[/*] order=-2147483648, formContentFilter urls=[/*] order=-9900, requestContextFilter urls=[/*] order=-105
2026-04-28T14:01:34.279+01:00 DEBUG 17796 --- [gestion-risk] [           main] o.s.b.w.s.ServletContextInitializerBeans : Mapping servlets: dispatcherServlet urls=[/]
2026-04-28T14:01:34.292+01:00 DEBUG 17796 --- [gestion-risk] [           main] o.s.b.w.s.f.OrderedRequestContextFilter  : Filter 'requestContextFilter' configured for use
2026-04-28T14:01:34.295+01:00 DEBUG 17796 --- [gestion-risk] [           main] s.b.w.s.f.OrderedCharacterEncodingFilter : Filter 'characterEncodingFilter' configured for use
2026-04-28T14:01:34.295+01:00 DEBUG 17796 --- [gestion-risk] [           main] .DelegatingFilterProxyRegistrationBean$1 : Filter 'springSecurityFilterChain' configured for use
2026-04-28T14:01:34.295+01:00 DEBUG 17796 --- [gestion-risk] [           main] o.s.b.w.s.f.OrderedFormContentFilter     : Filter 'formContentFilter' configured for use
2026-04-28T14:01:34.365+01:00  INFO 17796 --- [gestion-risk] [           main] o.hibernate.jpa.internal.util.LogHelper  : HHH000204: Processing PersistenceUnitInfo [name: default]
2026-04-28T14:01:34.397+01:00  INFO 17796 --- [gestion-risk] [           main] org.hibernate.Version                    : HHH000412: Hibernate ORM core version 6.5.3.Final
2026-04-28T14:01:34.413+01:00  INFO 17796 --- [gestion-risk] [           main] o.h.c.internal.RegionFactoryInitiator    : HHH000026: Second-level cache disabled
2026-04-28T14:01:34.571+01:00  INFO 17796 --- [gestion-risk] [           main] o.s.o.j.p.SpringPersistenceUnitInfo      : No LoadTimeWeaver setup: ignoring JPA class transformer
2026-04-28T14:01:34.588+01:00  INFO 17796 --- [gestion-risk] [           main] com.zaxxer.hikari.HikariDataSource       : HikariPool-1 - Starting...
2026-04-28T14:01:34.670+01:00  INFO 17796 --- [gestion-risk] [           main] com.zaxxer.hikari.pool.HikariPool        : HikariPool-1 - Added connection com.mysql.cj.jdbc.ConnectionImpl@320e179f
2026-04-28T14:01:34.671+01:00  INFO 17796 --- [gestion-risk] [           main] com.zaxxer.hikari.HikariDataSource       : HikariPool-1 - Start completed.
2026-04-28T14:01:34.691+01:00  WARN 17796 --- [gestion-risk] [           main] org.hibernate.dialect.Dialect            : HHH000511: The 5.5.5 version for [org.hibernate.dialect.MySQLDialect] is no longer supported, hence certain features may not work properly. The minimum supported version is 8.0.0. Check the community dialects project for available legacy versions.
2026-04-28T14:01:34.694+01:00  WARN 17796 --- [gestion-risk] [           main] org.hibernate.orm.deprecation            : HHH90000025: MySQLDialect does not need to be specified explicitly using 'hibernate.dialect' (remove the property setting and it will be selected by default)
2026-04-28T14:01:35.245+01:00  INFO 17796 --- [gestion-risk] [           main] o.h.e.t.j.p.i.JtaPlatformInitiator       : HHH000489: No JTA platform available (set 'hibernate.transaction.jta.platform' to enable JTA platform integration)
2026-04-28T14:01:35.332+01:00  INFO 17796 --- [gestion-risk] [           main] j.LocalContainerEntityManagerFactoryBean : Initialized JPA EntityManagerFactory for persistence unit 'default'
2026-04-28T14:01:35.534+01:00  INFO 17796 --- [gestion-risk] [           main] o.s.d.j.r.query.QueryEnhancerFactory     : Hibernate is in classpath; If applicable, HQL parser will be used.
2026-04-28T14:01:35.754+01:00  WARN 17796 --- [gestion-risk] [           main] JpaBaseConfiguration$JpaWebConfiguration : spring.jpa.open-in-view is enabled by default. Therefore, database queries may be performed during view rendering. Explicitly configure spring.jpa.open-in-view to disable this warning
2026-04-28T14:01:36.067+01:00 DEBUG 17796 --- [gestion-risk] [           main] s.w.s.m.m.a.RequestMappingHandlerMapping : 30 mappings in 'requestMappingHandlerMapping'
2026-04-28T14:01:36.129+01:00 DEBUG 17796 --- [gestion-risk] [           main] o.s.w.s.handler.SimpleUrlHandlerMapping  : Patterns [/webjars/**, /**] in 'resourceHandlerMapping'
2026-04-28T14:01:36.207+01:00 DEBUG 17796 --- [gestion-risk] [           main] s.w.s.m.m.a.RequestMappingHandlerAdapter : ControllerAdvice beans: 0 @ModelAttribute, 0 @InitBinder, 1 RequestBodyAdvice, 1 ResponseBodyAdvice
2026-04-28T14:01:36.230+01:00 DEBUG 17796 --- [gestion-risk] [           main] .m.m.a.ExceptionHandlerExceptionResolver : ControllerAdvice beans: 1 @ExceptionHandler, 1 ResponseBodyAdvice
2026-04-28T14:01:36.251+01:00  WARN 17796 --- [gestion-risk] [           main] ion$DefaultTemplateResolverConfiguration : Cannot find template location: classpath:/templates/ (please add some templates, check your Thymeleaf configuration, or set spring.thymeleaf.check-template-location=false)
2026-04-28T14:01:36.466+01:00  INFO 17796 --- [gestion-risk] [           main] DiscoveryClientOptionalArgsConfiguration : Eureka HTTP Client uses RestTemplate.
2026-04-28T14:01:36.488+01:00  WARN 17796 --- [gestion-risk] [           main] iguration$LoadBalancerCaffeineWarnLogger : Spring Cloud LoadBalancer is currently working with the default cache. While this cache implementation is useful for development and tests, it's recommended to use Caffeine cache in production.You can switch to using Caffeine cache, by adding it and org.springframework.cache.caffeine.CaffeineCacheManager to the classpath.
2026-04-28T14:01:36.508+01:00  INFO 17796 --- [gestion-risk] [           main] o.s.c.n.eureka.InstanceInfoFactory       : Setting initial instance status as: STARTING
2026-04-28T14:01:36.524+01:00  INFO 17796 --- [gestion-risk] [           main] com.netflix.discovery.DiscoveryClient    : Initializing Eureka in region us-east-1
2026-04-28T14:01:36.527+01:00  INFO 17796 --- [gestion-risk] [           main] c.n.d.s.r.aws.ConfigClusterResolver      : Resolving eureka endpoints via configuration
2026-04-28T14:01:36.533+01:00  INFO 17796 --- [gestion-risk] [           main] com.netflix.discovery.DiscoveryClient    : Disable delta property : false
2026-04-28T14:01:36.533+01:00  INFO 17796 --- [gestion-risk] [           main] com.netflix.discovery.DiscoveryClient    : Single vip registry refresh property : null
2026-04-28T14:01:36.533+01:00  INFO 17796 --- [gestion-risk] [           main] com.netflix.discovery.DiscoveryClient    : Force full registry fetch : false
2026-04-28T14:01:36.533+01:00  INFO 17796 --- [gestion-risk] [           main] com.netflix.discovery.DiscoveryClient    : Application is null : false
2026-04-28T14:01:36.533+01:00  INFO 17796 --- [gestion-risk] [           main] com.netflix.discovery.DiscoveryClient    : Registered Applications size is zero : true
2026-04-28T14:01:36.534+01:00  INFO 17796 --- [gestion-risk] [           main] com.netflix.discovery.DiscoveryClient    : Application version is -1: true
2026-04-28T14:01:36.534+01:00  INFO 17796 --- [gestion-risk] [           main] com.netflix.discovery.DiscoveryClient    : Getting all instance registry info from the eureka server
2026-04-28T14:01:36.639+01:00 DEBUG 17796 --- [gestion-risk] [           main] o.s.web.client.RestTemplate              : HTTP GET http://localhost:8761/eureka/apps/
2026-04-28T14:01:36.672+01:00 DEBUG 17796 --- [gestion-risk] [           main] o.s.web.client.RestTemplate              : Accept=[application/json, application/*+json]
2026-04-28T14:01:36.706+01:00 DEBUG 17796 --- [gestion-risk] [           main] o.s.web.client.RestTemplate              : Response 200 OK
2026-04-28T14:01:36.707+01:00 DEBUG 17796 --- [gestion-risk] [           main] o.s.web.client.RestTemplate              : Reading to [org.springframework.cloud.netflix.eureka.http.EurekaApplications]
2026-04-28T14:01:36.714+01:00  INFO 17796 --- [gestion-risk] [           main] com.netflix.discovery.DiscoveryClient    : The response status is 200
2026-04-28T14:01:36.715+01:00  INFO 17796 --- [gestion-risk] [           main] com.netflix.discovery.DiscoveryClient    : Starting heartbeat executor: renew interval is: 5
2026-04-28T14:01:36.717+01:00  INFO 17796 --- [gestion-risk] [           main] c.n.discovery.InstanceInfoReplicator     : InstanceInfoReplicator onDemand update allowed rate per min is 4
2026-04-28T14:01:36.718+01:00  INFO 17796 --- [gestion-risk] [           main] com.netflix.discovery.DiscoveryClient    : Discovery Client initialized at timestamp 1777381296718 with initial instances count: 1
2026-04-28T14:01:36.722+01:00  INFO 17796 --- [gestion-risk] [           main] o.s.c.n.e.s.EurekaServiceRegistry        : Registering application GESTION-RISK with eureka with status UP
2026-04-28T14:01:36.722+01:00  INFO 17796 --- [gestion-risk] [           main] com.netflix.discovery.DiscoveryClient    : Saw local status change event StatusChangeEvent [timestamp=1777381296722, current=UP, previous=STARTING]
2026-04-28T14:01:36.723+01:00  INFO 17796 --- [gestion-risk] [foReplicator-%d] com.netflix.discovery.DiscoveryClient    : DiscoveryClient_GESTION-RISK/LANGIR:gestion-risk:8089: registering service...
2026-04-28T14:01:36.725+01:00 DEBUG 17796 --- [gestion-risk] [foReplicator-%d] o.s.web.client.RestTemplate              : HTTP POST http://localhost:8761/eureka/apps/GESTION-RISK
2026-04-28T14:01:36.727+01:00 DEBUG 17796 --- [gestion-risk] [foReplicator-%d] o.s.web.client.RestTemplate              : Accept=[application/json, application/*+json]
2026-04-28T14:01:36.735+01:00  INFO 17796 --- [gestion-risk] [           main] o.s.b.w.embedded.tomcat.TomcatWebServer  : Tomcat started on port 8089 (http) with context path '/'
2026-04-28T14:01:36.736+01:00  INFO 17796 --- [gestion-risk] [           main] .s.c.n.e.s.EurekaAutoServiceRegistration : Updating port to 8089
2026-04-28T14:01:36.736+01:00 DEBUG 17796 --- [gestion-risk] [foReplicator-%d] o.s.web.client.RestTemplate              : Writing [InstanceInfo [instanceId = LANGIR:gestion-risk:8089, appName = GESTION-RISK, hostName = 172.20.10.2, status = UP, ipAddr = 172.20.10.2, port = 8089, securePort = 443, dataCenterInfo = com.netflix.appinfo.MyDataCenterInfo@4eb2a0c2] as "application/json"
2026-04-28T14:01:36.751+01:00 DEBUG 17796 --- [gestion-risk] [foReplicator-%d] o.s.web.client.RestTemplate              : Response 204 NO_CONTENT
2026-04-28T14:01:36.751+01:00  INFO 17796 --- [gestion-risk] [foReplicator-%d] com.netflix.discovery.DiscoveryClient    : DiscoveryClient_GESTION-RISK/LANGIR:gestion-risk:8089 - registration status: 204
2026-04-28T14:01:36.816+01:00 DEBUG 17796 --- [gestion-risk] [           main] .s.b.a.l.ConditionEvaluationReportLogger : 


============================
CONDITIONS EVALUATION REPORT
============================


Positive matches:
-----------------

   AopAutoConfiguration matched:
      - @ConditionalOnProperty (spring.aop.auto=true) matched (OnPropertyCondition)

   AopAutoConfiguration.AspectJAutoProxyingConfiguration matched:
      - @ConditionalOnClass found required class 'org.aspectj.weaver.Advice' (OnClassCondition)

   AopAutoConfiguration.AspectJAutoProxyingConfiguration.CglibAutoProxyConfiguration matched:
      - @ConditionalOnProperty (spring.aop.proxy-target-class=true) matched (OnPropertyCondition)

   ApplicationAvailabilityAutoConfiguration#applicationAvailability matched:
      - @ConditionalOnMissingBean (types: org.springframework.boot.availability.ApplicationAvailability; SearchStrategy: all) did not find any beans (OnBeanCondition)

   AutoServiceRegistrationAutoConfiguration matched:
      - @ConditionalOnProperty (spring.cloud.service-registry.auto-registration.enabled) matched (OnPropertyCondition)

   AutoServiceRegistrationConfiguration matched:
      - @ConditionalOnProperty (spring.cloud.service-registry.auto-registration.enabled) matched (OnPropertyCondition)

   BlockingLoadBalancerClientAutoConfiguration matched:
      - @ConditionalOnProperty (spring.cloud.loadbalancer.enabled=true) matched (OnPropertyCondition)
      - AnyNestedCondition 2 matched 0 did not; NestedCondition on BlockingRestClassesPresentCondition.RestClientPresent @ConditionalOnClass found required class 'org.springframework.web.client.RestClient'; NestedCondition on BlockingRestClassesPresentCondition.RestTemplatePresent @ConditionalOnClass found required class 'org.springframework.web.client.RestTemplate' (BlockingRestClassesPresentCondition)

   BlockingLoadBalancerClientAutoConfiguration#blockingLoadBalancerClient matched:
      - @ConditionalOnBean (types: org.springframework.cloud.loadbalancer.support.LoadBalancerClientFactory; SearchStrategy: all) found bean 'loadBalancerClientFactory'; @ConditionalOnMissingBean (types: org.springframework.cloud.client.loadbalancer.LoadBalancerClient; SearchStrategy: all) did not find any beans (OnBeanCondition)

   BlockingLoadBalancerClientAutoConfiguration#loadBalancerServiceInstanceCookieTransformer matched:
      - @ConditionalOnBean (types: org.springframework.cloud.loadbalancer.support.LoadBalancerClientFactory; SearchStrategy: all) found bean 'loadBalancerClientFactory'; @ConditionalOnMissingBean (types: org.springframework.cloud.loadbalancer.core.LoadBalancerServiceInstanceCookieTransformer; SearchStrategy: all) did not find any beans (OnBeanCondition)

   BlockingLoadBalancerClientAutoConfiguration#xForwarderHeadersTransformer matched:
      - @ConditionalOnBean (types: org.springframework.cloud.loadbalancer.support.LoadBalancerClientFactory; SearchStrategy: all) found bean 'loadBalancerClientFactory'; @ConditionalOnMissingBean (types: org.springframework.cloud.loadbalancer.blocking.XForwardedHeadersTransformer; SearchStrategy: all) did not find any beans (OnBeanCondition)

   CompatibilityVerifierAutoConfiguration matched:
      - @ConditionalOnProperty (spring.cloud.compatibility-verifier.enabled) matched (OnPropertyCondition)

   ConfigurationPropertiesRebinderAutoConfiguration matched:
      - @ConditionalOnBean (types: org.springframework.boot.context.properties.ConfigurationPropertiesBindingPostProcessor; SearchStrategy: all) found bean 'org.springframework.boot.context.properties.ConfigurationPropertiesBindingPostProcessor' (OnBeanCondition)

   ConfigurationPropertiesRebinderAutoConfiguration#configurationPropertiesBeans matched:
      - @ConditionalOnMissingBean (types: org.springframework.cloud.context.properties.ConfigurationPropertiesBeans; SearchStrategy: current) did not find any beans (OnBeanCondition)

   ConfigurationPropertiesRebinderAutoConfiguration#configurationPropertiesRebinder matched:
      - @ConditionalOnMissingBean (types: org.springframework.cloud.context.properties.ConfigurationPropertiesRebinder; SearchStrategy: current) did not find any beans (OnBeanCondition)

   DataSourceAutoConfiguration matched:
      - @ConditionalOnClass found required classes 'javax.sql.DataSource', 'org.springframework.jdbc.datasource.embedded.EmbeddedDatabaseType' (OnClassCondition)
      - @ConditionalOnMissingBean (types: io.r2dbc.spi.ConnectionFactory; SearchStrategy: all) did not find any beans (OnBeanCondition)

   DataSourceAutoConfiguration.PooledDataSourceConfiguration matched:
      - AnyNestedCondition 1 matched 1 did not; NestedCondition on DataSourceAutoConfiguration.PooledDataSourceCondition.PooledDataSourceAvailable PooledDataSource found supported DataSource; NestedCondition on DataSourceAutoConfiguration.PooledDataSourceCondition.ExplicitType @ConditionalOnProperty (spring.datasource.type) did not find property 'type' (DataSourceAutoConfiguration.PooledDataSourceCondition)
      - @ConditionalOnMissingBean (types: javax.sql.DataSource,javax.sql.XADataSource; SearchStrategy: all) did not find any beans (OnBeanCondition)

   DataSourceAutoConfiguration.PooledDataSourceConfiguration#jdbcConnectionDetails matched:
      - @ConditionalOnMissingBean (types: org.springframework.boot.autoconfigure.jdbc.JdbcConnectionDetails; SearchStrategy: all) did not find any beans (OnBeanCondition)

   DataSourceConfiguration.Hikari matched:
      - @ConditionalOnClass found required class 'com.zaxxer.hikari.HikariDataSource' (OnClassCondition)
      - @ConditionalOnProperty (spring.datasource.type=com.zaxxer.hikari.HikariDataSource) matched (OnPropertyCondition)
      - @ConditionalOnMissingBean (types: javax.sql.DataSource; SearchStrategy: all) did not find any beans (OnBeanCondition)

   DataSourceInitializationConfiguration matched:
      - @ConditionalOnClass found required class 'org.springframework.jdbc.datasource.init.DatabasePopulator' (OnClassCondition)
      - @ConditionalOnSingleCandidate (types: javax.sql.DataSource; SearchStrategy: all) found a single bean 'dataSource'; @ConditionalOnMissingBean (types: org.springframework.boot.autoconfigure.sql.init.SqlDataSourceScriptDatabaseInitializer,org.springframework.boot.autoconfigure.sql.init.SqlR2dbcScriptDatabaseInitializer; SearchStrategy: all) did not find any beans (OnBeanCondition)

   DataSourceJmxConfiguration matched:
      - @ConditionalOnProperty (spring.jmx.enabled=true) matched (OnPropertyCondition)

   DataSourceJmxConfiguration.Hikari matched:
      - @ConditionalOnClass found required class 'com.zaxxer.hikari.HikariDataSource' (OnClassCondition)
      - @ConditionalOnSingleCandidate (types: javax.sql.DataSource; SearchStrategy: all) found a single bean 'dataSource' (OnBeanCondition)

   DataSourcePoolMetadataProvidersConfiguration.HikariPoolDataSourceMetadataProviderConfiguration matched:
      - @ConditionalOnClass found required class 'com.zaxxer.hikari.HikariDataSource' (OnClassCondition)

   DataSourceTransactionManagerAutoConfiguration matched:
      - @ConditionalOnClass found required classes 'javax.sql.DataSource', 'org.springframework.jdbc.core.JdbcTemplate', 'org.springframework.transaction.TransactionManager' (OnClassCondition)

   DataSourceTransactionManagerAutoConfiguration.JdbcTransactionManagerConfiguration matched:
      - @ConditionalOnSingleCandidate (types: javax.sql.DataSource; SearchStrategy: all) found a single bean 'dataSource' (OnBeanCondition)

   DefaultFeignLoadBalancerConfiguration#feignClient matched:
      - AnyNestedCondition 2 matched 1 did not; NestedCondition on OnRetryNotEnabledCondition.OnLoadBalancerRetryEnabledCondition @ConditionalOnProperty (spring.cloud.loadbalancer.retry.enabled=false) did not find property 'spring.cloud.loadbalancer.retry.enabled'; NestedCondition on OnRetryNotEnabledCondition.OnRetryFactoryCondition @ConditionalOnMissingBean (types: org.springframework.cloud.client.loadbalancer.LoadBalancedRetryFactory; SearchStrategy: all) did not find any beans; NestedCondition on OnRetryNotEnabledCondition.OnNoRetryTemplateCondition @ConditionalOnMissingClass did not find unwanted class 'org.springframework.retry.support.RetryTemplate' (OnRetryNotEnabledCondition)
      - @ConditionalOnMissingBean (types: feign.Client; SearchStrategy: all) did not find any beans (OnBeanCondition)

   DiscoveryClientOptionalArgsConfiguration#defaultEurekaClientHttpRequestFactorySupplier matched:
      - @ConditionalOnClass found required class 'org.springframework.web.client.RestTemplate' (OnClassCondition)
      - @ConditionalOnMissingBean (types: org.springframework.cloud.netflix.eureka.http.EurekaClientHttpRequestFactorySupplier; SearchStrategy: all) did not find any beans (OnBeanCondition)

   DiscoveryClientOptionalArgsConfiguration#restTemplateDiscoveryClientOptionalArgs matched:
      - @ConditionalOnClass found required class 'org.springframework.web.client.RestTemplate' (OnClassCondition)
      - @ConditionalOnProperty (eureka.client.webclient.enabled=false) matched (OnPropertyCondition)
      - AnyNestedCondition 1 matched 1 did not; NestedCondition on DiscoveryClientOptionalArgsConfiguration.JerseyClientNotPresentOrNotEnabledCondition.OnJerseyClientDisabled @ConditionalOnProperty (eureka.client.jersey.enabled=false) did not find property 'eureka.client.jersey.enabled'; NestedCondition on DiscoveryClientOptionalArgsConfiguration.JerseyClientNotPresentOrNotEnabledCondition.OnJerseyClientMissing @ConditionalOnMissingClass did not find unwanted class 'org.glassfish.jersey.client.JerseyClient' (DiscoveryClientOptionalArgsConfiguration.JerseyClientNotPresentOrNotEnabledCondition)
      - @ConditionalOnMissingBean (types: com.netflix.discovery.AbstractDiscoveryClientOptionalArgs; SearchStrategy: current) did not find any beans (OnBeanCondition)

   DiscoveryClientOptionalArgsConfiguration#restTemplateTransportClientFactories matched:
      - @ConditionalOnClass found required class 'org.springframework.web.client.RestTemplate' (OnClassCondition)
      - @ConditionalOnProperty (eureka.client.webclient.enabled=false) matched (OnPropertyCondition)
      - AnyNestedCondition 1 matched 1 did not; NestedCondition on DiscoveryClientOptionalArgsConfiguration.JerseyClientNotPresentOrNotEnabledCondition.OnJerseyClientDisabled @ConditionalOnProperty (eureka.client.jersey.enabled=false) did not find property 'eureka.client.jersey.enabled'; NestedCondition on DiscoveryClientOptionalArgsConfiguration.JerseyClientNotPresentOrNotEnabledCondition.OnJerseyClientMissing @ConditionalOnMissingClass did not find unwanted class 'org.glassfish.jersey.client.JerseyClient' (DiscoveryClientOptionalArgsConfiguration.JerseyClientNotPresentOrNotEnabledCondition)
      - @ConditionalOnMissingBean (types: com.netflix.discovery.shared.transport.jersey.TransportClientFactories; SearchStrategy: current) did not find any beans (OnBeanCondition)

   DispatcherServletAutoConfiguration matched:
      - @ConditionalOnClass found required class 'org.springframework.web.servlet.DispatcherServlet' (OnClassCondition)
      - found 'session' scope (OnWebApplicationCondition)

   DispatcherServletAutoConfiguration.DispatcherServletConfiguration matched:
      - @ConditionalOnClass found required class 'jakarta.servlet.ServletRegistration' (OnClassCondition)
      - Default DispatcherServlet did not find dispatcher servlet beans (DispatcherServletAutoConfiguration.DefaultDispatcherServletCondition)

   DispatcherServletAutoConfiguration.DispatcherServletRegistrationConfiguration matched:
      - @ConditionalOnClass found required class 'jakarta.servlet.ServletRegistration' (OnClassCondition)
      - DispatcherServlet Registration did not find servlet registration bean (DispatcherServletAutoConfiguration.DispatcherServletRegistrationCondition)

   DispatcherServletAutoConfiguration.DispatcherServletRegistrationConfiguration#dispatcherServletRegistration matched:
      - @ConditionalOnBean (names: dispatcherServlet types: org.springframework.web.servlet.DispatcherServlet; SearchStrategy: all) found bean 'dispatcherServlet' (OnBeanCondition)

   EmbeddedWebServerFactoryCustomizerAutoConfiguration matched:
      - @ConditionalOnWebApplication (required) found 'session' scope (OnWebApplicationCondition)
      - @ConditionalOnWarDeployment the application is not deployed as a WAR file. (OnWarDeploymentCondition)

   EmbeddedWebServerFactoryCustomizerAutoConfiguration.TomcatWebServerFactoryCustomizerConfiguration matched:
      - @ConditionalOnClass found required classes 'org.apache.catalina.startup.Tomcat', 'org.apache.coyote.UpgradeProtocol' (OnClassCondition)

   ErrorMvcAutoConfiguration matched:
      - @ConditionalOnClass found required classes 'jakarta.servlet.Servlet', 'org.springframework.web.servlet.DispatcherServlet' (OnClassCondition)
      - found 'session' scope (OnWebApplicationCondition)

   ErrorMvcAutoConfiguration#basicErrorController matched:
      - @ConditionalOnMissingBean (types: org.springframework.boot.web.servlet.error.ErrorController; SearchStrategy: current) did not find any beans (OnBeanCondition)

   ErrorMvcAutoConfiguration#errorAttributes matched:
      - @ConditionalOnMissingBean (types: org.springframework.boot.web.servlet.error.ErrorAttributes; SearchStrategy: current) did not find any beans (OnBeanCondition)

   ErrorMvcAutoConfiguration.DefaultErrorViewResolverConfiguration#conventionErrorViewResolver matched:
      - @ConditionalOnBean (types: org.springframework.web.servlet.DispatcherServlet; SearchStrategy: all) found bean 'dispatcherServlet'; @ConditionalOnMissingBean (types: org.springframework.boot.autoconfigure.web.servlet.error.ErrorViewResolver; SearchStrategy: all) did not find any beans (OnBeanCondition)

   ErrorMvcAutoConfiguration.WhitelabelErrorViewConfiguration matched:
      - @ConditionalOnProperty (server.error.whitelabel.enabled) matched (OnPropertyCondition)
      - ErrorTemplate Missing did not find error template view (ErrorMvcAutoConfiguration.ErrorTemplateMissingCondition)

   ErrorMvcAutoConfiguration.WhitelabelErrorViewConfiguration#beanNameViewResolver matched:
      - @ConditionalOnMissingBean (types: org.springframework.web.servlet.view.BeanNameViewResolver; SearchStrategy: all) did not find any beans (OnBeanCondition)

   ErrorMvcAutoConfiguration.WhitelabelErrorViewConfiguration#defaultErrorView matched:
      - @ConditionalOnMissingBean (names: error; SearchStrategy: all) did not find any beans (OnBeanCondition)

   EurekaClientAutoConfiguration matched:
      - @ConditionalOnClass found required class 'com.netflix.discovery.EurekaClientConfig' (OnClassCondition)
      - @ConditionalOnProperty (eureka.client.enabled) matched; @ConditionalOnProperty (spring.cloud.discovery.enabled) matched (OnPropertyCondition)

   EurekaClientAutoConfiguration#eurekaAutoServiceRegistration matched:
      - @ConditionalOnProperty (spring.cloud.service-registry.auto-registration.enabled) matched (OnPropertyCondition)
      - @ConditionalOnBean (types: org.springframework.cloud.client.serviceregistry.AutoServiceRegistrationProperties; SearchStrategy: all) found bean 'spring.cloud.service-registry.auto-registration-org.springframework.cloud.client.serviceregistry.AutoServiceRegistrationProperties' (OnBeanCondition)

   EurekaClientAutoConfiguration#eurekaClientConfigBean matched:
      - @ConditionalOnMissingBean (types: com.netflix.discovery.EurekaClientConfig; SearchStrategy: current) did not find any beans (OnBeanCondition)

   EurekaClientAutoConfiguration#eurekaInstanceConfigBean matched:
      - @ConditionalOnMissingBean (types: com.netflix.appinfo.EurekaInstanceConfig; SearchStrategy: current) did not find any beans (OnBeanCondition)

   EurekaClientAutoConfiguration#serviceManagementMetadataProvider matched:
      - @ConditionalOnMissingBean (types: org.springframework.cloud.netflix.eureka.metadata.ManagementMetadataProvider; SearchStrategy: all) did not find any beans (OnBeanCondition)

   EurekaClientAutoConfiguration.RefreshableEurekaClientConfiguration matched:
      - @ConditionalOnClass found required class 'org.springframework.cloud.context.scope.refresh.RefreshScope' (OnClassCondition)
      - @ConditionalOnProperty (eureka.client.refresh.enable=true) matched (OnPropertyCondition)
      - @ConditionalOnBean (types: org.springframework.cloud.autoconfigure.RefreshAutoConfiguration; SearchStrategy: all) found bean 'org.springframework.cloud.autoconfigure.RefreshAutoConfiguration' (OnBeanCondition)

   EurekaClientAutoConfiguration.RefreshableEurekaClientConfiguration#eurekaApplicationInfoManager matched:
      - @ConditionalOnMissingBean (types: com.netflix.appinfo.ApplicationInfoManager; SearchStrategy: current) did not find any beans (OnBeanCondition)

   EurekaClientAutoConfiguration.RefreshableEurekaClientConfiguration#eurekaClient matched:
      - @ConditionalOnMissingBean (types: com.netflix.discovery.EurekaClient; SearchStrategy: current) did not find any beans (OnBeanCondition)

   EurekaClientAutoConfiguration.RefreshableEurekaClientConfiguration#eurekaRegistration matched:
      - @ConditionalOnProperty (spring.cloud.service-registry.auto-registration.enabled) matched (OnPropertyCondition)
      - @ConditionalOnBean (types: org.springframework.cloud.client.serviceregistry.AutoServiceRegistrationProperties; SearchStrategy: all) found bean 'spring.cloud.service-registry.auto-registration-org.springframework.cloud.client.serviceregistry.AutoServiceRegistrationProperties' (OnBeanCondition)

   EurekaDiscoveryClientConfiguration matched:
      - @ConditionalOnClass found required class 'com.netflix.discovery.EurekaClientConfig' (OnClassCondition)
      - @ConditionalOnProperty (eureka.client.enabled) matched; @ConditionalOnProperty (spring.cloud.discovery.enabled) matched; @ConditionalOnProperty (spring.cloud.discovery.blocking.enabled) matched (OnPropertyCondition)

   EurekaDiscoveryClientConfiguration#discoveryClient matched:
      - @ConditionalOnMissingBean (types: org.springframework.cloud.netflix.eureka.EurekaDiscoveryClient; SearchStrategy: all) did not find any beans (OnBeanCondition)

   EurekaDiscoveryClientConfiguration.EurekaClientConfigurationRefresher matched:
      - @ConditionalOnClass found required class 'org.springframework.cloud.context.scope.refresh.RefreshScopeRefreshedEvent' (OnClassCondition)

   FeignAutoConfiguration matched:
      - @ConditionalOnClass found required class 'feign.Feign' (OnClassCondition)

   FeignAutoConfiguration.DefaultFeignTargeterConfiguration matched:
      - AnyNestedCondition 1 matched 1 did not; NestedCondition on FeignCircuitBreakerDisabledConditions.CircuitBreakerDisabled @ConditionalOnProperty (spring.cloud.openfeign.circuitbreaker.enabled=false) matched; NestedCondition on FeignCircuitBreakerDisabledConditions.CircuitBreakerClassMissing @ConditionalOnMissingClass found unwanted class 'org.springframework.cloud.client.circuitbreaker.CircuitBreaker' (FeignCircuitBreakerDisabledConditions)

   FeignAutoConfiguration.DefaultFeignTargeterConfiguration#feignTargeter matched:
      - @ConditionalOnMissingBean (types: org.springframework.cloud.openfeign.Targeter; SearchStrategy: all) did not find any beans (OnBeanCondition)

   FeignAutoConfiguration.FeignJacksonConfiguration matched:
      - @ConditionalOnClass found required classes 'com.fasterxml.jackson.databind.Module', 'org.springframework.data.domain.Page', 'org.springframework.data.domain.Sort' (OnClassCondition)
      - @ConditionalOnProperty (spring.cloud.openfeign.autoconfiguration.jackson.enabled=true) matched (OnPropertyCondition)

   FeignAutoConfiguration.FeignJacksonConfiguration#pageJacksonModule matched:
      - @ConditionalOnMissingBean (types: org.springframework.cloud.openfeign.support.PageJacksonModule; SearchStrategy: all) did not find any beans (OnBeanCondition)

   FeignAutoConfiguration.FeignJacksonConfiguration#sortModule matched:
      - @ConditionalOnMissingBean (types: org.springframework.cloud.openfeign.support.SortJacksonModule; SearchStrategy: all) did not find any beans (OnBeanCondition)

   FeignLoadBalancerAutoConfiguration matched:
      - @ConditionalOnClass found required class 'feign.Feign' (OnClassCondition)
      - @ConditionalOnBean (types: org.springframework.cloud.client.loadbalancer.LoadBalancerClient,org.springframework.cloud.loadbalancer.support.LoadBalancerClientFactory; SearchStrategy: all) found beans 'blockingLoadBalancerClient', 'loadBalancerClientFactory' (OnBeanCondition)

   FeignLoadBalancerAutoConfiguration#xForwarderHeadersFeignTransformer matched:
      - @ConditionalOnBean (types: org.springframework.cloud.loadbalancer.support.LoadBalancerClientFactory; SearchStrategy: all) found bean 'loadBalancerClientFactory'; @ConditionalOnMissingBean (types: org.springframework.cloud.openfeign.loadbalancer.XForwardedHeadersTransformer; SearchStrategy: all) did not find any beans (OnBeanCondition)

   GenericCacheConfiguration matched:
      - Cache org.springframework.boot.autoconfigure.cache.GenericCacheConfiguration automatic cache type (CacheCondition)

   GsonAutoConfiguration matched:
      - @ConditionalOnClass found required class 'com.google.gson.Gson' (OnClassCondition)

   GsonAutoConfiguration#gson matched:
      - @ConditionalOnMissingBean (types: com.google.gson.Gson; SearchStrategy: all) did not find any beans (OnBeanCondition)

   GsonAutoConfiguration#gsonBuilder matched:
      - @ConditionalOnMissingBean (types: com.google.gson.GsonBuilder; SearchStrategy: all) did not find any beans (OnBeanCondition)

   GsonHttpMessageConvertersConfiguration matched:
      - @ConditionalOnClass found required class 'com.google.gson.Gson' (OnClassCondition)

   HibernateJpaAutoConfiguration matched:
      - @ConditionalOnClass found required classes 'org.springframework.orm.jpa.LocalContainerEntityManagerFactoryBean', 'jakarta.persistence.EntityManager', 'org.hibernate.engine.spi.SessionImplementor' (OnClassCondition)

   HibernateJpaConfiguration matched:
      - @ConditionalOnSingleCandidate (types: javax.sql.DataSource; SearchStrategy: all) found a single bean 'dataSource' (OnBeanCondition)

   HttpEncodingAutoConfiguration matched:
      - @ConditionalOnClass found required class 'org.springframework.web.filter.CharacterEncodingFilter' (OnClassCondition)
      - found 'session' scope (OnWebApplicationCondition)
      - @ConditionalOnProperty (server.servlet.encoding.enabled) matched (OnPropertyCondition)

   HttpEncodingAutoConfiguration#characterEncodingFilter matched:
      - @ConditionalOnMissingBean (types: org.springframework.web.filter.CharacterEncodingFilter; SearchStrategy: all) did not find any beans (OnBeanCondition)

   HttpMessageConvertersAutoConfiguration matched:
      - @ConditionalOnClass found required class 'org.springframework.http.converter.HttpMessageConverter' (OnClassCondition)
      - NoneNestedConditions 0 matched 1 did not; NestedCondition on HttpMessageConvertersAutoConfiguration.NotReactiveWebApplicationCondition.ReactiveWebApplication did not find reactive web application classes (HttpMessageConvertersAutoConfiguration.NotReactiveWebApplicationCondition)

   HttpMessageConvertersAutoConfiguration#messageConverters matched:
      - @ConditionalOnMissingBean (types: org.springframework.boot.autoconfigure.http.HttpMessageConverters; SearchStrategy: all) did not find any beans (OnBeanCondition)

   HttpMessageConvertersAutoConfiguration.StringHttpMessageConverterConfiguration matched:
      - @ConditionalOnClass found required class 'org.springframework.http.converter.StringHttpMessageConverter' (OnClassCondition)

   HttpMessageConvertersAutoConfiguration.StringHttpMessageConverterConfiguration#stringHttpMessageConverter matched:
      - @ConditionalOnMissingBean (types: org.springframework.http.converter.StringHttpMessageConverter; SearchStrategy: all) did not find any beans (OnBeanCondition)

   JacksonAutoConfiguration matched:
      - @ConditionalOnClass found required class 'com.fasterxml.jackson.databind.ObjectMapper' (OnClassCondition)

   JacksonAutoConfiguration.Jackson2ObjectMapperBuilderCustomizerConfiguration matched:
      - @ConditionalOnClass found required class 'org.springframework.http.converter.json.Jackson2ObjectMapperBuilder' (OnClassCondition)

   JacksonAutoConfiguration.JacksonObjectMapperBuilderConfiguration matched:
      - @ConditionalOnClass found required class 'org.springframework.http.converter.json.Jackson2ObjectMapperBuilder' (OnClassCondition)

   JacksonAutoConfiguration.JacksonObjectMapperBuilderConfiguration#jacksonObjectMapperBuilder matched:
      - @ConditionalOnMissingBean (types: org.springframework.http.converter.json.Jackson2ObjectMapperBuilder; SearchStrategy: all) did not find any beans (OnBeanCondition)

   JacksonAutoConfiguration.JacksonObjectMapperConfiguration matched:
      - @ConditionalOnClass found required class 'org.springframework.http.converter.json.Jackson2ObjectMapperBuilder' (OnClassCondition)

   JacksonAutoConfiguration.JacksonObjectMapperConfiguration#jacksonObjectMapper matched:
      - @ConditionalOnMissingBean (types: com.fasterxml.jackson.databind.ObjectMapper; SearchStrategy: all) did not find any beans (OnBeanCondition)

   JacksonAutoConfiguration.ParameterNamesModuleConfiguration matched:
      - @ConditionalOnClass found required class 'com.fasterxml.jackson.module.paramnames.ParameterNamesModule' (OnClassCondition)

   JacksonAutoConfiguration.ParameterNamesModuleConfiguration#parameterNamesModule matched:
      - @ConditionalOnMissingBean (types: com.fasterxml.jackson.module.paramnames.ParameterNamesModule; SearchStrategy: all) did not find any beans (OnBeanCondition)

   JacksonHttpMessageConvertersConfiguration.MappingJackson2HttpMessageConverterConfiguration matched:
      - @ConditionalOnClass found required class 'com.fasterxml.jackson.databind.ObjectMapper' (OnClassCondition)
      - @ConditionalOnProperty (spring.mvc.converters.preferred-json-mapper=jackson) matched (OnPropertyCondition)
      - @ConditionalOnBean (types: com.fasterxml.jackson.databind.ObjectMapper; SearchStrategy: all) found bean 'jacksonObjectMapper' (OnBeanCondition)

   JacksonHttpMessageConvertersConfiguration.MappingJackson2HttpMessageConverterConfiguration#mappingJackson2HttpMessageConverter matched:
      - @ConditionalOnMissingBean (types: org.springframework.http.converter.json.MappingJackson2HttpMessageConverter ignored: org.springframework.hateoas.server.mvc.TypeConstrainedMappingJackson2HttpMessageConverter,org.springframework.data.rest.webmvc.alps.AlpsJsonHttpMessageConverter; SearchStrategy: all) did not find any beans (OnBeanCondition)

   JdbcClientAutoConfiguration matched:
      - @ConditionalOnSingleCandidate (types: org.springframework.jdbc.core.namedparam.NamedParameterJdbcTemplate; SearchStrategy: all) found a single bean 'namedParameterJdbcTemplate'; @ConditionalOnMissingBean (types: org.springframework.jdbc.core.simple.JdbcClient; SearchStrategy: all) did not find any beans (OnBeanCondition)

   JdbcTemplateAutoConfiguration matched:
      - @ConditionalOnClass found required classes 'javax.sql.DataSource', 'org.springframework.jdbc.core.JdbcTemplate' (OnClassCondition)
      - @ConditionalOnSingleCandidate (types: javax.sql.DataSource; SearchStrategy: all) found a single bean 'dataSource' (OnBeanCondition)

   JdbcTemplateConfiguration matched:
      - @ConditionalOnMissingBean (types: org.springframework.jdbc.core.JdbcOperations; SearchStrategy: all) did not find any beans (OnBeanCondition)

   JpaBaseConfiguration#entityManagerFactory matched:
      - @ConditionalOnMissingBean (types: org.springframework.orm.jpa.LocalContainerEntityManagerFactoryBean,jakarta.persistence.EntityManagerFactory; SearchStrategy: all) did not find any beans (OnBeanCondition)

   JpaBaseConfiguration#entityManagerFactoryBuilder matched:
      - @ConditionalOnMissingBean (types: org.springframework.boot.orm.jpa.EntityManagerFactoryBuilder; SearchStrategy: all) did not find any beans (OnBeanCondition)

   JpaBaseConfiguration#jpaVendorAdapter matched:
      - @ConditionalOnMissingBean (types: org.springframework.orm.jpa.JpaVendorAdapter; SearchStrategy: all) did not find any beans (OnBeanCondition)

   JpaBaseConfiguration#transactionManager matched:
      - @ConditionalOnMissingBean (types: org.springframework.transaction.TransactionManager; SearchStrategy: all) did not find any beans (OnBeanCondition)

   JpaBaseConfiguration.JpaWebConfiguration matched:
      - @ConditionalOnClass found required class 'org.springframework.web.servlet.config.annotation.WebMvcConfigurer' (OnClassCondition)
      - found 'session' scope (OnWebApplicationCondition)
      - @ConditionalOnProperty (spring.jpa.open-in-view=true) matched (OnPropertyCondition)
      - @ConditionalOnMissingBean (types: org.springframework.orm.jpa.support.OpenEntityManagerInViewInterceptor,org.springframework.orm.jpa.support.OpenEntityManagerInViewFilter; SearchStrategy: all) did not find any beans (OnBeanCondition)

   JpaBaseConfiguration.PersistenceManagedTypesConfiguration matched:
      - @ConditionalOnMissingBean (types: org.springframework.orm.jpa.LocalContainerEntityManagerFactoryBean,jakarta.persistence.EntityManagerFactory; SearchStrategy: all) did not find any beans (OnBeanCondition)

   JpaBaseConfiguration.PersistenceManagedTypesConfiguration#persistenceManagedTypes matched:
      - @ConditionalOnMissingBean (types: org.springframework.orm.jpa.persistenceunit.PersistenceManagedTypes; SearchStrategy: all) did not find any beans (OnBeanCondition)

   JpaRepositoriesAutoConfiguration matched:
      - @ConditionalOnClass found required class 'org.springframework.data.jpa.repository.JpaRepository' (OnClassCondition)
      - @ConditionalOnProperty (spring.data.jpa.repositories.enabled=true) matched (OnPropertyCondition)
      - @ConditionalOnBean (types: javax.sql.DataSource; SearchStrategy: all) found bean 'dataSource'; @ConditionalOnMissingBean (types: org.springframework.data.jpa.repository.support.JpaRepositoryFactoryBean,org.springframework.data.jpa.repository.config.JpaRepositoryConfigExtension; SearchStrategy: all) did not find any beans (OnBeanCondition)

   JtaAutoConfiguration matched:
      - @ConditionalOnClass found required class 'jakarta.transaction.Transaction' (OnClassCondition)
      - @ConditionalOnProperty (spring.jta.enabled) matched (OnPropertyCondition)

   LifecycleAutoConfiguration#defaultLifecycleProcessor matched:
      - @ConditionalOnMissingBean (names: lifecycleProcessor; SearchStrategy: current) did not find any beans (OnBeanCondition)

   LifecycleMvcEndpointAutoConfiguration#environmentManager matched:
      - @ConditionalOnMissingBean (types: org.springframework.cloud.context.environment.EnvironmentManager; SearchStrategy: all) did not find any beans (OnBeanCondition)

   org.springframework.cloud.client.loadbalancer.LoadBalancerAutoConfiguration matched:
      - AnyNestedCondition 2 matched 0 did not; NestedCondition on BlockingRestClassesPresentCondition.RestClientPresent @ConditionalOnClass found required class 'org.springframework.web.client.RestClient'; NestedCondition on BlockingRestClassesPresentCondition.RestTemplatePresent @ConditionalOnClass found required class 'org.springframework.web.client.RestTemplate' (BlockingRestClassesPresentCondition)
      - @ConditionalOnBean (types: org.springframework.cloud.client.loadbalancer.LoadBalancerClient; SearchStrategy: all) found bean 'blockingLoadBalancerClient' (OnBeanCondition)

   org.springframework.cloud.loadbalancer.config.LoadBalancerAutoConfiguration matched:
      - @ConditionalOnProperty (spring.cloud.loadbalancer.enabled=true) matched (OnPropertyCondition)

   LoadBalancerAutoConfiguration#loadBalancerClientFactory matched:
      - @ConditionalOnMissingBean (types: org.springframework.cloud.loadbalancer.support.LoadBalancerClientFactory; SearchStrategy: all) did not find any beans (OnBeanCondition)

   LoadBalancerAutoConfiguration#loadBalancerRequestFactory matched:
      - @ConditionalOnMissingBean (types: org.springframework.cloud.client.loadbalancer.LoadBalancerRequestFactory; SearchStrategy: all) did not find any beans (OnBeanCondition)

   LoadBalancerAutoConfiguration#zoneConfig matched:
      - @ConditionalOnMissingBean (types: org.springframework.cloud.loadbalancer.config.LoadBalancerZoneConfig; SearchStrategy: all) did not find any beans (OnBeanCondition)

   LoadBalancerAutoConfiguration.DeferringLoadBalancerInterceptorConfig#deferringLoadBalancerInterceptor matched:
      - @ConditionalOnMissingBean (types: org.springframework.cloud.client.loadbalancer.DeferringLoadBalancerInterceptor; SearchStrategy: all) did not find any beans (OnBeanCondition)

   LoadBalancerAutoConfiguration.DeferringLoadBalancerInterceptorConfig#lbRestClientPostProcessor matched:
      - @ConditionalOnBean (types: org.springframework.cloud.client.loadbalancer.DeferringLoadBalancerInterceptor; SearchStrategy: all) found bean 'deferringLoadBalancerInterceptor'; @ConditionalOnMissingBean (types: org.springframework.cloud.client.loadbalancer.LoadBalancerRestClientBuilderBeanPostProcessor; SearchStrategy: all) did not find any beans (OnBeanCondition)

   LoadBalancerAutoConfiguration.LoadBalancerInterceptorConfig matched:
      - AnyNestedCondition 1 matched 1 did not; NestedCondition on LoadBalancerAutoConfiguration.RetryMissingOrDisabledCondition.RetryDisabled @ConditionalOnProperty (spring.cloud.loadbalancer.retry.enabled=false) did not find property 'spring.cloud.loadbalancer.retry.enabled'; NestedCondition on LoadBalancerAutoConfiguration.RetryMissingOrDisabledCondition.RetryTemplateMissing @ConditionalOnMissingClass did not find unwanted class 'org.springframework.retry.support.RetryTemplate' (LoadBalancerAutoConfiguration.RetryMissingOrDisabledCondition)

   LoadBalancerAutoConfiguration.LoadBalancerInterceptorConfig#restTemplateCustomizer matched:
      - @ConditionalOnMissingBean (types: org.springframework.cloud.client.loadbalancer.RestTemplateCustomizer; SearchStrategy: all) did not find any beans (OnBeanCondition)

   LoadBalancerCacheAutoConfiguration matched:
      - @ConditionalOnClass found required classes 'org.springframework.cache.CacheManager', 'org.springframework.boot.autoconfigure.cache.CacheAutoConfiguration' (OnClassCondition)
      - AllNestedConditions 2 matched 0 did not; NestedCondition on LoadBalancerCacheAutoConfiguration.OnLoadBalancerCachingEnabledCondition.LoadBalancerCacheEnabled @ConditionalOnProperty (spring.cloud.loadbalancer.cache.enabled) matched; NestedCondition on LoadBalancerCacheAutoConfiguration.OnLoadBalancerCachingEnabledCondition.LoadBalancerEnabled @ConditionalOnProperty (spring.cloud.loadbalancer.enabled=true) matched (LoadBalancerCacheAutoConfiguration.OnLoadBalancerCachingEnabledCondition)

   LoadBalancerCacheAutoConfiguration.DefaultLoadBalancerCacheManagerConfiguration matched:
      - @ConditionalOnClass found required class 'com.stoyanr.evictor.ConcurrentMapWithTimedEviction' (OnClassCondition)
      - AnyNestedCondition 1 matched 1 did not; NestedCondition on LoadBalancerCacheAutoConfiguration.OnCaffeineCacheMissingCondition.CaffeineCacheManagerClassMissing @ConditionalOnMissingClass found unwanted class 'org.springframework.cache.caffeine.CaffeineCacheManager'; NestedCondition on LoadBalancerCacheAutoConfiguration.OnCaffeineCacheMissingCondition.CaffeineClassMissing @ConditionalOnMissingClass did not find unwanted class 'com.github.benmanes.caffeine.cache.Caffeine' (LoadBalancerCacheAutoConfiguration.OnCaffeineCacheMissingCondition)

   LoadBalancerCacheAutoConfiguration.DefaultLoadBalancerCacheManagerConfiguration#defaultLoadBalancerCacheManager matched:
      - @ConditionalOnMissingBean (types: org.springframework.cloud.loadbalancer.cache.LoadBalancerCacheManager; SearchStrategy: all) did not find any beans (OnBeanCondition)

   LoadBalancerCacheAutoConfiguration.LoadBalancerCacheManagerWarnConfiguration matched:
      - AnyNestedCondition 1 matched 1 did not; NestedCondition on LoadBalancerCacheAutoConfiguration.OnCaffeineCacheMissingCondition.CaffeineCacheManagerClassMissing @ConditionalOnMissingClass found unwanted class 'org.springframework.cache.caffeine.CaffeineCacheManager'; NestedCondition on LoadBalancerCacheAutoConfiguration.OnCaffeineCacheMissingCondition.CaffeineClassMissing @ConditionalOnMissingClass did not find unwanted class 'com.github.benmanes.caffeine.cache.Caffeine' (LoadBalancerCacheAutoConfiguration.OnCaffeineCacheMissingCondition)

   LoadBalancerEurekaAutoConfiguration matched:
      - @ConditionalOnClass found required class 'org.springframework.cloud.loadbalancer.annotation.LoadBalancerClientConfigurationRegistrar' (OnClassCondition)
      - @ConditionalOnProperty (eureka.client.enabled) matched (OnPropertyCondition)

   LoadBalancerEurekaAutoConfiguration#eurekaLoadBalancerProperties matched:
      - @ConditionalOnMissingBean (types: org.springframework.cloud.netflix.eureka.loadbalancer.EurekaLoadBalancerProperties; SearchStrategy: all) did not find any beans (OnBeanCondition)

   MailSenderAutoConfiguration matched:
      - @ConditionalOnClass found required classes 'jakarta.mail.internet.MimeMessage', 'jakarta.activation.MimeType', 'org.springframework.mail.MailSender' (OnClassCondition)
      - AnyNestedCondition 1 matched 1 did not; NestedCondition on MailSenderAutoConfiguration.MailSenderCondition.JndiNameProperty @ConditionalOnProperty (spring.mail.jndi-name) did not find property 'jndi-name'; NestedCondition on MailSenderAutoConfiguration.MailSenderCondition.HostProperty @ConditionalOnProperty (spring.mail.host) matched (MailSenderAutoConfiguration.MailSenderCondition)
      - @ConditionalOnMissingBean (types: org.springframework.mail.MailSender; SearchStrategy: all) did not find any beans (OnBeanCondition)

   MailSenderPropertiesConfiguration matched:
      - @ConditionalOnProperty (spring.mail.host) matched (OnPropertyCondition)

   MailSenderPropertiesConfiguration#mailSender matched:
      - @ConditionalOnMissingBean (types: org.springframework.mail.javamail.JavaMailSender; SearchStrategy: all) did not find any beans (OnBeanCondition)

   MultipartAutoConfiguration matched:
      - @ConditionalOnClass found required classes 'jakarta.servlet.Servlet', 'org.springframework.web.multipart.support.StandardServletMultipartResolver', 'jakarta.servlet.MultipartConfigElement' (OnClassCondition)
      - found 'session' scope (OnWebApplicationCondition)
      - @ConditionalOnProperty (spring.servlet.multipart.enabled) matched (OnPropertyCondition)

   MultipartAutoConfiguration#multipartConfigElement matched:
      - @ConditionalOnMissingBean (types: jakarta.servlet.MultipartConfigElement; SearchStrategy: all) did not find any beans (OnBeanCondition)

   MultipartAutoConfiguration#multipartResolver matched:
      - @ConditionalOnMissingBean (types: org.springframework.web.multipart.MultipartResolver; SearchStrategy: all) did not find any beans (OnBeanCondition)

   NamedParameterJdbcTemplateConfiguration matched:
      - @ConditionalOnSingleCandidate (types: org.springframework.jdbc.core.JdbcTemplate; SearchStrategy: all) found a single bean 'jdbcTemplate'; @ConditionalOnMissingBean (types: org.springframework.jdbc.core.namedparam.NamedParameterJdbcOperations; SearchStrategy: all) did not find any beans (OnBeanCondition)

   NoOpCacheConfiguration matched:
      - Cache org.springframework.boot.autoconfigure.cache.NoOpCacheConfiguration automatic cache type (CacheCondition)

   OAuth2ResourceServerAutoConfiguration matched:
      - @ConditionalOnClass found required class 'org.springframework.security.oauth2.server.resource.authentication.BearerTokenAuthenticationToken' (OnClassCondition)
      - found 'session' scope (OnWebApplicationCondition)

   OAuth2ResourceServerOpaqueTokenConfiguration.OpaqueTokenIntrospectionClientConfiguration matched:
      - @ConditionalOnMissingBean (types: org.springframework.security.oauth2.server.resource.introspection.OpaqueTokenIntrospector; SearchStrategy: all) did not find any beans (OnBeanCondition)

   Oauth2ResourceServerConfiguration.JwtConfiguration matched:
      - @ConditionalOnClass found required class 'org.springframework.security.oauth2.jwt.JwtDecoder' (OnClassCondition)

   PersistenceExceptionTranslationAutoConfiguration matched:
      - @ConditionalOnClass found required class 'org.springframework.dao.annotation.PersistenceExceptionTranslationPostProcessor' (OnClassCondition)

   PersistenceExceptionTranslationAutoConfiguration#persistenceExceptionTranslationPostProcessor matched:
      - @ConditionalOnProperty (spring.dao.exceptiontranslation.enabled) matched (OnPropertyCondition)
      - @ConditionalOnMissingBean (types: org.springframework.dao.annotation.PersistenceExceptionTranslationPostProcessor; SearchStrategy: all) did not find any beans (OnBeanCondition)

   PropertyPlaceholderAutoConfiguration#propertySourcesPlaceholderConfigurer matched:
      - @ConditionalOnMissingBean (types: org.springframework.context.support.PropertySourcesPlaceholderConfigurer; SearchStrategy: current) did not find any beans (OnBeanCondition)

   ReactorAutoConfiguration matched:
      - @ConditionalOnClass found required class 'reactor.core.publisher.Hooks' (OnClassCondition)

   RefreshAutoConfiguration matched:
      - @ConditionalOnClass found required class 'org.springframework.cloud.context.scope.refresh.RefreshScope' (OnClassCondition)
      - @ConditionalOnProperty (spring.cloud.refresh.enabled) matched (OnPropertyCondition)

   RefreshAutoConfiguration#configDataContextRefresher matched:
      - @ConditionalOnMissingBean (types: org.springframework.cloud.context.refresh.ConfigDataContextRefresher; SearchStrategy: all) did not find any beans (OnBeanCondition)
      - NoneNestedConditions 0 matched 3 did not; NestedCondition on ConditionalOnBootstrapDisabled.OnBootstrapDisabledCondition.OnBootstrapEnabled @ConditionalOnProperty (spring.cloud.bootstrap.enabled) did not find property 'spring.cloud.bootstrap.enabled'; NestedCondition on ConditionalOnBootstrapDisabled.OnBootstrapDisabledCondition.OnUseLegacyProcessingEnabled @ConditionalOnProperty (spring.config.use-legacy-processing) did not find property 'spring.config.use-legacy-processing'; NestedCondition on ConditionalOnBootstrapDisabled.OnBootstrapDisabledCondition.OnBootstrapMarkerClassPresent @ConditionalOnClass did not find required class 'org.springframework.cloud.bootstrap.marker.Marker' (ConditionalOnBootstrapDisabled.OnBootstrapDisabledCondition)

   RefreshAutoConfiguration#loggingRebinder matched:
      - @ConditionalOnMissingBean (types: org.springframework.cloud.logging.LoggingRebinder; SearchStrategy: all) did not find any beans (OnBeanCondition)

   RefreshAutoConfiguration#refreshScope matched:
      - @ConditionalOnMissingBean (types: org.springframework.cloud.context.scope.refresh.RefreshScope; SearchStrategy: all) did not find any beans (OnBeanCondition)

   RefreshAutoConfiguration#refreshScopeLifecycle matched:
      - @ConditionalOnProperty (spring.cloud.refresh.on-restart.enabled) matched (OnPropertyCondition)

   ResourceServerTokenRelayAutoConfiguration matched:
      - @ConditionalOnClass found required class 'org.springframework.web.servlet.config.annotation.WebMvcConfigurer' (OnClassCondition)
      - found 'session' scope (OnWebApplicationCondition)
      - @ConditionalOnProperty (spring.cloud.mvc.token-relay.enabled) matched (OnPropertyCondition)

   RestClientAutoConfiguration matched:
      - @ConditionalOnClass found required class 'org.springframework.web.client.RestClient' (OnClassCondition)
      - NoneNestedConditions 0 matched 1 did not; NestedCondition on NotReactiveWebApplicationCondition.ReactiveWebApplication did not find reactive web application classes (NotReactiveWebApplicationCondition)

   RestClientAutoConfiguration#httpMessageConvertersRestClientCustomizer matched:
      - @ConditionalOnMissingBean (types: org.springframework.boot.autoconfigure.web.client.HttpMessageConvertersRestClientCustomizer; SearchStrategy: all) did not find any beans (OnBeanCondition)

   RestClientAutoConfiguration#restClientBuilder matched:
      - @ConditionalOnMissingBean (types: org.springframework.web.client.RestClient$Builder; SearchStrategy: all) did not find any beans (OnBeanCondition)

   RestClientAutoConfiguration#restClientBuilderConfigurer matched:
      - @ConditionalOnMissingBean (types: org.springframework.boot.autoconfigure.web.client.RestClientBuilderConfigurer; SearchStrategy: all) did not find any beans (OnBeanCondition)

   RestClientAutoConfiguration#restClientSsl matched:
      - @ConditionalOnBean (types: org.springframework.boot.ssl.SslBundles; SearchStrategy: all) found bean 'sslBundleRegistry'; @ConditionalOnMissingBean (types: org.springframework.boot.autoconfigure.web.client.RestClientSsl; SearchStrategy: all) did not find any beans (OnBeanCondition)

   RestTemplateAutoConfiguration matched:
      - @ConditionalOnClass found required class 'org.springframework.web.client.RestTemplate' (OnClassCondition)
      - NoneNestedConditions 0 matched 1 did not; NestedCondition on NotReactiveWebApplicationCondition.ReactiveWebApplication did not find reactive web application classes (NotReactiveWebApplicationCondition)

   RestTemplateAutoConfiguration#restTemplateBuilder matched:
      - @ConditionalOnMissingBean (types: org.springframework.boot.web.client.RestTemplateBuilder; SearchStrategy: all) did not find any beans (OnBeanCondition)

   SecurityAutoConfiguration matched:
      - @ConditionalOnClass found required class 'org.springframework.security.authentication.DefaultAuthenticationEventPublisher' (OnClassCondition)

   SecurityAutoConfiguration#authenticationEventPublisher matched:
      - @ConditionalOnMissingBean (types: org.springframework.security.authentication.AuthenticationEventPublisher; SearchStrategy: all) did not find any beans (OnBeanCondition)

   SecurityFilterAutoConfiguration matched:
      - @ConditionalOnClass found required classes 'org.springframework.security.web.context.AbstractSecurityWebApplicationInitializer', 'org.springframework.security.config.http.SessionCreationPolicy' (OnClassCondition)
      - found 'session' scope (OnWebApplicationCondition)

   SecurityFilterAutoConfiguration#securityFilterChainRegistration matched:
      - @ConditionalOnBean (names: springSecurityFilterChain; SearchStrategy: all) found bean 'springSecurityFilterChain' (OnBeanCondition)

   ServletWebServerFactoryAutoConfiguration matched:
      - @ConditionalOnClass found required class 'jakarta.servlet.ServletRequest' (OnClassCondition)
      - found 'session' scope (OnWebApplicationCondition)

   ServletWebServerFactoryAutoConfiguration#tomcatServletWebServerFactoryCustomizer matched:
      - @ConditionalOnClass found required class 'org.apache.catalina.startup.Tomcat' (OnClassCondition)

   ServletWebServerFactoryConfiguration.EmbeddedTomcat matched:
      - @ConditionalOnClass found required classes 'jakarta.servlet.Servlet', 'org.apache.catalina.startup.Tomcat', 'org.apache.coyote.UpgradeProtocol' (OnClassCondition)
      - @ConditionalOnMissingBean (types: org.springframework.boot.web.servlet.server.ServletWebServerFactory; SearchStrategy: current) did not find any beans (OnBeanCondition)

   SimpleCacheConfiguration matched:
      - Cache org.springframework.boot.autoconfigure.cache.SimpleCacheConfiguration automatic cache type (CacheCondition)

   SimpleDiscoveryClientAutoConfiguration#simpleDiscoveryProperties matched:
      - @ConditionalOnMissingBean (types: org.springframework.cloud.client.discovery.simple.SimpleDiscoveryProperties; SearchStrategy: all) did not find any beans (OnBeanCondition)

   SpringBootWebSecurityConfiguration matched:
      - found 'session' scope (OnWebApplicationCondition)

   SpringBootWebSecurityConfiguration.WebSecurityEnablerConfiguration matched:
      - @ConditionalOnClass found required class 'org.springframework.security.config.annotation.web.configuration.EnableWebSecurity' (OnClassCondition)
      - @ConditionalOnMissingBean (names: springSecurityFilterChain; SearchStrategy: all) did not find any beans (OnBeanCondition)

   SpringDataWebAutoConfiguration matched:
      - @ConditionalOnClass found required classes 'org.springframework.data.web.PageableHandlerMethodArgumentResolver', 'org.springframework.web.servlet.config.annotation.WebMvcConfigurer' (OnClassCondition)
      - found 'session' scope (OnWebApplicationCondition)
      - @ConditionalOnMissingBean (types: org.springframework.data.web.PageableHandlerMethodArgumentResolver; SearchStrategy: all) did not find any beans (OnBeanCondition)

   SpringDataWebAutoConfiguration#pageableCustomizer matched:
      - @ConditionalOnMissingBean (types: org.springframework.data.web.config.PageableHandlerMethodArgumentResolverCustomizer; SearchStrategy: all) did not find any beans (OnBeanCondition)

   SpringDataWebAutoConfiguration#sortCustomizer matched:
      - @ConditionalOnMissingBean (types: org.springframework.data.web.config.SortHandlerMethodArgumentResolverCustomizer; SearchStrategy: all) did not find any beans (OnBeanCondition)

   SqlInitializationAutoConfiguration matched:
      - @ConditionalOnProperty (spring.sql.init.enabled) matched (OnPropertyCondition)
      - NoneNestedConditions 0 matched 1 did not; NestedCondition on SqlInitializationAutoConfiguration.SqlInitializationModeCondition.ModeIsNever @ConditionalOnProperty (spring.sql.init.mode=never) did not find property 'mode' (SqlInitializationAutoConfiguration.SqlInitializationModeCondition)

   SslAutoConfiguration#sslBundleRegistry matched:
      - @ConditionalOnMissingBean (types: org.springframework.boot.ssl.SslBundleRegistry,org.springframework.boot.ssl.SslBundles; SearchStrategy: all) did not find any beans (OnBeanCondition)

   TaskExecutionAutoConfiguration matched:
      - @ConditionalOnClass found required class 'org.springframework.scheduling.concurrent.ThreadPoolTaskExecutor' (OnClassCondition)

   TaskExecutorConfigurations.SimpleAsyncTaskExecutorBuilderConfiguration#simpleAsyncTaskExecutorBuilder matched:
      - @ConditionalOnMissingBean (types: org.springframework.boot.task.SimpleAsyncTaskExecutorBuilder; SearchStrategy: all) did not find any beans (OnBeanCondition)
      - @ConditionalOnThreading found PLATFORM (OnThreadingCondition)

   TaskExecutorConfigurations.TaskExecutorBuilderConfiguration#taskExecutorBuilder matched:
      - @ConditionalOnMissingBean (types: org.springframework.boot.task.TaskExecutorBuilder; SearchStrategy: all) did not find any beans (OnBeanCondition)

   TaskExecutorConfigurations.TaskExecutorConfiguration matched:
      - @ConditionalOnMissingBean (types: java.util.concurrent.Executor; SearchStrategy: all) did not find any beans (OnBeanCondition)

   TaskExecutorConfigurations.TaskExecutorConfiguration#applicationTaskExecutor matched:
      - @ConditionalOnThreading found PLATFORM (OnThreadingCondition)

   TaskExecutorConfigurations.ThreadPoolTaskExecutorBuilderConfiguration#threadPoolTaskExecutorBuilder matched:
      - @ConditionalOnMissingBean (types: org.springframework.boot.task.TaskExecutorBuilder,org.springframework.boot.task.ThreadPoolTaskExecutorBuilder; SearchStrategy: all) did not find any beans (OnBeanCondition)

   TaskSchedulingAutoConfiguration matched:
      - @ConditionalOnClass found required class 'org.springframework.scheduling.concurrent.ThreadPoolTaskScheduler' (OnClassCondition)

   TaskSchedulingConfigurations.SimpleAsyncTaskSchedulerBuilderConfiguration#simpleAsyncTaskSchedulerBuilder matched:
      - @ConditionalOnMissingBean (types: org.springframework.boot.task.SimpleAsyncTaskSchedulerBuilder; SearchStrategy: all) did not find any beans (OnBeanCondition)
      - @ConditionalOnThreading found PLATFORM (OnThreadingCondition)

   TaskSchedulingConfigurations.TaskSchedulerBuilderConfiguration#taskSchedulerBuilder matched:
      - @ConditionalOnMissingBean (types: org.springframework.boot.task.TaskSchedulerBuilder; SearchStrategy: all) did not find any beans (OnBeanCondition)

   TaskSchedulingConfigurations.ThreadPoolTaskSchedulerBuilderConfiguration#threadPoolTaskSchedulerBuilder matched:
      - @ConditionalOnMissingBean (types: org.springframework.boot.task.TaskSchedulerBuilder,org.springframework.boot.task.ThreadPoolTaskSchedulerBuilder; SearchStrategy: all) did not find any beans (OnBeanCondition)

   TemplateEngineConfigurations.DefaultTemplateEngineConfiguration#templateEngine matched:
      - @ConditionalOnMissingBean (types: org.thymeleaf.spring6.ISpringTemplateEngine; SearchStrategy: all) did not find any beans (OnBeanCondition)

   ThymeleafAutoConfiguration matched:
      - @ConditionalOnClass found required classes 'org.thymeleaf.templatemode.TemplateMode', 'org.thymeleaf.spring6.SpringTemplateEngine' (OnClassCondition)

   ThymeleafAutoConfiguration.DefaultTemplateResolverConfiguration matched:
      - @ConditionalOnMissingBean (names: defaultTemplateResolver; SearchStrategy: all) did not find any beans (OnBeanCondition)

   ThymeleafAutoConfiguration.ThymeleafWebMvcConfiguration matched:
      - found 'session' scope (OnWebApplicationCondition)
      - @ConditionalOnProperty (spring.thymeleaf.enabled) matched (OnPropertyCondition)

   ThymeleafAutoConfiguration.ThymeleafWebMvcConfiguration.ThymeleafViewResolverConfiguration#thymeleafViewResolver matched:
      - @ConditionalOnMissingBean (names: thymeleafViewResolver; SearchStrategy: all) did not find any beans (OnBeanCondition)

   TransactionAutoConfiguration matched:
      - @ConditionalOnClass found required class 'org.springframework.transaction.PlatformTransactionManager' (OnClassCondition)

   TransactionAutoConfiguration.EnableTransactionManagementConfiguration matched:
      - @ConditionalOnBean (types: org.springframework.transaction.TransactionManager; SearchStrategy: all) found bean 'transactionManager'; @ConditionalOnMissingBean (types: org.springframework.transaction.annotation.AbstractTransactionManagementConfiguration; SearchStrategy: all) did not find any beans (OnBeanCondition)

   TransactionAutoConfiguration.EnableTransactionManagementConfiguration.CglibAutoProxyConfiguration matched:
      - @ConditionalOnProperty (spring.aop.proxy-target-class=true) matched (OnPropertyCondition)

   TransactionAutoConfiguration.TransactionTemplateConfiguration matched:
      - @ConditionalOnSingleCandidate (types: org.springframework.transaction.PlatformTransactionManager; SearchStrategy: all) found a single bean 'transactionManager' (OnBeanCondition)

   TransactionAutoConfiguration.TransactionTemplateConfiguration#transactionTemplate matched:
      - @ConditionalOnMissingBean (types: org.springframework.transaction.support.TransactionOperations; SearchStrategy: all) did not find any beans (OnBeanCondition)

   TransactionManagerCustomizationAutoConfiguration matched:
      - @ConditionalOnClass found required class 'org.springframework.transaction.PlatformTransactionManager' (OnClassCondition)

   TransactionManagerCustomizationAutoConfiguration#platformTransactionManagerCustomizers matched:
      - @ConditionalOnMissingBean (types: org.springframework.boot.autoconfigure.transaction.TransactionManagerCustomizers; SearchStrategy: all) did not find any beans (OnBeanCondition)

   UtilAutoConfiguration matched:
      - @ConditionalOnProperty (spring.cloud.util.enabled) matched (OnPropertyCondition)

   UtilAutoConfiguration#inetUtils matched:
      - @ConditionalOnMissingBean (types: org.springframework.cloud.commons.util.InetUtils; SearchStrategy: all) did not find any beans (OnBeanCondition)

   ValidationAutoConfiguration matched:
      - @ConditionalOnClass found required class 'jakarta.validation.executable.ExecutableValidator' (OnClassCondition)
      - @ConditionalOnResource found location classpath:META-INF/services/jakarta.validation.spi.ValidationProvider (OnResourceCondition)

   ValidationAutoConfiguration#defaultValidator matched:
      - @ConditionalOnMissingBean (types: jakarta.validation.Validator; SearchStrategy: all) did not find any beans (OnBeanCondition)

   ValidationAutoConfiguration#methodValidationPostProcessor matched:
      - @ConditionalOnMissingBean (types: org.springframework.validation.beanvalidation.MethodValidationPostProcessor; SearchStrategy: current) did not find any beans (OnBeanCondition)

   WebMvcAutoConfiguration matched:
      - @ConditionalOnClass found required classes 'jakarta.servlet.Servlet', 'org.springframework.web.servlet.DispatcherServlet', 'org.springframework.web.servlet.config.annotation.WebMvcConfigurer' (OnClassCondition)
      - found 'session' scope (OnWebApplicationCondition)
      - @ConditionalOnMissingBean (types: org.springframework.web.servlet.config.annotation.WebMvcConfigurationSupport; SearchStrategy: all) did not find any beans (OnBeanCondition)

   WebMvcAutoConfiguration#formContentFilter matched:
      - @ConditionalOnProperty (spring.mvc.formcontent.filter.enabled) matched (OnPropertyCondition)
      - @ConditionalOnMissingBean (types: org.springframework.web.filter.FormContentFilter; SearchStrategy: all) did not find any beans (OnBeanCondition)

   WebMvcAutoConfiguration.EnableWebMvcConfiguration#flashMapManager matched:
      - @ConditionalOnMissingBean (names: flashMapManager; SearchStrategy: all) did not find any beans (OnBeanCondition)

   WebMvcAutoConfiguration.EnableWebMvcConfiguration#localeResolver matched:
      - @ConditionalOnMissingBean (names: localeResolver; SearchStrategy: all) did not find any beans (OnBeanCondition)

   WebMvcAutoConfiguration.EnableWebMvcConfiguration#themeResolver matched:
      - @ConditionalOnMissingBean (names: themeResolver; SearchStrategy: all) did not find any beans (OnBeanCondition)

   WebMvcAutoConfiguration.WebMvcAutoConfigurationAdapter#defaultViewResolver matched:
      - @ConditionalOnMissingBean (types: org.springframework.web.servlet.view.InternalResourceViewResolver; SearchStrategy: all) did not find any beans (OnBeanCondition)

   WebMvcAutoConfiguration.WebMvcAutoConfigurationAdapter#requestContextFilter matched:
      - @ConditionalOnMissingBean (types: org.springframework.web.context.request.RequestContextListener,org.springframework.web.filter.RequestContextFilter; SearchStrategy: all) did not find any beans (OnBeanCondition)

   WebMvcAutoConfiguration.WebMvcAutoConfigurationAdapter#viewResolver matched:
      - @ConditionalOnBean (types: org.springframework.web.servlet.ViewResolver; SearchStrategy: all) found beans 'defaultViewResolver', 'beanNameViewResolver', 'mvcViewResolver'; @ConditionalOnMissingBean (names: viewResolver types: org.springframework.web.servlet.view.ContentNegotiatingViewResolver; SearchStrategy: all) did not find any beans (OnBeanCondition)

   WebSocketServletAutoConfiguration matched:
      - @ConditionalOnClass found required classes 'jakarta.servlet.Servlet', 'jakarta.websocket.server.ServerContainer' (OnClassCondition)
      - found 'session' scope (OnWebApplicationCondition)

   WebSocketServletAutoConfiguration.TomcatWebSocketConfiguration matched:
      - @ConditionalOnClass found required classes 'org.apache.catalina.startup.Tomcat', 'org.apache.tomcat.websocket.server.WsSci' (OnClassCondition)

   WebSocketServletAutoConfiguration.TomcatWebSocketConfiguration#websocketServletWebServerCustomizer matched:
      - @ConditionalOnMissingBean (names: websocketServletWebServerCustomizer; SearchStrategy: all) did not find any beans (OnBeanCondition)


Negative matches:
-----------------

   ActiveMQAutoConfiguration:
      Did not match:
         - @ConditionalOnClass did not find required class 'jakarta.jms.ConnectionFactory' (OnClassCondition)

   AopAutoConfiguration.AspectJAutoProxyingConfiguration.JdkDynamicAutoProxyConfiguration:
      Did not match:
         - @ConditionalOnProperty (spring.aop.proxy-target-class=false) did not find property 'proxy-target-class' (OnPropertyCondition)

   AopAutoConfiguration.ClassProxyingConfiguration:
      Did not match:
         - @ConditionalOnMissingClass found unwanted class 'org.aspectj.weaver.Advice' (OnClassCondition)

   ArtemisAutoConfiguration:
      Did not match:
         - @ConditionalOnClass did not find required class 'jakarta.jms.ConnectionFactory' (OnClassCondition)

   BatchAutoConfiguration:
      Did not match:
         - @ConditionalOnClass did not find required class 'org.springframework.batch.core.launch.JobLauncher' (OnClassCondition)

   BlockingLoadBalancerClientAutoConfiguration.BlockingLoadBalancerRetryConfig:
      Did not match:
         - @ConditionalOnClass did not find required class 'org.springframework.retry.support.RetryTemplate' (OnClassCondition)

   Cache2kCacheConfiguration:
      Did not match:
         - @ConditionalOnClass did not find required class 'org.cache2k.Cache2kBuilder' (OnClassCondition)

   CacheAutoConfiguration:
      Did not match:
         - @ConditionalOnBean (types: org.springframework.cache.interceptor.CacheAspectSupport; SearchStrategy: all) did not find any beans of type org.springframework.cache.interceptor.CacheAspectSupport (OnBeanCondition)
      Matched:
         - @ConditionalOnClass found required class 'org.springframework.cache.CacheManager' (OnClassCondition)

   CacheAutoConfiguration.CacheManagerEntityManagerFactoryDependsOnPostProcessor:
      Did not match:
         - Ancestor org.springframework.boot.autoconfigure.cache.CacheAutoConfiguration did not match (ConditionEvaluationReport.AncestorsMatchedCondition)
      Matched:
         - @ConditionalOnClass found required class 'org.springframework.orm.jpa.LocalContainerEntityManagerFactoryBean' (OnClassCondition)

   CaffeineCacheConfiguration:
      Did not match:
         - @ConditionalOnClass did not find required class 'com.github.benmanes.caffeine.cache.Caffeine' (OnClassCondition)

   CassandraAutoConfiguration:
      Did not match:
         - @ConditionalOnClass did not find required class 'com.datastax.oss.driver.api.core.CqlSession' (OnClassCondition)

   CassandraDataAutoConfiguration:
      Did not match:
         - @ConditionalOnClass did not find required class 'com.datastax.oss.driver.api.core.CqlSession' (OnClassCondition)

   CassandraReactiveDataAutoConfiguration:
      Did not match:
         - @ConditionalOnClass did not find required class 'com.datastax.oss.driver.api.core.CqlSession' (OnClassCondition)

   CassandraReactiveRepositoriesAutoConfiguration:
      Did not match:
         - @ConditionalOnClass did not find required class 'org.springframework.data.cassandra.ReactiveSession' (OnClassCondition)

   CassandraRepositoriesAutoConfiguration:
      Did not match:
         - @ConditionalOnClass did not find required class 'com.datastax.oss.driver.api.core.CqlSession' (OnClassCondition)

   ClientHttpConnectorAutoConfiguration:
      Did not match:
         - @ConditionalOnClass did not find required class 'org.springframework.web.reactive.function.client.WebClient' (OnClassCondition)

   CloudHypermediaAutoConfiguration:
      Did not match:
         - @ConditionalOnClass did not find required class 'org.springframework.hateoas.Link' (OnClassCondition)

   CodecsAutoConfiguration:
      Did not match:
         - @ConditionalOnClass did not find required class 'org.springframework.web.reactive.function.client.WebClient' (OnClassCondition)

   CommonsClientAutoConfiguration.ActuatorConfiguration:
      Did not match:
         - @ConditionalOnClass did not find required class 'org.springframework.boot.actuate.endpoint.annotation.Endpoint' (OnClassCondition)

   CommonsClientAutoConfiguration.DiscoveryLoadBalancerConfiguration:
      Did not match:
         - @ConditionalOnClass did not find required class 'org.springframework.boot.actuate.health.HealthIndicator' (OnClassCondition)

   ConfigClientAutoConfiguration#configClientProperties:
      Did not match:
         - @ConditionalOnMissingBean (types: org.springframework.cloud.config.client.ConfigClientProperties; SearchStrategy: all) found beans of type 'org.springframework.cloud.config.client.ConfigClientProperties' configDataConfigClientProperties (OnBeanCondition)

   ConfigClientAutoConfiguration.ConfigClientWatchConfiguration:
      Did not match:
         - @ConditionalOnProperty (spring.cloud.config.watch.enabled) did not find property 'spring.cloud.config.watch.enabled' (OnPropertyCondition)
      Matched:
         - @ConditionalOnClass found required class 'org.springframework.cloud.context.refresh.ContextRefresher' (OnClassCondition)

   ConfigClientAutoConfiguration.ConfigServerHealthIndicatorConfiguration:
      Did not match:
         - @ConditionalOnClass did not find required class 'org.springframework.boot.actuate.health.HealthIndicator' (OnClassCondition)

   CouchbaseAutoConfiguration:
      Did not match:
         - @ConditionalOnClass did not find required class 'com.couchbase.client.java.Cluster' (OnClassCondition)

   CouchbaseCacheConfiguration:
      Did not match:
         - @ConditionalOnClass did not find required class 'com.couchbase.client.java.Cluster' (OnClassCondition)

   CouchbaseDataAutoConfiguration:
      Did not match:
         - @ConditionalOnClass did not find required class 'com.couchbase.client.java.Bucket' (OnClassCondition)

   CouchbaseReactiveDataAutoConfiguration:
      Did not match:
         - @ConditionalOnClass did not find required class 'com.couchbase.client.java.Cluster' (OnClassCondition)

   CouchbaseReactiveRepositoriesAutoConfiguration:
      Did not match:
         - @ConditionalOnClass did not find required class 'com.couchbase.client.java.Cluster' (OnClassCondition)

   CouchbaseRepositoriesAutoConfiguration:
      Did not match:
         - @ConditionalOnClass did not find required class 'com.couchbase.client.java.Bucket' (OnClassCondition)

   DataSourceAutoConfiguration.EmbeddedDatabaseConfiguration:
      Did not match:
         - EmbeddedDataSource spring.datasource.url is set (DataSourceAutoConfiguration.EmbeddedDatabaseCondition)

   DataSourceCheckpointRestoreConfiguration:
      Did not match:
         - @ConditionalOnClass did not find required class 'org.crac.Resource' (OnClassCondition)

   DataSourceConfiguration.Dbcp2:
      Did not match:
         - @ConditionalOnClass did not find required class 'org.apache.commons.dbcp2.BasicDataSource' (OnClassCondition)

   DataSourceConfiguration.Generic:
      Did not match:
         - @ConditionalOnProperty (spring.datasource.type) did not find property 'spring.datasource.type' (OnPropertyCondition)

   DataSourceConfiguration.OracleUcp:
      Did not match:
         - @ConditionalOnClass did not find required classes 'oracle.ucp.jdbc.PoolDataSourceImpl', 'oracle.jdbc.OracleConnection' (OnClassCondition)

   DataSourceConfiguration.Tomcat:
      Did not match:
         - @ConditionalOnClass did not find required class 'org.apache.tomcat.jdbc.pool.DataSource' (OnClassCondition)

   DataSourceJmxConfiguration.TomcatDataSourceJmxConfiguration:
      Did not match:
         - @ConditionalOnClass did not find required class 'org.apache.tomcat.jdbc.pool.DataSourceProxy' (OnClassCondition)

   DataSourcePoolMetadataProvidersConfiguration.CommonsDbcp2PoolDataSourceMetadataProviderConfiguration:
      Did not match:
         - @ConditionalOnClass did not find required class 'org.apache.commons.dbcp2.BasicDataSource' (OnClassCondition)

   DataSourcePoolMetadataProvidersConfiguration.OracleUcpPoolDataSourceMetadataProviderConfiguration:
      Did not match:
         - @ConditionalOnClass did not find required classes 'oracle.ucp.jdbc.PoolDataSource', 'oracle.jdbc.OracleConnection' (OnClassCondition)

   DataSourcePoolMetadataProvidersConfiguration.TomcatDataSourcePoolMetadataProviderConfiguration:
      Did not match:
         - @ConditionalOnClass did not find required class 'org.apache.tomcat.jdbc.pool.DataSource' (OnClassCondition)

   DataSourceTransactionManagerAutoConfiguration.JdbcTransactionManagerConfiguration#transactionManager:
      Did not match:
         - @ConditionalOnMissingBean (types: org.springframework.transaction.TransactionManager; SearchStrategy: all) found beans of type 'org.springframework.transaction.TransactionManager' transactionManager (OnBeanCondition)

   DefaultFeignLoadBalancerConfiguration#feignRetryClient:
      Did not match:
         - @ConditionalOnClass did not find required class 'org.springframework.retry.support.RetryTemplate' (OnClassCondition)

   DiscoveryClientOptionalArgsConfiguration.DiscoveryClientOptionalArgsTlsConfiguration:
      Did not match:
         - AllNestedConditions 1 matched 1 did not; NestedCondition on DiscoveryClientOptionalArgsConfiguration.JerseyClientPresentAndEnabledCondition.OnJerseyClientEnabled @ConditionalOnProperty (eureka.client.jersey.enabled) matched; NestedCondition on DiscoveryClientOptionalArgsConfiguration.JerseyClientPresentAndEnabledCondition.OnJerseyClientPresent @ConditionalOnClass did not find required class 'org.glassfish.jersey.client.JerseyClient' (DiscoveryClientOptionalArgsConfiguration.JerseyClientPresentAndEnabledCondition)

   DiscoveryClientOptionalArgsConfiguration.WebClientConfiguration:
      Did not match:
         - @ConditionalOnClass did not find required class 'org.springframework.web.reactive.function.client.WebClient' (OnClassCondition)

   DiscoveryClientOptionalArgsConfiguration.WebClientNotFoundConfiguration:
      Did not match:
         - @ConditionalOnProperty (eureka.client.webclient.enabled=true) did not find property 'webclient.enabled' (OnPropertyCondition)
      Matched:
         - @ConditionalOnMissingClass did not find unwanted class 'org.springframework.web.reactive.function.client.WebClient' (OnClassCondition)

   DispatcherServletAutoConfiguration.DispatcherServletConfiguration#multipartResolver:
      Did not match:
         - @ConditionalOnBean (types: org.springframework.web.multipart.MultipartResolver; SearchStrategy: all) did not find any beans of type org.springframework.web.multipart.MultipartResolver (OnBeanCondition)

   ElasticsearchClientAutoConfiguration:
      Did not match:
         - @ConditionalOnClass did not find required class 'co.elastic.clients.elasticsearch.ElasticsearchClient' (OnClassCondition)

   ElasticsearchDataAutoConfiguration:
      Did not match:
         - @ConditionalOnClass did not find required class 'org.springframework.data.elasticsearch.client.elc.ElasticsearchTemplate' (OnClassCondition)

   ElasticsearchRepositoriesAutoConfiguration:
      Did not match:
         - @ConditionalOnClass did not find required class 'org.springframework.data.elasticsearch.repository.ElasticsearchRepository' (OnClassCondition)

   ElasticsearchRestClientAutoConfiguration:
      Did not match:
         - @ConditionalOnClass did not find required class 'org.elasticsearch.client.RestClientBuilder' (OnClassCondition)

   EmbeddedLdapAutoConfiguration:
      Did not match:
         - @ConditionalOnClass did not find required class 'com.unboundid.ldap.listener.InMemoryDirectoryServer' (OnClassCondition)

   EmbeddedWebServerFactoryCustomizerAutoConfiguration.JettyWebServerFactoryCustomizerConfiguration:
      Did not match:
         - @ConditionalOnClass did not find required classes 'org.eclipse.jetty.server.Server', 'org.eclipse.jetty.util.Loader', 'org.eclipse.jetty.ee10.webapp.WebAppContext' (OnClassCondition)

   EmbeddedWebServerFactoryCustomizerAutoConfiguration.NettyWebServerFactoryCustomizerConfiguration:
      Did not match:
         - @ConditionalOnClass did not find required class 'reactor.netty.http.server.HttpServer' (OnClassCondition)

   EmbeddedWebServerFactoryCustomizerAutoConfiguration.TomcatWebServerFactoryCustomizerConfiguration#tomcatVirtualThreadsProtocolHandlerCustomizer:
      Did not match:
         - @ConditionalOnThreading did not find VIRTUAL (OnThreadingCondition)

   EmbeddedWebServerFactoryCustomizerAutoConfiguration.UndertowWebServerFactoryCustomizerConfiguration:
      Did not match:
         - @ConditionalOnClass did not find required classes 'io.undertow.Undertow', 'org.xnio.SslClientAuthMode' (OnClassCondition)

   ErrorWebFluxAutoConfiguration:
      Did not match:
         - @ConditionalOnClass did not find required class 'org.springframework.web.reactive.config.WebFluxConfigurer' (OnClassCondition)

   EurekaClientAutoConfiguration.EurekaClientConfiguration:
      Did not match:
         - AnyNestedCondition 0 matched 3 did not; NestedCondition on EurekaClientAutoConfiguration.OnMissingRefreshScopeCondition.OnPropertyDisabled @ConditionalOnProperty (eureka.client.refresh.enable=false) did not find property 'eureka.client.refresh.enable'; NestedCondition on EurekaClientAutoConfiguration.OnMissingRefreshScopeCondition.MissingScope @ConditionalOnMissingBean (types: org.springframework.cloud.autoconfigure.RefreshAutoConfiguration; SearchStrategy: all) found beans of type 'org.springframework.cloud.autoconfigure.RefreshAutoConfiguration' org.springframework.cloud.autoconfigure.RefreshAutoConfiguration; NestedCondition on EurekaClientAutoConfiguration.OnMissingRefreshScopeCondition.MissingClass @ConditionalOnMissingClass found unwanted class 'org.springframework.cloud.context.scope.refresh.RefreshScope' (EurekaClientAutoConfiguration.OnMissingRefreshScopeCondition)

   EurekaClientAutoConfiguration.EurekaHealthIndicatorConfiguration:
      Did not match:
         - @ConditionalOnClass did not find required class 'org.springframework.boot.actuate.health.Health' (OnClassCondition)

   EurekaClientConfigServerAutoConfiguration:
      Did not match:
         - @ConditionalOnClass did not find required class 'org.springframework.cloud.config.server.config.ConfigServerProperties' (OnClassCondition)

   EurekaDiscoveryClientConfiguration.EurekaHealthCheckHandlerConfiguration:
      Did not match:
         - @ConditionalOnProperty (eureka.client.healthcheck.enabled) did not find property 'eureka.client.healthcheck.enabled' (OnPropertyCondition)

   EurekaReactiveDiscoveryClientConfiguration:
      Did not match:
         - @ConditionalOnClass did not find required class 'org.springframework.web.reactive.function.client.WebClient' (OnClassCondition)

   FeignAcceptGzipEncodingAutoConfiguration:
      Did not match:
         - @ConditionalOnProperty (spring.cloud.openfeign.compression.response.enabled) did not find property 'spring.cloud.openfeign.compression.response.enabled' (OnPropertyCondition)
      Matched:
         - @ConditionalOnClass found required class 'feign.Feign' (OnClassCondition)

   FeignAutoConfiguration#cachingCapability:
      Did not match:
         - @ConditionalOnBean (types: org.springframework.cache.interceptor.CacheInterceptor; SearchStrategy: all) did not find any beans of type org.springframework.cache.interceptor.CacheInterceptor (OnBeanCondition)
      Matched:
         - @ConditionalOnProperty (spring.cloud.openfeign.cache.enabled) matched (OnPropertyCondition)

   FeignAutoConfiguration.CircuitBreakerPresentFeignTargeterConfiguration:
      Did not match:
         - @ConditionalOnProperty (spring.cloud.openfeign.circuitbreaker.enabled=true) did not find property 'spring.cloud.openfeign.circuitbreaker.enabled' (OnPropertyCondition)
      Matched:
         - @ConditionalOnClass found required class 'org.springframework.cloud.client.circuitbreaker.CircuitBreaker' (OnClassCondition)

   FeignAutoConfiguration.Http2ClientFeignConfiguration:
      Did not match:
         - @ConditionalOnClass did not find required class 'feign.http2client.Http2Client' (OnClassCondition)

   FeignAutoConfiguration.HttpClient5FeignConfiguration:
      Did not match:
         - @ConditionalOnClass did not find required class 'feign.hc5.ApacheHttp5Client' (OnClassCondition)

   FeignAutoConfiguration.Oauth2FeignConfiguration:
      Did not match:
         - @ConditionalOnClass did not find required class 'org.springframework.security.oauth2.client.OAuth2AuthorizedClientManager' (OnClassCondition)

   FeignAutoConfiguration.OkHttpFeignConfiguration:
      Did not match:
         - @ConditionalOnClass did not find required class 'feign.okhttp.OkHttpClient' (OnClassCondition)

   FeignContentGzipEncodingAutoConfiguration:
      Did not match:
         - @ConditionalOnProperty (spring.cloud.openfeign.compression.request.enabled) did not find property 'spring.cloud.openfeign.compression.request.enabled' (OnPropertyCondition)
      Matched:
         - @ConditionalOnClass found required class 'feign.Feign' (OnClassCondition)

   FeignHalAutoConfiguration:
      Did not match:
         - @ConditionalOnClass did not find required class 'org.springframework.hateoas.config.WebConverters' (OnClassCondition)

   FlywayAutoConfiguration:
      Did not match:
         - @ConditionalOnClass did not find required class 'org.flywaydb.core.Flyway' (OnClassCondition)

   FreeMarkerAutoConfiguration:
      Did not match:
         - @ConditionalOnClass did not find required class 'freemarker.template.Configuration' (OnClassCondition)

   GraphQlAutoConfiguration:
      Did not match:
         - @ConditionalOnClass did not find required class 'graphql.GraphQL' (OnClassCondition)

   GraphQlQueryByExampleAutoConfiguration:
      Did not match:
         - @ConditionalOnClass did not find required class 'graphql.GraphQL' (OnClassCondition)

   GraphQlQuerydslAutoConfiguration:
      Did not match:
         - @ConditionalOnClass did not find required class 'com.querydsl.core.Query' (OnClassCondition)

   GraphQlRSocketAutoConfiguration:
      Did not match:
         - @ConditionalOnClass did not find required class 'graphql.GraphQL' (OnClassCondition)

   GraphQlReactiveQueryByExampleAutoConfiguration:
      Did not match:
         - @ConditionalOnClass did not find required class 'graphql.GraphQL' (OnClassCondition)

   GraphQlReactiveQuerydslAutoConfiguration:
      Did not match:
         - @ConditionalOnClass did not find required class 'com.querydsl.core.Query' (OnClassCondition)

   GraphQlWebFluxAutoConfiguration:
      Did not match:
         - @ConditionalOnClass did not find required class 'graphql.GraphQL' (OnClassCondition)

   GraphQlWebFluxSecurityAutoConfiguration:
      Did not match:
         - @ConditionalOnClass did not find required class 'graphql.GraphQL' (OnClassCondition)

   GraphQlWebMvcAutoConfiguration:
      Did not match:
         - @ConditionalOnClass did not find required class 'graphql.GraphQL' (OnClassCondition)

   GraphQlWebMvcSecurityAutoConfiguration:
      Did not match:
         - @ConditionalOnClass did not find required class 'graphql.GraphQL' (OnClassCondition)

   GroovyTemplateAutoConfiguration:
      Did not match:
         - @ConditionalOnClass did not find required class 'groovy.text.markup.MarkupTemplateEngine' (OnClassCondition)

   GsonHttpMessageConvertersConfiguration.GsonHttpMessageConverterConfiguration:
      Did not match:
         - AnyNestedCondition 0 matched 2 did not; NestedCondition on GsonHttpMessageConvertersConfiguration.PreferGsonOrJacksonAndJsonbUnavailableCondition.JacksonJsonbUnavailable NoneNestedConditions 1 matched 1 did not; NestedCondition on GsonHttpMessageConvertersConfiguration.JacksonAndJsonbUnavailableCondition.JsonbPreferred @ConditionalOnProperty (spring.mvc.converters.preferred-json-mapper=jsonb) did not find property 'spring.mvc.converters.preferred-json-mapper'; NestedCondition on GsonHttpMessageConvertersConfiguration.JacksonAndJsonbUnavailableCondition.JacksonAvailable @ConditionalOnBean (types: org.springframework.http.converter.json.MappingJackson2HttpMessageConverter; SearchStrategy: all) found bean 'mappingJackson2HttpMessageConverter'; NestedCondition on GsonHttpMessageConvertersConfiguration.PreferGsonOrJacksonAndJsonbUnavailableCondition.GsonPreferred @ConditionalOnProperty (spring.mvc.converters.preferred-json-mapper=gson) did not find property 'spring.mvc.converters.preferred-json-mapper' (GsonHttpMessageConvertersConfiguration.PreferGsonOrJacksonAndJsonbUnavailableCondition)

   H2ConsoleAutoConfiguration:
      Did not match:
         - @ConditionalOnProperty (spring.h2.console.enabled=true) did not find property 'enabled' (OnPropertyCondition)
      Matched:
         - @ConditionalOnClass found required class 'org.h2.server.web.JakartaWebServlet' (OnClassCondition)
         - found 'session' scope (OnWebApplicationCondition)

   HazelcastAutoConfiguration:
      Did not match:
         - @ConditionalOnClass did not find required class 'com.hazelcast.core.HazelcastInstance' (OnClassCondition)

   HazelcastCacheConfiguration:
      Did not match:
         - @ConditionalOnClass did not find required class 'com.hazelcast.core.HazelcastInstance' (OnClassCondition)

   HazelcastJpaDependencyAutoConfiguration:
      Did not match:
         - @ConditionalOnClass did not find required class 'com.hazelcast.core.HazelcastInstance' (OnClassCondition)

   Http2ClientFeignLoadBalancerConfiguration:
      Did not match:
         - @ConditionalOnClass did not find required class 'feign.http2client.Http2Client' (OnClassCondition)

   HttpClient5FeignLoadBalancerConfiguration:
      Did not match:
         - @ConditionalOnClass did not find required class 'feign.hc5.ApacheHttp5Client' (OnClassCondition)

   HttpHandlerAutoConfiguration:
      Did not match:
         - @ConditionalOnClass did not find required class 'org.springframework.web.reactive.DispatcherHandler' (OnClassCondition)

   HypermediaAutoConfiguration:
      Did not match:
         - @ConditionalOnClass did not find required class 'org.springframework.hateoas.EntityModel' (OnClassCondition)

   InfinispanCacheConfiguration:
      Did not match:
         - @ConditionalOnClass did not find required class 'org.infinispan.spring.embedded.provider.SpringEmbeddedCacheManager' (OnClassCondition)

   InfluxDbAutoConfiguration:
      Did not match:
         - @ConditionalOnClass did not find required class 'org.influxdb.InfluxDB' (OnClassCondition)

   IntegrationAutoConfiguration:
      Did not match:
         - @ConditionalOnClass did not find required class 'org.springframework.integration.config.EnableIntegration' (OnClassCondition)

   JCacheCacheConfiguration:
      Did not match:
         - @ConditionalOnClass did not find required class 'javax.cache.Caching' (OnClassCondition)

   JacksonHttpMessageConvertersConfiguration.MappingJackson2XmlHttpMessageConverterConfiguration:
      Did not match:
         - @ConditionalOnClass did not find required class 'com.fasterxml.jackson.dataformat.xml.XmlMapper' (OnClassCondition)

   JdbcRepositoriesAutoConfiguration:
      Did not match:
         - @ConditionalOnClass did not find required class 'org.springframework.data.jdbc.repository.config.AbstractJdbcConfiguration' (OnClassCondition)

   JerseyAutoConfiguration:
      Did not match:
         - @ConditionalOnClass did not find required class 'org.glassfish.jersey.server.spring.SpringComponentProvider' (OnClassCondition)

   JmsAutoConfiguration:
      Did not match:
         - @ConditionalOnClass did not find required class 'jakarta.jms.Message' (OnClassCondition)

   JmxAutoConfiguration:
      Did not match:
         - @ConditionalOnProperty (spring.jmx.enabled=true) did not find property 'enabled' (OnPropertyCondition)
      Matched:
         - @ConditionalOnClass found required class 'org.springframework.jmx.export.MBeanExporter' (OnClassCondition)

   JndiConnectionFactoryAutoConfiguration:
      Did not match:
         - @ConditionalOnClass did not find required class 'org.springframework.jms.core.JmsTemplate' (OnClassCondition)

   JndiDataSourceAutoConfiguration:
      Did not match:
         - @ConditionalOnProperty (spring.datasource.jndi-name) did not find property 'jndi-name' (OnPropertyCondition)
      Matched:
         - @ConditionalOnClass found required classes 'javax.sql.DataSource', 'org.springframework.jdbc.datasource.embedded.EmbeddedDatabaseType' (OnClassCondition)

   JndiJtaConfiguration:
      Did not match:
         - @ConditionalOnJndi JNDI environment is not available (OnJndiCondition)
      Matched:
         - @ConditionalOnClass found required class 'org.springframework.transaction.jta.JtaTransactionManager' (OnClassCondition)

   JooqAutoConfiguration:
      Did not match:
         - @ConditionalOnClass did not find required class 'org.jooq.DSLContext' (OnClassCondition)

   JpaRepositoriesAutoConfiguration#entityManagerFactoryBootstrapExecutorCustomizer:
      Did not match:
         - AnyNestedCondition 0 matched 2 did not; NestedCondition on JpaRepositoriesAutoConfiguration.BootstrapExecutorCondition.LazyBootstrapMode @ConditionalOnProperty (spring.data.jpa.repositories.bootstrap-mode=lazy) did not find property 'bootstrap-mode'; NestedCondition on JpaRepositoriesAutoConfiguration.BootstrapExecutorCondition.DeferredBootstrapMode @ConditionalOnProperty (spring.data.jpa.repositories.bootstrap-mode=deferred) did not find property 'bootstrap-mode' (JpaRepositoriesAutoConfiguration.BootstrapExecutorCondition)

   JsonbAutoConfiguration:
      Did not match:
         - @ConditionalOnClass did not find required class 'jakarta.json.bind.Jsonb' (OnClassCondition)

   JsonbHttpMessageConvertersConfiguration:
      Did not match:
         - @ConditionalOnClass did not find required class 'jakarta.json.bind.Jsonb' (OnClassCondition)

   KafkaAutoConfiguration:
      Did not match:
         - @ConditionalOnClass did not find required class 'org.springframework.kafka.core.KafkaTemplate' (OnClassCondition)

   LdapAutoConfiguration:
      Did not match:
         - @ConditionalOnClass did not find required class 'org.springframework.ldap.core.ContextSource' (OnClassCondition)

   LdapRepositoriesAutoConfiguration:
      Did not match:
         - @ConditionalOnClass did not find required class 'org.springframework.data.ldap.repository.LdapRepository' (OnClassCondition)

   LiquibaseAutoConfiguration:
      Did not match:
         - @ConditionalOnClass did not find required class 'liquibase.change.DatabaseChange' (OnClassCondition)

   LoadBalancerAutoConfiguration.RetryAutoConfiguration:
      Did not match:
         - @ConditionalOnClass did not find required class 'org.springframework.retry.support.RetryTemplate' (OnClassCondition)

   LoadBalancerAutoConfiguration.RetryInterceptorAutoConfiguration:
      Did not match:
         - @ConditionalOnClass did not find required class 'org.springframework.retry.support.RetryTemplate' (OnClassCondition)

   LoadBalancerBeanPostProcessorAutoConfiguration:
      Did not match:
         - @ConditionalOnClass did not find required class 'org.springframework.web.reactive.function.client.WebClient' (OnClassCondition)

   LoadBalancerCacheAutoConfiguration.CaffeineLoadBalancerCacheManagerConfiguration:
      Did not match:
         - @ConditionalOnClass did not find required class 'com.github.benmanes.caffeine.cache.Caffeine' (OnClassCondition)

   LoadBalancerEurekaAutoConfiguration#zoneConfig:
      Did not match:
         - @ConditionalOnMissingBean (types: org.springframework.cloud.loadbalancer.config.LoadBalancerZoneConfig; SearchStrategy: all) found beans of type 'org.springframework.cloud.loadbalancer.config.LoadBalancerZoneConfig' zoneConfig (OnBeanCondition)

   LoadBalancerStatsAutoConfiguration:
      Did not match:
         - @ConditionalOnClass did not find required class 'io.micrometer.core.instrument.MeterRegistry' (OnClassCondition)

   MailSenderJndiConfiguration:
      Did not match:
         - @ConditionalOnProperty (spring.mail.jndi-name) did not find property 'jndi-name' (OnPropertyCondition)
      Matched:
         - @ConditionalOnClass found required class 'jakarta.mail.Session' (OnClassCondition)

   MailSenderValidatorAutoConfiguration:
      Did not match:
         - @ConditionalOnProperty (spring.mail.test-connection) did not find property 'test-connection' (OnPropertyCondition)

   MessageSourceAutoConfiguration:
      Did not match:
         - ResourceBundle did not find bundle with basename messages (MessageSourceAutoConfiguration.ResourceBundleCondition)

   MongoAutoConfiguration:
      Did not match:
         - @ConditionalOnClass did not find required class 'com.mongodb.client.MongoClient' (OnClassCondition)

   MongoDataAutoConfiguration:
      Did not match:
         - @ConditionalOnClass did not find required class 'com.mongodb.client.MongoClient' (OnClassCondition)

   MongoReactiveAutoConfiguration:
      Did not match:
         - @ConditionalOnClass did not find required class 'com.mongodb.reactivestreams.client.MongoClient' (OnClassCondition)

   MongoReactiveDataAutoConfiguration:
      Did not match:
         - @ConditionalOnClass did not find required class 'com.mongodb.reactivestreams.client.MongoClient' (OnClassCondition)

   MongoReactiveRepositoriesAutoConfiguration:
      Did not match:
         - @ConditionalOnClass did not find required class 'com.mongodb.reactivestreams.client.MongoClient' (OnClassCondition)

   MongoRepositoriesAutoConfiguration:
      Did not match:
         - @ConditionalOnClass did not find required class 'com.mongodb.client.MongoClient' (OnClassCondition)

   MultipleOpenApiSupportConfiguration:
      Did not match:
         - @ConditionalOnProperty (springdoc.api-docs.enabled) found different value in property 'springdoc.api-docs.enabled' (OnPropertyCondition)
      Matched:
         - found 'session' scope (OnWebApplicationCondition)

   MustacheAutoConfiguration:
      Did not match:
         - @ConditionalOnClass did not find required class 'com.samskivert.mustache.Mustache' (OnClassCondition)

   Neo4jAutoConfiguration:
      Did not match:
         - @ConditionalOnClass did not find required class 'org.neo4j.driver.Driver' (OnClassCondition)

   Neo4jDataAutoConfiguration:
      Did not match:
         - @ConditionalOnClass did not find required class 'org.neo4j.driver.Driver' (OnClassCondition)

   Neo4jReactiveDataAutoConfiguration:
      Did not match:
         - @ConditionalOnClass did not find required class 'org.neo4j.driver.Driver' (OnClassCondition)

   Neo4jReactiveRepositoriesAutoConfiguration:
      Did not match:
         - @ConditionalOnClass did not find required class 'org.neo4j.driver.Driver' (OnClassCondition)

   Neo4jRepositoriesAutoConfiguration:
      Did not match:
         - @ConditionalOnClass did not find required class 'org.neo4j.driver.Driver' (OnClassCondition)

   NettyAutoConfiguration:
      Did not match:
         - @ConditionalOnClass did not find required class 'io.netty.util.NettyRuntime' (OnClassCondition)

   OAuth2AuthorizationServerAutoConfiguration:
      Did not match:
         - @ConditionalOnClass did not find required class 'org.springframework.security.oauth2.server.authorization.OAuth2Authorization' (OnClassCondition)

   OAuth2AuthorizationServerJwtAutoConfiguration:
      Did not match:
         - @ConditionalOnClass did not find required class 'org.springframework.security.oauth2.server.authorization.OAuth2Authorization' (OnClassCondition)

   OAuth2ClientAutoConfiguration:
      Did not match:
         - @ConditionalOnClass did not find required class 'org.springframework.security.oauth2.client.registration.ClientRegistration' (OnClassCondition)

   OAuth2LoadBalancerClientAutoConfiguration:
      Did not match:
         - @ConditionalOnProperty (spring.cloud.oauth2.load-balanced.enabled) did not find property 'spring.cloud.oauth2.load-balanced.enabled' (OnPropertyCondition)

   OAuth2ResourceServerJwtConfiguration.JwtConverterConfiguration:
      Did not match:
         - AnyNestedCondition 0 matched 3 did not; NestedCondition on OAuth2ResourceServerJwtConfiguration.JwtConverterPropertiesCondition.OnAuthoritiesClaimName @ConditionalOnProperty (spring.security.oauth2.resourceserver.jwt.authorities-claim-name) did not find property 'authorities-claim-name'; NestedCondition on OAuth2ResourceServerJwtConfiguration.JwtConverterPropertiesCondition.OnPrincipalClaimName @ConditionalOnProperty (spring.security.oauth2.resourceserver.jwt.principal-claim-name) did not find property 'principal-claim-name'; NestedCondition on OAuth2ResourceServerJwtConfiguration.JwtConverterPropertiesCondition.OnAuthorityPrefix @ConditionalOnProperty (spring.security.oauth2.resourceserver.jwt.authority-prefix) did not find property 'authority-prefix' (OAuth2ResourceServerJwtConfiguration.JwtConverterPropertiesCondition)

   OAuth2ResourceServerJwtConfiguration.JwtDecoderConfiguration:
      Did not match:
         - @ConditionalOnMissingBean (types: org.springframework.security.oauth2.jwt.JwtDecoder; SearchStrategy: all) found beans of type 'org.springframework.security.oauth2.jwt.JwtDecoder' jwtDecoder (OnBeanCondition)

   OAuth2ResourceServerJwtConfiguration.OAuth2SecurityFilterChainConfiguration:
      Did not match:
         - AllNestedConditions 1 matched 1 did not; NestedCondition on DefaultWebSecurityCondition.Beans @ConditionalOnMissingBean (types: org.springframework.security.web.SecurityFilterChain; SearchStrategy: all) found beans of type 'org.springframework.security.web.SecurityFilterChain' securityFilterChain; NestedCondition on DefaultWebSecurityCondition.Classes @ConditionalOnClass found required classes 'org.springframework.security.web.SecurityFilterChain', 'org.springframework.security.config.annotation.web.builders.HttpSecurity' (DefaultWebSecurityCondition)

   OAuth2ResourceServerOpaqueTokenConfiguration.OAuth2SecurityFilterChainConfiguration:
      Did not match:
         - AllNestedConditions 1 matched 1 did not; NestedCondition on DefaultWebSecurityCondition.Beans @ConditionalOnMissingBean (types: org.springframework.security.web.SecurityFilterChain; SearchStrategy: all) found beans of type 'org.springframework.security.web.SecurityFilterChain' securityFilterChain; NestedCondition on DefaultWebSecurityCondition.Classes @ConditionalOnClass found required classes 'org.springframework.security.web.SecurityFilterChain', 'org.springframework.security.config.annotation.web.builders.HttpSecurity' (DefaultWebSecurityCondition)

   OAuth2ResourceServerOpaqueTokenConfiguration.OpaqueTokenIntrospectionClientConfiguration#opaqueTokenIntrospector:
      Did not match:
         - @ConditionalOnProperty (spring.security.oauth2.resourceserver.opaquetoken.introspection-uri) did not find property 'spring.security.oauth2.resourceserver.opaquetoken.introspection-uri' (OnPropertyCondition)

   OkHttpFeignLoadBalancerConfiguration:
      Did not match:
         - @ConditionalOnClass did not find required class 'feign.okhttp.OkHttpClient' (OnClassCondition)

   ProjectInfoAutoConfiguration#buildProperties:
      Did not match:
         - @ConditionalOnResource did not find resource '${spring.info.build.location:classpath:META-INF/build-info.properties}' (OnResourceCondition)

   ProjectInfoAutoConfiguration#gitProperties:
      Did not match:
         - GitResource did not find git info at classpath:git.properties (ProjectInfoAutoConfiguration.GitResourceAvailableCondition)

   PulsarAutoConfiguration:
      Did not match:
         - @ConditionalOnClass did not find required class 'org.apache.pulsar.client.api.PulsarClient' (OnClassCondition)

   PulsarReactiveAutoConfiguration:
      Did not match:
         - @ConditionalOnClass did not find required class 'org.apache.pulsar.client.api.PulsarClient' (OnClassCondition)

   QuartzAutoConfiguration:
      Did not match:
         - @ConditionalOnClass did not find required class 'org.quartz.Scheduler' (OnClassCondition)

   R2dbcAutoConfiguration:
      Did not match:
         - @ConditionalOnClass did not find required class 'io.r2dbc.spi.ConnectionFactory' (OnClassCondition)

   R2dbcDataAutoConfiguration:
      Did not match:
         - @ConditionalOnClass did not find required class 'org.springframework.data.r2dbc.core.R2dbcEntityTemplate' (OnClassCondition)

   R2dbcInitializationConfiguration:
      Did not match:
         - @ConditionalOnClass did not find required classes 'io.r2dbc.spi.ConnectionFactory', 'org.springframework.r2dbc.connection.init.DatabasePopulator' (OnClassCondition)

   R2dbcRepositoriesAutoConfiguration:
      Did not match:
         - @ConditionalOnClass did not find required class 'io.r2dbc.spi.ConnectionFactory' (OnClassCondition)

   R2dbcTransactionManagerAutoConfiguration:
      Did not match:
         - @ConditionalOnClass did not find required class 'org.springframework.r2dbc.connection.R2dbcTransactionManager' (OnClassCondition)

   RSocketGraphQlClientAutoConfiguration:
      Did not match:
         - @ConditionalOnClass did not find required class 'graphql.GraphQL' (OnClassCondition)

   RSocketMessagingAutoConfiguration:
      Did not match:
         - @ConditionalOnClass did not find required class 'io.rsocket.RSocket' (OnClassCondition)

   RSocketRequesterAutoConfiguration:
      Did not match:
         - @ConditionalOnClass did not find required class 'io.rsocket.RSocket' (OnClassCondition)

   RSocketSecurityAutoConfiguration:
      Did not match:
         - @ConditionalOnClass did not find required class 'org.springframework.security.rsocket.core.SecuritySocketAcceptorInterceptor' (OnClassCondition)

   RSocketServerAutoConfiguration:
      Did not match:
         - @ConditionalOnClass did not find required class 'io.rsocket.core.RSocketServer' (OnClassCondition)

   RSocketStrategiesAutoConfiguration:
      Did not match:
         - @ConditionalOnClass did not find required class 'io.netty.buffer.PooledByteBufAllocator' (OnClassCondition)

   RabbitAutoConfiguration:
      Did not match:
         - @ConditionalOnClass did not find required class 'com.rabbitmq.client.Channel' (OnClassCondition)

   ReactiveCommonsClientAutoConfiguration.ReactiveDiscoveryLoadBalancerConfiguration:
      Did not match:
         - @ConditionalOnClass did not find required classes 'org.springframework.boot.actuate.health.ReactiveHealthIndicator', 'org.springframework.web.reactive.function.client.WebClient' (OnClassCondition)

   ReactiveCompositeDiscoveryClientAutoConfiguration:
      Did not match:
         - @ConditionalOnClass did not find required class 'org.springframework.web.reactive.function.client.WebClient' (OnClassCondition)

   ReactiveElasticsearchClientAutoConfiguration:
      Did not match:
         - @ConditionalOnClass did not find required class 'co.elastic.clients.transport.ElasticsearchTransport' (OnClassCondition)

   ReactiveElasticsearchRepositoriesAutoConfiguration:
      Did not match:
         - @ConditionalOnClass did not find required class 'org.springframework.data.elasticsearch.client.elc.ReactiveElasticsearchClient' (OnClassCondition)

   ReactiveMultipartAutoConfiguration:
      Did not match:
         - @ConditionalOnClass did not find required class 'org.springframework.web.reactive.config.WebFluxConfigurer' (OnClassCondition)

   ReactiveOAuth2ClientAutoConfiguration:
      Did not match:
         - @ConditionalOnClass did not find required class 'org.springframework.security.oauth2.client.registration.ClientRegistration' (OnClassCondition)

   ReactiveOAuth2ResourceServerAutoConfiguration:
      Did not match:
         - @ConditionalOnWebApplication did not find reactive web application classes (OnWebApplicationCondition)

   ReactiveSecurityAutoConfiguration:
      Did not match:
         - @ConditionalOnClass did not find required class 'org.springframework.web.reactive.config.WebFluxConfigurer' (OnClassCondition)

   ReactiveUserDetailsServiceAutoConfiguration:
      Did not match:
         - AnyNestedCondition 0 matched 3 did not; NestedCondition on ReactiveUserDetailsServiceAutoConfiguration.MissingAlternativeOrUserPropertiesConfigured.PasswordConfigured @ConditionalOnProperty (spring.security.user.password) did not find property 'password'; NestedCondition on ReactiveUserDetailsServiceAutoConfiguration.MissingAlternativeOrUserPropertiesConfigured.NameConfigured @ConditionalOnProperty (spring.security.user.name) did not find property 'name'; NestedCondition on ReactiveUserDetailsServiceAutoConfiguration.MissingAlternativeOrUserPropertiesConfigured.MissingAlternative @ConditionalOnMissingClass found unwanted class 'org.springframework.security.oauth2.server.resource.introspection.ReactiveOpaqueTokenIntrospector' (ReactiveUserDetailsServiceAutoConfiguration.MissingAlternativeOrUserPropertiesConfigured)
      Matched:
         - @ConditionalOnClass found required class 'org.springframework.security.authentication.ReactiveAuthenticationManager' (OnClassCondition)

   ReactiveWebServerFactoryAutoConfiguration:
      Did not match:
         - @ConditionalOnWebApplication did not find reactive web application classes (OnWebApplicationCondition)

   ReactorLoadBalancerClientAutoConfiguration:
      Did not match:
         - @ConditionalOnClass did not find required class 'org.springframework.web.reactive.function.client.WebClient' (OnClassCondition)

   RedisAutoConfiguration:
      Did not match:
         - @ConditionalOnClass did not find required class 'org.springframework.data.redis.core.RedisOperations' (OnClassCondition)

   RedisCacheConfiguration:
      Did not match:
         - @ConditionalOnClass did not find required class 'org.springframework.data.redis.connection.RedisConnectionFactory' (OnClassCondition)

   RedisReactiveAutoConfiguration:
      Did not match:
         - @ConditionalOnClass did not find required class 'org.springframework.data.redis.connection.ReactiveRedisConnectionFactory' (OnClassCondition)

   RedisRepositoriesAutoConfiguration:
      Did not match:
         - @ConditionalOnClass did not find required class 'org.springframework.data.redis.repository.configuration.EnableRedisRepositories' (OnClassCondition)

   RefreshAutoConfiguration#legacyContextRefresher:
      Did not match:
         - AnyNestedCondition 0 matched 3 did not; NestedCondition on ConditionalOnBootstrapEnabled.OnBootstrapEnabledCondition.OnBootstrapEnabled @ConditionalOnProperty (spring.cloud.bootstrap.enabled) did not find property 'spring.cloud.bootstrap.enabled'; NestedCondition on ConditionalOnBootstrapEnabled.OnBootstrapEnabledCondition.OnUseLegacyProcessingEnabled @ConditionalOnProperty (spring.config.use-legacy-processing) did not find property 'spring.config.use-legacy-processing'; NestedCondition on ConditionalOnBootstrapEnabled.OnBootstrapEnabledCondition.OnBootstrapMarkerClassPresent @ConditionalOnClass did not find required class 'org.springframework.cloud.bootstrap.marker.Marker' (ConditionalOnBootstrapEnabled.OnBootstrapEnabledCondition)

   RefreshAutoConfiguration.JpaInvokerConfiguration:
      Did not match:
         - @ConditionalOnClass did not find required class 'javax.persistence.EntityManagerFactory' (OnClassCondition)

   RefreshEndpointAutoConfiguration:
      Did not match:
         - @ConditionalOnClass did not find required class 'org.springframework.boot.actuate.autoconfigure.endpoint.EndpointAutoConfiguration' (OnClassCondition)

   RepositoryRestMvcAutoConfiguration:
      Did not match:
         - @ConditionalOnClass did not find required class 'org.springframework.data.rest.webmvc.config.RepositoryRestMvcConfiguration' (OnClassCondition)

   Saml2RelyingPartyAutoConfiguration:
      Did not match:
         - @ConditionalOnClass did not find required class 'org.springframework.security.saml2.provider.service.registration.RelyingPartyRegistrationRepository' (OnClassCondition)

   SecurityDataConfiguration:
      Did not match:
         - @ConditionalOnClass did not find required class 'org.springframework.security.data.repository.query.SecurityEvaluationContextExtension' (OnClassCondition)

   SendGridAutoConfiguration:
      Did not match:
         - @ConditionalOnClass did not find required class 'com.sendgrid.SendGrid' (OnClassCondition)

   ServiceRegistryAutoConfiguration.ServiceRegistryEndpointConfiguration:
      Did not match:
         - @ConditionalOnClass did not find required class 'org.springframework.boot.actuate.endpoint.annotation.Endpoint' (OnClassCondition)

   ServletWebServerFactoryAutoConfiguration.ForwardedHeaderFilterConfiguration:
      Did not match:
         - @ConditionalOnProperty (server.forward-headers-strategy=framework) did not find property 'server.forward-headers-strategy' (OnPropertyCondition)

   ServletWebServerFactoryConfiguration.EmbeddedJetty:
      Did not match:
         - @ConditionalOnClass did not find required classes 'org.eclipse.jetty.server.Server', 'org.eclipse.jetty.util.Loader', 'org.eclipse.jetty.ee10.webapp.WebAppContext' (OnClassCondition)

   ServletWebServerFactoryConfiguration.EmbeddedUndertow:
      Did not match:
         - @ConditionalOnClass did not find required classes 'io.undertow.Undertow', 'org.xnio.SslClientAuthMode' (OnClassCondition)

   SessionAutoConfiguration:
      Did not match:
         - @ConditionalOnClass did not find required class 'org.springframework.session.Session' (OnClassCondition)

   SimpleReactiveDiscoveryClientAutoConfiguration:
      Did not match:
         - @ConditionalOnClass did not find required class 'org.springframework.web.reactive.function.client.WebClient' (OnClassCondition)

   SpringApplicationAdminJmxAutoConfiguration:
      Did not match:
         - @ConditionalOnProperty (spring.application.admin.enabled=true) did not find property 'enabled' (OnPropertyCondition)

   SpringBootWebSecurityConfiguration.SecurityFilterChainConfiguration:
      Did not match:
         - AllNestedConditions 1 matched 1 did not; NestedCondition on DefaultWebSecurityCondition.Beans @ConditionalOnMissingBean (types: org.springframework.security.web.SecurityFilterChain; SearchStrategy: all) found beans of type 'org.springframework.security.web.SecurityFilterChain' securityFilterChain; NestedCondition on DefaultWebSecurityCondition.Classes @ConditionalOnClass found required classes 'org.springframework.security.web.SecurityFilterChain', 'org.springframework.security.config.annotation.web.builders.HttpSecurity' (DefaultWebSecurityCondition)

   SpringDocConfigProperties:
      Did not match:
         - @ConditionalOnProperty (springdoc.api-docs.enabled) found different value in property 'springdoc.api-docs.enabled' (OnPropertyCondition)

   SpringDocConfiguration:
      Did not match:
         - @ConditionalOnProperty (springdoc.api-docs.enabled) found different value in property 'springdoc.api-docs.enabled' (OnPropertyCondition)
      Matched:
         - @ConditionalOnWebApplication (required) found 'session' scope (OnWebApplicationCondition)

   SpringDocDataRestConfiguration:
      Did not match:
         - @ConditionalOnClass did not find required class 'org.springframework.data.rest.core.config.RepositoryRestConfiguration' (OnClassCondition)

   SpringDocFunctionCatalogConfiguration:
      Did not match:
         - @ConditionalOnClass did not find required class 'org.springframework.cloud.function.web.function.FunctionEndpointInitializer' (OnClassCondition)

   SpringDocGroovyConfiguration:
      Did not match:
         - @ConditionalOnClass did not find required class 'groovy.lang.MetaClass' (OnClassCondition)

   SpringDocHateoasConfiguration:
      Did not match:
         - @ConditionalOnClass did not find required class 'org.springframework.hateoas.server.LinkRelationProvider' (OnClassCondition)

   SpringDocJacksonKotlinModuleConfiguration:
      Did not match:
         - @ConditionalOnClass did not find required class 'com.fasterxml.jackson.module.kotlin.KotlinModule' (OnClassCondition)

   SpringDocJavadocConfiguration:
      Did not match:
         - @ConditionalOnClass did not find required class 'com.github.therapi.runtimejavadoc.CommentFormatter' (OnClassCondition)

   SpringDocKotlinConfiguration:
      Did not match:
         - @ConditionalOnClass did not find required class 'kotlin.coroutines.Continuation' (OnClassCondition)

   SpringDocKotlinxConfiguration:
      Did not match:
         - @ConditionalOnClass did not find required class 'kotlinx.coroutines.flow.Flow' (OnClassCondition)

   SpringDocPageableConfiguration:
      Did not match:
         - @ConditionalOnProperty (springdoc.api-docs.enabled) found different value in property 'springdoc.api-docs.enabled' (OnPropertyCondition)
      Matched:
         - @ConditionalOnClass found required class 'org.springframework.data.domain.Pageable' (OnClassCondition)
         - @ConditionalOnWebApplication (required) found 'session' scope (OnWebApplicationCondition)

   SpringDocSecurityConfiguration:
      Did not match:
         - @ConditionalOnExpression (#{${springdoc.api-docs.enabled:true} and ${springdoc.enable-spring-security:true}}) resulted in false (OnExpressionCondition)
      Matched:
         - @ConditionalOnClass found required class 'org.springframework.security.web.SecurityFilterChain' (OnClassCondition)
         - @ConditionalOnWebApplication (required) found 'session' scope (OnWebApplicationCondition)

   SpringDocSortConfiguration:
      Did not match:
         - @ConditionalOnProperty (springdoc.api-docs.enabled) found different value in property 'springdoc.api-docs.enabled' (OnPropertyCondition)
      Matched:
         - @ConditionalOnClass found required class 'org.springframework.data.domain.Sort' (OnClassCondition)
         - @ConditionalOnWebApplication (required) found 'session' scope (OnWebApplicationCondition)

   SpringDocWebMvcConfiguration:
      Did not match:
         - @ConditionalOnProperty (springdoc.api-docs.enabled) found different value in property 'springdoc.api-docs.enabled' (OnPropertyCondition)
      Matched:
         - found 'session' scope (OnWebApplicationCondition)

   SwaggerConfig:
      Did not match:
         - @ConditionalOnProperty (springdoc.swagger-ui.enabled) found different value in property 'springdoc.swagger-ui.enabled' (OnPropertyCondition)
      Matched:
         - found 'session' scope (OnWebApplicationCondition)

   SwaggerUiConfigProperties:
      Did not match:
         - @ConditionalOnProperty (springdoc.swagger-ui.enabled) found different value in property 'springdoc.swagger-ui.enabled' (OnPropertyCondition)

   SwaggerUiOAuthProperties:
      Did not match:
         - @ConditionalOnProperty (springdoc.swagger-ui.enabled) found different value in property 'springdoc.swagger-ui.enabled' (OnPropertyCondition)

   TaskExecutorConfigurations.SimpleAsyncTaskExecutorBuilderConfiguration#simpleAsyncTaskExecutorBuilderVirtualThreads:
      Did not match:
         - @ConditionalOnMissingBean (types: org.springframework.boot.task.SimpleAsyncTaskExecutorBuilder; SearchStrategy: all) found beans of type 'org.springframework.boot.task.SimpleAsyncTaskExecutorBuilder' simpleAsyncTaskExecutorBuilder (OnBeanCondition)

   TaskExecutorConfigurations.TaskExecutorConfiguration#applicationTaskExecutorVirtualThreads:
      Did not match:
         - @ConditionalOnThreading did not find VIRTUAL (OnThreadingCondition)

   TaskSchedulingAutoConfiguration#scheduledBeanLazyInitializationExcludeFilter:
      Did not match:
         - @ConditionalOnBean (names: org.springframework.context.annotation.internalScheduledAnnotationProcessor; SearchStrategy: all) did not find any beans named org.springframework.context.annotation.internalScheduledAnnotationProcessor (OnBeanCondition)

   TaskSchedulingConfigurations.SimpleAsyncTaskSchedulerBuilderConfiguration#simpleAsyncTaskSchedulerBuilderVirtualThreads:
      Did not match:
         - @ConditionalOnMissingBean (types: org.springframework.boot.task.SimpleAsyncTaskSchedulerBuilder; SearchStrategy: all) found beans of type 'org.springframework.boot.task.SimpleAsyncTaskSchedulerBuilder' simpleAsyncTaskSchedulerBuilder (OnBeanCondition)

   TaskSchedulingConfigurations.TaskSchedulerConfiguration:
      Did not match:
         - @ConditionalOnBean (names: org.springframework.context.annotation.internalScheduledAnnotationProcessor; SearchStrategy: all) did not find any beans named org.springframework.context.annotation.internalScheduledAnnotationProcessor (OnBeanCondition)

   TemplateEngineConfigurations.ReactiveTemplateEngineConfiguration:
      Did not match:
         - did not find reactive web application classes (OnWebApplicationCondition)

   ThymeleafAutoConfiguration.DataAttributeDialectConfiguration:
      Did not match:
         - @ConditionalOnClass did not find required class 'com.github.mxab.thymeleaf.extras.dataattribute.dialect.DataAttributeDialect' (OnClassCondition)

   ThymeleafAutoConfiguration.ThymeleafSecurityDialectConfiguration:
      Did not match:
         - @ConditionalOnClass did not find required class 'org.thymeleaf.extras.springsecurity6.dialect.SpringSecurityDialect' (OnClassCondition)

   ThymeleafAutoConfiguration.ThymeleafWebFluxConfiguration:
      Did not match:
         - did not find reactive web application classes (OnWebApplicationCondition)

   ThymeleafAutoConfiguration.ThymeleafWebLayoutConfiguration:
      Did not match:
         - @ConditionalOnClass did not find required class 'nz.net.ultraq.thymeleaf.layoutdialect.LayoutDialect' (OnClassCondition)

   ThymeleafAutoConfiguration.ThymeleafWebMvcConfiguration#resourceUrlEncodingFilter:
      Did not match:
         - @ConditionalOnEnabledResourceChain did not find class org.webjars.WebJarAssetLocator (OnEnabledResourceChainCondition)

   TransactionAutoConfiguration#transactionalOperator:
      Did not match:
         - @ConditionalOnSingleCandidate (types: org.springframework.transaction.ReactiveTransactionManager; SearchStrategy: all) did not find any beans (OnBeanCondition)

   TransactionAutoConfiguration.AspectJTransactionManagementConfiguration:
      Did not match:
         - @ConditionalOnBean (types: org.springframework.transaction.aspectj.AbstractTransactionAspect; SearchStrategy: all) did not find any beans of type org.springframework.transaction.aspectj.AbstractTransactionAspect (OnBeanCondition)

   TransactionAutoConfiguration.EnableTransactionManagementConfiguration.JdkDynamicAutoProxyConfiguration:
      Did not match:
         - @ConditionalOnProperty (spring.aop.proxy-target-class=false) did not find property 'proxy-target-class' (OnPropertyCondition)

   UserDetailsServiceAutoConfiguration:
      Did not match:
         - AnyNestedCondition 0 matched 3 did not; NestedCondition on UserDetailsServiceAutoConfiguration.MissingAlternativeOrUserPropertiesConfigured.PasswordConfigured @ConditionalOnProperty (spring.security.user.password) did not find property 'password'; NestedCondition on UserDetailsServiceAutoConfiguration.MissingAlternativeOrUserPropertiesConfigured.NameConfigured @ConditionalOnProperty (spring.security.user.name) did not find property 'name'; NestedCondition on UserDetailsServiceAutoConfiguration.MissingAlternativeOrUserPropertiesConfigured.MissingAlternative @ConditionalOnMissingClass found unwanted class 'org.springframework.security.oauth2.server.resource.introspection.OpaqueTokenIntrospector' (UserDetailsServiceAutoConfiguration.MissingAlternativeOrUserPropertiesConfigured)
      Matched:
         - @ConditionalOnClass found required class 'org.springframework.security.authentication.AuthenticationManager' (OnClassCondition)

   WebClientAutoConfiguration:
      Did not match:
         - @ConditionalOnClass did not find required class 'org.springframework.web.reactive.function.client.WebClient' (OnClassCondition)

   WebFluxAutoConfiguration:
      Did not match:
         - @ConditionalOnClass did not find required class 'org.springframework.web.reactive.config.WebFluxConfigurer' (OnClassCondition)

   WebMvcAutoConfiguration#hiddenHttpMethodFilter:
      Did not match:
         - @ConditionalOnProperty (spring.mvc.hiddenmethod.filter.enabled) did not find property 'enabled' (OnPropertyCondition)

   WebMvcAutoConfiguration.ProblemDetailsErrorHandlingConfiguration:
      Did not match:
         - @ConditionalOnProperty (spring.mvc.problemdetails.enabled=true) did not find property 'enabled' (OnPropertyCondition)

   WebMvcAutoConfiguration.ResourceChainCustomizerConfiguration:
      Did not match:
         - @ConditionalOnEnabledResourceChain did not find class org.webjars.WebJarAssetLocator (OnEnabledResourceChainCondition)

   WebMvcAutoConfiguration.WebMvcAutoConfigurationAdapter#beanNameViewResolver:
      Did not match:
         - @ConditionalOnMissingBean (types: org.springframework.web.servlet.view.BeanNameViewResolver; SearchStrategy: all) found beans of type 'org.springframework.web.servlet.view.BeanNameViewResolver' beanNameViewResolver (OnBeanCondition)

   WebServiceTemplateAutoConfiguration:
      Did not match:
         - @ConditionalOnClass did not find required class 'org.springframework.oxm.Marshaller' (OnClassCondition)

   WebServicesAutoConfiguration:
      Did not match:
         - @ConditionalOnClass did not find required class 'org.springframework.ws.transport.http.MessageDispatcherServlet' (OnClassCondition)

   WebSessionIdResolverAutoConfiguration:
      Did not match:
         - @ConditionalOnWebApplication did not find reactive web application classes (OnWebApplicationCondition)

   WebSocketMessagingAutoConfiguration:
      Did not match:
         - @ConditionalOnClass did not find required class 'org.springframework.web.socket.config.annotation.WebSocketMessageBrokerConfigurer' (OnClassCondition)

   WebSocketReactiveAutoConfiguration:
      Did not match:
         - @ConditionalOnWebApplication did not find reactive web application classes (OnWebApplicationCondition)

   WebSocketServletAutoConfiguration.JettyWebSocketConfiguration:
      Did not match:
         - @ConditionalOnClass did not find required class 'org.eclipse.jetty.ee10.websocket.jakarta.server.config.JakartaWebSocketServletContainerInitializer' (OnClassCondition)

   WebSocketServletAutoConfiguration.UndertowWebSocketConfiguration:
      Did not match:
         - @ConditionalOnClass did not find required class 'io.undertow.websockets.jsr.Bootstrap' (OnClassCondition)

   WritableEnvironmentEndpointAutoConfiguration:
      Did not match:
         - @ConditionalOnClass did not find required class 'org.springframework.boot.actuate.autoconfigure.env.EnvironmentEndpointProperties' (OnClassCondition)

   XADataSourceAutoConfiguration:
      Did not match:
         - @ConditionalOnBean (types: org.springframework.boot.jdbc.XADataSourceWrapper; SearchStrategy: all) did not find any beans of type org.springframework.boot.jdbc.XADataSourceWrapper (OnBeanCondition)
      Matched:
         - @ConditionalOnClass found required classes 'javax.sql.DataSource', 'jakarta.transaction.TransactionManager', 'org.springframework.jdbc.datasource.embedded.EmbeddedDatabaseType' (OnClassCondition)


Exclusions:
-----------

    None


Unconditional classes:
----------------------

    org.springframework.boot.autoconfigure.context.ConfigurationPropertiesAutoConfiguration

    org.springframework.cloud.client.ReactiveCommonsClientAutoConfiguration

    org.springframework.boot.autoconfigure.ssl.SslAutoConfiguration

    org.springframework.cloud.client.discovery.simple.SimpleDiscoveryClientAutoConfiguration

    org.springframework.boot.autoconfigure.context.PropertyPlaceholderAutoConfiguration

    org.springframework.boot.autoconfigure.context.LifecycleAutoConfiguration

    org.springframework.cloud.client.CommonsClientAutoConfiguration

    org.springframework.cloud.commons.config.CommonsConfigAutoConfiguration

    org.springframework.cloud.netflix.eureka.config.DiscoveryClientOptionalArgsConfiguration

    org.springframework.cloud.client.loadbalancer.LoadBalancerDefaultMappingsProviderAutoConfiguration

    org.springframework.cloud.config.client.ConfigClientAutoConfiguration

    org.springframework.cloud.client.discovery.composite.CompositeDiscoveryClientAutoConfiguration

    org.springframework.cloud.client.serviceregistry.ServiceRegistryAutoConfiguration

    org.springframework.cloud.autoconfigure.LifecycleMvcEndpointAutoConfiguration

    org.springdoc.core.configuration.SpringDocSpecPropertiesConfiguration

    org.springframework.boot.autoconfigure.availability.ApplicationAvailabilityAutoConfiguration

    org.springframework.boot.autoconfigure.info.ProjectInfoAutoConfiguration



2026-04-28T14:01:36.819+01:00  INFO 17796 --- [gestion-risk] [           main] c.e.gestion_risk.GestionRiskApplication  : Started GestionRiskApplication in 4.242 seconds (process running for 4.447)
2026-04-28T14:01:36.820+01:00 DEBUG 17796 --- [gestion-risk] [           main] o.s.b.a.ApplicationAvailabilityBean      : Application availability state LivenessState changed to CORRECT
2026-04-28T14:01:36.827+01:00 DEBUG 17796 --- [gestion-risk] [           main] o.s.jdbc.core.JdbcTemplate               : Executing SQL query [SELECT DISTINCT kcu.CONSTRAINT_NAME
FROM information_schema.KEY_COLUMN_USAGE kcu
WHERE kcu.TABLE_SCHEMA = DATABASE()
  AND kcu.TABLE_NAME = 'risk'
  AND kcu.COLUMN_NAME = 'project_id'
  AND kcu.REFERENCED_TABLE_NAME = 'project'
]
2026-04-28T14:01:36.830+01:00 DEBUG 17796 --- [gestion-risk] [           main] o.s.jdbc.core.JdbcTemplate               : Executing SQL statement [ALTER TABLE risk MODIFY project_id BIGINT NULL]
2026-04-28T14:01:36.835+01:00  INFO 17796 --- [gestion-risk] [           main] c.e.g.config.RiskSchemaConstraintFixer   : Ensured risk.project_id is nullable
2026-04-28T14:01:36.836+01:00 DEBUG 17796 --- [gestion-risk] [           main] o.s.b.a.ApplicationAvailabilityBean      : Application availability state ReadinessState changed to ACCEPTING_TRAFFIC
2026-04-28T14:01:41.723+01:00 DEBUG 17796 --- [gestion-risk] [beatExecutor-%d] o.s.web.client.RestTemplate              : HTTP PUT http://localhost:8761/eureka/apps/GESTION-RISK/LANGIR:gestion-risk:8089?status=UP&lastDirtyTimestamp=1777381296722
2026-04-28T14:01:41.729+01:00 DEBUG 17796 --- [gestion-risk] [beatExecutor-%d] o.s.web.client.RestTemplate              : Accept=[application/json, application/*+json]
2026-04-28T14:01:41.740+01:00 DEBUG 17796 --- [gestion-risk] [beatExecutor-%d] o.s.web.client.RestTemplate              : Response 200 OK
2026-04-28T14:01:46.746+01:00 DEBUG 17796 --- [gestion-risk] [beatExecutor-%d] o.s.web.client.RestTemplate              : HTTP PUT http://localhost:8761/eureka/apps/GESTION-RISK/LANGIR:gestion-risk:8089?status=UP&lastDirtyTimestamp=1777381296722
2026-04-28T14:01:46.749+01:00 DEBUG 17796 --- [gestion-risk] [beatExecutor-%d] o.s.web.client.RestTemplate              : Accept=[application/json, application/*+json]
2026-04-28T14:01:46.763+01:00 DEBUG 17796 --- [gestion-risk] [beatExecutor-%d] o.s.web.client.RestTemplate              : Response 200 OK
2026-04-28T14:01:51.772+01:00 DEBUG 17796 --- [gestion-risk] [beatExecutor-%d] o.s.web.client.RestTemplate              : HTTP PUT http://localhost:8761/eureka/apps/GESTION-RISK/LANGIR:gestion-risk:8089?status=UP&lastDirtyTimestamp=1777381296722
2026-04-28T14:01:51.772+01:00 DEBUG 17796 --- [gestion-risk] [beatExecutor-%d] o.s.web.client.RestTemplate              : Accept=[application/json, application/*+json]
2026-04-28T14:01:51.790+01:00 DEBUG 17796 --- [gestion-risk] [beatExecutor-%d] o.s.web.client.RestTemplate              : Response 200 OK
2026-04-28T14:01:56.803+01:00 DEBUG 17796 --- [gestion-risk] [beatExecutor-%d] o.s.web.client.RestTemplate              : HTTP PUT http://localhost:8761/eureka/apps/GESTION-RISK/LANGIR:gestion-risk:8089?status=UP&lastDirtyTimestamp=1777381296722
2026-04-28T14:01:56.803+01:00 DEBUG 17796 --- [gestion-risk] [beatExecutor-%d] o.s.web.client.RestTemplate              : Accept=[application/json, application/*+json]
2026-04-28T14:01:56.820+01:00 DEBUG 17796 --- [gestion-risk] [beatExecutor-%d] o.s.web.client.RestTemplate              : Response 200 OK
2026-04-28T14:02:01.826+01:00 DEBUG 17796 --- [gestion-risk] [beatExecutor-%d] o.s.web.client.RestTemplate              : HTTP PUT http://localhost:8761/eureka/apps/GESTION-RISK/LANGIR:gestion-risk:8089?status=UP&lastDirtyTimestamp=1777381296722
2026-04-28T14:02:01.827+01:00 DEBUG 17796 --- [gestion-risk] [beatExecutor-%d] o.s.web.client.RestTemplate              : Accept=[application/json, application/*+json]
2026-04-28T14:02:01.844+01:00 DEBUG 17796 --- [gestion-risk] [beatExecutor-%d] o.s.web.client.RestTemplate              : Response 200 OK
2026-04-28T14:02:06.737+01:00 DEBUG 17796 --- [gestion-risk] [reshExecutor-%d] o.s.web.client.RestTemplate              : HTTP GET http://localhost:8761/eureka/apps/delta
2026-04-28T14:02:06.741+01:00 DEBUG 17796 --- [gestion-risk] [reshExecutor-%d] o.s.web.client.RestTemplate              : Accept=[application/json, application/*+json]
2026-04-28T14:02:06.750+01:00 DEBUG 17796 --- [gestion-risk] [reshExecutor-%d] o.s.web.client.RestTemplate              : Response 200 OK
2026-04-28T14:02:06.750+01:00 DEBUG 17796 --- [gestion-risk] [reshExecutor-%d] o.s.web.client.RestTemplate              : Reading to [org.springframework.cloud.netflix.eureka.http.EurekaApplications]
2026-04-28T14:02:06.855+01:00 DEBUG 17796 --- [gestion-risk] [beatExecutor-%d] o.s.web.client.RestTemplate              : HTTP PUT http://localhost:8761/eureka/apps/GESTION-RISK/LANGIR:gestion-risk:8089?status=UP&lastDirtyTimestamp=1777381296722
2026-04-28T14:02:06.858+01:00 DEBUG 17796 --- [gestion-risk] [beatExecutor-%d] o.s.web.client.RestTemplate              : Accept=[application/json, application/*+json]
2026-04-28T14:02:06.873+01:00 DEBUG 17796 --- [gestion-risk] [beatExecutor-%d] o.s.web.client.RestTemplate              : Response 200 OK
2026-04-28T14:02:11.878+01:00 DEBUG 17796 --- [gestion-risk] [beatExecutor-%d] o.s.web.client.RestTemplate              : HTTP PUT http://localhost:8761/eureka/apps/GESTION-RISK/LANGIR:gestion-risk:8089?status=UP&lastDirtyTimestamp=1777381296722
2026-04-28T14:02:11.881+01:00 DEBUG 17796 --- [gestion-risk] [beatExecutor-%d] o.s.web.client.RestTemplate              : Accept=[application/json, application/*+json]
2026-04-28T14:02:11.898+01:00 DEBUG 17796 --- [gestion-risk] [beatExecutor-%d] o.s.web.client.RestTemplate              : Response 200 OK
2026-04-28T14:02:16.904+01:00 DEBUG 17796 --- [gestion-risk] [beatExecutor-%d] o.s.web.client.RestTemplate              : HTTP PUT http://localhost:8761/eureka/apps/GESTION-RISK/LANGIR:gestion-risk:8089?status=UP&lastDirtyTimestamp=1777381296722
2026-04-28T14:02:16.906+01:00 DEBUG 17796 --- [gestion-risk] [beatExecutor-%d] o.s.web.client.RestTemplate              : Accept=[application/json, application/*+json]
2026-04-28T14:02:16.926+01:00 DEBUG 17796 --- [gestion-risk] [beatExecutor-%d] o.s.web.client.RestTemplate              : Response 200 OK
2026-04-28T14:02:21.938+01:00 DEBUG 17796 --- [gestion-risk] [beatExecutor-%d] o.s.web.client.RestTemplate              : HTTP PUT http://localhost:8761/eureka/apps/GESTION-RISK/LANGIR:gestion-risk:8089?status=UP&lastDirtyTimestamp=1777381296722
2026-04-28T14:02:21.943+01:00 DEBUG 17796 --- [gestion-risk] [beatExecutor-%d] o.s.web.client.RestTemplate              : Accept=[application/json, application/*+json]
2026-04-28T14:02:21.958+01:00 DEBUG 17796 --- [gestion-risk] [beatExecutor-%d] o.s.web.client.RestTemplate              : Response 200 OK
2026-04-28T14:02:26.964+01:00 DEBUG 17796 --- [gestion-risk] [beatExecutor-%d] o.s.web.client.RestTemplate              : HTTP PUT http://localhost:8761/eureka/apps/GESTION-RISK/LANGIR:gestion-risk:8089?status=UP&lastDirtyTimestamp=1777381296722
2026-04-28T14:02:26.969+01:00 DEBUG 17796 --- [gestion-risk] [beatExecutor-%d] o.s.web.client.RestTemplate              : Accept=[application/json, application/*+json]
2026-04-28T14:02:26.983+01:00 DEBUG 17796 --- [gestion-risk] [beatExecutor-%d] o.s.web.client.RestTemplate              : Response 200 OK
2026-04-28T14:02:31.994+01:00 DEBUG 17796 --- [gestion-risk] [beatExecutor-%d] o.s.web.client.RestTemplate              : HTTP PUT http://localhost:8761/eureka/apps/GESTION-RISK/LANGIR:gestion-risk:8089?status=UP&lastDirtyTimestamp=1777381296722
2026-04-28T14:02:31.999+01:00 DEBUG 17796 --- [gestion-risk] [beatExecutor-%d] o.s.web.client.RestTemplate              : Accept=[application/json, application/*+json]
2026-04-28T14:02:32.018+01:00 DEBUG 17796 --- [gestion-risk] [beatExecutor-%d] o.s.web.client.RestTemplate              : Response 200 OK
2026-04-28T14:02:36.757+01:00 DEBUG 17796 --- [gestion-risk] [reshExecutor-%d] o.s.web.client.RestTemplate              : HTTP GET http://localhost:8761/eureka/apps/delta
2026-04-28T14:02:36.762+01:00 DEBUG 17796 --- [gestion-risk] [reshExecutor-%d] o.s.web.client.RestTemplate              : Accept=[application/json, application/*+json]
2026-04-28T14:02:36.779+01:00 DEBUG 17796 --- [gestion-risk] [reshExecutor-%d] o.s.web.client.RestTemplate              : Response 200 OK
2026-04-28T14:02:36.780+01:00 DEBUG 17796 --- [gestion-risk] [reshExecutor-%d] o.s.web.client.RestTemplate              : Reading to [org.springframework.cloud.netflix.eureka.http.EurekaApplications]
2026-04-28T14:02:37.024+01:00 DEBUG 17796 --- [gestion-risk] [beatExecutor-%d] o.s.web.client.RestTemplate              : HTTP PUT http://localhost:8761/eureka/apps/GESTION-RISK/LANGIR:gestion-risk:8089?status=UP&lastDirtyTimestamp=1777381296722
2026-04-28T14:02:37.028+01:00 DEBUG 17796 --- [gestion-risk] [beatExecutor-%d] o.s.web.client.RestTemplate              : Accept=[application/json, application/*+json]
2026-04-28T14:02:37.046+01:00 DEBUG 17796 --- [gestion-risk] [beatExecutor-%d] o.s.web.client.RestTemplate              : Response 200 OK
2026-04-28T14:02:42.050+01:00 DEBUG 17796 --- [gestion-risk] [beatExecutor-%d] o.s.web.client.RestTemplate              : HTTP PUT http://localhost:8761/eureka/apps/GESTION-RISK/LANGIR:gestion-risk:8089?status=UP&lastDirtyTimestamp=1777381296722
2026-04-28T14:02:42.055+01:00 DEBUG 17796 --- [gestion-risk] [beatExecutor-%d] o.s.web.client.RestTemplate              : Accept=[application/json, application/*+json]
2026-04-28T14:02:42.069+01:00 DEBUG 17796 --- [gestion-risk] [beatExecutor-%d] o.s.web.client.RestTemplate              : Response 200 OK
2026-04-28T14:02:47.080+01:00 DEBUG 17796 --- [gestion-risk] [beatExecutor-%d] o.s.web.client.RestTemplate              : HTTP PUT http://localhost:8761/eureka/apps/GESTION-RISK/LANGIR:gestion-risk:8089?status=UP&lastDirtyTimestamp=1777381296722
2026-04-28T14:02:47.086+01:00 DEBUG 17796 --- [gestion-risk] [beatExecutor-%d] o.s.web.client.RestTemplate              : Accept=[application/json, application/*+json]
2026-04-28T14:02:47.105+01:00 DEBUG 17796 --- [gestion-risk] [beatExecutor-%d] o.s.web.client.RestTemplate              : Response 200 OK
2026-04-28T14:02:52.113+01:00 DEBUG 17796 --- [gestion-risk] [beatExecutor-%d] o.s.web.client.RestTemplate              : HTTP PUT http://localhost:8761/eureka/apps/GESTION-RISK/LANGIR:gestion-risk:8089?status=UP&lastDirtyTimestamp=1777381296722
2026-04-28T14:02:52.117+01:00 DEBUG 17796 --- [gestion-risk] [beatExecutor-%d] o.s.web.client.RestTemplate              : Accept=[application/json, application/*+json]
2026-04-28T14:02:52.132+01:00 DEBUG 17796 --- [gestion-risk] [beatExecutor-%d] o.s.web.client.RestTemplate              : Response 200 OK
2026-04-28T14:02:57.139+01:00 DEBUG 17796 --- [gestion-risk] [beatExecutor-%d] o.s.web.client.RestTemplate              : HTTP PUT http://localhost:8761/eureka/apps/GESTION-RISK/LANGIR:gestion-risk:8089?status=UP&lastDirtyTimestamp=1777381296722
2026-04-28T14:02:57.144+01:00 DEBUG 17796 --- [gestion-risk] [beatExecutor-%d] o.s.web.client.RestTemplate              : Accept=[application/json, application/*+json]
2026-04-28T14:02:57.159+01:00 DEBUG 17796 --- [gestion-risk] [beatExecutor-%d] o.s.web.client.RestTemplate              : Response 200 OK
2026-04-28T14:03:02.170+01:00 DEBUG 17796 --- [gestion-risk] [beatExecutor-%d] o.s.web.client.RestTemplate              : HTTP PUT http://localhost:8761/eureka/apps/GESTION-RISK/LANGIR:gestion-risk:8089?status=UP&lastDirtyTimestamp=1777381296722
2026-04-28T14:03:02.174+01:00 DEBUG 17796 --- [gestion-risk] [beatExecutor-%d] o.s.web.client.RestTemplate              : Accept=[application/json, application/*+json]
2026-04-28T14:03:02.189+01:00 DEBUG 17796 --- [gestion-risk] [beatExecutor-%d] o.s.web.client.RestTemplate              : Response 200 OK
2026-04-28T14:03:06.797+01:00 DEBUG 17796 --- [gestion-risk] [reshExecutor-%d] o.s.web.client.RestTemplate              : HTTP GET http://localhost:8761/eureka/apps/delta
2026-04-28T14:03:06.800+01:00 DEBUG 17796 --- [gestion-risk] [reshExecutor-%d] o.s.web.client.RestTemplate              : Accept=[application/json, application/*+json]
2026-04-28T14:03:06.813+01:00 DEBUG 17796 --- [gestion-risk] [reshExecutor-%d] o.s.web.client.RestTemplate              : Response 200 OK
2026-04-28T14:03:06.814+01:00 DEBUG 17796 --- [gestion-risk] [reshExecutor-%d] o.s.web.client.RestTemplate              : Reading to [org.springframework.cloud.netflix.eureka.http.EurekaApplications]
2026-04-28T14:03:07.198+01:00 DEBUG 17796 --- [gestion-risk] [beatExecutor-%d] o.s.web.client.RestTemplate              : HTTP PUT http://localhost:8761/eureka/apps/GESTION-RISK/LANGIR:gestion-risk:8089?status=UP&lastDirtyTimestamp=1777381296722
2026-04-28T14:03:07.200+01:00 DEBUG 17796 --- [gestion-risk] [beatExecutor-%d] o.s.web.client.RestTemplate              : Accept=[application/json, application/*+json]
2026-04-28T14:03:07.218+01:00 DEBUG 17796 --- [gestion-risk] [beatExecutor-%d] o.s.web.client.RestTemplate              : Response 200 OK
2026-04-28T14:03:12.234+01:00 DEBUG 17796 --- [gestion-risk] [beatExecutor-%d] o.s.web.client.RestTemplate              : HTTP PUT http://localhost:8761/eureka/apps/GESTION-RISK/LANGIR:gestion-risk:8089?status=UP&lastDirtyTimestamp=1777381296722
2026-04-28T14:03:12.238+01:00 DEBUG 17796 --- [gestion-risk] [beatExecutor-%d] o.s.web.client.RestTemplate              : Accept=[application/json, application/*+json]
2026-04-28T14:03:12.255+01:00 DEBUG 17796 --- [gestion-risk] [beatExecutor-%d] o.s.web.client.RestTemplate              : Response 200 OK
2026-04-28T14:03:17.262+01:00 DEBUG 17796 --- [gestion-risk] [beatExecutor-%d] o.s.web.client.RestTemplate              : HTTP PUT http://localhost:8761/eureka/apps/GESTION-RISK/LANGIR:gestion-risk:8089?status=UP&lastDirtyTimestamp=1777381296722
2026-04-28T14:03:17.265+01:00 DEBUG 17796 --- [gestion-risk] [beatExecutor-%d] o.s.web.client.RestTemplate              : Accept=[application/json, application/*+json]
2026-04-28T14:03:17.279+01:00 DEBUG 17796 --- [gestion-risk] [beatExecutor-%d] o.s.web.client.RestTemplate              : Response 200 OK
2026-04-28T14:03:22.282+01:00 DEBUG 17796 --- [gestion-risk] [beatExecutor-%d] o.s.web.client.RestTemplate              : HTTP PUT http://localhost:8761/eureka/apps/GESTION-RISK/LANGIR:gestion-risk:8089?status=UP&lastDirtyTimestamp=1777381296722
2026-04-28T14:03:22.286+01:00 DEBUG 17796 --- [gestion-risk] [beatExecutor-%d] o.s.web.client.RestTemplate              : Accept=[application/json, application/*+json]
2026-04-28T14:03:22.300+01:00 DEBUG 17796 --- [gestion-risk] [beatExecutor-%d] o.s.web.client.RestTemplate              : Response 200 OK
2026-04-28T14:03:27.316+01:00 DEBUG 17796 --- [gestion-risk] [beatExecutor-%d] o.s.web.client.RestTemplate              : HTTP PUT http://localhost:8761/eureka/apps/GESTION-RISK/LANGIR:gestion-risk:8089?status=UP&lastDirtyTimestamp=1777381296722
2026-04-28T14:03:27.321+01:00 DEBUG 17796 --- [gestion-risk] [beatExecutor-%d] o.s.web.client.RestTemplate              : Accept=[application/json, application/*+json]
2026-04-28T14:03:27.335+01:00 DEBUG 17796 --- [gestion-risk] [beatExecutor-%d] o.s.web.client.RestTemplate              : Response 200 OK
2026-04-28T14:03:32.341+01:00 DEBUG 17796 --- [gestion-risk] [beatExecutor-%d] o.s.web.client.RestTemplate              : HTTP PUT http://localhost:8761/eureka/apps/GESTION-RISK/LANGIR:gestion-risk:8089?status=UP&lastDirtyTimestamp=1777381296722
2026-04-28T14:03:32.348+01:00 DEBUG 17796 --- [gestion-risk] [beatExecutor-%d] o.s.web.client.RestTemplate              : Accept=[application/json, application/*+json]
2026-04-28T14:03:32.368+01:00 DEBUG 17796 --- [gestion-risk] [beatExecutor-%d] o.s.web.client.RestTemplate              : Response 200 OK
2026-04-28T14:03:36.821+01:00 DEBUG 17796 --- [gestion-risk] [reshExecutor-%d] o.s.web.client.RestTemplate              : HTTP GET http://localhost:8761/eureka/apps/delta
2026-04-28T14:03:36.822+01:00 DEBUG 17796 --- [gestion-risk] [reshExecutor-%d] o.s.web.client.RestTemplate              : Accept=[application/json, application/*+json]
2026-04-28T14:03:36.838+01:00 DEBUG 17796 --- [gestion-risk] [reshExecutor-%d] o.s.web.client.RestTemplate              : Response 200 OK
2026-04-28T14:03:36.839+01:00 DEBUG 17796 --- [gestion-risk] [reshExecutor-%d] o.s.web.client.RestTemplate              : Reading to [org.springframework.cloud.netflix.eureka.http.EurekaApplications]
2026-04-28T14:03:37.383+01:00 DEBUG 17796 --- [gestion-risk] [beatExecutor-%d] o.s.web.client.RestTemplate              : HTTP PUT http://localhost:8761/eureka/apps/GESTION-RISK/LANGIR:gestion-risk:8089?status=UP&lastDirtyTimestamp=1777381296722
2026-04-28T14:03:37.389+01:00 DEBUG 17796 --- [gestion-risk] [beatExecutor-%d] o.s.web.client.RestTemplate              : Accept=[application/json, application/*+json]
2026-04-28T14:03:37.403+01:00 DEBUG 17796 --- [gestion-risk] [beatExecutor-%d] o.s.web.client.RestTemplate              : Response 200 OK
2026-04-28T14:03:42.411+01:00 DEBUG 17796 --- [gestion-risk] [beatExecutor-%d] o.s.web.client.RestTemplate              : HTTP PUT http://localhost:8761/eureka/apps/GESTION-RISK/LANGIR:gestion-risk:8089?status=UP&lastDirtyTimestamp=1777381296722
2026-04-28T14:03:42.416+01:00 DEBUG 17796 --- [gestion-risk] [beatExecutor-%d] o.s.web.client.RestTemplate              : Accept=[application/json, application/*+json]
2026-04-28T14:03:42.431+01:00 DEBUG 17796 --- [gestion-risk] [beatExecutor-%d] o.s.web.client.RestTemplate              : Response 200 OK
2026-04-28T14:03:47.446+01:00 DEBUG 17796 --- [gestion-risk] [beatExecutor-%d] o.s.web.client.RestTemplate              : HTTP PUT http://localhost:8761/eureka/apps/GESTION-RISK/LANGIR:gestion-risk:8089?status=UP&lastDirtyTimestamp=1777381296722
2026-04-28T14:03:47.450+01:00 DEBUG 17796 --- [gestion-risk] [beatExecutor-%d] o.s.web.client.RestTemplate              : Accept=[application/json, application/*+json]
2026-04-28T14:03:47.466+01:00 DEBUG 17796 --- [gestion-risk] [beatExecutor-%d] o.s.web.client.RestTemplate              : Response 200 OK
2026-04-28T14:03:52.480+01:00 DEBUG 17796 --- [gestion-risk] [beatExecutor-%d] o.s.web.client.RestTemplate              : HTTP PUT http://localhost:8761/eureka/apps/GESTION-RISK/LANGIR:gestion-risk:8089?status=UP&lastDirtyTimestamp=1777381296722
2026-04-28T14:03:52.486+01:00 DEBUG 17796 --- [gestion-risk] [beatExecutor-%d] o.s.web.client.RestTemplate              : Accept=[application/json, application/*+json]
2026-04-28T14:03:52.502+01:00 DEBUG 17796 --- [gestion-risk] [beatExecutor-%d] o.s.web.client.RestTemplate              : Response 200 OK
2026-04-28T14:03:57.514+01:00 DEBUG 17796 --- [gestion-risk] [beatExecutor-%d] o.s.web.client.RestTemplate              : HTTP PUT http://localhost:8761/eureka/apps/GESTION-RISK/LANGIR:gestion-risk:8089?status=UP&lastDirtyTimestamp=1777381296722
2026-04-28T14:03:57.519+01:00 DEBUG 17796 --- [gestion-risk] [beatExecutor-%d] o.s.web.client.RestTemplate              : Accept=[application/json, application/*+json]
2026-04-28T14:03:57.533+01:00 DEBUG 17796 --- [gestion-risk] [beatExecutor-%d] o.s.web.client.RestTemplate              : Response 200 OK
2026-04-28T14:04:02.540+01:00 DEBUG 17796 --- [gestion-risk] [beatExecutor-%d] o.s.web.client.RestTemplate              : HTTP PUT http://localhost:8761/eureka/apps/GESTION-RISK/LANGIR:gestion-risk:8089?status=UP&lastDirtyTimestamp=1777381296722
2026-04-28T14:04:02.544+01:00 DEBUG 17796 --- [gestion-risk] [beatExecutor-%d] o.s.web.client.RestTemplate              : Accept=[application/json, application/*+json]
2026-04-28T14:04:02.557+01:00 DEBUG 17796 --- [gestion-risk] [beatExecutor-%d] o.s.web.client.RestTemplate              : Response 200 OK
2026-04-28T14:04:06.852+01:00 DEBUG 17796 --- [gestion-risk] [reshExecutor-%d] o.s.web.client.RestTemplate              : HTTP GET http://localhost:8761/eureka/apps/delta
2026-04-28T14:04:06.857+01:00 DEBUG 17796 --- [gestion-risk] [reshExecutor-%d] o.s.web.client.RestTemplate              : Accept=[application/json, application/*+json]
2026-04-28T14:04:06.872+01:00 DEBUG 17796 --- [gestion-risk] [reshExecutor-%d] o.s.web.client.RestTemplate              : Response 200 OK
2026-04-28T14:04:06.872+01:00 DEBUG 17796 --- [gestion-risk] [reshExecutor-%d] o.s.web.client.RestTemplate              : Reading to [org.springframework.cloud.netflix.eureka.http.EurekaApplications]
2026-04-28T14:04:07.571+01:00 DEBUG 17796 --- [gestion-risk] [beatExecutor-%d] o.s.web.client.RestTemplate              : HTTP PUT http://localhost:8761/eureka/apps/GESTION-RISK/LANGIR:gestion-risk:8089?status=UP&lastDirtyTimestamp=1777381296722
2026-04-28T14:04:07.574+01:00 DEBUG 17796 --- [gestion-risk] [beatExecutor-%d] o.s.web.client.RestTemplate              : Accept=[application/json, application/*+json]
2026-04-28T14:04:07.589+01:00 DEBUG 17796 --- [gestion-risk] [beatExecutor-%d] o.s.web.client.RestTemplate              : Response 200 OK
2026-04-28T14:04:12.598+01:00 DEBUG 17796 --- [gestion-risk] [beatExecutor-%d] o.s.web.client.RestTemplate              : HTTP PUT http://localhost:8761/eureka/apps/GESTION-RISK/LANGIR:gestion-risk:8089?status=UP&lastDirtyTimestamp=1777381296722
2026-04-28T14:04:12.603+01:00 DEBUG 17796 --- [gestion-risk] [beatExecutor-%d] o.s.web.client.RestTemplate              : Accept=[application/json, application/*+json]
2026-04-28T14:04:12.618+01:00 DEBUG 17796 --- [gestion-risk] [beatExecutor-%d] o.s.web.client.RestTemplate              : Response 200 OK
2026-04-28T14:04:17.631+01:00 DEBUG 17796 --- [gestion-risk] [beatExecutor-%d] o.s.web.client.RestTemplate              : HTTP PUT http://localhost:8761/eureka/apps/GESTION-RISK/LANGIR:gestion-risk:8089?status=UP&lastDirtyTimestamp=1777381296722
2026-04-28T14:04:17.636+01:00 DEBUG 17796 --- [gestion-risk] [beatExecutor-%d] o.s.web.client.RestTemplate              : Accept=[application/json, application/*+json]
2026-04-28T14:04:17.652+01:00 DEBUG 17796 --- [gestion-risk] [beatExecutor-%d] o.s.web.client.RestTemplate              : Response 200 OK
2026-04-28T14:04:22.668+01:00 DEBUG 17796 --- [gestion-risk] [beatExecutor-%d] o.s.web.client.RestTemplate              : HTTP PUT http://localhost:8761/eureka/apps/GESTION-RISK/LANGIR:gestion-risk:8089?status=UP&lastDirtyTimestamp=1777381296722
2026-04-28T14:04:22.674+01:00 DEBUG 17796 --- [gestion-risk] [beatExecutor-%d] o.s.web.client.RestTemplate              : Accept=[application/json, application/*+json]
2026-04-28T14:04:22.692+01:00 DEBUG 17796 --- [gestion-risk] [beatExecutor-%d] o.s.web.client.RestTemplate              : Response 200 OK
2026-04-28T14:04:27.706+01:00 DEBUG 17796 --- [gestion-risk] [beatExecutor-%d] o.s.web.client.RestTemplate              : HTTP PUT http://localhost:8761/eureka/apps/GESTION-RISK/LANGIR:gestion-risk:8089?status=UP&lastDirtyTimestamp=1777381296722
2026-04-28T14:04:27.710+01:00 DEBUG 17796 --- [gestion-risk] [beatExecutor-%d] o.s.web.client.RestTemplate              : Accept=[application/json, application/*+json]
2026-04-28T14:04:27.724+01:00 DEBUG 17796 --- [gestion-risk] [beatExecutor-%d] o.s.web.client.RestTemplate              : Response 200 OK
2026-04-28T14:04:32.736+01:00 DEBUG 17796 --- [gestion-risk] [beatExecutor-%d] o.s.web.client.RestTemplate              : HTTP PUT http://localhost:8761/eureka/apps/GESTION-RISK/LANGIR:gestion-risk:8089?status=UP&lastDirtyTimestamp=1777381296722
2026-04-28T14:04:32.743+01:00 DEBUG 17796 --- [gestion-risk] [beatExecutor-%d] o.s.web.client.RestTemplate              : Accept=[application/json, application/*+json]
2026-04-28T14:04:32.760+01:00 DEBUG 17796 --- [gestion-risk] [beatExecutor-%d] o.s.web.client.RestTemplate              : Response 200 OK
2026-04-28T14:04:36.888+01:00 DEBUG 17796 --- [gestion-risk] [reshExecutor-%d] o.s.web.client.RestTemplate              : HTTP GET http://localhost:8761/eureka/apps/delta
2026-04-28T14:04:36.895+01:00 DEBUG 17796 --- [gestion-risk] [reshExecutor-%d] o.s.web.client.RestTemplate              : Accept=[application/json, application/*+json]
2026-04-28T14:04:36.909+01:00 DEBUG 17796 --- [gestion-risk] [reshExecutor-%d] o.s.web.client.RestTemplate              : Response 200 OK
2026-04-28T14:04:36.910+01:00 DEBUG 17796 --- [gestion-risk] [reshExecutor-%d] o.s.web.client.RestTemplate              : Reading to [org.springframework.cloud.netflix.eureka.http.EurekaApplications]
2026-04-28T14:04:37.778+01:00 DEBUG 17796 --- [gestion-risk] [beatExecutor-%d] o.s.web.client.RestTemplate              : HTTP PUT http://localhost:8761/eureka/apps/GESTION-RISK/LANGIR:gestion-risk:8089?status=UP&lastDirtyTimestamp=1777381296722
2026-04-28T14:04:37.784+01:00 DEBUG 17796 --- [gestion-risk] [beatExecutor-%d] o.s.web.client.RestTemplate              : Accept=[application/json, application/*+json]
2026-04-28T14:04:37.798+01:00 DEBUG 17796 --- [gestion-risk] [beatExecutor-%d] o.s.web.client.RestTemplate              : Response 200 OK
2026-04-28T14:04:42.813+01:00 DEBUG 17796 --- [gestion-risk] [beatExecutor-%d] o.s.web.client.RestTemplate              : HTTP PUT http://localhost:8761/eureka/apps/GESTION-RISK/LANGIR:gestion-risk:8089?status=UP&lastDirtyTimestamp=1777381296722
2026-04-28T14:04:42.816+01:00 DEBUG 17796 --- [gestion-risk] [beatExecutor-%d] o.s.web.client.RestTemplate              : Accept=[application/json, application/*+json]
2026-04-28T14:04:42.830+01:00 DEBUG 17796 --- [gestion-risk] [beatExecutor-%d] o.s.web.client.RestTemplate              : Response 200 OK
2026-04-28T14:04:47.839+01:00 DEBUG 17796 --- [gestion-risk] [beatExecutor-%d] o.s.web.client.RestTemplate              : HTTP PUT http://localhost:8761/eureka/apps/GESTION-RISK/LANGIR:gestion-risk:8089?status=UP&lastDirtyTimestamp=1777381296722
2026-04-28T14:04:47.845+01:00 DEBUG 17796 --- [gestion-risk] [beatExecutor-%d] o.s.web.client.RestTemplate              : Accept=[application/json, application/*+json]
2026-04-28T14:04:47.864+01:00 DEBUG 17796 --- [gestion-risk] [beatExecutor-%d] o.s.web.client.RestTemplate              : Response 200 OK
2026-04-28T14:04:52.879+01:00 DEBUG 17796 --- [gestion-risk] [beatExecutor-%d] o.s.web.client.RestTemplate              : HTTP PUT http://localhost:8761/eureka/apps/GESTION-RISK/LANGIR:gestion-risk:8089?status=UP&lastDirtyTimestamp=1777381296722
2026-04-28T14:04:52.885+01:00 DEBUG 17796 --- [gestion-risk] [beatExecutor-%d] o.s.web.client.RestTemplate              : Accept=[application/json, application/*+json]
2026-04-28T14:04:52.902+01:00 DEBUG 17796 --- [gestion-risk] [beatExecutor-%d] o.s.web.client.RestTemplate              : Response 200 OK
2026-04-28T14:04:57.908+01:00 DEBUG 17796 --- [gestion-risk] [beatExecutor-%d] o.s.web.client.RestTemplate              : HTTP PUT http://localhost:8761/eureka/apps/GESTION-RISK/LANGIR:gestion-risk:8089?status=UP&lastDirtyTimestamp=1777381296722
2026-04-28T14:04:57.914+01:00 DEBUG 17796 --- [gestion-risk] [beatExecutor-%d] o.s.web.client.RestTemplate              : Accept=[application/json, application/*+json]
2026-04-28T14:04:57.935+01:00 DEBUG 17796 --- [gestion-risk] [beatExecutor-%d] o.s.web.client.RestTemplate              : Response 200 OK
2026-04-28T14:05:02.950+01:00 DEBUG 17796 --- [gestion-risk] [beatExecutor-%d] o.s.web.client.RestTemplate              : HTTP PUT http://localhost:8761/eureka/apps/GESTION-RISK/LANGIR:gestion-risk:8089?status=UP&lastDirtyTimestamp=1777381296722
2026-04-28T14:05:02.954+01:00 DEBUG 17796 --- [gestion-risk] [beatExecutor-%d] o.s.web.client.RestTemplate              : Accept=[application/json, application/*+json]
2026-04-28T14:05:02.969+01:00 DEBUG 17796 --- [gestion-risk] [beatExecutor-%d] o.s.web.client.RestTemplate              : Response 200 OK
2026-04-28T14:05:06.924+01:00 DEBUG 17796 --- [gestion-risk] [reshExecutor-%d] o.s.web.client.RestTemplate              : HTTP GET http://localhost:8761/eureka/apps/delta
2026-04-28T14:05:06.927+01:00 DEBUG 17796 --- [gestion-risk] [reshExecutor-%d] o.s.web.client.RestTemplate              : Accept=[application/json, application/*+json]
2026-04-28T14:05:06.941+01:00 DEBUG 17796 --- [gestion-risk] [reshExecutor-%d] o.s.web.client.RestTemplate              : Response 200 OK
2026-04-28T14:05:06.942+01:00 DEBUG 17796 --- [gestion-risk] [reshExecutor-%d] o.s.web.client.RestTemplate              : Reading to [org.springframework.cloud.netflix.eureka.http.EurekaApplications]
2026-04-28T14:05:07.986+01:00 DEBUG 17796 --- [gestion-risk] [beatExecutor-%d] o.s.web.client.RestTemplate              : HTTP PUT http://localhost:8761/eureka/apps/GESTION-RISK/LANGIR:gestion-risk:8089?status=UP&lastDirtyTimestamp=1777381296722
2026-04-28T14:05:07.990+01:00 DEBUG 17796 --- [gestion-risk] [beatExecutor-%d] o.s.web.client.RestTemplate              : Accept=[application/json, application/*+json]
2026-04-28T14:05:08.003+01:00 DEBUG 17796 --- [gestion-risk] [beatExecutor-%d] o.s.web.client.RestTemplate              : Response 200 OK
2026-04-28T14:05:13.005+01:00 DEBUG 17796 --- [gestion-risk] [beatExecutor-%d] o.s.web.client.RestTemplate              : HTTP PUT http://localhost:8761/eureka/apps/GESTION-RISK/LANGIR:gestion-risk:8089?status=UP&lastDirtyTimestamp=1777381296722
2026-04-28T14:05:13.009+01:00 DEBUG 17796 --- [gestion-risk] [beatExecutor-%d] o.s.web.client.RestTemplate              : Accept=[application/json, application/*+json]
2026-04-28T14:05:13.022+01:00 DEBUG 17796 --- [gestion-risk] [beatExecutor-%d] o.s.web.client.RestTemplate              : Response 200 OK
2026-04-28T14:05:18.030+01:00 DEBUG 17796 --- [gestion-risk] [beatExecutor-%d] o.s.web.client.RestTemplate              : HTTP PUT http://localhost:8761/eureka/apps/GESTION-RISK/LANGIR:gestion-risk:8089?status=UP&lastDirtyTimestamp=1777381296722
2026-04-28T14:05:18.035+01:00 DEBUG 17796 --- [gestion-risk] [beatExecutor-%d] o.s.web.client.RestTemplate              : Accept=[application/json, application/*+json]
2026-04-28T14:05:18.048+01:00 DEBUG 17796 --- [gestion-risk] [beatExecutor-%d] o.s.web.client.RestTemplate              : Response 200 OK
2026-04-28T14:05:23.052+01:00 DEBUG 17796 --- [gestion-risk] [beatExecutor-%d] o.s.web.client.RestTemplate              : HTTP PUT http://localhost:8761/eureka/apps/GESTION-RISK/LANGIR:gestion-risk:8089?status=UP&lastDirtyTimestamp=1777381296722
2026-04-28T14:05:23.058+01:00 DEBUG 17796 --- [gestion-risk] [beatExecutor-%d] o.s.web.client.RestTemplate              : Accept=[application/json, application/*+json]
2026-04-28T14:05:23.072+01:00 DEBUG 17796 --- [gestion-risk] [beatExecutor-%d] o.s.web.client.RestTemplate              : Response 200 OK
2026-04-28T14:05:28.085+01:00 DEBUG 17796 --- [gestion-risk] [beatExecutor-%d] o.s.web.client.RestTemplate              : HTTP PUT http://localhost:8761/eureka/apps/GESTION-RISK/LANGIR:gestion-risk:8089?status=UP&lastDirtyTimestamp=1777381296722
2026-04-28T14:05:28.089+01:00 DEBUG 17796 --- [gestion-risk] [beatExecutor-%d] o.s.web.client.RestTemplate              : Accept=[application/json, application/*+json]
2026-04-28T14:05:28.102+01:00 DEBUG 17796 --- [gestion-risk] [beatExecutor-%d] o.s.web.client.RestTemplate              : Response 200 OK
2026-04-28T14:05:33.109+01:00 DEBUG 17796 --- [gestion-risk] [beatExecutor-%d] o.s.web.client.RestTemplate              : HTTP PUT http://localhost:8761/eureka/apps/GESTION-RISK/LANGIR:gestion-risk:8089?status=UP&lastDirtyTimestamp=1777381296722
2026-04-28T14:05:33.110+01:00 DEBUG 17796 --- [gestion-risk] [beatExecutor-%d] o.s.web.client.RestTemplate              : Accept=[application/json, application/*+json]
2026-04-28T14:05:33.126+01:00 DEBUG 17796 --- [gestion-risk] [beatExecutor-%d] o.s.web.client.RestTemplate              : Response 200 OK
2026-04-28T14:05:36.949+01:00 DEBUG 17796 --- [gestion-risk] [reshExecutor-%d] o.s.web.client.RestTemplate              : HTTP GET http://localhost:8761/eureka/apps/delta
2026-04-28T14:05:36.955+01:00 DEBUG 17796 --- [gestion-risk] [reshExecutor-%d] o.s.web.client.RestTemplate              : Accept=[application/json, application/*+json]
2026-04-28T14:05:36.972+01:00 DEBUG 17796 --- [gestion-risk] [reshExecutor-%d] o.s.web.client.RestTemplate              : Response 200 OK
2026-04-28T14:05:36.974+01:00 DEBUG 17796 --- [gestion-risk] [reshExecutor-%d] o.s.web.client.RestTemplate              : Reading to [org.springframework.cloud.netflix.eureka.http.EurekaApplications]
2026-04-28T14:05:38.129+01:00 DEBUG 17796 --- [gestion-risk] [beatExecutor-%d] o.s.web.client.RestTemplate              : HTTP PUT http://localhost:8761/eureka/apps/GESTION-RISK/LANGIR:gestion-risk:8089?status=UP&lastDirtyTimestamp=1777381296722
2026-04-28T14:05:38.133+01:00 DEBUG 17796 --- [gestion-risk] [beatExecutor-%d] o.s.web.client.RestTemplate              : Accept=[application/json, application/*+json]
2026-04-28T14:05:38.149+01:00 DEBUG 17796 --- [gestion-risk] [beatExecutor-%d] o.s.web.client.RestTemplate              : Response 200 OK
2026-04-28T14:05:43.159+01:00 DEBUG 17796 --- [gestion-risk] [beatExecutor-%d] o.s.web.client.RestTemplate              : HTTP PUT http://localhost:8761/eureka/apps/GESTION-RISK/LANGIR:gestion-risk:8089?status=UP&lastDirtyTimestamp=1777381296722
2026-04-28T14:05:43.164+01:00 DEBUG 17796 --- [gestion-risk] [beatExecutor-%d] o.s.web.client.RestTemplate              : Accept=[application/json, application/*+json]
2026-04-28T14:05:43.179+01:00 DEBUG 17796 --- [gestion-risk] [beatExecutor-%d] o.s.web.client.RestTemplate              : Response 200 OK
2026-04-28T14:05:48.185+01:00 DEBUG 17796 --- [gestion-risk] [beatExecutor-%d] o.s.web.client.RestTemplate              : HTTP PUT http://localhost:8761/eureka/apps/GESTION-RISK/LANGIR:gestion-risk:8089?status=UP&lastDirtyTimestamp=1777381296722
2026-04-28T14:05:48.189+01:00 DEBUG 17796 --- [gestion-risk] [beatExecutor-%d] o.s.web.client.RestTemplate              : Accept=[application/json, application/*+json]
2026-04-28T14:05:48.205+01:00 DEBUG 17796 --- [gestion-risk] [beatExecutor-%d] o.s.web.client.RestTemplate              : Response 200 OK
2026-04-28T14:05:53.211+01:00 DEBUG 17796 --- [gestion-risk] [beatExecutor-%d] o.s.web.client.RestTemplate              : HTTP PUT http://localhost:8761/eureka/apps/GESTION-RISK/LANGIR:gestion-risk:8089?status=UP&lastDirtyTimestamp=1777381296722
2026-04-28T14:05:53.214+01:00 DEBUG 17796 --- [gestion-risk] [beatExecutor-%d] o.s.web.client.RestTemplate              : Accept=[application/json, application/*+json]
2026-04-28T14:05:53.230+01:00 DEBUG 17796 --- [gestion-risk] [beatExecutor-%d] o.s.web.client.RestTemplate              : Response 200 OK
2026-04-28T14:05:58.232+01:00 DEBUG 17796 --- [gestion-risk] [beatExecutor-%d] o.s.web.client.RestTemplate              : HTTP PUT http://localhost:8761/eureka/apps/GESTION-RISK/LANGIR:gestion-risk:8089?status=UP&lastDirtyTimestamp=1777381296722
2026-04-28T14:05:58.237+01:00 DEBUG 17796 --- [gestion-risk] [beatExecutor-%d] o.s.web.client.RestTemplate              : Accept=[application/json, application/*+json]
2026-04-28T14:05:58.252+01:00 DEBUG 17796 --- [gestion-risk] [beatExecutor-%d] o.s.web.client.RestTemplate              : Response 200 OK
2026-04-28T14:06:03.262+01:00 DEBUG 17796 --- [gestion-risk] [beatExecutor-%d] o.s.web.client.RestTemplate              : HTTP PUT http://localhost:8761/eureka/apps/GESTION-RISK/LANGIR:gestion-risk:8089?status=UP&lastDirtyTimestamp=1777381296722
2026-04-28T14:06:03.268+01:00 DEBUG 17796 --- [gestion-risk] [beatExecutor-%d] o.s.web.client.RestTemplate              : Accept=[application/json, application/*+json]
2026-04-28T14:06:03.283+01:00 DEBUG 17796 --- [gestion-risk] [beatExecutor-%d] o.s.web.client.RestTemplate              : Response 200 OK
2026-04-28T14:06:06.988+01:00 DEBUG 17796 --- [gestion-risk] [reshExecutor-%d] o.s.web.client.RestTemplate              : HTTP GET http://localhost:8761/eureka/apps/delta
2026-04-28T14:06:06.993+01:00 DEBUG 17796 --- [gestion-risk] [reshExecutor-%d] o.s.web.client.RestTemplate              : Accept=[application/json, application/*+json]
2026-04-28T14:06:07.007+01:00 DEBUG 17796 --- [gestion-risk] [reshExecutor-%d] o.s.web.client.RestTemplate              : Response 200 OK
2026-04-28T14:06:07.008+01:00 DEBUG 17796 --- [gestion-risk] [reshExecutor-%d] o.s.web.client.RestTemplate              : Reading to [org.springframework.cloud.netflix.eureka.http.EurekaApplications]
2026-04-28T14:06:08.298+01:00 DEBUG 17796 --- [gestion-risk] [beatExecutor-%d] o.s.web.client.RestTemplate              : HTTP PUT http://localhost:8761/eureka/apps/GESTION-RISK/LANGIR:gestion-risk:8089?status=UP&lastDirtyTimestamp=1777381296722
2026-04-28T14:06:08.303+01:00 DEBUG 17796 --- [gestion-risk] [beatExecutor-%d] o.s.web.client.RestTemplate              : Accept=[application/json, application/*+json]
2026-04-28T14:06:08.322+01:00 DEBUG 17796 --- [gestion-risk] [beatExecutor-%d] o.s.web.client.RestTemplate              : Response 200 OK
2026-04-28T14:06:13.337+01:00 DEBUG 17796 --- [gestion-risk] [beatExecutor-%d] o.s.web.client.RestTemplate              : HTTP PUT http://localhost:8761/eureka/apps/GESTION-RISK/LANGIR:gestion-risk:8089?status=UP&lastDirtyTimestamp=1777381296722
2026-04-28T14:06:13.340+01:00 DEBUG 17796 --- [gestion-risk] [beatExecutor-%d] o.s.web.client.RestTemplate              : Accept=[application/json, application/*+json]
2026-04-28T14:06:13.358+01:00 DEBUG 17796 --- [gestion-risk] [beatExecutor-%d] o.s.web.client.RestTemplate              : Response 200 OK
2026-04-28T14:06:18.361+01:00 DEBUG 17796 --- [gestion-risk] [beatExecutor-%d] o.s.web.client.RestTemplate              : HTTP PUT http://localhost:8761/eureka/apps/GESTION-RISK/LANGIR:gestion-risk:8089?status=UP&lastDirtyTimestamp=1777381296722
2026-04-28T14:06:18.365+01:00 DEBUG 17796 --- [gestion-risk] [beatExecutor-%d] o.s.web.client.RestTemplate              : Accept=[application/json, application/*+json]
2026-04-28T14:06:18.380+01:00 DEBUG 17796 --- [gestion-risk] [beatExecutor-%d] o.s.web.client.RestTemplate              : Response 200 OK
2026-04-28T14:06:23.395+01:00 DEBUG 17796 --- [gestion-risk] [beatExecutor-%d] o.s.web.client.RestTemplate              : HTTP PUT http://localhost:8761/eureka/apps/GESTION-RISK/LANGIR:gestion-risk:8089?status=UP&lastDirtyTimestamp=1777381296722
2026-04-28T14:06:23.396+01:00 DEBUG 17796 --- [gestion-risk] [beatExecutor-%d] o.s.web.client.RestTemplate              : Accept=[application/json, application/*+json]
2026-04-28T14:06:23.413+01:00 DEBUG 17796 --- [gestion-risk] [beatExecutor-%d] o.s.web.client.RestTemplate              : Response 200 OK
2026-04-28T14:06:28.424+01:00 DEBUG 17796 --- [gestion-risk] [beatExecutor-%d] o.s.web.client.RestTemplate              : HTTP PUT http://localhost:8761/eureka/apps/GESTION-RISK/LANGIR:gestion-risk:8089?status=UP&lastDirtyTimestamp=1777381296722
2026-04-28T14:06:28.426+01:00 DEBUG 17796 --- [gestion-risk] [beatExecutor-%d] o.s.web.client.RestTemplate              : Accept=[application/json, application/*+json]
2026-04-28T14:06:28.441+01:00 DEBUG 17796 --- [gestion-risk] [beatExecutor-%d] o.s.web.client.RestTemplate              : Response 200 OK
2026-04-28T14:06:33.457+01:00 DEBUG 17796 --- [gestion-risk] [beatExecutor-%d] o.s.web.client.RestTemplate              : HTTP PUT http://localhost:8761/eureka/apps/GESTION-RISK/LANGIR:gestion-risk:8089?status=UP&lastDirtyTimestamp=1777381296722
2026-04-28T14:06:33.461+01:00 DEBUG 17796 --- [gestion-risk] [beatExecutor-%d] o.s.web.client.RestTemplate              : Accept=[application/json, application/*+json]
2026-04-28T14:06:33.474+01:00 DEBUG 17796 --- [gestion-risk] [beatExecutor-%d] o.s.web.client.RestTemplate              : Response 200 OK
2026-04-28T14:06:36.550+01:00  INFO 17796 --- [gestion-risk] [rap-executor-%d] c.n.d.s.r.aws.ConfigClusterResolver      : Resolving eureka endpoints via configuration
2026-04-28T14:06:37.017+01:00 DEBUG 17796 --- [gestion-risk] [reshExecutor-%d] o.s.web.client.RestTemplate              : HTTP GET http://localhost:8761/eureka/apps/delta
2026-04-28T14:06:37.021+01:00 DEBUG 17796 --- [gestion-risk] [reshExecutor-%d] o.s.web.client.RestTemplate              : Accept=[application/json, application/*+json]
2026-04-28T14:06:37.037+01:00 DEBUG 17796 --- [gestion-risk] [reshExecutor-%d] o.s.web.client.RestTemplate              : Response 200 OK
2026-04-28T14:06:37.037+01:00 DEBUG 17796 --- [gestion-risk] [reshExecutor-%d] o.s.web.client.RestTemplate              : Reading to [org.springframework.cloud.netflix.eureka.http.EurekaApplications]
2026-04-28T14:06:38.482+01:00 DEBUG 17796 --- [gestion-risk] [beatExecutor-%d] o.s.web.client.RestTemplate              : HTTP PUT http://localhost:8761/eureka/apps/GESTION-RISK/LANGIR:gestion-risk:8089?status=UP&lastDirtyTimestamp=1777381296722
2026-04-28T14:06:38.482+01:00 DEBUG 17796 --- [gestion-risk] [beatExecutor-%d] o.s.web.client.RestTemplate              : Accept=[application/json, application/*+json]
2026-04-28T14:06:38.502+01:00 DEBUG 17796 --- [gestion-risk] [beatExecutor-%d] o.s.web.client.RestTemplate              : Response 200 OK
2026-04-28T14:06:43.518+01:00 DEBUG 17796 --- [gestion-risk] [beatExecutor-%d] o.s.web.client.RestTemplate              : HTTP PUT http://localhost:8761/eureka/apps/GESTION-RISK/LANGIR:gestion-risk:8089?status=UP&lastDirtyTimestamp=1777381296722
2026-04-28T14:06:43.521+01:00 DEBUG 17796 --- [gestion-risk] [beatExecutor-%d] o.s.web.client.RestTemplate              : Accept=[application/json, application/*+json]
2026-04-28T14:06:43.535+01:00 DEBUG 17796 --- [gestion-risk] [beatExecutor-%d] o.s.web.client.RestTemplate              : Response 200 OK
2026-04-28T14:06:48.540+01:00 DEBUG 17796 --- [gestion-risk] [beatExecutor-%d] o.s.web.client.RestTemplate              : HTTP PUT http://localhost:8761/eureka/apps/GESTION-RISK/LANGIR:gestion-risk:8089?status=UP&lastDirtyTimestamp=1777381296722
2026-04-28T14:06:48.544+01:00 DEBUG 17796 --- [gestion-risk] [beatExecutor-%d] o.s.web.client.RestTemplate              : Accept=[application/json, application/*+json]
2026-04-28T14:06:48.559+01:00 DEBUG 17796 --- [gestion-risk] [beatExecutor-%d] o.s.web.client.RestTemplate              : Response 200 OK
2026-04-28T14:06:53.565+01:00 DEBUG 17796 --- [gestion-risk] [beatExecutor-%d] o.s.web.client.RestTemplate              : HTTP PUT http://localhost:8761/eureka/apps/GESTION-RISK/LANGIR:gestion-risk:8089?status=UP&lastDirtyTimestamp=1777381296722
2026-04-28T14:06:53.568+01:00 DEBUG 17796 --- [gestion-risk] [beatExecutor-%d] o.s.web.client.RestTemplate              : Accept=[application/json, application/*+json]
2026-04-28T14:06:53.581+01:00 DEBUG 17796 --- [gestion-risk] [beatExecutor-%d] o.s.web.client.RestTemplate              : Response 200 OK
2026-04-28T14:06:58.596+01:00 DEBUG 17796 --- [gestion-risk] [beatExecutor-%d] o.s.web.client.RestTemplate              : HTTP PUT http://localhost:8761/eureka/apps/GESTION-RISK/LANGIR:gestion-risk:8089?status=UP&lastDirtyTimestamp=1777381296722
2026-04-28T14:06:58.602+01:00 DEBUG 17796 --- [gestion-risk] [beatExecutor-%d] o.s.web.client.RestTemplate              : Accept=[application/json, application/*+json]
2026-04-28T14:06:58.614+01:00 DEBUG 17796 --- [gestion-risk] [beatExecutor-%d] o.s.web.client.RestTemplate              : Response 200 OK
2026-04-28T14:07:03.617+01:00 DEBUG 17796 --- [gestion-risk] [beatExecutor-%d] o.s.web.client.RestTemplate              : HTTP PUT http://localhost:8761/eureka/apps/GESTION-RISK/LANGIR:gestion-risk:8089?status=UP&lastDirtyTimestamp=1777381296722
2026-04-28T14:07:03.621+01:00 DEBUG 17796 --- [gestion-risk] [beatExecutor-%d] o.s.web.client.RestTemplate              : Accept=[application/json, application/*+json]
2026-04-28T14:07:03.634+01:00 DEBUG 17796 --- [gestion-risk] [beatExecutor-%d] o.s.web.client.RestTemplate              : Response 200 OK
2026-04-28T14:07:07.049+01:00 DEBUG 17796 --- [gestion-risk] [reshExecutor-%d] o.s.web.client.RestTemplate              : HTTP GET http://localhost:8761/eureka/apps/delta
2026-04-28T14:07:07.052+01:00 DEBUG 17796 --- [gestion-risk] [reshExecutor-%d] o.s.web.client.RestTemplate              : Accept=[application/json, application/*+json]
2026-04-28T14:07:07.067+01:00 DEBUG 17796 --- [gestion-risk] [reshExecutor-%d] o.s.web.client.RestTemplate              : Response 200 OK
2026-04-28T14:07:07.067+01:00 DEBUG 17796 --- [gestion-risk] [reshExecutor-%d] o.s.web.client.RestTemplate              : Reading to [org.springframework.cloud.netflix.eureka.http.EurekaApplications]
2026-04-28T14:07:08.649+01:00 DEBUG 17796 --- [gestion-risk] [beatExecutor-%d] o.s.web.client.RestTemplate              : HTTP PUT http://localhost:8761/eureka/apps/GESTION-RISK/LANGIR:gestion-risk:8089?status=UP&lastDirtyTimestamp=1777381296722
2026-04-28T14:07:08.650+01:00 DEBUG 17796 --- [gestion-risk] [beatExecutor-%d] o.s.web.client.RestTemplate              : Accept=[application/json, application/*+json]
2026-04-28T14:07:08.666+01:00 DEBUG 17796 --- [gestion-risk] [beatExecutor-%d] o.s.web.client.RestTemplate              : Response 200 OK
2026-04-28T14:07:13.668+01:00 DEBUG 17796 --- [gestion-risk] [beatExecutor-%d] o.s.web.client.RestTemplate              : HTTP PUT http://localhost:8761/eureka/apps/GESTION-RISK/LANGIR:gestion-risk:8089?status=UP&lastDirtyTimestamp=1777381296722
2026-04-28T14:07:13.672+01:00 DEBUG 17796 --- [gestion-risk] [beatExecutor-%d] o.s.web.client.RestTemplate              : Accept=[application/json, application/*+json]
2026-04-28T14:07:13.682+01:00 DEBUG 17796 --- [gestion-risk] [beatExecutor-%d] o.s.web.client.RestTemplate              : Response 200 OK
2026-04-28T14:07:18.686+01:00 DEBUG 17796 --- [gestion-risk] [beatExecutor-%d] o.s.web.client.RestTemplate              : HTTP PUT http://localhost:8761/eureka/apps/GESTION-RISK/LANGIR:gestion-risk:8089?status=UP&lastDirtyTimestamp=1777381296722
2026-04-28T14:07:18.692+01:00 DEBUG 17796 --- [gestion-risk] [beatExecutor-%d] o.s.web.client.RestTemplate              : Accept=[application/json, application/*+json]
2026-04-28T14:07:18.704+01:00 DEBUG 17796 --- [gestion-risk] [beatExecutor-%d] o.s.web.client.RestTemplate              : Response 200 OK
2026-04-28T14:07:23.715+01:00 DEBUG 17796 --- [gestion-risk] [beatExecutor-%d] o.s.web.client.RestTemplate              : HTTP PUT http://localhost:8761/eureka/apps/GESTION-RISK/LANGIR:gestion-risk:8089?status=UP&lastDirtyTimestamp=1777381296722
2026-04-28T14:07:23.720+01:00 DEBUG 17796 --- [gestion-risk] [beatExecutor-%d] o.s.web.client.RestTemplate              : Accept=[application/json, application/*+json]
2026-04-28T14:07:23.735+01:00 DEBUG 17796 --- [gestion-risk] [beatExecutor-%d] o.s.web.client.RestTemplate              : Response 200 OK
2026-04-28T14:07:28.749+01:00 DEBUG 17796 --- [gestion-risk] [beatExecutor-%d] o.s.web.client.RestTemplate              : HTTP PUT http://localhost:8761/eureka/apps/GESTION-RISK/LANGIR:gestion-risk:8089?status=UP&lastDirtyTimestamp=1777381296722
2026-04-28T14:07:28.752+01:00 DEBUG 17796 --- [gestion-risk] [beatExecutor-%d] o.s.web.client.RestTemplate              : Accept=[application/json, application/*+json]
2026-04-28T14:07:28.768+01:00 DEBUG 17796 --- [gestion-risk] [beatExecutor-%d] o.s.web.client.RestTemplate              : Response 200 OK
2026-04-28T14:07:33.782+01:00 DEBUG 17796 --- [gestion-risk] [beatExecutor-%d] o.s.web.client.RestTemplate              : HTTP PUT http://localhost:8761/eureka/apps/GESTION-RISK/LANGIR:gestion-risk:8089?status=UP&lastDirtyTimestamp=1777381296722
2026-04-28T14:07:33.784+01:00 DEBUG 17796 --- [gestion-risk] [beatExecutor-%d] o.s.web.client.RestTemplate              : Accept=[application/json, application/*+json]
2026-04-28T14:07:33.799+01:00 DEBUG 17796 --- [gestion-risk] [beatExecutor-%d] o.s.web.client.RestTemplate              : Response 200 OK
2026-04-28T14:07:37.076+01:00 DEBUG 17796 --- [gestion-risk] [reshExecutor-%d] o.s.web.client.RestTemplate              : HTTP GET http://localhost:8761/eureka/apps/delta
2026-04-28T14:07:37.080+01:00 DEBUG 17796 --- [gestion-risk] [reshExecutor-%d] o.s.web.client.RestTemplate              : Accept=[application/json, application/*+json]
2026-04-28T14:07:37.094+01:00 DEBUG 17796 --- [gestion-risk] [reshExecutor-%d] o.s.web.client.RestTemplate              : Response 200 OK
2026-04-28T14:07:37.094+01:00 DEBUG 17796 --- [gestion-risk] [reshExecutor-%d] o.s.web.client.RestTemplate              : Reading to [org.springframework.cloud.netflix.eureka.http.EurekaApplications]
2026-04-28T14:07:38.805+01:00 DEBUG 17796 --- [gestion-risk] [beatExecutor-%d] o.s.web.client.RestTemplate              : HTTP PUT http://localhost:8761/eureka/apps/GESTION-RISK/LANGIR:gestion-risk:8089?status=UP&lastDirtyTimestamp=1777381296722
2026-04-28T14:07:38.809+01:00 DEBUG 17796 --- [gestion-risk] [beatExecutor-%d] o.s.web.client.RestTemplate              : Accept=[application/json, application/*+json]
2026-04-28T14:07:38.823+01:00 DEBUG 17796 --- [gestion-risk] [beatExecutor-%d] o.s.web.client.RestTemplate              : Response 200 OK
2026-04-28T14:07:43.833+01:00 DEBUG 17796 --- [gestion-risk] [beatExecutor-%d] o.s.web.client.RestTemplate              : HTTP PUT http://localhost:8761/eureka/apps/GESTION-RISK/LANGIR:gestion-risk:8089?status=UP&lastDirtyTimestamp=1777381296722
2026-04-28T14:07:43.837+01:00 DEBUG 17796 --- [gestion-risk] [beatExecutor-%d] o.s.web.client.RestTemplate              : Accept=[application/json, application/*+json]
2026-04-28T14:07:43.850+01:00 DEBUG 17796 --- [gestion-risk] [beatExecutor-%d] o.s.web.client.RestTemplate              : Response 200 OK
2026-04-28T14:07:48.861+01:00 DEBUG 17796 --- [gestion-risk] [beatExecutor-%d] o.s.web.client.RestTemplate              : HTTP PUT http://localhost:8761/eureka/apps/GESTION-RISK/LANGIR:gestion-risk:8089?status=UP&lastDirtyTimestamp=1777381296722
2026-04-28T14:07:48.866+01:00 DEBUG 17796 --- [gestion-risk] [beatExecutor-%d] o.s.web.client.RestTemplate              : Accept=[application/json, application/*+json]
2026-04-28T14:07:48.878+01:00 DEBUG 17796 --- [gestion-risk] [beatExecutor-%d] o.s.web.client.RestTemplate              : Response 200 OK
2026-04-28T14:07:53.885+01:00 DEBUG 17796 --- [gestion-risk] [beatExecutor-%d] o.s.web.client.RestTemplate              : HTTP PUT http://localhost:8761/eureka/apps/GESTION-RISK/LANGIR:gestion-risk:8089?status=UP&lastDirtyTimestamp=1777381296722
2026-04-28T14:07:53.890+01:00 DEBUG 17796 --- [gestion-risk] [beatExecutor-%d] o.s.web.client.RestTemplate              : Accept=[application/json, application/*+json]
2026-04-28T14:07:53.902+01:00 DEBUG 17796 --- [gestion-risk] [beatExecutor-%d] o.s.web.client.RestTemplate              : Response 200 OK
2026-04-28T14:07:58.919+01:00 DEBUG 17796 --- [gestion-risk] [beatExecutor-%d] o.s.web.client.RestTemplate              : HTTP PUT http://localhost:8761/eureka/apps/GESTION-RISK/LANGIR:gestion-risk:8089?status=UP&lastDirtyTimestamp=1777381296722
2026-04-28T14:07:58.920+01:00 DEBUG 17796 --- [gestion-risk] [beatExecutor-%d] o.s.web.client.RestTemplate              : Accept=[application/json, application/*+json]
2026-04-28T14:07:58.936+01:00 DEBUG 17796 --- [gestion-risk] [beatExecutor-%d] o.s.web.client.RestTemplate              : Response 200 OK
2026-04-28T14:08:03.953+01:00 DEBUG 17796 --- [gestion-risk] [beatExecutor-%d] o.s.web.client.RestTemplate              : HTTP PUT http://localhost:8761/eureka/apps/GESTION-RISK/LANGIR:gestion-risk:8089?status=UP&lastDirtyTimestamp=1777381296722
2026-04-28T14:08:03.958+01:00 DEBUG 17796 --- [gestion-risk] [beatExecutor-%d] o.s.web.client.RestTemplate              : Accept=[application/json, application/*+json]
2026-04-28T14:08:03.970+01:00 DEBUG 17796 --- [gestion-risk] [beatExecutor-%d] o.s.web.client.RestTemplate              : Response 200 OK
2026-04-28T14:08:07.107+01:00 DEBUG 17796 --- [gestion-risk] [reshExecutor-%d] o.s.web.client.RestTemplate              : HTTP GET http://localhost:8761/eureka/apps/delta
2026-04-28T14:08:07.108+01:00 DEBUG 17796 --- [gestion-risk] [reshExecutor-%d] o.s.web.client.RestTemplate              : Accept=[application/json, application/*+json]
2026-04-28T14:08:07.126+01:00 DEBUG 17796 --- [gestion-risk] [reshExecutor-%d] o.s.web.client.RestTemplate              : Response 200 OK
2026-04-28T14:08:07.127+01:00 DEBUG 17796 --- [gestion-risk] [reshExecutor-%d] o.s.web.client.RestTemplate              : Reading to [org.springframework.cloud.netflix.eureka.http.EurekaApplications]
2026-04-28T14:08:08.978+01:00 DEBUG 17796 --- [gestion-risk] [beatExecutor-%d] o.s.web.client.RestTemplate              : HTTP PUT http://localhost:8761/eureka/apps/GESTION-RISK/LANGIR:gestion-risk:8089?status=UP&lastDirtyTimestamp=1777381296722
2026-04-28T14:08:08.983+01:00 DEBUG 17796 --- [gestion-risk] [beatExecutor-%d] o.s.web.client.RestTemplate              : Accept=[application/json, application/*+json]
2026-04-28T14:08:08.999+01:00 DEBUG 17796 --- [gestion-risk] [beatExecutor-%d] o.s.web.client.RestTemplate              : Response 200 OK
2026-04-28T14:08:14.011+01:00 DEBUG 17796 --- [gestion-risk] [beatExecutor-%d] o.s.web.client.RestTemplate              : HTTP PUT http://localhost:8761/eureka/apps/GESTION-RISK/LANGIR:gestion-risk:8089?status=UP&lastDirtyTimestamp=1777381296722
2026-04-28T14:08:14.015+01:00 DEBUG 17796 --- [gestion-risk] [beatExecutor-%d] o.s.web.client.RestTemplate              : Accept=[application/json, application/*+json]
2026-04-28T14:08:14.030+01:00 DEBUG 17796 --- [gestion-risk] [beatExecutor-%d] o.s.web.client.RestTemplate              : Response 200 OK
2026-04-28T14:08:19.045+01:00 DEBUG 17796 --- [gestion-risk] [beatExecutor-%d] o.s.web.client.RestTemplate              : HTTP PUT http://localhost:8761/eureka/apps/GESTION-RISK/LANGIR:gestion-risk:8089?status=UP&lastDirtyTimestamp=1777381296722
2026-04-28T14:08:19.048+01:00 DEBUG 17796 --- [gestion-risk] [beatExecutor-%d] o.s.web.client.RestTemplate              : Accept=[application/json, application/*+json]
2026-04-28T14:08:19.063+01:00 DEBUG 17796 --- [gestion-risk] [beatExecutor-%d] o.s.web.client.RestTemplate              : Response 200 OK
2026-04-28T14:08:24.081+01:00 DEBUG 17796 --- [gestion-risk] [beatExecutor-%d] o.s.web.client.RestTemplate              : HTTP PUT http://localhost:8761/eureka/apps/GESTION-RISK/LANGIR:gestion-risk:8089?status=UP&lastDirtyTimestamp=1777381296722
2026-04-28T14:08:24.085+01:00 DEBUG 17796 --- [gestion-risk] [beatExecutor-%d] o.s.web.client.RestTemplate              : Accept=[application/json, application/*+json]
2026-04-28T14:08:24.104+01:00 DEBUG 17796 --- [gestion-risk] [beatExecutor-%d] o.s.web.client.RestTemplate              : Response 200 OK
2026-04-28T14:08:29.177+01:00 DEBUG 17796 --- [gestion-risk] [beatExecutor-%d] o.s.web.client.RestTemplate              : HTTP PUT http://localhost:8761/eureka/apps/GESTION-RISK/LANGIR:gestion-risk:8089?status=UP&lastDirtyTimestamp=1777381296722
2026-04-28T14:08:29.191+01:00 DEBUG 17796 --- [gestion-risk] [beatExecutor-%d] o.s.web.client.RestTemplate              : Accept=[application/json, application/*+json]
2026-04-28T14:08:29.296+01:00 DEBUG 17796 --- [gestion-risk] [beatExecutor-%d] o.s.web.client.RestTemplate              : Response 200 OK
2026-04-28T14:08:34.311+01:00 DEBUG 17796 --- [gestion-risk] [beatExecutor-%d] o.s.web.client.RestTemplate              : HTTP PUT http://localhost:8761/eureka/apps/GESTION-RISK/LANGIR:gestion-risk:8089?status=UP&lastDirtyTimestamp=1777381296722
2026-04-28T14:08:34.316+01:00 DEBUG 17796 --- [gestion-risk] [beatExecutor-%d] o.s.web.client.RestTemplate              : Accept=[application/json, application/*+json]
2026-04-28T14:08:34.334+01:00 DEBUG 17796 --- [gestion-risk] [beatExecutor-%d] o.s.web.client.RestTemplate              : Response 200 OK
2026-04-28T14:08:37.131+01:00 DEBUG 17796 --- [gestion-risk] [reshExecutor-%d] o.s.web.client.RestTemplate              : HTTP GET http://localhost:8761/eureka/apps/delta
2026-04-28T14:08:37.133+01:00 DEBUG 17796 --- [gestion-risk] [reshExecutor-%d] o.s.web.client.RestTemplate              : Accept=[application/json, application/*+json]
2026-04-28T14:08:37.147+01:00 DEBUG 17796 --- [gestion-risk] [reshExecutor-%d] o.s.web.client.RestTemplate              : Response 200 OK
2026-04-28T14:08:37.147+01:00 DEBUG 17796 --- [gestion-risk] [reshExecutor-%d] o.s.web.client.RestTemplate              : Reading to [org.springframework.cloud.netflix.eureka.http.EurekaApplications]
2026-04-28T14:08:39.337+01:00 DEBUG 17796 --- [gestion-risk] [beatExecutor-%d] o.s.web.client.RestTemplate              : HTTP PUT http://localhost:8761/eureka/apps/GESTION-RISK/LANGIR:gestion-risk:8089?status=UP&lastDirtyTimestamp=1777381296722
2026-04-28T14:08:39.337+01:00 DEBUG 17796 --- [gestion-risk] [beatExecutor-%d] o.s.web.client.RestTemplate              : Accept=[application/json, application/*+json]
2026-04-28T14:08:39.353+01:00 DEBUG 17796 --- [gestion-risk] [beatExecutor-%d] o.s.web.client.RestTemplate              : Response 200 OK
2026-04-28T14:08:44.377+01:00 DEBUG 17796 --- [gestion-risk] [beatExecutor-%d] o.s.web.client.RestTemplate              : HTTP PUT http://localhost:8761/eureka/apps/GESTION-RISK/LANGIR:gestion-risk:8089?status=UP&lastDirtyTimestamp=1777381296722
2026-04-28T14:08:44.382+01:00 DEBUG 17796 --- [gestion-risk] [beatExecutor-%d] o.s.web.client.RestTemplate              : Accept=[application/json, application/*+json]
2026-04-28T14:08:44.391+01:00 DEBUG 17796 --- [gestion-risk] [beatExecutor-%d] o.s.web.client.RestTemplate              : Response 200 OK
2026-04-28T14:08:49.405+01:00 DEBUG 17796 --- [gestion-risk] [beatExecutor-%d] o.s.web.client.RestTemplate              : HTTP PUT http://localhost:8761/eureka/apps/GESTION-RISK/LANGIR:gestion-risk:8089?status=UP&lastDirtyTimestamp=1777381296722
2026-04-28T14:08:49.409+01:00 DEBUG 17796 --- [gestion-risk] [beatExecutor-%d] o.s.web.client.RestTemplate              : Accept=[application/json, application/*+json]
2026-04-28T14:08:49.423+01:00 DEBUG 17796 --- [gestion-risk] [beatExecutor-%d] o.s.web.client.RestTemplate              : Response 200 OK
2026-04-28T14:08:54.433+01:00 DEBUG 17796 --- [gestion-risk] [beatExecutor-%d] o.s.web.client.RestTemplate              : HTTP PUT http://localhost:8761/eureka/apps/GESTION-RISK/LANGIR:gestion-risk:8089?status=UP&lastDirtyTimestamp=1777381296722
2026-04-28T14:08:54.436+01:00 DEBUG 17796 --- [gestion-risk] [beatExecutor-%d] o.s.web.client.RestTemplate              : Accept=[application/json, application/*+json]
2026-04-28T14:08:54.450+01:00 DEBUG 17796 --- [gestion-risk] [beatExecutor-%d] o.s.web.client.RestTemplate              : Response 200 OK
2026-04-28T14:08:59.454+01:00 DEBUG 17796 --- [gestion-risk] [beatExecutor-%d] o.s.web.client.RestTemplate              : HTTP PUT http://localhost:8761/eureka/apps/GESTION-RISK/LANGIR:gestion-risk:8089?status=UP&lastDirtyTimestamp=1777381296722
2026-04-28T14:08:59.458+01:00 DEBUG 17796 --- [gestion-risk] [beatExecutor-%d] o.s.web.client.RestTemplate              : Accept=[application/json, application/*+json]
2026-04-28T14:08:59.471+01:00 DEBUG 17796 --- [gestion-risk] [beatExecutor-%d] o.s.web.client.RestTemplate              : Response 200 OK
2026-04-28T14:09:04.473+01:00 DEBUG 17796 --- [gestion-risk] [beatExecutor-%d] o.s.web.client.RestTemplate              : HTTP PUT http://localhost:8761/eureka/apps/GESTION-RISK/LANGIR:gestion-risk:8089?status=UP&lastDirtyTimestamp=1777381296722
2026-04-28T14:09:04.474+01:00 DEBUG 17796 --- [gestion-risk] [beatExecutor-%d] o.s.web.client.RestTemplate              : Accept=[application/json, application/*+json]
2026-04-28T14:09:04.490+01:00 DEBUG 17796 --- [gestion-risk] [beatExecutor-%d] o.s.web.client.RestTemplate              : Response 200 OK
2026-04-28T14:09:07.169+01:00 DEBUG 17796 --- [gestion-risk] [reshExecutor-%d] o.s.web.client.RestTemplate              : HTTP GET http://localhost:8761/eureka/apps/delta
2026-04-28T14:09:07.171+01:00 DEBUG 17796 --- [gestion-risk] [reshExecutor-%d] o.s.web.client.RestTemplate              : Accept=[application/json, application/*+json]
2026-04-28T14:09:07.204+01:00 DEBUG 17796 --- [gestion-risk] [reshExecutor-%d] o.s.web.client.RestTemplate              : Response 200 OK
2026-04-28T14:09:07.206+01:00 DEBUG 17796 --- [gestion-risk] [reshExecutor-%d] o.s.web.client.RestTemplate              : Reading to [org.springframework.cloud.netflix.eureka.http.EurekaApplications]
2026-04-28T14:09:09.505+01:00 DEBUG 17796 --- [gestion-risk] [beatExecutor-%d] o.s.web.client.RestTemplate              : HTTP PUT http://localhost:8761/eureka/apps/GESTION-RISK/LANGIR:gestion-risk:8089?status=UP&lastDirtyTimestamp=1777381296722
2026-04-28T14:09:09.509+01:00 DEBUG 17796 --- [gestion-risk] [beatExecutor-%d] o.s.web.client.RestTemplate              : Accept=[application/json, application/*+json]
2026-04-28T14:09:09.525+01:00 DEBUG 17796 --- [gestion-risk] [beatExecutor-%d] o.s.web.client.RestTemplate              : Response 200 OK
2026-04-28T14:09:14.535+01:00 DEBUG 17796 --- [gestion-risk] [beatExecutor-%d] o.s.web.client.RestTemplate              : HTTP PUT http://localhost:8761/eureka/apps/GESTION-RISK/LANGIR:gestion-risk:8089?status=UP&lastDirtyTimestamp=1777381296722
2026-04-28T14:09:14.539+01:00 DEBUG 17796 --- [gestion-risk] [beatExecutor-%d] o.s.web.client.RestTemplate              : Accept=[application/json, application/*+json]
2026-04-28T14:09:14.552+01:00 DEBUG 17796 --- [gestion-risk] [beatExecutor-%d] o.s.web.client.RestTemplate              : Response 200 OK
2026-04-28T14:09:19.557+01:00 DEBUG 17796 --- [gestion-risk] [beatExecutor-%d] o.s.web.client.RestTemplate              : HTTP PUT http://localhost:8761/eureka/apps/GESTION-RISK/LANGIR:gestion-risk:8089?status=UP&lastDirtyTimestamp=1777381296722
2026-04-28T14:09:19.561+01:00 DEBUG 17796 --- [gestion-risk] [beatExecutor-%d] o.s.web.client.RestTemplate              : Accept=[application/json, application/*+json]
2026-04-28T14:09:19.573+01:00 DEBUG 17796 --- [gestion-risk] [beatExecutor-%d] o.s.web.client.RestTemplate              : Response 200 OK
2026-04-28T14:09:24.583+01:00 DEBUG 17796 --- [gestion-risk] [beatExecutor-%d] o.s.web.client.RestTemplate              : HTTP PUT http://localhost:8761/eureka/apps/GESTION-RISK/LANGIR:gestion-risk:8089?status=UP&lastDirtyTimestamp=1777381296722
2026-04-28T14:09:24.586+01:00 DEBUG 17796 --- [gestion-risk] [beatExecutor-%d] o.s.web.client.RestTemplate              : Accept=[application/json, application/*+json]
2026-04-28T14:09:24.600+01:00 DEBUG 17796 --- [gestion-risk] [beatExecutor-%d] o.s.web.client.RestTemplate              : Response 200 OK
2026-04-28T14:09:29.604+01:00 DEBUG 17796 --- [gestion-risk] [beatExecutor-%d] o.s.web.client.RestTemplate              : HTTP PUT http://localhost:8761/eureka/apps/GESTION-RISK/LANGIR:gestion-risk:8089?status=UP&lastDirtyTimestamp=1777381296722
2026-04-28T14:09:29.610+01:00 DEBUG 17796 --- [gestion-risk] [beatExecutor-%d] o.s.web.client.RestTemplate              : Accept=[application/json, application/*+json]
2026-04-28T14:09:29.627+01:00 DEBUG 17796 --- [gestion-risk] [beatExecutor-%d] o.s.web.client.RestTemplate              : Response 200 OK
2026-04-28T14:09:34.632+01:00 DEBUG 17796 --- [gestion-risk] [beatExecutor-%d] o.s.web.client.RestTemplate              : HTTP PUT http://localhost:8761/eureka/apps/GESTION-RISK/LANGIR:gestion-risk:8089?status=UP&lastDirtyTimestamp=1777381296722
2026-04-28T14:09:34.632+01:00 DEBUG 17796 --- [gestion-risk] [beatExecutor-%d] o.s.web.client.RestTemplate              : Accept=[application/json, application/*+json]
2026-04-28T14:09:34.648+01:00 DEBUG 17796 --- [gestion-risk] [beatExecutor-%d] o.s.web.client.RestTemplate              : Response 200 OK
2026-04-28T14:09:37.224+01:00 DEBUG 17796 --- [gestion-risk] [reshExecutor-%d] o.s.web.client.RestTemplate              : HTTP GET http://localhost:8761/eureka/apps/delta
2026-04-28T14:09:37.230+01:00 DEBUG 17796 --- [gestion-risk] [reshExecutor-%d] o.s.web.client.RestTemplate              : Accept=[application/json, application/*+json]
2026-04-28T14:09:37.242+01:00 DEBUG 17796 --- [gestion-risk] [reshExecutor-%d] o.s.web.client.RestTemplate              : Response 200 OK
2026-04-28T14:09:37.242+01:00 DEBUG 17796 --- [gestion-risk] [reshExecutor-%d] o.s.web.client.RestTemplate              : Reading to [org.springframework.cloud.netflix.eureka.http.EurekaApplications]
2026-04-28T14:09:39.664+01:00 DEBUG 17796 --- [gestion-risk] [beatExecutor-%d] o.s.web.client.RestTemplate              : HTTP PUT http://localhost:8761/eureka/apps/GESTION-RISK/LANGIR:gestion-risk:8089?status=UP&lastDirtyTimestamp=1777381296722
2026-04-28T14:09:39.666+01:00 DEBUG 17796 --- [gestion-risk] [beatExecutor-%d] o.s.web.client.RestTemplate              : Accept=[application/json, application/*+json]
2026-04-28T14:09:39.679+01:00 DEBUG 17796 --- [gestion-risk] [beatExecutor-%d] o.s.web.client.RestTemplate              : Response 200 OK
2026-04-28T14:09:44.696+01:00 DEBUG 17796 --- [gestion-risk] [beatExecutor-%d] o.s.web.client.RestTemplate              : HTTP PUT http://localhost:8761/eureka/apps/GESTION-RISK/LANGIR:gestion-risk:8089?status=UP&lastDirtyTimestamp=1777381296722
2026-04-28T14:09:44.701+01:00 DEBUG 17796 --- [gestion-risk] [beatExecutor-%d] o.s.web.client.RestTemplate              : Accept=[application/json, application/*+json]
2026-04-28T14:09:44.710+01:00 DEBUG 17796 --- [gestion-risk] [beatExecutor-%d] o.s.web.client.RestTemplate              : Response 200 OK
2026-04-28T14:09:49.717+01:00 DEBUG 17796 --- [gestion-risk] [beatExecutor-%d] o.s.web.client.RestTemplate              : HTTP PUT http://localhost:8761/eureka/apps/GESTION-RISK/LANGIR:gestion-risk:8089?status=UP&lastDirtyTimestamp=1777381296722
2026-04-28T14:09:49.717+01:00 DEBUG 17796 --- [gestion-risk] [beatExecutor-%d] o.s.web.client.RestTemplate              : Accept=[application/json, application/*+json]
2026-04-28T14:09:49.724+01:00 DEBUG 17796 --- [gestion-risk] [beatExecutor-%d] o.s.web.client.RestTemplate              : Response 200 OK
2026-04-28T14:09:54.736+01:00 DEBUG 17796 --- [gestion-risk] [beatExecutor-%d] o.s.web.client.RestTemplate              : HTTP PUT http://localhost:8761/eureka/apps/GESTION-RISK/LANGIR:gestion-risk:8089?status=UP&lastDirtyTimestamp=1777381296722
2026-04-28T14:09:54.741+01:00 DEBUG 17796 --- [gestion-risk] [beatExecutor-%d] o.s.web.client.RestTemplate              : Accept=[application/json, application/*+json]
2026-04-28T14:09:54.770+01:00 DEBUG 17796 --- [gestion-risk] [beatExecutor-%d] o.s.web.client.RestTemplate              : Response 200 OK
2026-04-28T14:09:59.777+01:00 DEBUG 17796 --- [gestion-risk] [beatExecutor-%d] o.s.web.client.RestTemplate              : HTTP PUT http://localhost:8761/eureka/apps/GESTION-RISK/LANGIR:gestion-risk:8089?status=UP&lastDirtyTimestamp=1777381296722
2026-04-28T14:09:59.782+01:00 DEBUG 17796 --- [gestion-risk] [beatExecutor-%d] o.s.web.client.RestTemplate              : Accept=[application/json, application/*+json]
2026-04-28T14:09:59.801+01:00 DEBUG 17796 --- [gestion-risk] [beatExecutor-%d] o.s.web.client.RestTemplate              : Response 200 OK
2026-04-28T14:10:04.811+01:00 DEBUG 17796 --- [gestion-risk] [beatExecutor-%d] o.s.web.client.RestTemplate              : HTTP PUT http://localhost:8761/eureka/apps/GESTION-RISK/LANGIR:gestion-risk:8089?status=UP&lastDirtyTimestamp=1777381296722
2026-04-28T14:10:04.816+01:00 DEBUG 17796 --- [gestion-risk] [beatExecutor-%d] o.s.web.client.RestTemplate              : Accept=[application/json, application/*+json]
2026-04-28T14:10:04.830+01:00 DEBUG 17796 --- [gestion-risk] [beatExecutor-%d] o.s.web.client.RestTemplate              : Response 200 OK
2026-04-28T14:10:07.273+01:00 DEBUG 17796 --- [gestion-risk] [reshExecutor-%d] o.s.web.client.RestTemplate              : HTTP GET http://localhost:8761/eureka/apps/delta
2026-04-28T14:10:07.279+01:00 DEBUG 17796 --- [gestion-risk] [reshExecutor-%d] o.s.web.client.RestTemplate              : Accept=[application/json, application/*+json]
2026-04-28T14:10:07.293+01:00 DEBUG 17796 --- [gestion-risk] [reshExecutor-%d] o.s.web.client.RestTemplate              : Response 200 OK
2026-04-28T14:10:07.296+01:00 DEBUG 17796 --- [gestion-risk] [reshExecutor-%d] o.s.web.client.RestTemplate              : Reading to [org.springframework.cloud.netflix.eureka.http.EurekaApplications]
2026-04-28T14:10:09.835+01:00 DEBUG 17796 --- [gestion-risk] [beatExecutor-%d] o.s.web.client.RestTemplate              : HTTP PUT http://localhost:8761/eureka/apps/GESTION-RISK/LANGIR:gestion-risk:8089?status=UP&lastDirtyTimestamp=1777381296722
2026-04-28T14:10:09.835+01:00 DEBUG 17796 --- [gestion-risk] [beatExecutor-%d] o.s.web.client.RestTemplate              : Accept=[application/json, application/*+json]
2026-04-28T14:10:09.851+01:00 DEBUG 17796 --- [gestion-risk] [beatExecutor-%d] o.s.web.client.RestTemplate              : Response 200 OK
2026-04-28T14:10:14.870+01:00 DEBUG 17796 --- [gestion-risk] [beatExecutor-%d] o.s.web.client.RestTemplate              : HTTP PUT http://localhost:8761/eureka/apps/GESTION-RISK/LANGIR:gestion-risk:8089?status=UP&lastDirtyTimestamp=1777381296722
2026-04-28T14:10:14.875+01:00 DEBUG 17796 --- [gestion-risk] [beatExecutor-%d] o.s.web.client.RestTemplate              : Accept=[application/json, application/*+json]
2026-04-28T14:10:14.889+01:00 DEBUG 17796 --- [gestion-risk] [beatExecutor-%d] o.s.web.client.RestTemplate              : Response 200 OK
2026-04-28T14:10:19.896+01:00 DEBUG 17796 --- [gestion-risk] [beatExecutor-%d] o.s.web.client.RestTemplate              : HTTP PUT http://localhost:8761/eureka/apps/GESTION-RISK/LANGIR:gestion-risk:8089?status=UP&lastDirtyTimestamp=1777381296722
2026-04-28T14:10:19.899+01:00 DEBUG 17796 --- [gestion-risk] [beatExecutor-%d] o.s.web.client.RestTemplate              : Accept=[application/json, application/*+json]
2026-04-28T14:10:19.911+01:00 DEBUG 17796 --- [gestion-risk] [beatExecutor-%d] o.s.web.client.RestTemplate              : Response 200 OK
2026-04-28T14:10:24.933+01:00 DEBUG 17796 --- [gestion-risk] [beatExecutor-%d] o.s.web.client.RestTemplate              : HTTP PUT http://localhost:8761/eureka/apps/GESTION-RISK/LANGIR:gestion-risk:8089?status=UP&lastDirtyTimestamp=1777381296722
2026-04-28T14:10:24.935+01:00 DEBUG 17796 --- [gestion-risk] [beatExecutor-%d] o.s.web.client.RestTemplate              : Accept=[application/json, application/*+json]
2026-04-28T14:10:24.950+01:00 DEBUG 17796 --- [gestion-risk] [beatExecutor-%d] o.s.web.client.RestTemplate              : Response 200 OK
2026-04-28T14:10:29.976+01:00 DEBUG 17796 --- [gestion-risk] [beatExecutor-%d] o.s.web.client.RestTemplate              : HTTP PUT http://localhost:8761/eureka/apps/GESTION-RISK/LANGIR:gestion-risk:8089?status=UP&lastDirtyTimestamp=1777381296722
2026-04-28T14:10:29.976+01:00 DEBUG 17796 --- [gestion-risk] [beatExecutor-%d] o.s.web.client.RestTemplate              : Accept=[application/json, application/*+json]
2026-04-28T14:10:29.992+01:00 DEBUG 17796 --- [gestion-risk] [beatExecutor-%d] o.s.web.client.RestTemplate              : Response 200 OK
2026-04-28T14:10:35.000+01:00 DEBUG 17796 --- [gestion-risk] [beatExecutor-%d] o.s.web.client.RestTemplate              : HTTP PUT http://localhost:8761/eureka/apps/GESTION-RISK/LANGIR:gestion-risk:8089?status=UP&lastDirtyTimestamp=1777381296722
2026-04-28T14:10:35.001+01:00 DEBUG 17796 --- [gestion-risk] [beatExecutor-%d] o.s.web.client.RestTemplate              : Accept=[application/json, application/*+json]
2026-04-28T14:10:35.019+01:00 DEBUG 17796 --- [gestion-risk] [beatExecutor-%d] o.s.web.client.RestTemplate              : Response 200 OK
2026-04-28T14:10:37.301+01:00 DEBUG 17796 --- [gestion-risk] [reshExecutor-%d] o.s.web.client.RestTemplate              : HTTP GET http://localhost:8761/eureka/apps/delta
2026-04-28T14:10:37.305+01:00 DEBUG 17796 --- [gestion-risk] [reshExecutor-%d] o.s.web.client.RestTemplate              : Accept=[application/json, application/*+json]
2026-04-28T14:10:37.320+01:00 DEBUG 17796 --- [gestion-risk] [reshExecutor-%d] o.s.web.client.RestTemplate              : Response 200 OK
2026-04-28T14:10:37.321+01:00 DEBUG 17796 --- [gestion-risk] [reshExecutor-%d] o.s.web.client.RestTemplate              : Reading to [org.springframework.cloud.netflix.eureka.http.EurekaApplications]
2026-04-28T14:10:40.034+01:00 DEBUG 17796 --- [gestion-risk] [beatExecutor-%d] o.s.web.client.RestTemplate              : HTTP PUT http://localhost:8761/eureka/apps/GESTION-RISK/LANGIR:gestion-risk:8089?status=UP&lastDirtyTimestamp=1777381296722
2026-04-28T14:10:40.038+01:00 DEBUG 17796 --- [gestion-risk] [beatExecutor-%d] o.s.web.client.RestTemplate              : Accept=[application/json, application/*+json]
2026-04-28T14:10:40.053+01:00 DEBUG 17796 --- [gestion-risk] [beatExecutor-%d] o.s.web.client.RestTemplate              : Response 200 OK
2026-04-28T14:10:45.070+01:00 DEBUG 17796 --- [gestion-risk] [beatExecutor-%d] o.s.web.client.RestTemplate              : HTTP PUT http://localhost:8761/eureka/apps/GESTION-RISK/LANGIR:gestion-risk:8089?status=UP&lastDirtyTimestamp=1777381296722
2026-04-28T14:10:45.071+01:00 DEBUG 17796 --- [gestion-risk] [beatExecutor-%d] o.s.web.client.RestTemplate              : Accept=[application/json, application/*+json]
2026-04-28T14:10:45.086+01:00 DEBUG 17796 --- [gestion-risk] [beatExecutor-%d] o.s.web.client.RestTemplate              : Response 200 OK
2026-04-28T14:10:50.094+01:00 DEBUG 17796 --- [gestion-risk] [beatExecutor-%d] o.s.web.client.RestTemplate              : HTTP PUT http://localhost:8761/eureka/apps/GESTION-RISK/LANGIR:gestion-risk:8089?status=UP&lastDirtyTimestamp=1777381296722
2026-04-28T14:10:50.097+01:00 DEBUG 17796 --- [gestion-risk] [beatExecutor-%d] o.s.web.client.RestTemplate              : Accept=[application/json, application/*+json]
2026-04-28T14:10:50.111+01:00 DEBUG 17796 --- [gestion-risk] [beatExecutor-%d] o.s.web.client.RestTemplate              : Response 200 OK
2026-04-28T14:10:55.125+01:00 DEBUG 17796 --- [gestion-risk] [beatExecutor-%d] o.s.web.client.RestTemplate              : HTTP PUT http://localhost:8761/eureka/apps/GESTION-RISK/LANGIR:gestion-risk:8089?status=UP&lastDirtyTimestamp=1777381296722
2026-04-28T14:10:55.126+01:00 DEBUG 17796 --- [gestion-risk] [beatExecutor-%d] o.s.web.client.RestTemplate              : Accept=[application/json, application/*+json]
2026-04-28T14:10:55.142+01:00 DEBUG 17796 --- [gestion-risk] [beatExecutor-%d] o.s.web.client.RestTemplate              : Response 200 OK
2026-04-28T14:11:00.150+01:00 DEBUG 17796 --- [gestion-risk] [beatExecutor-%d] o.s.web.client.RestTemplate              : HTTP PUT http://localhost:8761/eureka/apps/GESTION-RISK/LANGIR:gestion-risk:8089?status=UP&lastDirtyTimestamp=1777381296722
2026-04-28T14:11:00.150+01:00 DEBUG 17796 --- [gestion-risk] [beatExecutor-%d] o.s.web.client.RestTemplate              : Accept=[application/json, application/*+json]
2026-04-28T14:11:00.166+01:00 DEBUG 17796 --- [gestion-risk] [beatExecutor-%d] o.s.web.client.RestTemplate              : Response 200 OK
2026-04-28T14:11:05.168+01:00 DEBUG 17796 --- [gestion-risk] [beatExecutor-%d] o.s.web.client.RestTemplate              : HTTP PUT http://localhost:8761/eureka/apps/GESTION-RISK/LANGIR:gestion-risk:8089?status=UP&lastDirtyTimestamp=1777381296722
2026-04-28T14:11:05.170+01:00 DEBUG 17796 --- [gestion-risk] [beatExecutor-%d] o.s.web.client.RestTemplate              : Accept=[application/json, application/*+json]
2026-04-28T14:11:05.184+01:00 DEBUG 17796 --- [gestion-risk] [beatExecutor-%d] o.s.web.client.RestTemplate              : Response 200 OK
2026-04-28T14:11:07.332+01:00 DEBUG 17796 --- [gestion-risk] [reshExecutor-%d] o.s.web.client.RestTemplate              : HTTP GET http://localhost:8761/eureka/apps/delta
2026-04-28T14:11:07.336+01:00 DEBUG 17796 --- [gestion-risk] [reshExecutor-%d] o.s.web.client.RestTemplate              : Accept=[application/json, application/*+json]
2026-04-28T14:11:07.342+01:00 DEBUG 17796 --- [gestion-risk] [reshExecutor-%d] o.s.web.client.RestTemplate              : Response 200 OK
2026-04-28T14:11:07.342+01:00 DEBUG 17796 --- [gestion-risk] [reshExecutor-%d] o.s.web.client.RestTemplate              : Reading to [org.springframework.cloud.netflix.eureka.http.EurekaApplications]
2026-04-28T14:11:10.196+01:00 DEBUG 17796 --- [gestion-risk] [beatExecutor-%d] o.s.web.client.RestTemplate              : HTTP PUT http://localhost:8761/eureka/apps/GESTION-RISK/LANGIR:gestion-risk:8089?status=UP&lastDirtyTimestamp=1777381296722
2026-04-28T14:11:10.202+01:00 DEBUG 17796 --- [gestion-risk] [beatExecutor-%d] o.s.web.client.RestTemplate              : Accept=[application/json, application/*+json]
2026-04-28T14:11:10.219+01:00 DEBUG 17796 --- [gestion-risk] [beatExecutor-%d] o.s.web.client.RestTemplate              : Response 200 OK
2026-04-28T14:11:15.232+01:00 DEBUG 17796 --- [gestion-risk] [beatExecutor-%d] o.s.web.client.RestTemplate              : HTTP PUT http://localhost:8761/eureka/apps/GESTION-RISK/LANGIR:gestion-risk:8089?status=UP&lastDirtyTimestamp=1777381296722
2026-04-28T14:11:15.238+01:00 DEBUG 17796 --- [gestion-risk] [beatExecutor-%d] o.s.web.client.RestTemplate              : Accept=[application/json, application/*+json]
2026-04-28T14:11:15.254+01:00 DEBUG 17796 --- [gestion-risk] [beatExecutor-%d] o.s.web.client.RestTemplate              : Response 200 OK
2026-04-28T14:11:20.259+01:00 DEBUG 17796 --- [gestion-risk] [beatExecutor-%d] o.s.web.client.RestTemplate              : HTTP PUT http://localhost:8761/eureka/apps/GESTION-RISK/LANGIR:gestion-risk:8089?status=UP&lastDirtyTimestamp=1777381296722
2026-04-28T14:11:20.259+01:00 DEBUG 17796 --- [gestion-risk] [beatExecutor-%d] o.s.web.client.RestTemplate              : Accept=[application/json, application/*+json]
2026-04-28T14:11:20.275+01:00 DEBUG 17796 --- [gestion-risk] [beatExecutor-%d] o.s.web.client.RestTemplate              : Response 200 OK
2026-04-28T14:11:25.283+01:00 DEBUG 17796 --- [gestion-risk] [beatExecutor-%d] o.s.web.client.RestTemplate              : HTTP PUT http://localhost:8761/eureka/apps/GESTION-RISK/LANGIR:gestion-risk:8089?status=UP&lastDirtyTimestamp=1777381296722
2026-04-28T14:11:25.284+01:00 DEBUG 17796 --- [gestion-risk] [beatExecutor-%d] o.s.web.client.RestTemplate              : Accept=[application/json, application/*+json]
2026-04-28T14:11:25.301+01:00 DEBUG 17796 --- [gestion-risk] [beatExecutor-%d] o.s.web.client.RestTemplate              : Response 200 OK
2026-04-28T14:11:30.310+01:00 DEBUG 17796 --- [gestion-risk] [beatExecutor-%d] o.s.web.client.RestTemplate              : HTTP PUT http://localhost:8761/eureka/apps/GESTION-RISK/LANGIR:gestion-risk:8089?status=UP&lastDirtyTimestamp=1777381296722
2026-04-28T14:11:30.311+01:00 DEBUG 17796 --- [gestion-risk] [beatExecutor-%d] o.s.web.client.RestTemplate              : Accept=[application/json, application/*+json]
2026-04-28T14:11:30.331+01:00 DEBUG 17796 --- [gestion-risk] [beatExecutor-%d] o.s.web.client.RestTemplate              : Response 200 OK
2026-04-28T14:11:35.353+01:00 DEBUG 17796 --- [gestion-risk] [beatExecutor-%d] o.s.web.client.RestTemplate              : HTTP PUT http://localhost:8761/eureka/apps/GESTION-RISK/LANGIR:gestion-risk:8089?status=UP&lastDirtyTimestamp=1777381296722
2026-04-28T14:11:35.355+01:00 DEBUG 17796 --- [gestion-risk] [beatExecutor-%d] o.s.web.client.RestTemplate              : Accept=[application/json, application/*+json]
2026-04-28T14:11:35.374+01:00 DEBUG 17796 --- [gestion-risk] [beatExecutor-%d] o.s.web.client.RestTemplate              : Response 200 OK
2026-04-28T14:11:36.570+01:00  INFO 17796 --- [gestion-risk] [rap-executor-%d] c.n.d.s.r.aws.ConfigClusterResolver      : Resolving eureka endpoints via configuration
2026-04-28T14:11:37.362+01:00 DEBUG 17796 --- [gestion-risk] [reshExecutor-%d] o.s.web.client.RestTemplate              : HTTP GET http://localhost:8761/eureka/apps/delta
2026-04-28T14:11:37.365+01:00 DEBUG 17796 --- [gestion-risk] [reshExecutor-%d] o.s.web.client.RestTemplate              : Accept=[application/json, application/*+json]
2026-04-28T14:11:37.379+01:00 DEBUG 17796 --- [gestion-risk] [reshExecutor-%d] o.s.web.client.RestTemplate              : Response 200 OK
2026-04-28T14:11:37.379+01:00 DEBUG 17796 --- [gestion-risk] [reshExecutor-%d] o.s.web.client.RestTemplate              : Reading to [org.springframework.cloud.netflix.eureka.http.EurekaApplications]
2026-04-28T14:11:40.390+01:00 DEBUG 17796 --- [gestion-risk] [beatExecutor-%d] o.s.web.client.RestTemplate              : HTTP PUT http://localhost:8761/eureka/apps/GESTION-RISK/LANGIR:gestion-risk:8089?status=UP&lastDirtyTimestamp=1777381296722
2026-04-28T14:11:40.401+01:00 DEBUG 17796 --- [gestion-risk] [beatExecutor-%d] o.s.web.client.RestTemplate              : Accept=[application/json, application/*+json]
2026-04-28T14:11:40.409+01:00 DEBUG 17796 --- [gestion-risk] [beatExecutor-%d] o.s.web.client.RestTemplate              : Response 200 OK
2026-04-28T14:11:45.434+01:00 DEBUG 17796 --- [gestion-risk] [beatExecutor-%d] o.s.web.client.RestTemplate              : HTTP PUT http://localhost:8761/eureka/apps/GESTION-RISK/LANGIR:gestion-risk:8089?status=UP&lastDirtyTimestamp=1777381296722
2026-04-28T14:11:45.435+01:00 DEBUG 17796 --- [gestion-risk] [beatExecutor-%d] o.s.web.client.RestTemplate              : Accept=[application/json, application/*+json]
2026-04-28T14:11:45.449+01:00 DEBUG 17796 --- [gestion-risk] [beatExecutor-%d] o.s.web.client.RestTemplate              : Response 200 OK
2026-04-28T14:11:50.458+01:00 DEBUG 17796 --- [gestion-risk] [beatExecutor-%d] o.s.web.client.RestTemplate              : HTTP PUT http://localhost:8761/eureka/apps/GESTION-RISK/LANGIR:gestion-risk:8089?status=UP&lastDirtyTimestamp=1777381296722
2026-04-28T14:11:50.461+01:00 DEBUG 17796 --- [gestion-risk] [beatExecutor-%d] o.s.web.client.RestTemplate              : Accept=[application/json, application/*+json]
2026-04-28T14:11:50.496+01:00 DEBUG 17796 --- [gestion-risk] [beatExecutor-%d] o.s.web.client.RestTemplate              : Response 200 OK
2026-04-28T14:11:55.500+01:00 DEBUG 17796 --- [gestion-risk] [beatExecutor-%d] o.s.web.client.RestTemplate              : HTTP PUT http://localhost:8761/eureka/apps/GESTION-RISK/LANGIR:gestion-risk:8089?status=UP&lastDirtyTimestamp=1777381296722
2026-04-28T14:11:55.505+01:00 DEBUG 17796 --- [gestion-risk] [beatExecutor-%d] o.s.web.client.RestTemplate              : Accept=[application/json, application/*+json]
2026-04-28T14:11:55.524+01:00 DEBUG 17796 --- [gestion-risk] [beatExecutor-%d] o.s.web.client.RestTemplate              : Response 200 OK
2026-04-28T14:12:00.529+01:00 DEBUG 17796 --- [gestion-risk] [beatExecutor-%d] o.s.web.client.RestTemplate              : HTTP PUT http://localhost:8761/eureka/apps/GESTION-RISK/LANGIR:gestion-risk:8089?status=UP&lastDirtyTimestamp=1777381296722
2026-04-28T14:12:00.534+01:00 DEBUG 17796 --- [gestion-risk] [beatExecutor-%d] o.s.web.client.RestTemplate              : Accept=[application/json, application/*+json]
2026-04-28T14:12:00.555+01:00 DEBUG 17796 --- [gestion-risk] [beatExecutor-%d] o.s.web.client.RestTemplate              : Response 200 OK
2026-04-28T14:12:05.671+01:00 DEBUG 17796 --- [gestion-risk] [beatExecutor-%d] o.s.web.client.RestTemplate              : HTTP PUT http://localhost:8761/eureka/apps/GESTION-RISK/LANGIR:gestion-risk:8089?status=UP&lastDirtyTimestamp=1777381296722
2026-04-28T14:12:05.677+01:00 DEBUG 17796 --- [gestion-risk] [beatExecutor-%d] o.s.web.client.RestTemplate              : Accept=[application/json, application/*+json]
2026-04-28T14:12:05.725+01:00 DEBUG 17796 --- [gestion-risk] [beatExecutor-%d] o.s.web.client.RestTemplate              : Response 200 OK
2026-04-28T14:12:07.384+01:00 DEBUG 17796 --- [gestion-risk] [reshExecutor-%d] o.s.web.client.RestTemplate              : HTTP GET http://localhost:8761/eureka/apps/delta
2026-04-28T14:12:07.386+01:00 DEBUG 17796 --- [gestion-risk] [reshExecutor-%d] o.s.web.client.RestTemplate              : Accept=[application/json, application/*+json]
2026-04-28T14:12:07.391+01:00 DEBUG 17796 --- [gestion-risk] [reshExecutor-%d] o.s.web.client.RestTemplate              : Response 200 OK
2026-04-28T14:12:07.391+01:00 DEBUG 17796 --- [gestion-risk] [reshExecutor-%d] o.s.web.client.RestTemplate              : Reading to [org.springframework.cloud.netflix.eureka.http.EurekaApplications]
2026-04-28T14:12:10.737+01:00 DEBUG 17796 --- [gestion-risk] [beatExecutor-%d] o.s.web.client.RestTemplate              : HTTP PUT http://localhost:8761/eureka/apps/GESTION-RISK/LANGIR:gestion-risk:8089?status=UP&lastDirtyTimestamp=1777381296722
2026-04-28T14:12:10.742+01:00 DEBUG 17796 --- [gestion-risk] [beatExecutor-%d] o.s.web.client.RestTemplate              : Accept=[application/json, application/*+json]
2026-04-28T14:12:10.766+01:00 DEBUG 17796 --- [gestion-risk] [beatExecutor-%d] o.s.web.client.RestTemplate              : Response 200 OK
2026-04-28T14:12:15.781+01:00 DEBUG 17796 --- [gestion-risk] [beatExecutor-%d] o.s.web.client.RestTemplate              : HTTP PUT http://localhost:8761/eureka/apps/GESTION-RISK/LANGIR:gestion-risk:8089?status=UP&lastDirtyTimestamp=1777381296722
2026-04-28T14:12:15.787+01:00 DEBUG 17796 --- [gestion-risk] [beatExecutor-%d] o.s.web.client.RestTemplate              : Accept=[application/json, application/*+json]
2026-04-28T14:12:15.804+01:00 DEBUG 17796 --- [gestion-risk] [beatExecutor-%d] o.s.web.client.RestTemplate              : Response 200 OK
2026-04-28T14:12:20.807+01:00 DEBUG 17796 --- [gestion-risk] [beatExecutor-%d] o.s.web.client.RestTemplate              : HTTP PUT http://localhost:8761/eureka/apps/GESTION-RISK/LANGIR:gestion-risk:8089?status=UP&lastDirtyTimestamp=1777381296722
2026-04-28T14:12:20.810+01:00 DEBUG 17796 --- [gestion-risk] [beatExecutor-%d] o.s.web.client.RestTemplate              : Accept=[application/json, application/*+json]
2026-04-28T14:12:20.827+01:00 DEBUG 17796 --- [gestion-risk] [beatExecutor-%d] o.s.web.client.RestTemplate              : Response 200 OK
2026-04-28T14:12:25.839+01:00 DEBUG 17796 --- [gestion-risk] [beatExecutor-%d] o.s.web.client.RestTemplate              : HTTP PUT http://localhost:8761/eureka/apps/GESTION-RISK/LANGIR:gestion-risk:8089?status=UP&lastDirtyTimestamp=1777381296722
2026-04-28T14:12:25.843+01:00 DEBUG 17796 --- [gestion-risk] [beatExecutor-%d] o.s.web.client.RestTemplate              : Accept=[application/json, application/*+json]
2026-04-28T14:12:25.859+01:00 DEBUG 17796 --- [gestion-risk] [beatExecutor-%d] o.s.web.client.RestTemplate              : Response 200 OK
2026-04-28T14:12:30.867+01:00 DEBUG 17796 --- [gestion-risk] [beatExecutor-%d] o.s.web.client.RestTemplate              : HTTP PUT http://localhost:8761/eureka/apps/GESTION-RISK/LANGIR:gestion-risk:8089?status=UP&lastDirtyTimestamp=1777381296722
2026-04-28T14:12:30.870+01:00 DEBUG 17796 --- [gestion-risk] [beatExecutor-%d] o.s.web.client.RestTemplate              : Accept=[application/json, application/*+json]
2026-04-28T14:12:30.892+01:00 DEBUG 17796 --- [gestion-risk] [beatExecutor-%d] o.s.web.client.RestTemplate              : Response 200 OK
2026-04-28T14:12:35.904+01:00 DEBUG 17796 --- [gestion-risk] [beatExecutor-%d] o.s.web.client.RestTemplate              : HTTP PUT http://localhost:8761/eureka/apps/GESTION-RISK/LANGIR:gestion-risk:8089?status=UP&lastDirtyTimestamp=1777381296722
2026-04-28T14:12:35.912+01:00 DEBUG 17796 --- [gestion-risk] [beatExecutor-%d] o.s.web.client.RestTemplate              : Accept=[application/json, application/*+json]
2026-04-28T14:12:35.927+01:00 DEBUG 17796 --- [gestion-risk] [beatExecutor-%d] o.s.web.client.RestTemplate              : Response 200 OK
2026-04-28T14:12:37.397+01:00 DEBUG 17796 --- [gestion-risk] [reshExecutor-%d] o.s.web.client.RestTemplate              : HTTP GET http://localhost:8761/eureka/apps/delta
2026-04-28T14:12:37.404+01:00 DEBUG 17796 --- [gestion-risk] [reshExecutor-%d] o.s.web.client.RestTemplate              : Accept=[application/json, application/*+json]
2026-04-28T14:12:37.429+01:00 DEBUG 17796 --- [gestion-risk] [reshExecutor-%d] o.s.web.client.RestTemplate              : Response 200 OK
2026-04-28T14:12:37.432+01:00 DEBUG 17796 --- [gestion-risk] [reshExecutor-%d] o.s.web.client.RestTemplate              : Reading to [org.springframework.cloud.netflix.eureka.http.EurekaApplications]
2026-04-28T14:12:40.935+01:00 DEBUG 17796 --- [gestion-risk] [beatExecutor-%d] o.s.web.client.RestTemplate              : HTTP PUT http://localhost:8761/eureka/apps/GESTION-RISK/LANGIR:gestion-risk:8089?status=UP&lastDirtyTimestamp=1777381296722
2026-04-28T14:12:40.942+01:00 DEBUG 17796 --- [gestion-risk] [beatExecutor-%d] o.s.web.client.RestTemplate              : Accept=[application/json, application/*+json]
2026-04-28T14:12:40.970+01:00 DEBUG 17796 --- [gestion-risk] [beatExecutor-%d] o.s.web.client.RestTemplate              : Response 200 OK
2026-04-28T14:12:45.974+01:00 DEBUG 17796 --- [gestion-risk] [beatExecutor-%d] o.s.web.client.RestTemplate              : HTTP PUT http://localhost:8761/eureka/apps/GESTION-RISK/LANGIR:gestion-risk:8089?status=UP&lastDirtyTimestamp=1777381296722
2026-04-28T14:12:45.979+01:00 DEBUG 17796 --- [gestion-risk] [beatExecutor-%d] o.s.web.client.RestTemplate              : Accept=[application/json, application/*+json]
2026-04-28T14:12:45.990+01:00 DEBUG 17796 --- [gestion-risk] [beatExecutor-%d] o.s.web.client.RestTemplate              : Response 200 OK
2026-04-28T14:12:51.003+01:00 DEBUG 17796 --- [gestion-risk] [beatExecutor-%d] o.s.web.client.RestTemplate              : HTTP PUT http://localhost:8761/eureka/apps/GESTION-RISK/LANGIR:gestion-risk:8089?status=UP&lastDirtyTimestamp=1777381296722
2026-04-28T14:12:51.007+01:00 DEBUG 17796 --- [gestion-risk] [beatExecutor-%d] o.s.web.client.RestTemplate              : Accept=[application/json, application/*+json]
2026-04-28T14:12:51.028+01:00 DEBUG 17796 --- [gestion-risk] [beatExecutor-%d] o.s.web.client.RestTemplate              : Response 200 OK
2026-04-28T14:12:56.041+01:00 DEBUG 17796 --- [gestion-risk] [beatExecutor-%d] o.s.web.client.RestTemplate              : HTTP PUT http://localhost:8761/eureka/apps/GESTION-RISK/LANGIR:gestion-risk:8089?status=UP&lastDirtyTimestamp=1777381296722
2026-04-28T14:12:56.042+01:00 DEBUG 17796 --- [gestion-risk] [beatExecutor-%d] o.s.web.client.RestTemplate              : Accept=[application/json, application/*+json]
2026-04-28T14:12:56.063+01:00 DEBUG 17796 --- [gestion-risk] [beatExecutor-%d] o.s.web.client.RestTemplate              : Response 200 OK
2026-04-28T14:13:01.073+01:00 DEBUG 17796 --- [gestion-risk] [beatExecutor-%d] o.s.web.client.RestTemplate              : HTTP PUT http://localhost:8761/eureka/apps/GESTION-RISK/LANGIR:gestion-risk:8089?status=UP&lastDirtyTimestamp=1777381296722
2026-04-28T14:13:01.075+01:00 DEBUG 17796 --- [gestion-risk] [beatExecutor-%d] o.s.web.client.RestTemplate              : Accept=[application/json, application/*+json]
2026-04-28T14:13:01.084+01:00 DEBUG 17796 --- [gestion-risk] [beatExecutor-%d] o.s.web.client.RestTemplate              : Response 200 OK
2026-04-28T14:13:06.087+01:00 DEBUG 17796 --- [gestion-risk] [beatExecutor-%d] o.s.web.client.RestTemplate              : HTTP PUT http://localhost:8761/eureka/apps/GESTION-RISK/LANGIR:gestion-risk:8089?status=UP&lastDirtyTimestamp=1777381296722
2026-04-28T14:13:06.088+01:00 DEBUG 17796 --- [gestion-risk] [beatExecutor-%d] o.s.web.client.RestTemplate              : Accept=[application/json, application/*+json]
2026-04-28T14:13:06.104+01:00 DEBUG 17796 --- [gestion-risk] [beatExecutor-%d] o.s.web.client.RestTemplate              : Response 200 OK
2026-04-28T14:13:07.443+01:00 DEBUG 17796 --- [gestion-risk] [reshExecutor-%d] o.s.web.client.RestTemplate              : HTTP GET http://localhost:8761/eureka/apps/delta
2026-04-28T14:13:07.495+01:00 DEBUG 17796 --- [gestion-risk] [reshExecutor-%d] o.s.web.client.RestTemplate              : Accept=[application/json, application/*+json]
2026-04-28T14:13:07.500+01:00 DEBUG 17796 --- [gestion-risk] [reshExecutor-%d] o.s.web.client.RestTemplate              : Response 200 OK
2026-04-28T14:13:07.500+01:00 DEBUG 17796 --- [gestion-risk] [reshExecutor-%d] o.s.web.client.RestTemplate              : Reading to [org.springframework.cloud.netflix.eureka.http.EurekaApplications]
2026-04-28T14:13:11.174+01:00 DEBUG 17796 --- [gestion-risk] [beatExecutor-%d] o.s.web.client.RestTemplate              : HTTP PUT http://localhost:8761/eureka/apps/GESTION-RISK/LANGIR:gestion-risk:8089?status=UP&lastDirtyTimestamp=1777381296722
2026-04-28T14:13:11.178+01:00 DEBUG 17796 --- [gestion-risk] [beatExecutor-%d] o.s.web.client.RestTemplate              : Accept=[application/json, application/*+json]
2026-04-28T14:13:11.194+01:00 DEBUG 17796 --- [gestion-risk] [beatExecutor-%d] o.s.web.client.RestTemplate              : Response 200 OK
2026-04-28T14:13:16.209+01:00 DEBUG 17796 --- [gestion-risk] [beatExecutor-%d] o.s.web.client.RestTemplate              : HTTP PUT http://localhost:8761/eureka/apps/GESTION-RISK/LANGIR:gestion-risk:8089?status=UP&lastDirtyTimestamp=1777381296722
2026-04-28T14:13:16.214+01:00 DEBUG 17796 --- [gestion-risk] [beatExecutor-%d] o.s.web.client.RestTemplate              : Accept=[application/json, application/*+json]
2026-04-28T14:13:16.221+01:00 DEBUG 17796 --- [gestion-risk] [beatExecutor-%d] o.s.web.client.RestTemplate              : Response 200 OK
2026-04-28T14:13:21.234+01:00 DEBUG 17796 --- [gestion-risk] [beatExecutor-%d] o.s.web.client.RestTemplate              : HTTP PUT http://localhost:8761/eureka/apps/GESTION-RISK/LANGIR:gestion-risk:8089?status=UP&lastDirtyTimestamp=1777381296722
2026-04-28T14:13:21.235+01:00 DEBUG 17796 --- [gestion-risk] [beatExecutor-%d] o.s.web.client.RestTemplate              : Accept=[application/json, application/*+json]
2026-04-28T14:13:21.250+01:00 DEBUG 17796 --- [gestion-risk] [beatExecutor-%d] o.s.web.client.RestTemplate              : Response 200 OK
2026-04-28T14:13:26.252+01:00 DEBUG 17796 --- [gestion-risk] [beatExecutor-%d] o.s.web.client.RestTemplate              : HTTP PUT http://localhost:8761/eureka/apps/GESTION-RISK/LANGIR:gestion-risk:8089?status=UP&lastDirtyTimestamp=1777381296722
2026-04-28T14:13:26.254+01:00 DEBUG 17796 --- [gestion-risk] [beatExecutor-%d] o.s.web.client.RestTemplate              : Accept=[application/json, application/*+json]
2026-04-28T14:13:26.269+01:00 DEBUG 17796 --- [gestion-risk] [beatExecutor-%d] o.s.web.client.RestTemplate              : Response 200 OK
2026-04-28T14:13:31.286+01:00 DEBUG 17796 --- [gestion-risk] [beatExecutor-%d] o.s.web.client.RestTemplate              : HTTP PUT http://localhost:8761/eureka/apps/GESTION-RISK/LANGIR:gestion-risk:8089?status=UP&lastDirtyTimestamp=1777381296722
2026-04-28T14:13:31.289+01:00 DEBUG 17796 --- [gestion-risk] [beatExecutor-%d] o.s.web.client.RestTemplate              : Accept=[application/json, application/*+json]
2026-04-28T14:13:31.304+01:00 DEBUG 17796 --- [gestion-risk] [beatExecutor-%d] o.s.web.client.RestTemplate              : Response 200 OK
2026-04-28T14:13:36.312+01:00 DEBUG 17796 --- [gestion-risk] [beatExecutor-%d] o.s.web.client.RestTemplate              : HTTP PUT http://localhost:8761/eureka/apps/GESTION-RISK/LANGIR:gestion-risk:8089?status=UP&lastDirtyTimestamp=1777381296722
2026-04-28T14:13:36.319+01:00 DEBUG 17796 --- [gestion-risk] [beatExecutor-%d] o.s.web.client.RestTemplate              : Accept=[application/json, application/*+json]
2026-04-28T14:13:36.326+01:00 DEBUG 17796 --- [gestion-risk] [beatExecutor-%d] o.s.web.client.RestTemplate              : Response 200 OK
2026-04-28T14:13:37.508+01:00 DEBUG 17796 --- [gestion-risk] [reshExecutor-%d] o.s.web.client.RestTemplate              : HTTP GET http://localhost:8761/eureka/apps/delta
2026-04-28T14:13:37.513+01:00 DEBUG 17796 --- [gestion-risk] [reshExecutor-%d] o.s.web.client.RestTemplate              : Accept=[application/json, application/*+json]
2026-04-28T14:13:37.535+01:00 DEBUG 17796 --- [gestion-risk] [reshExecutor-%d] o.s.web.client.RestTemplate              : Response 200 OK
2026-04-28T14:13:37.538+01:00 DEBUG 17796 --- [gestion-risk] [reshExecutor-%d] o.s.web.client.RestTemplate              : Reading to [org.springframework.cloud.netflix.eureka.http.EurekaApplications]
2026-04-28T14:13:41.333+01:00 DEBUG 17796 --- [gestion-risk] [beatExecutor-%d] o.s.web.client.RestTemplate              : HTTP PUT http://localhost:8761/eureka/apps/GESTION-RISK/LANGIR:gestion-risk:8089?status=UP&lastDirtyTimestamp=1777381296722
2026-04-28T14:13:41.339+01:00 DEBUG 17796 --- [gestion-risk] [beatExecutor-%d] o.s.web.client.RestTemplate              : Accept=[application/json, application/*+json]
2026-04-28T14:13:41.355+01:00 DEBUG 17796 --- [gestion-risk] [beatExecutor-%d] o.s.web.client.RestTemplate              : Response 200 OK
2026-04-28T14:13:46.362+01:00 DEBUG 17796 --- [gestion-risk] [beatExecutor-%d] o.s.web.client.RestTemplate              : HTTP PUT http://localhost:8761/eureka/apps/GESTION-RISK/LANGIR:gestion-risk:8089?status=UP&lastDirtyTimestamp=1777381296722
2026-04-28T14:13:46.367+01:00 DEBUG 17796 --- [gestion-risk] [beatExecutor-%d] o.s.web.client.RestTemplate              : Accept=[application/json, application/*+json]
2026-04-28T14:13:46.376+01:00 DEBUG 17796 --- [gestion-risk] [beatExecutor-%d] o.s.web.client.RestTemplate              : Response 200 OK
2026-04-28T14:13:51.389+01:00 DEBUG 17796 --- [gestion-risk] [beatExecutor-%d] o.s.web.client.RestTemplate              : HTTP PUT http://localhost:8761/eureka/apps/GESTION-RISK/LANGIR:gestion-risk:8089?status=UP&lastDirtyTimestamp=1777381296722
2026-04-28T14:13:51.394+01:00 DEBUG 17796 --- [gestion-risk] [beatExecutor-%d] o.s.web.client.RestTemplate              : Accept=[application/json, application/*+json]
2026-04-28T14:13:51.410+01:00 DEBUG 17796 --- [gestion-risk] [beatExecutor-%d] o.s.web.client.RestTemplate              : Response 200 OK
2026-04-28T14:13:56.421+01:00 DEBUG 17796 --- [gestion-risk] [beatExecutor-%d] o.s.web.client.RestTemplate              : HTTP PUT http://localhost:8761/eureka/apps/GESTION-RISK/LANGIR:gestion-risk:8089?status=UP&lastDirtyTimestamp=1777381296722
2026-04-28T14:13:56.424+01:00 DEBUG 17796 --- [gestion-risk] [beatExecutor-%d] o.s.web.client.RestTemplate              : Accept=[application/json, application/*+json]
2026-04-28T14:13:56.430+01:00 DEBUG 17796 --- [gestion-risk] [beatExecutor-%d] o.s.web.client.RestTemplate              : Response 200 OK
2026-04-28T14:14:01.459+01:00 DEBUG 17796 --- [gestion-risk] [beatExecutor-%d] o.s.web.client.RestTemplate              : HTTP PUT http://localhost:8761/eureka/apps/GESTION-RISK/LANGIR:gestion-risk:8089?status=UP&lastDirtyTimestamp=1777381296722
2026-04-28T14:14:01.466+01:00 DEBUG 17796 --- [gestion-risk] [beatExecutor-%d] o.s.web.client.RestTemplate              : Accept=[application/json, application/*+json]
2026-04-28T14:14:01.479+01:00 DEBUG 17796 --- [gestion-risk] [beatExecutor-%d] o.s.web.client.RestTemplate              : Response 200 OK
2026-04-28T14:14:06.491+01:00 DEBUG 17796 --- [gestion-risk] [beatExecutor-%d] o.s.web.client.RestTemplate              : HTTP PUT http://localhost:8761/eureka/apps/GESTION-RISK/LANGIR:gestion-risk:8089?status=UP&lastDirtyTimestamp=1777381296722
2026-04-28T14:14:06.496+01:00 DEBUG 17796 --- [gestion-risk] [beatExecutor-%d] o.s.web.client.RestTemplate              : Accept=[application/json, application/*+json]
2026-04-28T14:14:06.520+01:00 DEBUG 17796 --- [gestion-risk] [beatExecutor-%d] o.s.web.client.RestTemplate              : Response 200 OK
2026-04-28T14:14:07.546+01:00 DEBUG 17796 --- [gestion-risk] [reshExecutor-%d] o.s.web.client.RestTemplate              : HTTP GET http://localhost:8761/eureka/apps/delta
2026-04-28T14:14:07.551+01:00 DEBUG 17796 --- [gestion-risk] [reshExecutor-%d] o.s.web.client.RestTemplate              : Accept=[application/json, application/*+json]
2026-04-28T14:14:07.557+01:00 DEBUG 17796 --- [gestion-risk] [reshExecutor-%d] o.s.web.client.RestTemplate              : Response 200 OK
2026-04-28T14:14:07.557+01:00 DEBUG 17796 --- [gestion-risk] [reshExecutor-%d] o.s.web.client.RestTemplate              : Reading to [org.springframework.cloud.netflix.eureka.http.EurekaApplications]
2026-04-28T14:14:11.530+01:00 DEBUG 17796 --- [gestion-risk] [beatExecutor-%d] o.s.web.client.RestTemplate              : HTTP PUT http://localhost:8761/eureka/apps/GESTION-RISK/LANGIR:gestion-risk:8089?status=UP&lastDirtyTimestamp=1777381296722
2026-04-28T14:14:11.534+01:00 DEBUG 17796 --- [gestion-risk] [beatExecutor-%d] o.s.web.client.RestTemplate              : Accept=[application/json, application/*+json]
2026-04-28T14:14:11.539+01:00 DEBUG 17796 --- [gestion-risk] [beatExecutor-%d] o.s.web.client.RestTemplate              : Response 200 OK
2026-04-28T14:14:16.560+01:00 DEBUG 17796 --- [gestion-risk] [beatExecutor-%d] o.s.web.client.RestTemplate              : HTTP PUT http://localhost:8761/eureka/apps/GESTION-RISK/LANGIR:gestion-risk:8089?status=UP&lastDirtyTimestamp=1777381296722
2026-04-28T14:14:16.571+01:00 DEBUG 17796 --- [gestion-risk] [beatExecutor-%d] o.s.web.client.RestTemplate              : Accept=[application/json, application/*+json]
2026-04-28T14:14:16.581+01:00 DEBUG 17796 --- [gestion-risk] [beatExecutor-%d] o.s.web.client.RestTemplate              : Response 200 OK
2026-04-28T14:14:21.602+01:00 DEBUG 17796 --- [gestion-risk] [beatExecutor-%d] o.s.web.client.RestTemplate              : HTTP PUT http://localhost:8761/eureka/apps/GESTION-RISK/LANGIR:gestion-risk:8089?status=UP&lastDirtyTimestamp=1777381296722
2026-04-28T14:14:21.608+01:00 DEBUG 17796 --- [gestion-risk] [beatExecutor-%d] o.s.web.client.RestTemplate              : Accept=[application/json, application/*+json]
2026-04-28T14:14:21.620+01:00 DEBUG 17796 --- [gestion-risk] [beatExecutor-%d] o.s.web.client.RestTemplate              : Response 200 OK
2026-04-28T14:14:26.630+01:00 DEBUG 17796 --- [gestion-risk] [beatExecutor-%d] o.s.web.client.RestTemplate              : HTTP PUT http://localhost:8761/eureka/apps/GESTION-RISK/LANGIR:gestion-risk:8089?status=UP&lastDirtyTimestamp=1777381296722
2026-04-28T14:14:26.640+01:00 DEBUG 17796 --- [gestion-risk] [beatExecutor-%d] o.s.web.client.RestTemplate              : Accept=[application/json, application/*+json]
2026-04-28T14:14:26.658+01:00 DEBUG 17796 --- [gestion-risk] [beatExecutor-%d] o.s.web.client.RestTemplate              : Response 200 OK
2026-04-28T14:14:31.683+01:00 DEBUG 17796 --- [gestion-risk] [beatExecutor-%d] o.s.web.client.RestTemplate              : HTTP PUT http://localhost:8761/eureka/apps/GESTION-RISK/LANGIR:gestion-risk:8089?status=UP&lastDirtyTimestamp=1777381296722
2026-04-28T14:14:31.685+01:00 DEBUG 17796 --- [gestion-risk] [beatExecutor-%d] o.s.web.client.RestTemplate              : Accept=[application/json, application/*+json]
2026-04-28T14:14:31.691+01:00 DEBUG 17796 --- [gestion-risk] [beatExecutor-%d] o.s.web.client.RestTemplate              : Response 200 OK
2026-04-28T14:14:36.705+01:00 DEBUG 17796 --- [gestion-risk] [beatExecutor-%d] o.s.web.client.RestTemplate              : HTTP PUT http://localhost:8761/eureka/apps/GESTION-RISK/LANGIR:gestion-risk:8089?status=UP&lastDirtyTimestamp=1777381296722
2026-04-28T14:14:36.710+01:00 DEBUG 17796 --- [gestion-risk] [beatExecutor-%d] o.s.web.client.RestTemplate              : Accept=[application/json, application/*+json]
2026-04-28T14:14:36.721+01:00 DEBUG 17796 --- [gestion-risk] [beatExecutor-%d] o.s.web.client.RestTemplate              : Response 200 OK
2026-04-28T14:14:37.570+01:00 DEBUG 17796 --- [gestion-risk] [reshExecutor-%d] o.s.web.client.RestTemplate              : HTTP GET http://localhost:8761/eureka/apps/delta
2026-04-28T14:14:37.572+01:00 DEBUG 17796 --- [gestion-risk] [reshExecutor-%d] o.s.web.client.RestTemplate              : Accept=[application/json, application/*+json]
2026-04-28T14:14:37.577+01:00 DEBUG 17796 --- [gestion-risk] [reshExecutor-%d] o.s.web.client.RestTemplate              : Response 200 OK
2026-04-28T14:14:37.589+01:00 DEBUG 17796 --- [gestion-risk] [reshExecutor-%d] o.s.web.client.RestTemplate              : Reading to [org.springframework.cloud.netflix.eureka.http.EurekaApplications]
2026-04-28T14:14:41.728+01:00 DEBUG 17796 --- [gestion-risk] [beatExecutor-%d] o.s.web.client.RestTemplate              : HTTP PUT http://localhost:8761/eureka/apps/GESTION-RISK/LANGIR:gestion-risk:8089?status=UP&lastDirtyTimestamp=1777381296722
2026-04-28T14:14:41.733+01:00 DEBUG 17796 --- [gestion-risk] [beatExecutor-%d] o.s.web.client.RestTemplate              : Accept=[application/json, application/*+json]
2026-04-28T14:14:41.740+01:00 DEBUG 17796 --- [gestion-risk] [beatExecutor-%d] o.s.web.client.RestTemplate              : Response 200 OK
2026-04-28T14:14:46.759+01:00 DEBUG 17796 --- [gestion-risk] [beatExecutor-%d] o.s.web.client.RestTemplate              : HTTP PUT http://localhost:8761/eureka/apps/GESTION-RISK/LANGIR:gestion-risk:8089?status=UP&lastDirtyTimestamp=1777381296722
2026-04-28T14:14:46.760+01:00 DEBUG 17796 --- [gestion-risk] [beatExecutor-%d] o.s.web.client.RestTemplate              : Accept=[application/json, application/*+json]
2026-04-28T14:14:46.775+01:00 DEBUG 17796 --- [gestion-risk] [beatExecutor-%d] o.s.web.client.RestTemplate              : Response 200 OK
2026-04-28T14:14:51.781+01:00 DEBUG 17796 --- [gestion-risk] [beatExecutor-%d] o.s.web.client.RestTemplate              : HTTP PUT http://localhost:8761/eureka/apps/GESTION-RISK/LANGIR:gestion-risk:8089?status=UP&lastDirtyTimestamp=1777381296722
2026-04-28T14:14:51.784+01:00 DEBUG 17796 --- [gestion-risk] [beatExecutor-%d] o.s.web.client.RestTemplate              : Accept=[application/json, application/*+json]
2026-04-28T14:14:51.799+01:00 DEBUG 17796 --- [gestion-risk] [beatExecutor-%d] o.s.web.client.RestTemplate              : Response 200 OK
2026-04-28T14:14:56.804+01:00 DEBUG 17796 --- [gestion-risk] [beatExecutor-%d] o.s.web.client.RestTemplate              : HTTP PUT http://localhost:8761/eureka/apps/GESTION-RISK/LANGIR:gestion-risk:8089?status=UP&lastDirtyTimestamp=1777381296722
2026-04-28T14:14:56.804+01:00 DEBUG 17796 --- [gestion-risk] [beatExecutor-%d] o.s.web.client.RestTemplate              : Accept=[application/json, application/*+json]
2026-04-28T14:14:56.835+01:00 DEBUG 17796 --- [gestion-risk] [beatExecutor-%d] o.s.web.client.RestTemplate              : Response 200 OK
2026-04-28T14:15:01.844+01:00 DEBUG 17796 --- [gestion-risk] [beatExecutor-%d] o.s.web.client.RestTemplate              : HTTP PUT http://localhost:8761/eureka/apps/GESTION-RISK/LANGIR:gestion-risk:8089?status=UP&lastDirtyTimestamp=1777381296722
2026-04-28T14:15:01.845+01:00 DEBUG 17796 --- [gestion-risk] [beatExecutor-%d] o.s.web.client.RestTemplate              : Accept=[application/json, application/*+json]
2026-04-28T14:15:01.850+01:00 DEBUG 17796 --- [gestion-risk] [beatExecutor-%d] o.s.web.client.RestTemplate              : Response 200 OK
2026-04-28T14:15:06.866+01:00 DEBUG 17796 --- [gestion-risk] [beatExecutor-%d] o.s.web.client.RestTemplate              : HTTP PUT http://localhost:8761/eureka/apps/GESTION-RISK/LANGIR:gestion-risk:8089?status=UP&lastDirtyTimestamp=1777381296722
2026-04-28T14:15:06.866+01:00 DEBUG 17796 --- [gestion-risk] [beatExecutor-%d] o.s.web.client.RestTemplate              : Accept=[application/json, application/*+json]
2026-04-28T14:15:06.880+01:00 DEBUG 17796 --- [gestion-risk] [beatExecutor-%d] o.s.web.client.RestTemplate              : Response 200 OK
2026-04-28T14:15:07.599+01:00 DEBUG 17796 --- [gestion-risk] [reshExecutor-%d] o.s.web.client.RestTemplate              : HTTP GET http://localhost:8761/eureka/apps/delta
2026-04-28T14:15:07.604+01:00 DEBUG 17796 --- [gestion-risk] [reshExecutor-%d] o.s.web.client.RestTemplate              : Accept=[application/json, application/*+json]
2026-04-28T14:15:07.617+01:00 DEBUG 17796 --- [gestion-risk] [reshExecutor-%d] o.s.web.client.RestTemplate              : Response 200 OK
2026-04-28T14:15:07.619+01:00 DEBUG 17796 --- [gestion-risk] [reshExecutor-%d] o.s.web.client.RestTemplate              : Reading to [org.springframework.cloud.netflix.eureka.http.EurekaApplications]
2026-04-28T14:15:11.885+01:00 DEBUG 17796 --- [gestion-risk] [beatExecutor-%d] o.s.web.client.RestTemplate              : HTTP PUT http://localhost:8761/eureka/apps/GESTION-RISK/LANGIR:gestion-risk:8089?status=UP&lastDirtyTimestamp=1777381296722
2026-04-28T14:15:11.888+01:00 DEBUG 17796 --- [gestion-risk] [beatExecutor-%d] o.s.web.client.RestTemplate              : Accept=[application/json, application/*+json]
2026-04-28T14:15:11.891+01:00 DEBUG 17796 --- [gestion-risk] [beatExecutor-%d] o.s.web.client.RestTemplate              : Response 200 OK
2026-04-28T14:15:16.906+01:00 DEBUG 17796 --- [gestion-risk] [beatExecutor-%d] o.s.web.client.RestTemplate              : HTTP PUT http://localhost:8761/eureka/apps/GESTION-RISK/LANGIR:gestion-risk:8089?status=UP&lastDirtyTimestamp=1777381296722
2026-04-28T14:15:16.910+01:00 DEBUG 17796 --- [gestion-risk] [beatExecutor-%d] o.s.web.client.RestTemplate              : Accept=[application/json, application/*+json]
2026-04-28T14:15:16.921+01:00 DEBUG 17796 --- [gestion-risk] [beatExecutor-%d] o.s.web.client.RestTemplate              : Response 200 OK
2026-04-28T14:15:21.936+01:00 DEBUG 17796 --- [gestion-risk] [beatExecutor-%d] o.s.web.client.RestTemplate              : HTTP PUT http://localhost:8761/eureka/apps/GESTION-RISK/LANGIR:gestion-risk:8089?status=UP&lastDirtyTimestamp=1777381296722
2026-04-28T14:15:21.939+01:00 DEBUG 17796 --- [gestion-risk] [beatExecutor-%d] o.s.web.client.RestTemplate              : Accept=[application/json, application/*+json]
2026-04-28T14:15:21.953+01:00 DEBUG 17796 --- [gestion-risk] [beatExecutor-%d] o.s.web.client.RestTemplate              : Response 200 OK
2026-04-28T14:15:26.967+01:00 DEBUG 17796 --- [gestion-risk] [beatExecutor-%d] o.s.web.client.RestTemplate              : HTTP PUT http://localhost:8761/eureka/apps/GESTION-RISK/LANGIR:gestion-risk:8089?status=UP&lastDirtyTimestamp=1777381296722
2026-04-28T14:15:26.971+01:00 DEBUG 17796 --- [gestion-risk] [beatExecutor-%d] o.s.web.client.RestTemplate              : Accept=[application/json, application/*+json]
2026-04-28T14:15:26.983+01:00 DEBUG 17796 --- [gestion-risk] [beatExecutor-%d] o.s.web.client.RestTemplate              : Response 200 OK
2026-04-28T14:15:31.994+01:00 DEBUG 17796 --- [gestion-risk] [beatExecutor-%d] o.s.web.client.RestTemplate              : HTTP PUT http://localhost:8761/eureka/apps/GESTION-RISK/LANGIR:gestion-risk:8089?status=UP&lastDirtyTimestamp=1777381296722
2026-04-28T14:15:31.995+01:00 DEBUG 17796 --- [gestion-risk] [beatExecutor-%d] o.s.web.client.RestTemplate              : Accept=[application/json, application/*+json]
2026-04-28T14:15:32.011+01:00 DEBUG 17796 --- [gestion-risk] [beatExecutor-%d] o.s.web.client.RestTemplate              : Response 200 OK
2026-04-28T14:15:37.019+01:00 DEBUG 17796 --- [gestion-risk] [beatExecutor-%d] o.s.web.client.RestTemplate              : HTTP PUT http://localhost:8761/eureka/apps/GESTION-RISK/LANGIR:gestion-risk:8089?status=UP&lastDirtyTimestamp=1777381296722
2026-04-28T14:15:37.023+01:00 DEBUG 17796 --- [gestion-risk] [beatExecutor-%d] o.s.web.client.RestTemplate              : Accept=[application/json, application/*+json]
2026-04-28T14:15:37.036+01:00 DEBUG 17796 --- [gestion-risk] [beatExecutor-%d] o.s.web.client.RestTemplate              : Response 200 OK
2026-04-28T14:15:37.624+01:00 DEBUG 17796 --- [gestion-risk] [reshExecutor-%d] o.s.web.client.RestTemplate              : HTTP GET http://localhost:8761/eureka/apps/delta
2026-04-28T14:15:37.628+01:00 DEBUG 17796 --- [gestion-risk] [reshExecutor-%d] o.s.web.client.RestTemplate              : Accept=[application/json, application/*+json]
2026-04-28T14:15:37.641+01:00 DEBUG 17796 --- [gestion-risk] [reshExecutor-%d] o.s.web.client.RestTemplate              : Response 200 OK
2026-04-28T14:15:37.641+01:00 DEBUG 17796 --- [gestion-risk] [reshExecutor-%d] o.s.web.client.RestTemplate              : Reading to [org.springframework.cloud.netflix.eureka.http.EurekaApplications]
2026-04-28T14:15:42.047+01:00 DEBUG 17796 --- [gestion-risk] [beatExecutor-%d] o.s.web.client.RestTemplate              : HTTP PUT http://localhost:8761/eureka/apps/GESTION-RISK/LANGIR:gestion-risk:8089?status=UP&lastDirtyTimestamp=1777381296722
2026-04-28T14:15:42.049+01:00 DEBUG 17796 --- [gestion-risk] [beatExecutor-%d] o.s.web.client.RestTemplate              : Accept=[application/json, application/*+json]
2026-04-28T14:15:42.064+01:00 DEBUG 17796 --- [gestion-risk] [beatExecutor-%d] o.s.web.client.RestTemplate              : Response 200 OK
2026-04-28T14:15:47.090+01:00 DEBUG 17796 --- [gestion-risk] [beatExecutor-%d] o.s.web.client.RestTemplate              : HTTP PUT http://localhost:8761/eureka/apps/GESTION-RISK/LANGIR:gestion-risk:8089?status=UP&lastDirtyTimestamp=1777381296722
2026-04-28T14:15:47.106+01:00 DEBUG 17796 --- [gestion-risk] [beatExecutor-%d] o.s.web.client.RestTemplate              : Accept=[application/json, application/*+json]
2026-04-28T14:15:47.110+01:00 DEBUG 17796 --- [gestion-risk] [beatExecutor-%d] o.s.web.client.RestTemplate              : Response 200 OK
2026-04-28T14:15:52.125+01:00 DEBUG 17796 --- [gestion-risk] [beatExecutor-%d] o.s.web.client.RestTemplate              : HTTP PUT http://localhost:8761/eureka/apps/GESTION-RISK/LANGIR:gestion-risk:8089?status=UP&lastDirtyTimestamp=1777381296722
2026-04-28T14:15:52.128+01:00 DEBUG 17796 --- [gestion-risk] [beatExecutor-%d] o.s.web.client.RestTemplate              : Accept=[application/json, application/*+json]
2026-04-28T14:15:52.143+01:00 DEBUG 17796 --- [gestion-risk] [beatExecutor-%d] o.s.web.client.RestTemplate              : Response 200 OK
2026-04-28T14:15:57.152+01:00 DEBUG 17796 --- [gestion-risk] [beatExecutor-%d] o.s.web.client.RestTemplate              : HTTP PUT http://localhost:8761/eureka/apps/GESTION-RISK/LANGIR:gestion-risk:8089?status=UP&lastDirtyTimestamp=1777381296722
2026-04-28T14:15:57.157+01:00 DEBUG 17796 --- [gestion-risk] [beatExecutor-%d] o.s.web.client.RestTemplate              : Accept=[application/json, application/*+json]
2026-04-28T14:15:57.169+01:00 DEBUG 17796 --- [gestion-risk] [beatExecutor-%d] o.s.web.client.RestTemplate              : Response 200 OK
2026-04-28T14:16:02.171+01:00 DEBUG 17796 --- [gestion-risk] [beatExecutor-%d] o.s.web.client.RestTemplate              : HTTP PUT http://localhost:8761/eureka/apps/GESTION-RISK/LANGIR:gestion-risk:8089?status=UP&lastDirtyTimestamp=1777381296722
2026-04-28T14:16:02.171+01:00 DEBUG 17796 --- [gestion-risk] [beatExecutor-%d] o.s.web.client.RestTemplate              : Accept=[application/json, application/*+json]
2026-04-28T14:16:02.186+01:00 DEBUG 17796 --- [gestion-risk] [beatExecutor-%d] o.s.web.client.RestTemplate              : Response 200 OK
2026-04-28T14:16:07.189+01:00 DEBUG 17796 --- [gestion-risk] [beatExecutor-%d] o.s.web.client.RestTemplate              : HTTP PUT http://localhost:8761/eureka/apps/GESTION-RISK/LANGIR:gestion-risk:8089?status=UP&lastDirtyTimestamp=1777381296722
2026-04-28T14:16:07.191+01:00 DEBUG 17796 --- [gestion-risk] [beatExecutor-%d] o.s.web.client.RestTemplate              : Accept=[application/json, application/*+json]
2026-04-28T14:16:07.197+01:00 DEBUG 17796 --- [gestion-risk] [beatExecutor-%d] o.s.web.client.RestTemplate              : Response 200 OK
2026-04-28T14:16:07.644+01:00 DEBUG 17796 --- [gestion-risk] [reshExecutor-%d] o.s.web.client.RestTemplate              : HTTP GET http://localhost:8761/eureka/apps/delta
2026-04-28T14:16:07.649+01:00 DEBUG 17796 --- [gestion-risk] [reshExecutor-%d] o.s.web.client.RestTemplate              : Accept=[application/json, application/*+json]
2026-04-28T14:16:07.661+01:00 DEBUG 17796 --- [gestion-risk] [reshExecutor-%d] o.s.web.client.RestTemplate              : Response 200 OK
2026-04-28T14:16:07.662+01:00 DEBUG 17796 --- [gestion-risk] [reshExecutor-%d] o.s.web.client.RestTemplate              : Reading to [org.springframework.cloud.netflix.eureka.http.EurekaApplications]
2026-04-28T14:16:12.883+01:00 DEBUG 17796 --- [gestion-risk] [beatExecutor-%d] o.s.web.client.RestTemplate              : HTTP PUT http://localhost:8761/eureka/apps/GESTION-RISK/LANGIR:gestion-risk:8089?status=UP&lastDirtyTimestamp=1777381296722
2026-04-28T14:16:12.883+01:00 DEBUG 17796 --- [gestion-risk] [beatExecutor-%d] o.s.web.client.RestTemplate              : Accept=[application/json, application/*+json]
2026-04-28T14:16:13.097+01:00 DEBUG 17796 --- [gestion-risk] [beatExecutor-%d] o.s.web.client.RestTemplate              : Response 200 OK
2026-04-28T14:16:18.924+01:00 DEBUG 17796 --- [gestion-risk] [beatExecutor-%d] o.s.web.client.RestTemplate              : HTTP PUT http://localhost:8761/eureka/apps/GESTION-RISK/LANGIR:gestion-risk:8089?status=UP&lastDirtyTimestamp=1777381296722
2026-04-28T14:16:18.929+01:00 DEBUG 17796 --- [gestion-risk] [beatExecutor-%d] o.s.web.client.RestTemplate              : Accept=[application/json, application/*+json]
2026-04-28T14:16:18.940+01:00 DEBUG 17796 --- [gestion-risk] [beatExecutor-%d] o.s.web.client.RestTemplate              : Response 200 OK
2026-04-28T14:16:23.957+01:00 DEBUG 17796 --- [gestion-risk] [beatExecutor-%d] o.s.web.client.RestTemplate              : HTTP PUT http://localhost:8761/eureka/apps/GESTION-RISK/LANGIR:gestion-risk:8089?status=UP&lastDirtyTimestamp=1777381296722
2026-04-28T14:16:23.960+01:00 DEBUG 17796 --- [gestion-risk] [beatExecutor-%d] o.s.web.client.RestTemplate              : Accept=[application/json, application/*+json]
2026-04-28T14:16:23.973+01:00 DEBUG 17796 --- [gestion-risk] [beatExecutor-%d] o.s.web.client.RestTemplate              : Response 200 OK
2026-04-28T14:16:28.991+01:00 DEBUG 17796 --- [gestion-risk] [beatExecutor-%d] o.s.web.client.RestTemplate              : HTTP PUT http://localhost:8761/eureka/apps/GESTION-RISK/LANGIR:gestion-risk:8089?status=UP&lastDirtyTimestamp=1777381296722
2026-04-28T14:16:28.991+01:00 DEBUG 17796 --- [gestion-risk] [beatExecutor-%d] o.s.web.client.RestTemplate              : Accept=[application/json, application/*+json]
2026-04-28T14:16:29.007+01:00 DEBUG 17796 --- [gestion-risk] [beatExecutor-%d] o.s.web.client.RestTemplate              : Response 200 OK
2026-04-28T14:16:34.022+01:00 DEBUG 17796 --- [gestion-risk] [beatExecutor-%d] o.s.web.client.RestTemplate              : HTTP PUT http://localhost:8761/eureka/apps/GESTION-RISK/LANGIR:gestion-risk:8089?status=UP&lastDirtyTimestamp=1777381296722
2026-04-28T14:16:34.037+01:00 DEBUG 17796 --- [gestion-risk] [beatExecutor-%d] o.s.web.client.RestTemplate              : Accept=[application/json, application/*+json]
2026-04-28T14:16:34.057+01:00 DEBUG 17796 --- [gestion-risk] [beatExecutor-%d] o.s.web.client.RestTemplate              : Response 200 OK
2026-04-28T14:16:36.576+01:00  INFO 17796 --- [gestion-risk] [rap-executor-%d] c.n.d.s.r.aws.ConfigClusterResolver      : Resolving eureka endpoints via configuration
2026-04-28T14:16:37.666+01:00 DEBUG 17796 --- [gestion-risk] [reshExecutor-%d] o.s.web.client.RestTemplate              : HTTP GET http://localhost:8761/eureka/apps/delta
2026-04-28T14:16:37.666+01:00 DEBUG 17796 --- [gestion-risk] [reshExecutor-%d] o.s.web.client.RestTemplate              : Accept=[application/json, application/*+json]
2026-04-28T14:16:37.699+01:00 DEBUG 17796 --- [gestion-risk] [reshExecutor-%d] o.s.web.client.RestTemplate              : Response 200 OK
2026-04-28T14:16:37.699+01:00 DEBUG 17796 --- [gestion-risk] [reshExecutor-%d] o.s.web.client.RestTemplate              : Reading to [org.springframework.cloud.netflix.eureka.http.EurekaApplications]
2026-04-28T14:16:39.065+01:00 DEBUG 17796 --- [gestion-risk] [beatExecutor-%d] o.s.web.client.RestTemplate              : HTTP PUT http://localhost:8761/eureka/apps/GESTION-RISK/LANGIR:gestion-risk:8089?status=UP&lastDirtyTimestamp=1777381296722
2026-04-28T14:16:39.070+01:00 DEBUG 17796 --- [gestion-risk] [beatExecutor-%d] o.s.web.client.RestTemplate              : Accept=[application/json, application/*+json]
2026-04-28T14:16:39.082+01:00 DEBUG 17796 --- [gestion-risk] [beatExecutor-%d] o.s.web.client.RestTemplate              : Response 200 OK
2026-04-28T14:16:44.085+01:00 DEBUG 17796 --- [gestion-risk] [beatExecutor-%d] o.s.web.client.RestTemplate              : HTTP PUT http://localhost:8761/eureka/apps/GESTION-RISK/LANGIR:gestion-risk:8089?status=UP&lastDirtyTimestamp=1777381296722
2026-04-28T14:16:44.086+01:00 DEBUG 17796 --- [gestion-risk] [beatExecutor-%d] o.s.web.client.RestTemplate              : Accept=[application/json, application/*+json]
2026-04-28T14:16:44.104+01:00 DEBUG 17796 --- [gestion-risk] [beatExecutor-%d] o.s.web.client.RestTemplate              : Response 200 OK
2026-04-28T14:16:49.135+01:00 DEBUG 17796 --- [gestion-risk] [beatExecutor-%d] o.s.web.client.RestTemplate              : HTTP PUT http://localhost:8761/eureka/apps/GESTION-RISK/LANGIR:gestion-risk:8089?status=UP&lastDirtyTimestamp=1777381296722
2026-04-28T14:16:49.136+01:00 DEBUG 17796 --- [gestion-risk] [beatExecutor-%d] o.s.web.client.RestTemplate              : Accept=[application/json, application/*+json]
2026-04-28T14:16:49.150+01:00 DEBUG 17796 --- [gestion-risk] [beatExecutor-%d] o.s.web.client.RestTemplate              : Response 200 OK
2026-04-28T14:16:54.154+01:00 DEBUG 17796 --- [gestion-risk] [beatExecutor-%d] o.s.web.client.RestTemplate              : HTTP PUT http://localhost:8761/eureka/apps/GESTION-RISK/LANGIR:gestion-risk:8089?status=UP&lastDirtyTimestamp=1777381296722
2026-04-28T14:16:54.160+01:00 DEBUG 17796 --- [gestion-risk] [beatExecutor-%d] o.s.web.client.RestTemplate              : Accept=[application/json, application/*+json]
2026-04-28T14:16:54.169+01:00 DEBUG 17796 --- [gestion-risk] [beatExecutor-%d] o.s.web.client.RestTemplate              : Response 200 OK
2026-04-28T14:16:59.182+01:00 DEBUG 17796 --- [gestion-risk] [beatExecutor-%d] o.s.web.client.RestTemplate              : HTTP PUT http://localhost:8761/eureka/apps/GESTION-RISK/LANGIR:gestion-risk:8089?status=UP&lastDirtyTimestamp=1777381296722
2026-04-28T14:16:59.184+01:00 DEBUG 17796 --- [gestion-risk] [beatExecutor-%d] o.s.web.client.RestTemplate              : Accept=[application/json, application/*+json]
2026-04-28T14:16:59.200+01:00 DEBUG 17796 --- [gestion-risk] [beatExecutor-%d] o.s.web.client.RestTemplate              : Response 200 OK
2026-04-28T14:17:04.204+01:00 DEBUG 17796 --- [gestion-risk] [beatExecutor-%d] o.s.web.client.RestTemplate              : HTTP PUT http://localhost:8761/eureka/apps/GESTION-RISK/LANGIR:gestion-risk:8089?status=UP&lastDirtyTimestamp=1777381296722
2026-04-28T14:17:04.205+01:00 DEBUG 17796 --- [gestion-risk] [beatExecutor-%d] o.s.web.client.RestTemplate              : Accept=[application/json, application/*+json]
2026-04-28T14:17:04.217+01:00 DEBUG 17796 --- [gestion-risk] [beatExecutor-%d] o.s.web.client.RestTemplate              : Response 200 OK
2026-04-28T14:17:07.732+01:00 DEBUG 17796 --- [gestion-risk] [reshExecutor-%d] o.s.web.client.RestTemplate              : HTTP GET http://localhost:8761/eureka/apps/delta
2026-04-28T14:17:07.736+01:00 DEBUG 17796 --- [gestion-risk] [reshExecutor-%d] o.s.web.client.RestTemplate              : Accept=[application/json, application/*+json]
2026-04-28T14:17:07.757+01:00 DEBUG 17796 --- [gestion-risk] [reshExecutor-%d] o.s.web.client.RestTemplate              : Response 200 OK
2026-04-28T14:17:07.757+01:00 DEBUG 17796 --- [gestion-risk] [reshExecutor-%d] o.s.web.client.RestTemplate              : Reading to [org.springframework.cloud.netflix.eureka.http.EurekaApplications]
2026-04-28T14:17:09.235+01:00 DEBUG 17796 --- [gestion-risk] [beatExecutor-%d] o.s.web.client.RestTemplate              : HTTP PUT http://localhost:8761/eureka/apps/GESTION-RISK/LANGIR:gestion-risk:8089?status=UP&lastDirtyTimestamp=1777381296722
2026-04-28T14:17:09.239+01:00 DEBUG 17796 --- [gestion-risk] [beatExecutor-%d] o.s.web.client.RestTemplate              : Accept=[application/json, application/*+json]
2026-04-28T14:17:09.251+01:00 DEBUG 17796 --- [gestion-risk] [beatExecutor-%d] o.s.web.client.RestTemplate              : Response 200 OK
2026-04-28T14:17:14.258+01:00 DEBUG 17796 --- [gestion-risk] [beatExecutor-%d] o.s.web.client.RestTemplate              : HTTP PUT http://localhost:8761/eureka/apps/GESTION-RISK/LANGIR:gestion-risk:8089?status=UP&lastDirtyTimestamp=1777381296722
2026-04-28T14:17:14.264+01:00 DEBUG 17796 --- [gestion-risk] [beatExecutor-%d] o.s.web.client.RestTemplate              : Accept=[application/json, application/*+json]
2026-04-28T14:17:14.273+01:00 DEBUG 17796 --- [gestion-risk] [beatExecutor-%d] o.s.web.client.RestTemplate              : Response 200 OK
2026-04-28T14:17:19.290+01:00 DEBUG 17796 --- [gestion-risk] [beatExecutor-%d] o.s.web.client.RestTemplate              : HTTP PUT http://localhost:8761/eureka/apps/GESTION-RISK/LANGIR:gestion-risk:8089?status=UP&lastDirtyTimestamp=1777381296722
2026-04-28T14:17:19.296+01:00 DEBUG 17796 --- [gestion-risk] [beatExecutor-%d] o.s.web.client.RestTemplate              : Accept=[application/json, application/*+json]
2026-04-28T14:17:19.311+01:00 DEBUG 17796 --- [gestion-risk] [beatExecutor-%d] o.s.web.client.RestTemplate              : Response 200 OK
2026-04-28T14:17:24.334+01:00 DEBUG 17796 --- [gestion-risk] [beatExecutor-%d] o.s.web.client.RestTemplate              : HTTP PUT http://localhost:8761/eureka/apps/GESTION-RISK/LANGIR:gestion-risk:8089?status=UP&lastDirtyTimestamp=1777381296722
2026-04-28T14:17:24.336+01:00 DEBUG 17796 --- [gestion-risk] [beatExecutor-%d] o.s.web.client.RestTemplate              : Accept=[application/json, application/*+json]
2026-04-28T14:17:24.352+01:00 DEBUG 17796 --- [gestion-risk] [beatExecutor-%d] o.s.web.client.RestTemplate              : Response 200 OK
2026-04-28T14:17:29.359+01:00 DEBUG 17796 --- [gestion-risk] [beatExecutor-%d] o.s.web.client.RestTemplate              : HTTP PUT http://localhost:8761/eureka/apps/GESTION-RISK/LANGIR:gestion-risk:8089?status=UP&lastDirtyTimestamp=1777381296722
2026-04-28T14:17:29.360+01:00 DEBUG 17796 --- [gestion-risk] [beatExecutor-%d] o.s.web.client.RestTemplate              : Accept=[application/json, application/*+json]
2026-04-28T14:17:29.371+01:00 DEBUG 17796 --- [gestion-risk] [beatExecutor-%d] o.s.web.client.RestTemplate              : Response 200 OK
2026-04-28T14:17:34.385+01:00 DEBUG 17796 --- [gestion-risk] [beatExecutor-%d] o.s.web.client.RestTemplate              : HTTP PUT http://localhost:8761/eureka/apps/GESTION-RISK/LANGIR:gestion-risk:8089?status=UP&lastDirtyTimestamp=1777381296722
2026-04-28T14:17:34.386+01:00 DEBUG 17796 --- [gestion-risk] [beatExecutor-%d] o.s.web.client.RestTemplate              : Accept=[application/json, application/*+json]
2026-04-28T14:17:34.402+01:00 DEBUG 17796 --- [gestion-risk] [beatExecutor-%d] o.s.web.client.RestTemplate              : Response 200 OK
2026-04-28T14:17:37.761+01:00 DEBUG 17796 --- [gestion-risk] [reshExecutor-%d] o.s.web.client.RestTemplate              : HTTP GET http://localhost:8761/eureka/apps/delta
2026-04-28T14:17:37.767+01:00 DEBUG 17796 --- [gestion-risk] [reshExecutor-%d] o.s.web.client.RestTemplate              : Accept=[application/json, application/*+json]
2026-04-28T14:17:37.780+01:00 DEBUG 17796 --- [gestion-risk] [reshExecutor-%d] o.s.web.client.RestTemplate              : Response 200 OK
2026-04-28T14:17:37.782+01:00 DEBUG 17796 --- [gestion-risk] [reshExecutor-%d] o.s.web.client.RestTemplate              : Reading to [org.springframework.cloud.netflix.eureka.http.EurekaApplications]
2026-04-28T14:17:39.418+01:00 DEBUG 17796 --- [gestion-risk] [beatExecutor-%d] o.s.web.client.RestTemplate              : HTTP PUT http://localhost:8761/eureka/apps/GESTION-RISK/LANGIR:gestion-risk:8089?status=UP&lastDirtyTimestamp=1777381296722
2026-04-28T14:17:39.419+01:00 DEBUG 17796 --- [gestion-risk] [beatExecutor-%d] o.s.web.client.RestTemplate              : Accept=[application/json, application/*+json]
2026-04-28T14:17:39.435+01:00 DEBUG 17796 --- [gestion-risk] [beatExecutor-%d] o.s.web.client.RestTemplate              : Response 200 OK
2026-04-28T14:17:44.443+01:00 DEBUG 17796 --- [gestion-risk] [beatExecutor-%d] o.s.web.client.RestTemplate              : HTTP PUT http://localhost:8761/eureka/apps/GESTION-RISK/LANGIR:gestion-risk:8089?status=UP&lastDirtyTimestamp=1777381296722
2026-04-28T14:17:44.445+01:00 DEBUG 17796 --- [gestion-risk] [beatExecutor-%d] o.s.web.client.RestTemplate              : Accept=[application/json, application/*+json]
2026-04-28T14:17:44.460+01:00 DEBUG 17796 --- [gestion-risk] [beatExecutor-%d] o.s.web.client.RestTemplate              : Response 200 OK
2026-04-28T14:17:49.474+01:00 DEBUG 17796 --- [gestion-risk] [beatExecutor-%d] o.s.web.client.RestTemplate              : HTTP PUT http://localhost:8761/eureka/apps/GESTION-RISK/LANGIR:gestion-risk:8089?status=UP&lastDirtyTimestamp=1777381296722
2026-04-28T14:17:49.475+01:00 DEBUG 17796 --- [gestion-risk] [beatExecutor-%d] o.s.web.client.RestTemplate              : Accept=[application/json, application/*+json]
2026-04-28T14:17:49.492+01:00 DEBUG 17796 --- [gestion-risk] [beatExecutor-%d] o.s.web.client.RestTemplate              : Response 200 OK
2026-04-28T14:17:54.496+01:00 DEBUG 17796 --- [gestion-risk] [beatExecutor-%d] o.s.web.client.RestTemplate              : HTTP PUT http://localhost:8761/eureka/apps/GESTION-RISK/LANGIR:gestion-risk:8089?status=UP&lastDirtyTimestamp=1777381296722
2026-04-28T14:17:54.497+01:00 DEBUG 17796 --- [gestion-risk] [beatExecutor-%d] o.s.web.client.RestTemplate              : Accept=[application/json, application/*+json]
2026-04-28T14:17:54.513+01:00 DEBUG 17796 --- [gestion-risk] [beatExecutor-%d] o.s.web.client.RestTemplate              : Response 200 OK
2026-04-28T14:17:59.518+01:00 DEBUG 17796 --- [gestion-risk] [beatExecutor-%d] o.s.web.client.RestTemplate              : HTTP PUT http://localhost:8761/eureka/apps/GESTION-RISK/LANGIR:gestion-risk:8089?status=UP&lastDirtyTimestamp=1777381296722
2026-04-28T14:17:59.518+01:00 DEBUG 17796 --- [gestion-risk] [beatExecutor-%d] o.s.web.client.RestTemplate              : Accept=[application/json, application/*+json]
2026-04-28T14:17:59.535+01:00 DEBUG 17796 --- [gestion-risk] [beatExecutor-%d] o.s.web.client.RestTemplate              : Response 200 OK
2026-04-28T14:18:04.547+01:00 DEBUG 17796 --- [gestion-risk] [beatExecutor-%d] o.s.web.client.RestTemplate              : HTTP PUT http://localhost:8761/eureka/apps/GESTION-RISK/LANGIR:gestion-risk:8089?status=UP&lastDirtyTimestamp=1777381296722
2026-04-28T14:18:04.548+01:00 DEBUG 17796 --- [gestion-risk] [beatExecutor-%d] o.s.web.client.RestTemplate              : Accept=[application/json, application/*+json]
2026-04-28T14:18:04.564+01:00 DEBUG 17796 --- [gestion-risk] [beatExecutor-%d] o.s.web.client.RestTemplate              : Response 200 OK
2026-04-28T14:18:07.793+01:00 DEBUG 17796 --- [gestion-risk] [reshExecutor-%d] o.s.web.client.RestTemplate              : HTTP GET http://localhost:8761/eureka/apps/delta
2026-04-28T14:18:07.797+01:00 DEBUG 17796 --- [gestion-risk] [reshExecutor-%d] o.s.web.client.RestTemplate              : Accept=[application/json, application/*+json]
2026-04-28T14:18:07.813+01:00 DEBUG 17796 --- [gestion-risk] [reshExecutor-%d] o.s.web.client.RestTemplate              : Response 200 OK
2026-04-28T14:18:07.815+01:00 DEBUG 17796 --- [gestion-risk] [reshExecutor-%d] o.s.web.client.RestTemplate              : Reading to [org.springframework.cloud.netflix.eureka.http.EurekaApplications]
2026-04-28T14:18:09.583+01:00 DEBUG 17796 --- [gestion-risk] [beatExecutor-%d] o.s.web.client.RestTemplate              : HTTP PUT http://localhost:8761/eureka/apps/GESTION-RISK/LANGIR:gestion-risk:8089?status=UP&lastDirtyTimestamp=1777381296722
2026-04-28T14:18:09.588+01:00 DEBUG 17796 --- [gestion-risk] [beatExecutor-%d] o.s.web.client.RestTemplate              : Accept=[application/json, application/*+json]
2026-04-28T14:18:09.597+01:00 DEBUG 17796 --- [gestion-risk] [beatExecutor-%d] o.s.web.client.RestTemplate              : Response 200 OK
2026-04-28T14:18:14.600+01:00 DEBUG 17796 --- [gestion-risk] [beatExecutor-%d] o.s.web.client.RestTemplate              : HTTP PUT http://localhost:8761/eureka/apps/GESTION-RISK/LANGIR:gestion-risk:8089?status=UP&lastDirtyTimestamp=1777381296722
2026-04-28T14:18:14.603+01:00 DEBUG 17796 --- [gestion-risk] [beatExecutor-%d] o.s.web.client.RestTemplate              : Accept=[application/json, application/*+json]
2026-04-28T14:18:14.616+01:00 DEBUG 17796 --- [gestion-risk] [beatExecutor-%d] o.s.web.client.RestTemplate              : Response 200 OK
2026-04-28T14:18:19.634+01:00 DEBUG 17796 --- [gestion-risk] [beatExecutor-%d] o.s.web.client.RestTemplate              : HTTP PUT http://localhost:8761/eureka/apps/GESTION-RISK/LANGIR:gestion-risk:8089?status=UP&lastDirtyTimestamp=1777381296722
2026-04-28T14:18:19.641+01:00 DEBUG 17796 --- [gestion-risk] [beatExecutor-%d] o.s.web.client.RestTemplate              : Accept=[application/json, application/*+json]
2026-04-28T14:18:19.654+01:00 DEBUG 17796 --- [gestion-risk] [beatExecutor-%d] o.s.web.client.RestTemplate              : Response 200 OK
2026-04-28T14:18:24.668+01:00 DEBUG 17796 --- [gestion-risk] [beatExecutor-%d] o.s.web.client.RestTemplate              : HTTP PUT http://localhost:8761/eureka/apps/GESTION-RISK/LANGIR:gestion-risk:8089?status=UP&lastDirtyTimestamp=1777381296722
2026-04-28T14:18:24.669+01:00 DEBUG 17796 --- [gestion-risk] [beatExecutor-%d] o.s.web.client.RestTemplate              : Accept=[application/json, application/*+json]
2026-04-28T14:18:24.689+01:00 DEBUG 17796 --- [gestion-risk] [beatExecutor-%d] o.s.web.client.RestTemplate              : Response 200 OK
2026-04-28T14:18:29.697+01:00 DEBUG 17796 --- [gestion-risk] [beatExecutor-%d] o.s.web.client.RestTemplate              : HTTP PUT http://localhost:8761/eureka/apps/GESTION-RISK/LANGIR:gestion-risk:8089?status=UP&lastDirtyTimestamp=1777381296722
2026-04-28T14:18:29.702+01:00 DEBUG 17796 --- [gestion-risk] [beatExecutor-%d] o.s.web.client.RestTemplate              : Accept=[application/json, application/*+json]
2026-04-28T14:18:29.718+01:00 DEBUG 17796 --- [gestion-risk] [beatExecutor-%d] o.s.web.client.RestTemplate              : Response 200 OK
2026-04-28T14:18:34.724+01:00 DEBUG 17796 --- [gestion-risk] [beatExecutor-%d] o.s.web.client.RestTemplate              : HTTP PUT http://localhost:8761/eureka/apps/GESTION-RISK/LANGIR:gestion-risk:8089?status=UP&lastDirtyTimestamp=1777381296722
2026-04-28T14:18:34.730+01:00 DEBUG 17796 --- [gestion-risk] [beatExecutor-%d] o.s.web.client.RestTemplate              : Accept=[application/json, application/*+json]
2026-04-28T14:18:34.742+01:00 DEBUG 17796 --- [gestion-risk] [beatExecutor-%d] o.s.web.client.RestTemplate              : Response 200 OK
2026-04-28T14:18:37.826+01:00 DEBUG 17796 --- [gestion-risk] [reshExecutor-%d] o.s.web.client.RestTemplate              : HTTP GET http://localhost:8761/eureka/apps/delta
2026-04-28T14:18:37.827+01:00 DEBUG 17796 --- [gestion-risk] [reshExecutor-%d] o.s.web.client.RestTemplate              : Accept=[application/json, application/*+json]
2026-04-28T14:18:37.848+01:00 DEBUG 17796 --- [gestion-risk] [reshExecutor-%d] o.s.web.client.RestTemplate              : Response 200 OK
2026-04-28T14:18:37.849+01:00 DEBUG 17796 --- [gestion-risk] [reshExecutor-%d] o.s.web.client.RestTemplate              : Reading to [org.springframework.cloud.netflix.eureka.http.EurekaApplications]
2026-04-28T14:18:39.756+01:00 DEBUG 17796 --- [gestion-risk] [beatExecutor-%d] o.s.web.client.RestTemplate              : HTTP PUT http://localhost:8761/eureka/apps/GESTION-RISK/LANGIR:gestion-risk:8089?status=UP&lastDirtyTimestamp=1777381296722
2026-04-28T14:18:39.757+01:00 DEBUG 17796 --- [gestion-risk] [beatExecutor-%d] o.s.web.client.RestTemplate              : Accept=[application/json, application/*+json]
2026-04-28T14:18:39.771+01:00 DEBUG 17796 --- [gestion-risk] [beatExecutor-%d] o.s.web.client.RestTemplate              : Response 200 OK
2026-04-28T14:18:44.790+01:00 DEBUG 17796 --- [gestion-risk] [beatExecutor-%d] o.s.web.client.RestTemplate              : HTTP PUT http://localhost:8761/eureka/apps/GESTION-RISK/LANGIR:gestion-risk:8089?status=UP&lastDirtyTimestamp=1777381296722
2026-04-28T14:18:44.793+01:00 DEBUG 17796 --- [gestion-risk] [beatExecutor-%d] o.s.web.client.RestTemplate              : Accept=[application/json, application/*+json]
2026-04-28T14:18:44.806+01:00 DEBUG 17796 --- [gestion-risk] [beatExecutor-%d] o.s.web.client.RestTemplate              : Response 200 OK
2026-04-28T14:18:49.817+01:00 DEBUG 17796 --- [gestion-risk] [beatExecutor-%d] o.s.web.client.RestTemplate              : HTTP PUT http://localhost:8761/eureka/apps/GESTION-RISK/LANGIR:gestion-risk:8089?status=UP&lastDirtyTimestamp=1777381296722
2026-04-28T14:18:49.822+01:00 DEBUG 17796 --- [gestion-risk] [beatExecutor-%d] o.s.web.client.RestTemplate              : Accept=[application/json, application/*+json]
2026-04-28T14:18:49.837+01:00 DEBUG 17796 --- [gestion-risk] [beatExecutor-%d] o.s.web.client.RestTemplate              : Response 200 OK
2026-04-28T14:18:54.843+01:00 DEBUG 17796 --- [gestion-risk] [beatExecutor-%d] o.s.web.client.RestTemplate              : HTTP PUT http://localhost:8761/eureka/apps/GESTION-RISK/LANGIR:gestion-risk:8089?status=UP&lastDirtyTimestamp=1777381296722
2026-04-28T14:18:54.847+01:00 DEBUG 17796 --- [gestion-risk] [beatExecutor-%d] o.s.web.client.RestTemplate              : Accept=[application/json, application/*+json]
2026-04-28T14:18:54.854+01:00 DEBUG 17796 --- [gestion-risk] [beatExecutor-%d] o.s.web.client.RestTemplate              : Response 200 OK
2026-04-28T14:18:59.868+01:00 DEBUG 17796 --- [gestion-risk] [beatExecutor-%d] o.s.web.client.RestTemplate              : HTTP PUT http://localhost:8761/eureka/apps/GESTION-RISK/LANGIR:gestion-risk:8089?status=UP&lastDirtyTimestamp=1777381296722
2026-04-28T14:18:59.868+01:00 DEBUG 17796 --- [gestion-risk] [beatExecutor-%d] o.s.web.client.RestTemplate              : Accept=[application/json, application/*+json]
2026-04-28T14:18:59.884+01:00 DEBUG 17796 --- [gestion-risk] [beatExecutor-%d] o.s.web.client.RestTemplate              : Response 200 OK
2026-04-28T14:19:04.893+01:00 DEBUG 17796 --- [gestion-risk] [beatExecutor-%d] o.s.web.client.RestTemplate              : HTTP PUT http://localhost:8761/eureka/apps/GESTION-RISK/LANGIR:gestion-risk:8089?status=UP&lastDirtyTimestamp=1777381296722
2026-04-28T14:19:04.894+01:00 DEBUG 17796 --- [gestion-risk] [beatExecutor-%d] o.s.web.client.RestTemplate              : Accept=[application/json, application/*+json]
2026-04-28T14:19:04.913+01:00 DEBUG 17796 --- [gestion-risk] [beatExecutor-%d] o.s.web.client.RestTemplate              : Response 200 OK
2026-04-28T14:19:07.854+01:00 DEBUG 17796 --- [gestion-risk] [reshExecutor-%d] o.s.web.client.RestTemplate              : HTTP GET http://localhost:8761/eureka/apps/delta
2026-04-28T14:19:07.854+01:00 DEBUG 17796 --- [gestion-risk] [reshExecutor-%d] o.s.web.client.RestTemplate              : Accept=[application/json, application/*+json]
2026-04-28T14:19:07.874+01:00 DEBUG 17796 --- [gestion-risk] [reshExecutor-%d] o.s.web.client.RestTemplate              : Response 200 OK
2026-04-28T14:19:07.874+01:00 DEBUG 17796 --- [gestion-risk] [reshExecutor-%d] o.s.web.client.RestTemplate              : Reading to [org.springframework.cloud.netflix.eureka.http.EurekaApplications]
2026-04-28T14:19:09.921+01:00 DEBUG 17796 --- [gestion-risk] [beatExecutor-%d] o.s.web.client.RestTemplate              : HTTP PUT http://localhost:8761/eureka/apps/GESTION-RISK/LANGIR:gestion-risk:8089?status=UP&lastDirtyTimestamp=1777381296722
2026-04-28T14:19:09.921+01:00 DEBUG 17796 --- [gestion-risk] [beatExecutor-%d] o.s.web.client.RestTemplate              : Accept=[application/json, application/*+json]
2026-04-28T14:19:09.937+01:00 DEBUG 17796 --- [gestion-risk] [beatExecutor-%d] o.s.web.client.RestTemplate              : Response 200 OK
2026-04-28T14:19:14.972+01:00 DEBUG 17796 --- [gestion-risk] [beatExecutor-%d] o.s.web.client.RestTemplate              : HTTP PUT http://localhost:8761/eureka/apps/GESTION-RISK/LANGIR:gestion-risk:8089?status=UP&lastDirtyTimestamp=1777381296722
2026-04-28T14:19:14.972+01:00 DEBUG 17796 --- [gestion-risk] [beatExecutor-%d] o.s.web.client.RestTemplate              : Accept=[application/json, application/*+json]
2026-04-28T14:19:14.987+01:00 DEBUG 17796 --- [gestion-risk] [beatExecutor-%d] o.s.web.client.RestTemplate              : Response 200 OK
2026-04-28T14:19:20.006+01:00 DEBUG 17796 --- [gestion-risk] [beatExecutor-%d] o.s.web.client.RestTemplate              : HTTP PUT http://localhost:8761/eureka/apps/GESTION-RISK/LANGIR:gestion-risk:8089?status=UP&lastDirtyTimestamp=1777381296722
2026-04-28T14:19:20.006+01:00 DEBUG 17796 --- [gestion-risk] [beatExecutor-%d] o.s.web.client.RestTemplate              : Accept=[application/json, application/*+json]
2026-04-28T14:19:20.022+01:00 DEBUG 17796 --- [gestion-risk] [beatExecutor-%d] o.s.web.client.RestTemplate              : Response 200 OK
2026-04-28T14:19:25.026+01:00 DEBUG 17796 --- [gestion-risk] [beatExecutor-%d] o.s.web.client.RestTemplate              : HTTP PUT http://localhost:8761/eureka/apps/GESTION-RISK/LANGIR:gestion-risk:8089?status=UP&lastDirtyTimestamp=1777381296722
2026-04-28T14:19:25.026+01:00 DEBUG 17796 --- [gestion-risk] [beatExecutor-%d] o.s.web.client.RestTemplate              : Accept=[application/json, application/*+json]
2026-04-28T14:19:25.042+01:00 DEBUG 17796 --- [gestion-risk] [beatExecutor-%d] o.s.web.client.RestTemplate              : Response 200 OK
2026-04-28T14:19:30.053+01:00 DEBUG 17796 --- [gestion-risk] [beatExecutor-%d] o.s.web.client.RestTemplate              : HTTP PUT http://localhost:8761/eureka/apps/GESTION-RISK/LANGIR:gestion-risk:8089?status=UP&lastDirtyTimestamp=1777381296722
2026-04-28T14:19:30.059+01:00 DEBUG 17796 --- [gestion-risk] [beatExecutor-%d] o.s.web.client.RestTemplate              : Accept=[application/json, application/*+json]
2026-04-28T14:19:30.069+01:00 DEBUG 17796 --- [gestion-risk] [beatExecutor-%d] o.s.web.client.RestTemplate              : Response 200 OK
2026-04-28T14:19:35.076+01:00 DEBUG 17796 --- [gestion-risk] [beatExecutor-%d] o.s.web.client.RestTemplate              : HTTP PUT http://localhost:8761/eureka/apps/GESTION-RISK/LANGIR:gestion-risk:8089?status=UP&lastDirtyTimestamp=1777381296722
2026-04-28T14:19:35.076+01:00 DEBUG 17796 --- [gestion-risk] [beatExecutor-%d] o.s.web.client.RestTemplate              : Accept=[application/json, application/*+json]
2026-04-28T14:19:35.094+01:00 DEBUG 17796 --- [gestion-risk] [beatExecutor-%d] o.s.web.client.RestTemplate              : Response 200 OK
2026-04-28T14:19:37.895+01:00 DEBUG 17796 --- [gestion-risk] [reshExecutor-%d] o.s.web.client.RestTemplate              : HTTP GET http://localhost:8761/eureka/apps/delta
2026-04-28T14:19:37.896+01:00 DEBUG 17796 --- [gestion-risk] [reshExecutor-%d] o.s.web.client.RestTemplate              : Accept=[application/json, application/*+json]
2026-04-28T14:19:37.912+01:00 DEBUG 17796 --- [gestion-risk] [reshExecutor-%d] o.s.web.client.RestTemplate              : Response 200 OK
2026-04-28T14:19:37.912+01:00 DEBUG 17796 --- [gestion-risk] [reshExecutor-%d] o.s.web.client.RestTemplate              : Reading to [org.springframework.cloud.netflix.eureka.http.EurekaApplications]
2026-04-28T14:19:40.107+01:00 DEBUG 17796 --- [gestion-risk] [beatExecutor-%d] o.s.web.client.RestTemplate              : HTTP PUT http://localhost:8761/eureka/apps/GESTION-RISK/LANGIR:gestion-risk:8089?status=UP&lastDirtyTimestamp=1777381296722
2026-04-28T14:19:40.115+01:00 DEBUG 17796 --- [gestion-risk] [beatExecutor-%d] o.s.web.client.RestTemplate              : Accept=[application/json, application/*+json]
2026-04-28T14:19:40.123+01:00 DEBUG 17796 --- [gestion-risk] [beatExecutor-%d] o.s.web.client.RestTemplate              : Response 200 OK
2026-04-28T14:19:45.137+01:00 DEBUG 17796 --- [gestion-risk] [beatExecutor-%d] o.s.web.client.RestTemplate              : HTTP PUT http://localhost:8761/eureka/apps/GESTION-RISK/LANGIR:gestion-risk:8089?status=UP&lastDirtyTimestamp=1777381296722
2026-04-28T14:19:45.142+01:00 DEBUG 17796 --- [gestion-risk] [beatExecutor-%d] o.s.web.client.RestTemplate              : Accept=[application/json, application/*+json]
2026-04-28T14:19:45.154+01:00 DEBUG 17796 --- [gestion-risk] [beatExecutor-%d] o.s.web.client.RestTemplate              : Response 200 OK
2026-04-28T14:19:50.168+01:00 DEBUG 17796 --- [gestion-risk] [beatExecutor-%d] o.s.web.client.RestTemplate              : HTTP PUT http://localhost:8761/eureka/apps/GESTION-RISK/LANGIR:gestion-risk:8089?status=UP&lastDirtyTimestamp=1777381296722
2026-04-28T14:19:50.168+01:00 DEBUG 17796 --- [gestion-risk] [beatExecutor-%d] o.s.web.client.RestTemplate              : Accept=[application/json, application/*+json]
2026-04-28T14:19:50.184+01:00 DEBUG 17796 --- [gestion-risk] [beatExecutor-%d] o.s.web.client.RestTemplate              : Response 200 OK
2026-04-28T14:19:55.196+01:00 DEBUG 17796 --- [gestion-risk] [beatExecutor-%d] o.s.web.client.RestTemplate              : HTTP PUT http://localhost:8761/eureka/apps/GESTION-RISK/LANGIR:gestion-risk:8089?status=UP&lastDirtyTimestamp=1777381296722
2026-04-28T14:19:55.197+01:00 DEBUG 17796 --- [gestion-risk] [beatExecutor-%d] o.s.web.client.RestTemplate              : Accept=[application/json, application/*+json]
2026-04-28T14:19:55.214+01:00 DEBUG 17796 --- [gestion-risk] [beatExecutor-%d] o.s.web.client.RestTemplate              : Response 200 OK
2026-04-28T14:20:00.229+01:00 DEBUG 17796 --- [gestion-risk] [beatExecutor-%d] o.s.web.client.RestTemplate              : HTTP PUT http://localhost:8761/eureka/apps/GESTION-RISK/LANGIR:gestion-risk:8089?status=UP&lastDirtyTimestamp=1777381296722
2026-04-28T14:20:00.229+01:00 DEBUG 17796 --- [gestion-risk] [beatExecutor-%d] o.s.web.client.RestTemplate              : Accept=[application/json, application/*+json]
2026-04-28T14:20:00.245+01:00 DEBUG 17796 --- [gestion-risk] [beatExecutor-%d] o.s.web.client.RestTemplate              : Response 200 OK
2026-04-28T14:20:05.254+01:00 DEBUG 17796 --- [gestion-risk] [beatExecutor-%d] o.s.web.client.RestTemplate              : HTTP PUT http://localhost:8761/eureka/apps/GESTION-RISK/LANGIR:gestion-risk:8089?status=UP&lastDirtyTimestamp=1777381296722
2026-04-28T14:20:05.257+01:00 DEBUG 17796 --- [gestion-risk] [beatExecutor-%d] o.s.web.client.RestTemplate              : Accept=[application/json, application/*+json]
2026-04-28T14:20:05.271+01:00 DEBUG 17796 --- [gestion-risk] [beatExecutor-%d] o.s.web.client.RestTemplate              : Response 200 OK
2026-04-28T14:20:07.930+01:00 DEBUG 17796 --- [gestion-risk] [reshExecutor-%d] o.s.web.client.RestTemplate              : HTTP GET http://localhost:8761/eureka/apps/delta
2026-04-28T14:20:07.930+01:00 DEBUG 17796 --- [gestion-risk] [reshExecutor-%d] o.s.web.client.RestTemplate              : Accept=[application/json, application/*+json]
2026-04-28T14:20:07.946+01:00 DEBUG 17796 --- [gestion-risk] [reshExecutor-%d] o.s.web.client.RestTemplate              : Response 200 OK
2026-04-28T14:20:07.946+01:00 DEBUG 17796 --- [gestion-risk] [reshExecutor-%d] o.s.web.client.RestTemplate              : Reading to [org.springframework.cloud.netflix.eureka.http.EurekaApplications]
2026-04-28T14:20:10.279+01:00 DEBUG 17796 --- [gestion-risk] [beatExecutor-%d] o.s.web.client.RestTemplate              : HTTP PUT http://localhost:8761/eureka/apps/GESTION-RISK/LANGIR:gestion-risk:8089?status=UP&lastDirtyTimestamp=1777381296722
2026-04-28T14:20:10.284+01:00 DEBUG 17796 --- [gestion-risk] [beatExecutor-%d] o.s.web.client.RestTemplate              : Accept=[application/json, application/*+json]
2026-04-28T14:20:10.296+01:00 DEBUG 17796 --- [gestion-risk] [beatExecutor-%d] o.s.web.client.RestTemplate              : Response 200 OK
2026-04-28T14:20:15.302+01:00 DEBUG 17796 --- [gestion-risk] [beatExecutor-%d] o.s.web.client.RestTemplate              : HTTP PUT http://localhost:8761/eureka/apps/GESTION-RISK/LANGIR:gestion-risk:8089?status=UP&lastDirtyTimestamp=1777381296722
2026-04-28T14:20:15.302+01:00 DEBUG 17796 --- [gestion-risk] [beatExecutor-%d] o.s.web.client.RestTemplate              : Accept=[application/json, application/*+json]
2026-04-28T14:20:15.311+01:00 DEBUG 17796 --- [gestion-risk] [beatExecutor-%d] o.s.web.client.RestTemplate              : Response 200 OK
2026-04-28T14:20:20.319+01:00 DEBUG 17796 --- [gestion-risk] [beatExecutor-%d] o.s.web.client.RestTemplate              : HTTP PUT http://localhost:8761/eureka/apps/GESTION-RISK/LANGIR:gestion-risk:8089?status=UP&lastDirtyTimestamp=1777381296722
2026-04-28T14:20:20.319+01:00 DEBUG 17796 --- [gestion-risk] [beatExecutor-%d] o.s.web.client.RestTemplate              : Accept=[application/json, application/*+json]
2026-04-28T14:20:20.335+01:00 DEBUG 17796 --- [gestion-risk] [beatExecutor-%d] o.s.web.client.RestTemplate              : Response 200 OK
2026-04-28T14:20:25.342+01:00 DEBUG 17796 --- [gestion-risk] [beatExecutor-%d] o.s.web.client.RestTemplate              : HTTP PUT http://localhost:8761/eureka/apps/GESTION-RISK/LANGIR:gestion-risk:8089?status=UP&lastDirtyTimestamp=1777381296722
2026-04-28T14:20:25.342+01:00 DEBUG 17796 --- [gestion-risk] [beatExecutor-%d] o.s.web.client.RestTemplate              : Accept=[application/json, application/*+json]
2026-04-28T14:20:25.351+01:00 DEBUG 17796 --- [gestion-risk] [beatExecutor-%d] o.s.web.client.RestTemplate              : Response 200 OK
2026-04-28T14:20:30.364+01:00 DEBUG 17796 --- [gestion-risk] [beatExecutor-%d] o.s.web.client.RestTemplate              : HTTP PUT http://localhost:8761/eureka/apps/GESTION-RISK/LANGIR:gestion-risk:8089?status=UP&lastDirtyTimestamp=1777381296722
2026-04-28T14:20:30.368+01:00 DEBUG 17796 --- [gestion-risk] [beatExecutor-%d] o.s.web.client.RestTemplate              : Accept=[application/json, application/*+json]
2026-04-28T14:20:30.377+01:00 DEBUG 17796 --- [gestion-risk] [beatExecutor-%d] o.s.web.client.RestTemplate              : Response 200 OK
2026-04-28T14:20:35.388+01:00 DEBUG 17796 --- [gestion-risk] [beatExecutor-%d] o.s.web.client.RestTemplate              : HTTP PUT http://localhost:8761/eureka/apps/GESTION-RISK/LANGIR:gestion-risk:8089?status=UP&lastDirtyTimestamp=1777381296722
2026-04-28T14:20:35.388+01:00 DEBUG 17796 --- [gestion-risk] [beatExecutor-%d] o.s.web.client.RestTemplate              : Accept=[application/json, application/*+json]
2026-04-28T14:20:35.404+01:00 DEBUG 17796 --- [gestion-risk] [beatExecutor-%d] o.s.web.client.RestTemplate              : Response 200 OK
2026-04-28T14:20:37.962+01:00 DEBUG 17796 --- [gestion-risk] [reshExecutor-%d] o.s.web.client.RestTemplate              : HTTP GET http://localhost:8761/eureka/apps/delta
2026-04-28T14:20:37.967+01:00 DEBUG 17796 --- [gestion-risk] [reshExecutor-%d] o.s.web.client.RestTemplate              : Accept=[application/json, application/*+json]
2026-04-28T14:20:37.978+01:00 DEBUG 17796 --- [gestion-risk] [reshExecutor-%d] o.s.web.client.RestTemplate              : Response 200 OK
2026-04-28T14:20:37.978+01:00 DEBUG 17796 --- [gestion-risk] [reshExecutor-%d] o.s.web.client.RestTemplate              : Reading to [org.springframework.cloud.netflix.eureka.http.EurekaApplications]
2026-04-28T14:20:40.420+01:00 DEBUG 17796 --- [gestion-risk] [beatExecutor-%d] o.s.web.client.RestTemplate              : HTTP PUT http://localhost:8761/eureka/apps/GESTION-RISK/LANGIR:gestion-risk:8089?status=UP&lastDirtyTimestamp=1777381296722
2026-04-28T14:20:40.423+01:00 DEBUG 17796 --- [gestion-risk] [beatExecutor-%d] o.s.web.client.RestTemplate              : Accept=[application/json, application/*+json]
2026-04-28T14:20:40.437+01:00 DEBUG 17796 --- [gestion-risk] [beatExecutor-%d] o.s.web.client.RestTemplate              : Response 200 OK
2026-04-28T14:20:45.451+01:00 DEBUG 17796 --- [gestion-risk] [beatExecutor-%d] o.s.web.client.RestTemplate              : HTTP PUT http://localhost:8761/eureka/apps/GESTION-RISK/LANGIR:gestion-risk:8089?status=UP&lastDirtyTimestamp=1777381296722
2026-04-28T14:20:45.451+01:00 DEBUG 17796 --- [gestion-risk] [beatExecutor-%d] o.s.web.client.RestTemplate              : Accept=[application/json, application/*+json]
2026-04-28T14:20:45.467+01:00 DEBUG 17796 --- [gestion-risk] [beatExecutor-%d] o.s.web.client.RestTemplate              : Response 200 OK
2026-04-28T14:20:50.487+01:00 DEBUG 17796 --- [gestion-risk] [beatExecutor-%d] o.s.web.client.RestTemplate              : HTTP PUT http://localhost:8761/eureka/apps/GESTION-RISK/LANGIR:gestion-risk:8089?status=UP&lastDirtyTimestamp=1777381296722
2026-04-28T14:20:50.487+01:00 DEBUG 17796 --- [gestion-risk] [beatExecutor-%d] o.s.web.client.RestTemplate              : Accept=[application/json, application/*+json]
2026-04-28T14:20:50.503+01:00 DEBUG 17796 --- [gestion-risk] [beatExecutor-%d] o.s.web.client.RestTemplate              : Response 200 OK
2026-04-28T14:20:55.517+01:00 DEBUG 17796 --- [gestion-risk] [beatExecutor-%d] o.s.web.client.RestTemplate              : HTTP PUT http://localhost:8761/eureka/apps/GESTION-RISK/LANGIR:gestion-risk:8089?status=UP&lastDirtyTimestamp=1777381296722
2026-04-28T14:20:55.517+01:00 DEBUG 17796 --- [gestion-risk] [beatExecutor-%d] o.s.web.client.RestTemplate              : Accept=[application/json, application/*+json]
2026-04-28T14:20:55.534+01:00 DEBUG 17796 --- [gestion-risk] [beatExecutor-%d] o.s.web.client.RestTemplate              : Response 200 OK
2026-04-28T14:21:00.553+01:00 DEBUG 17796 --- [gestion-risk] [beatExecutor-%d] o.s.web.client.RestTemplate              : HTTP PUT http://localhost:8761/eureka/apps/GESTION-RISK/LANGIR:gestion-risk:8089?status=UP&lastDirtyTimestamp=1777381296722
2026-04-28T14:21:00.553+01:00 DEBUG 17796 --- [gestion-risk] [beatExecutor-%d] o.s.web.client.RestTemplate              : Accept=[application/json, application/*+json]
2026-04-28T14:21:00.568+01:00 DEBUG 17796 --- [gestion-risk] [beatExecutor-%d] o.s.web.client.RestTemplate              : Response 200 OK
2026-04-28T14:21:05.573+01:00 DEBUG 17796 --- [gestion-risk] [beatExecutor-%d] o.s.web.client.RestTemplate              : HTTP PUT http://localhost:8761/eureka/apps/GESTION-RISK/LANGIR:gestion-risk:8089?status=UP&lastDirtyTimestamp=1777381296722
2026-04-28T14:21:05.573+01:00 DEBUG 17796 --- [gestion-risk] [beatExecutor-%d] o.s.web.client.RestTemplate              : Accept=[application/json, application/*+json]
2026-04-28T14:21:05.589+01:00 DEBUG 17796 --- [gestion-risk] [beatExecutor-%d] o.s.web.client.RestTemplate              : Response 200 OK
2026-04-28T14:21:08.001+01:00 DEBUG 17796 --- [gestion-risk] [reshExecutor-%d] o.s.web.client.RestTemplate              : HTTP GET http://localhost:8761/eureka/apps/delta
2026-04-28T14:21:08.005+01:00 DEBUG 17796 --- [gestion-risk] [reshExecutor-%d] o.s.web.client.RestTemplate              : Accept=[application/json, application/*+json]
2026-04-28T14:21:08.017+01:00 DEBUG 17796 --- [gestion-risk] [reshExecutor-%d] o.s.web.client.RestTemplate              : Response 200 OK
2026-04-28T14:21:08.017+01:00 DEBUG 17796 --- [gestion-risk] [reshExecutor-%d] o.s.web.client.RestTemplate              : Reading to [org.springframework.cloud.netflix.eureka.http.EurekaApplications]
2026-04-28T14:21:10.598+01:00 DEBUG 17796 --- [gestion-risk] [beatExecutor-%d] o.s.web.client.RestTemplate              : HTTP PUT http://localhost:8761/eureka/apps/GESTION-RISK/LANGIR:gestion-risk:8089?status=UP&lastDirtyTimestamp=1777381296722
2026-04-28T14:21:10.604+01:00 DEBUG 17796 --- [gestion-risk] [beatExecutor-%d] o.s.web.client.RestTemplate              : Accept=[application/json, application/*+json]
2026-04-28T14:21:10.620+01:00 DEBUG 17796 --- [gestion-risk] [beatExecutor-%d] o.s.web.client.RestTemplate              : Response 200 OK
2026-04-28T14:21:15.636+01:00 DEBUG 17796 --- [gestion-risk] [beatExecutor-%d] o.s.web.client.RestTemplate              : HTTP PUT http://localhost:8761/eureka/apps/GESTION-RISK/LANGIR:gestion-risk:8089?status=UP&lastDirtyTimestamp=1777381296722
2026-04-28T14:21:15.636+01:00 DEBUG 17796 --- [gestion-risk] [beatExecutor-%d] o.s.web.client.RestTemplate              : Accept=[application/json, application/*+json]
2026-04-28T14:21:15.651+01:00 DEBUG 17796 --- [gestion-risk] [beatExecutor-%d] o.s.web.client.RestTemplate              : Response 200 OK
2026-04-28T14:21:20.669+01:00 DEBUG 17796 --- [gestion-risk] [beatExecutor-%d] o.s.web.client.RestTemplate              : HTTP PUT http://localhost:8761/eureka/apps/GESTION-RISK/LANGIR:gestion-risk:8089?status=UP&lastDirtyTimestamp=1777381296722
2026-04-28T14:21:20.669+01:00 DEBUG 17796 --- [gestion-risk] [beatExecutor-%d] o.s.web.client.RestTemplate              : Accept=[application/json, application/*+json]
2026-04-28T14:21:20.685+01:00 DEBUG 17796 --- [gestion-risk] [beatExecutor-%d] o.s.web.client.RestTemplate              : Response 200 OK
2026-04-28T14:21:25.697+01:00 DEBUG 17796 --- [gestion-risk] [beatExecutor-%d] o.s.web.client.RestTemplate              : HTTP PUT http://localhost:8761/eureka/apps/GESTION-RISK/LANGIR:gestion-risk:8089?status=UP&lastDirtyTimestamp=1777381296722
2026-04-28T14:21:25.697+01:00 DEBUG 17796 --- [gestion-risk] [beatExecutor-%d] o.s.web.client.RestTemplate              : Accept=[application/json, application/*+json]
2026-04-28T14:21:25.713+01:00 DEBUG 17796 --- [gestion-risk] [beatExecutor-%d] o.s.web.client.RestTemplate              : Response 200 OK
2026-04-28T14:21:30.723+01:00 DEBUG 17796 --- [gestion-risk] [beatExecutor-%d] o.s.web.client.RestTemplate              : HTTP PUT http://localhost:8761/eureka/apps/GESTION-RISK/LANGIR:gestion-risk:8089?status=UP&lastDirtyTimestamp=1777381296722
2026-04-28T14:21:30.723+01:00 DEBUG 17796 --- [gestion-risk] [beatExecutor-%d] o.s.web.client.RestTemplate              : Accept=[application/json, application/*+json]
2026-04-28T14:21:30.739+01:00 DEBUG 17796 --- [gestion-risk] [beatExecutor-%d] o.s.web.client.RestTemplate              : Response 200 OK
2026-04-28T14:21:35.749+01:00 DEBUG 17796 --- [gestion-risk] [beatExecutor-%d] o.s.web.client.RestTemplate              : HTTP PUT http://localhost:8761/eureka/apps/GESTION-RISK/LANGIR:gestion-risk:8089?status=UP&lastDirtyTimestamp=1777381296722
2026-04-28T14:21:35.749+01:00 DEBUG 17796 --- [gestion-risk] [beatExecutor-%d] o.s.web.client.RestTemplate              : Accept=[application/json, application/*+json]
2026-04-28T14:21:35.765+01:00 DEBUG 17796 --- [gestion-risk] [beatExecutor-%d] o.s.web.client.RestTemplate              : Response 200 OK
2026-04-28T14:21:36.599+01:00  INFO 17796 --- [gestion-risk] [rap-executor-%d] c.n.d.s.r.aws.ConfigClusterResolver      : Resolving eureka endpoints via configuration
2026-04-28T14:21:38.034+01:00 DEBUG 17796 --- [gestion-risk] [reshExecutor-%d] o.s.web.client.RestTemplate              : HTTP GET http://localhost:8761/eureka/apps/delta
2026-04-28T14:21:38.036+01:00 DEBUG 17796 --- [gestion-risk] [reshExecutor-%d] o.s.web.client.RestTemplate              : Accept=[application/json, application/*+json]
2026-04-28T14:21:38.051+01:00 DEBUG 17796 --- [gestion-risk] [reshExecutor-%d] o.s.web.client.RestTemplate              : Response 200 OK
2026-04-28T14:21:38.051+01:00 DEBUG 17796 --- [gestion-risk] [reshExecutor-%d] o.s.web.client.RestTemplate              : Reading to [org.springframework.cloud.netflix.eureka.http.EurekaApplications]
2026-04-28T14:21:40.770+01:00 DEBUG 17796 --- [gestion-risk] [beatExecutor-%d] o.s.web.client.RestTemplate              : HTTP PUT http://localhost:8761/eureka/apps/GESTION-RISK/LANGIR:gestion-risk:8089?status=UP&lastDirtyTimestamp=1777381296722
2026-04-28T14:21:40.770+01:00 DEBUG 17796 --- [gestion-risk] [beatExecutor-%d] o.s.web.client.RestTemplate              : Accept=[application/json, application/*+json]
2026-04-28T14:21:40.786+01:00 DEBUG 17796 --- [gestion-risk] [beatExecutor-%d] o.s.web.client.RestTemplate              : Response 200 OK
2026-04-28T14:21:45.792+01:00 DEBUG 17796 --- [gestion-risk] [beatExecutor-%d] o.s.web.client.RestTemplate              : HTTP PUT http://localhost:8761/eureka/apps/GESTION-RISK/LANGIR:gestion-risk:8089?status=UP&lastDirtyTimestamp=1777381296722
2026-04-28T14:21:45.792+01:00 DEBUG 17796 --- [gestion-risk] [beatExecutor-%d] o.s.web.client.RestTemplate              : Accept=[application/json, application/*+json]
2026-04-28T14:21:45.807+01:00 DEBUG 17796 --- [gestion-risk] [beatExecutor-%d] o.s.web.client.RestTemplate              : Response 200 OK
2026-04-28T14:21:50.821+01:00 DEBUG 17796 --- [gestion-risk] [beatExecutor-%d] o.s.web.client.RestTemplate              : HTTP PUT http://localhost:8761/eureka/apps/GESTION-RISK/LANGIR:gestion-risk:8089?status=UP&lastDirtyTimestamp=1777381296722
2026-04-28T14:21:50.821+01:00 DEBUG 17796 --- [gestion-risk] [beatExecutor-%d] o.s.web.client.RestTemplate              : Accept=[application/json, application/*+json]
2026-04-28T14:21:50.837+01:00 DEBUG 17796 --- [gestion-risk] [beatExecutor-%d] o.s.web.client.RestTemplate              : Response 200 OK
2026-04-28T14:21:55.848+01:00 DEBUG 17796 --- [gestion-risk] [beatExecutor-%d] o.s.web.client.RestTemplate              : HTTP PUT http://localhost:8761/eureka/apps/GESTION-RISK/LANGIR:gestion-risk:8089?status=UP&lastDirtyTimestamp=1777381296722
2026-04-28T14:21:55.851+01:00 DEBUG 17796 --- [gestion-risk] [beatExecutor-%d] o.s.web.client.RestTemplate              : Accept=[application/json, application/*+json]
2026-04-28T14:21:55.864+01:00 DEBUG 17796 --- [gestion-risk] [beatExecutor-%d] o.s.web.client.RestTemplate              : Response 200 OK
2026-04-28T14:22:00.879+01:00 DEBUG 17796 --- [gestion-risk] [beatExecutor-%d] o.s.web.client.RestTemplate              : HTTP PUT http://localhost:8761/eureka/apps/GESTION-RISK/LANGIR:gestion-risk:8089?status=UP&lastDirtyTimestamp=1777381296722
2026-04-28T14:22:00.880+01:00 DEBUG 17796 --- [gestion-risk] [beatExecutor-%d] o.s.web.client.RestTemplate              : Accept=[application/json, application/*+json]
2026-04-28T14:22:00.897+01:00 DEBUG 17796 --- [gestion-risk] [beatExecutor-%d] o.s.web.client.RestTemplate              : Response 200 OK
2026-04-28T14:22:05.904+01:00 DEBUG 17796 --- [gestion-risk] [beatExecutor-%d] o.s.web.client.RestTemplate              : HTTP PUT http://localhost:8761/eureka/apps/GESTION-RISK/LANGIR:gestion-risk:8089?status=UP&lastDirtyTimestamp=1777381296722
2026-04-28T14:22:05.909+01:00 DEBUG 17796 --- [gestion-risk] [beatExecutor-%d] o.s.web.client.RestTemplate              : Accept=[application/json, application/*+json]
2026-04-28T14:22:05.921+01:00 DEBUG 17796 --- [gestion-risk] [beatExecutor-%d] o.s.web.client.RestTemplate              : Response 200 OK
2026-04-28T14:22:08.056+01:00 DEBUG 17796 --- [gestion-risk] [reshExecutor-%d] o.s.web.client.RestTemplate              : HTTP GET http://localhost:8761/eureka/apps/delta
2026-04-28T14:22:08.059+01:00 DEBUG 17796 --- [gestion-risk] [reshExecutor-%d] o.s.web.client.RestTemplate              : Accept=[application/json, application/*+json]
2026-04-28T14:22:08.074+01:00 DEBUG 17796 --- [gestion-risk] [reshExecutor-%d] o.s.web.client.RestTemplate              : Response 200 OK
2026-04-28T14:22:08.076+01:00 DEBUG 17796 --- [gestion-risk] [reshExecutor-%d] o.s.web.client.RestTemplate              : Reading to [org.springframework.cloud.netflix.eureka.http.EurekaApplications]
2026-04-28T14:22:10.929+01:00 DEBUG 17796 --- [gestion-risk] [beatExecutor-%d] o.s.web.client.RestTemplate              : HTTP PUT http://localhost:8761/eureka/apps/GESTION-RISK/LANGIR:gestion-risk:8089?status=UP&lastDirtyTimestamp=1777381296722
2026-04-28T14:22:10.934+01:00 DEBUG 17796 --- [gestion-risk] [beatExecutor-%d] o.s.web.client.RestTemplate              : Accept=[application/json, application/*+json]
2026-04-28T14:22:10.943+01:00 DEBUG 17796 --- [gestion-risk] [beatExecutor-%d] o.s.web.client.RestTemplate              : Response 200 OK
2026-04-28T14:22:15.947+01:00 DEBUG 17796 --- [gestion-risk] [beatExecutor-%d] o.s.web.client.RestTemplate              : HTTP PUT http://localhost:8761/eureka/apps/GESTION-RISK/LANGIR:gestion-risk:8089?status=UP&lastDirtyTimestamp=1777381296722
2026-04-28T14:22:15.950+01:00 DEBUG 17796 --- [gestion-risk] [beatExecutor-%d] o.s.web.client.RestTemplate              : Accept=[application/json, application/*+json]
2026-04-28T14:22:15.964+01:00 DEBUG 17796 --- [gestion-risk] [beatExecutor-%d] o.s.web.client.RestTemplate              : Response 200 OK
2026-04-28T14:22:20.966+01:00 DEBUG 17796 --- [gestion-risk] [beatExecutor-%d] o.s.web.client.RestTemplate              : HTTP PUT http://localhost:8761/eureka/apps/GESTION-RISK/LANGIR:gestion-risk:8089?status=UP&lastDirtyTimestamp=1777381296722
2026-04-28T14:22:20.969+01:00 DEBUG 17796 --- [gestion-risk] [beatExecutor-%d] o.s.web.client.RestTemplate              : Accept=[application/json, application/*+json]
2026-04-28T14:22:20.983+01:00 DEBUG 17796 --- [gestion-risk] [beatExecutor-%d] o.s.web.client.RestTemplate              : Response 200 OK
2026-04-28T14:22:25.995+01:00 DEBUG 17796 --- [gestion-risk] [beatExecutor-%d] o.s.web.client.RestTemplate              : HTTP PUT http://localhost:8761/eureka/apps/GESTION-RISK/LANGIR:gestion-risk:8089?status=UP&lastDirtyTimestamp=1777381296722
2026-04-28T14:22:26.000+01:00 DEBUG 17796 --- [gestion-risk] [beatExecutor-%d] o.s.web.client.RestTemplate              : Accept=[application/json, application/*+json]
2026-04-28T14:22:26.015+01:00 DEBUG 17796 --- [gestion-risk] [beatExecutor-%d] o.s.web.client.RestTemplate              : Response 200 OK
2026-04-28T14:22:31.028+01:00 DEBUG 17796 --- [gestion-risk] [beatExecutor-%d] o.s.web.client.RestTemplate              : HTTP PUT http://localhost:8761/eureka/apps/GESTION-RISK/LANGIR:gestion-risk:8089?status=UP&lastDirtyTimestamp=1777381296722
2026-04-28T14:22:31.033+01:00 DEBUG 17796 --- [gestion-risk] [beatExecutor-%d] o.s.web.client.RestTemplate              : Accept=[application/json, application/*+json]
2026-04-28T14:22:31.048+01:00 DEBUG 17796 --- [gestion-risk] [beatExecutor-%d] o.s.web.client.RestTemplate              : Response 200 OK
2026-04-28T14:22:36.057+01:00 DEBUG 17796 --- [gestion-risk] [beatExecutor-%d] o.s.web.client.RestTemplate              : HTTP PUT http://localhost:8761/eureka/apps/GESTION-RISK/LANGIR:gestion-risk:8089?status=UP&lastDirtyTimestamp=1777381296722
2026-04-28T14:22:36.062+01:00 DEBUG 17796 --- [gestion-risk] [beatExecutor-%d] o.s.web.client.RestTemplate              : Accept=[application/json, application/*+json]
2026-04-28T14:22:36.077+01:00 DEBUG 17796 --- [gestion-risk] [beatExecutor-%d] o.s.web.client.RestTemplate              : Response 200 OK
2026-04-28T14:22:38.095+01:00 DEBUG 17796 --- [gestion-risk] [reshExecutor-%d] o.s.web.client.RestTemplate              : HTTP GET http://localhost:8761/eureka/apps/delta
2026-04-28T14:22:38.100+01:00 DEBUG 17796 --- [gestion-risk] [reshExecutor-%d] o.s.web.client.RestTemplate              : Accept=[application/json, application/*+json]
2026-04-28T14:22:38.114+01:00 DEBUG 17796 --- [gestion-risk] [reshExecutor-%d] o.s.web.client.RestTemplate              : Response 200 OK
2026-04-28T14:22:38.116+01:00 DEBUG 17796 --- [gestion-risk] [reshExecutor-%d] o.s.web.client.RestTemplate              : Reading to [org.springframework.cloud.netflix.eureka.http.EurekaApplications]
2026-04-28T14:22:41.084+01:00 DEBUG 17796 --- [gestion-risk] [beatExecutor-%d] o.s.web.client.RestTemplate              : HTTP PUT http://localhost:8761/eureka/apps/GESTION-RISK/LANGIR:gestion-risk:8089?status=UP&lastDirtyTimestamp=1777381296722
2026-04-28T14:22:41.085+01:00 DEBUG 17796 --- [gestion-risk] [beatExecutor-%d] o.s.web.client.RestTemplate              : Accept=[application/json, application/*+json]
2026-04-28T14:22:41.101+01:00 DEBUG 17796 --- [gestion-risk] [beatExecutor-%d] o.s.web.client.RestTemplate              : Response 200 OK
2026-04-28T14:22:46.115+01:00 DEBUG 17796 --- [gestion-risk] [beatExecutor-%d] o.s.web.client.RestTemplate              : HTTP PUT http://localhost:8761/eureka/apps/GESTION-RISK/LANGIR:gestion-risk:8089?status=UP&lastDirtyTimestamp=1777381296722
2026-04-28T14:22:46.118+01:00 DEBUG 17796 --- [gestion-risk] [beatExecutor-%d] o.s.web.client.RestTemplate              : Accept=[application/json, application/*+json]
2026-04-28T14:22:46.132+01:00 DEBUG 17796 --- [gestion-risk] [beatExecutor-%d] o.s.web.client.RestTemplate              : Response 200 OK
2026-04-28T14:22:51.137+01:00 DEBUG 17796 --- [gestion-risk] [beatExecutor-%d] o.s.web.client.RestTemplate              : HTTP PUT http://localhost:8761/eureka/apps/GESTION-RISK/LANGIR:gestion-risk:8089?status=UP&lastDirtyTimestamp=1777381296722
2026-04-28T14:22:51.142+01:00 DEBUG 17796 --- [gestion-risk] [beatExecutor-%d] o.s.web.client.RestTemplate              : Accept=[application/json, application/*+json]
2026-04-28T14:22:51.161+01:00 DEBUG 17796 --- [gestion-risk] [beatExecutor-%d] o.s.web.client.RestTemplate              : Response 200 OK
2026-04-28T14:22:56.163+01:00 DEBUG 17796 --- [gestion-risk] [beatExecutor-%d] o.s.web.client.RestTemplate              : HTTP PUT http://localhost:8761/eureka/apps/GESTION-RISK/LANGIR:gestion-risk:8089?status=UP&lastDirtyTimestamp=1777381296722
2026-04-28T14:22:56.168+01:00 DEBUG 17796 --- [gestion-risk] [beatExecutor-%d] o.s.web.client.RestTemplate              : Accept=[application/json, application/*+json]
2026-04-28T14:22:56.182+01:00 DEBUG 17796 --- [gestion-risk] [beatExecutor-%d] o.s.web.client.RestTemplate              : Response 200 OK
2026-04-28T14:23:01.194+01:00 DEBUG 17796 --- [gestion-risk] [beatExecutor-%d] o.s.web.client.RestTemplate              : HTTP PUT http://localhost:8761/eureka/apps/GESTION-RISK/LANGIR:gestion-risk:8089?status=UP&lastDirtyTimestamp=1777381296722
2026-04-28T14:23:01.196+01:00 DEBUG 17796 --- [gestion-risk] [beatExecutor-%d] o.s.web.client.RestTemplate              : Accept=[application/json, application/*+json]
2026-04-28T14:23:01.211+01:00 DEBUG 17796 --- [gestion-risk] [beatExecutor-%d] o.s.web.client.RestTemplate              : Response 200 OK
2026-04-28T14:23:06.225+01:00 DEBUG 17796 --- [gestion-risk] [beatExecutor-%d] o.s.web.client.RestTemplate              : HTTP PUT http://localhost:8761/eureka/apps/GESTION-RISK/LANGIR:gestion-risk:8089?status=UP&lastDirtyTimestamp=1777381296722
2026-04-28T14:23:06.228+01:00 DEBUG 17796 --- [gestion-risk] [beatExecutor-%d] o.s.web.client.RestTemplate              : Accept=[application/json, application/*+json]
2026-04-28T14:23:06.241+01:00 DEBUG 17796 --- [gestion-risk] [beatExecutor-%d] o.s.web.client.RestTemplate              : Response 200 OK
2026-04-28T14:23:08.136+01:00 DEBUG 17796 --- [gestion-risk] [reshExecutor-%d] o.s.web.client.RestTemplate              : HTTP GET http://localhost:8761/eureka/apps/delta
2026-04-28T14:23:08.136+01:00 DEBUG 17796 --- [gestion-risk] [reshExecutor-%d] o.s.web.client.RestTemplate              : Accept=[application/json, application/*+json]
2026-04-28T14:23:08.148+01:00 DEBUG 17796 --- [gestion-risk] [reshExecutor-%d] o.s.web.client.RestTemplate              : Response 200 OK
2026-04-28T14:23:08.149+01:00 DEBUG 17796 --- [gestion-risk] [reshExecutor-%d] o.s.web.client.RestTemplate              : Reading to [org.springframework.cloud.netflix.eureka.http.EurekaApplications]
2026-04-28T14:23:11.256+01:00 DEBUG 17796 --- [gestion-risk] [beatExecutor-%d] o.s.web.client.RestTemplate              : HTTP PUT http://localhost:8761/eureka/apps/GESTION-RISK/LANGIR:gestion-risk:8089?status=UP&lastDirtyTimestamp=1777381296722
2026-04-28T14:23:11.256+01:00 DEBUG 17796 --- [gestion-risk] [beatExecutor-%d] o.s.web.client.RestTemplate              : Accept=[application/json, application/*+json]
2026-04-28T14:23:11.273+01:00 DEBUG 17796 --- [gestion-risk] [beatExecutor-%d] o.s.web.client.RestTemplate              : Response 200 OK
2026-04-28T14:23:16.291+01:00 DEBUG 17796 --- [gestion-risk] [beatExecutor-%d] o.s.web.client.RestTemplate              : HTTP PUT http://localhost:8761/eureka/apps/GESTION-RISK/LANGIR:gestion-risk:8089?status=UP&lastDirtyTimestamp=1777381296722
2026-04-28T14:23:16.293+01:00 DEBUG 17796 --- [gestion-risk] [beatExecutor-%d] o.s.web.client.RestTemplate              : Accept=[application/json, application/*+json]
2026-04-28T14:23:16.302+01:00 DEBUG 17796 --- [gestion-risk] [beatExecutor-%d] o.s.web.client.RestTemplate              : Response 200 OK
2026-04-28T14:23:21.313+01:00 DEBUG 17796 --- [gestion-risk] [beatExecutor-%d] o.s.web.client.RestTemplate              : HTTP PUT http://localhost:8761/eureka/apps/GESTION-RISK/LANGIR:gestion-risk:8089?status=UP&lastDirtyTimestamp=1777381296722
2026-04-28T14:23:21.319+01:00 DEBUG 17796 --- [gestion-risk] [beatExecutor-%d] o.s.web.client.RestTemplate              : Accept=[application/json, application/*+json]
2026-04-28T14:23:21.331+01:00 DEBUG 17796 --- [gestion-risk] [beatExecutor-%d] o.s.web.client.RestTemplate              : Response 200 OK
2026-04-28T14:23:26.346+01:00 DEBUG 17796 --- [gestion-risk] [beatExecutor-%d] o.s.web.client.RestTemplate              : HTTP PUT http://localhost:8761/eureka/apps/GESTION-RISK/LANGIR:gestion-risk:8089?status=UP&lastDirtyTimestamp=1777381296722
2026-04-28T14:23:26.351+01:00 DEBUG 17796 --- [gestion-risk] [beatExecutor-%d] o.s.web.client.RestTemplate              : Accept=[application/json, application/*+json]
2026-04-28T14:23:26.364+01:00 DEBUG 17796 --- [gestion-risk] [beatExecutor-%d] o.s.web.client.RestTemplate              : Response 200 OK
2026-04-28T14:23:31.373+01:00 DEBUG 17796 --- [gestion-risk] [beatExecutor-%d] o.s.web.client.RestTemplate              : HTTP PUT http://localhost:8761/eureka/apps/GESTION-RISK/LANGIR:gestion-risk:8089?status=UP&lastDirtyTimestamp=1777381296722
2026-04-28T14:23:31.379+01:00 DEBUG 17796 --- [gestion-risk] [beatExecutor-%d] o.s.web.client.RestTemplate              : Accept=[application/json, application/*+json]
2026-04-28T14:23:31.391+01:00 DEBUG 17796 --- [gestion-risk] [beatExecutor-%d] o.s.web.client.RestTemplate              : Response 200 OK
2026-04-28T14:23:36.408+01:00 DEBUG 17796 --- [gestion-risk] [beatExecutor-%d] o.s.web.client.RestTemplate              : HTTP PUT http://localhost:8761/eureka/apps/GESTION-RISK/LANGIR:gestion-risk:8089?status=UP&lastDirtyTimestamp=1777381296722
2026-04-28T14:23:36.422+01:00 DEBUG 17796 --- [gestion-risk] [beatExecutor-%d] o.s.web.client.RestTemplate              : Accept=[application/json, application/*+json]
2026-04-28T14:23:36.443+01:00 DEBUG 17796 --- [gestion-risk] [beatExecutor-%d] o.s.web.client.RestTemplate              : Response 200 OK
2026-04-28T14:23:38.154+01:00 DEBUG 17796 --- [gestion-risk] [reshExecutor-%d] o.s.web.client.RestTemplate              : HTTP GET http://localhost:8761/eureka/apps/delta
2026-04-28T14:23:38.165+01:00 DEBUG 17796 --- [gestion-risk] [reshExecutor-%d] o.s.web.client.RestTemplate              : Accept=[application/json, application/*+json]
2026-04-28T14:23:38.174+01:00 DEBUG 17796 --- [gestion-risk] [reshExecutor-%d] o.s.web.client.RestTemplate              : Response 200 OK
2026-04-28T14:23:38.177+01:00 DEBUG 17796 --- [gestion-risk] [reshExecutor-%d] o.s.web.client.RestTemplate              : Reading to [org.springframework.cloud.netflix.eureka.http.EurekaApplications]
2026-04-28T14:23:41.459+01:00 DEBUG 17796 --- [gestion-risk] [beatExecutor-%d] o.s.web.client.RestTemplate              : HTTP PUT http://localhost:8761/eureka/apps/GESTION-RISK/LANGIR:gestion-risk:8089?status=UP&lastDirtyTimestamp=1777381296722
2026-04-28T14:23:41.464+01:00 DEBUG 17796 --- [gestion-risk] [beatExecutor-%d] o.s.web.client.RestTemplate              : Accept=[application/json, application/*+json]
2026-04-28T14:23:41.475+01:00 DEBUG 17796 --- [gestion-risk] [beatExecutor-%d] o.s.web.client.RestTemplate              : Response 200 OK
2026-04-28T14:23:46.478+01:00 DEBUG 17796 --- [gestion-risk] [beatExecutor-%d] o.s.web.client.RestTemplate              : HTTP PUT http://localhost:8761/eureka/apps/GESTION-RISK/LANGIR:gestion-risk:8089?status=UP&lastDirtyTimestamp=1777381296722
2026-04-28T14:23:46.481+01:00 DEBUG 17796 --- [gestion-risk] [beatExecutor-%d] o.s.web.client.RestTemplate              : Accept=[application/json, application/*+json]
2026-04-28T14:23:46.495+01:00 DEBUG 17796 --- [gestion-risk] [beatExecutor-%d] o.s.web.client.RestTemplate              : Response 200 OK
2026-04-28T14:23:51.501+01:00 DEBUG 17796 --- [gestion-risk] [beatExecutor-%d] o.s.web.client.RestTemplate              : HTTP PUT http://localhost:8761/eureka/apps/GESTION-RISK/LANGIR:gestion-risk:8089?status=UP&lastDirtyTimestamp=1777381296722
2026-04-28T14:23:51.505+01:00 DEBUG 17796 --- [gestion-risk] [beatExecutor-%d] o.s.web.client.RestTemplate              : Accept=[application/json, application/*+json]
2026-04-28T14:23:51.517+01:00 DEBUG 17796 --- [gestion-risk] [beatExecutor-%d] o.s.web.client.RestTemplate              : Response 200 OK
2026-04-28T14:23:56.526+01:00 DEBUG 17796 --- [gestion-risk] [beatExecutor-%d] o.s.web.client.RestTemplate              : HTTP PUT http://localhost:8761/eureka/apps/GESTION-RISK/LANGIR:gestion-risk:8089?status=UP&lastDirtyTimestamp=1777381296722
2026-04-28T14:23:56.531+01:00 DEBUG 17796 --- [gestion-risk] [beatExecutor-%d] o.s.web.client.RestTemplate              : Accept=[application/json, application/*+json]
2026-04-28T14:23:56.548+01:00 DEBUG 17796 --- [gestion-risk] [beatExecutor-%d] o.s.web.client.RestTemplate              : Response 200 OK
2026-04-28T14:24:01.559+01:00 DEBUG 17796 --- [gestion-risk] [beatExecutor-%d] o.s.web.client.RestTemplate              : HTTP PUT http://localhost:8761/eureka/apps/GESTION-RISK/LANGIR:gestion-risk:8089?status=UP&lastDirtyTimestamp=1777381296722
2026-04-28T14:24:01.564+01:00 DEBUG 17796 --- [gestion-risk] [beatExecutor-%d] o.s.web.client.RestTemplate              : Accept=[application/json, application/*+json]
2026-04-28T14:24:01.579+01:00 DEBUG 17796 --- [gestion-risk] [beatExecutor-%d] o.s.web.client.RestTemplate              : Response 200 OK
2026-04-28T14:24:06.592+01:00 DEBUG 17796 --- [gestion-risk] [beatExecutor-%d] o.s.web.client.RestTemplate              : HTTP PUT http://localhost:8761/eureka/apps/GESTION-RISK/LANGIR:gestion-risk:8089?status=UP&lastDirtyTimestamp=1777381296722
2026-04-28T14:24:06.599+01:00 DEBUG 17796 --- [gestion-risk] [beatExecutor-%d] o.s.web.client.RestTemplate              : Accept=[application/json, application/*+json]
2026-04-28T14:24:06.614+01:00 DEBUG 17796 --- [gestion-risk] [beatExecutor-%d] o.s.web.client.RestTemplate              : Response 200 OK
2026-04-28T14:24:08.187+01:00 DEBUG 17796 --- [gestion-risk] [reshExecutor-%d] o.s.web.client.RestTemplate              : HTTP GET http://localhost:8761/eureka/apps/delta
2026-04-28T14:24:08.191+01:00 DEBUG 17796 --- [gestion-risk] [reshExecutor-%d] o.s.web.client.RestTemplate              : Accept=[application/json, application/*+json]
2026-04-28T14:24:08.208+01:00 DEBUG 17796 --- [gestion-risk] [reshExecutor-%d] o.s.web.client.RestTemplate              : Response 200 OK
2026-04-28T14:24:08.211+01:00 DEBUG 17796 --- [gestion-risk] [reshExecutor-%d] o.s.web.client.RestTemplate              : Reading to [org.springframework.cloud.netflix.eureka.http.EurekaApplications]
2026-04-28T14:24:11.625+01:00 DEBUG 17796 --- [gestion-risk] [beatExecutor-%d] o.s.web.client.RestTemplate              : HTTP PUT http://localhost:8761/eureka/apps/GESTION-RISK/LANGIR:gestion-risk:8089?status=UP&lastDirtyTimestamp=1777381296722
2026-04-28T14:24:11.629+01:00 DEBUG 17796 --- [gestion-risk] [beatExecutor-%d] o.s.web.client.RestTemplate              : Accept=[application/json, application/*+json]
2026-04-28T14:24:11.633+01:00 DEBUG 17796 --- [gestion-risk] [beatExecutor-%d] o.s.web.client.RestTemplate              : Response 200 OK
2026-04-28T14:24:16.643+01:00 DEBUG 17796 --- [gestion-risk] [beatExecutor-%d] o.s.web.client.RestTemplate              : HTTP PUT http://localhost:8761/eureka/apps/GESTION-RISK/LANGIR:gestion-risk:8089?status=UP&lastDirtyTimestamp=1777381296722
2026-04-28T14:24:16.645+01:00 DEBUG 17796 --- [gestion-risk] [beatExecutor-%d] o.s.web.client.RestTemplate              : Accept=[application/json, application/*+json]
2026-04-28T14:24:16.661+01:00 DEBUG 17796 --- [gestion-risk] [beatExecutor-%d] o.s.web.client.RestTemplate              : Response 200 OK
2026-04-28T14:24:21.677+01:00 DEBUG 17796 --- [gestion-risk] [beatExecutor-%d] o.s.web.client.RestTemplate              : HTTP PUT http://localhost:8761/eureka/apps/GESTION-RISK/LANGIR:gestion-risk:8089?status=UP&lastDirtyTimestamp=1777381296722
2026-04-28T14:24:21.682+01:00 DEBUG 17796 --- [gestion-risk] [beatExecutor-%d] o.s.web.client.RestTemplate              : Accept=[application/json, application/*+json]
2026-04-28T14:24:21.693+01:00 DEBUG 17796 --- [gestion-risk] [beatExecutor-%d] o.s.web.client.RestTemplate              : Response 200 OK
2026-04-28T14:24:26.695+01:00 DEBUG 17796 --- [gestion-risk] [beatExecutor-%d] o.s.web.client.RestTemplate              : HTTP PUT http://localhost:8761/eureka/apps/GESTION-RISK/LANGIR:gestion-risk:8089?status=UP&lastDirtyTimestamp=1777381296722
2026-04-28T14:24:26.699+01:00 DEBUG 17796 --- [gestion-risk] [beatExecutor-%d] o.s.web.client.RestTemplate              : Accept=[application/json, application/*+json]
2026-04-28T14:24:26.713+01:00 DEBUG 17796 --- [gestion-risk] [beatExecutor-%d] o.s.web.client.RestTemplate              : Response 200 OK
2026-04-28T14:24:31.715+01:00 DEBUG 17796 --- [gestion-risk] [beatExecutor-%d] o.s.web.client.RestTemplate              : HTTP PUT http://localhost:8761/eureka/apps/GESTION-RISK/LANGIR:gestion-risk:8089?status=UP&lastDirtyTimestamp=1777381296722
2026-04-28T14:24:31.721+01:00 DEBUG 17796 --- [gestion-risk] [beatExecutor-%d] o.s.web.client.RestTemplate              : Accept=[application/json, application/*+json]
2026-04-28T14:24:31.732+01:00 DEBUG 17796 --- [gestion-risk] [beatExecutor-%d] o.s.web.client.RestTemplate              : Response 200 OK
2026-04-28T14:24:36.744+01:00 DEBUG 17796 --- [gestion-risk] [beatExecutor-%d] o.s.web.client.RestTemplate              : HTTP PUT http://localhost:8761/eureka/apps/GESTION-RISK/LANGIR:gestion-risk:8089?status=UP&lastDirtyTimestamp=1777381296722
2026-04-28T14:24:36.749+01:00 DEBUG 17796 --- [gestion-risk] [beatExecutor-%d] o.s.web.client.RestTemplate              : Accept=[application/json, application/*+json]
2026-04-28T14:24:36.765+01:00 DEBUG 17796 --- [gestion-risk] [beatExecutor-%d] o.s.web.client.RestTemplate              : Response 200 OK
2026-04-28T14:24:38.220+01:00 DEBUG 17796 --- [gestion-risk] [reshExecutor-%d] o.s.web.client.RestTemplate              : HTTP GET http://localhost:8761/eureka/apps/delta
2026-04-28T14:24:38.223+01:00 DEBUG 17796 --- [gestion-risk] [reshExecutor-%d] o.s.web.client.RestTemplate              : Accept=[application/json, application/*+json]
2026-04-28T14:24:38.239+01:00 DEBUG 17796 --- [gestion-risk] [reshExecutor-%d] o.s.web.client.RestTemplate              : Response 200 OK
2026-04-28T14:24:38.240+01:00 DEBUG 17796 --- [gestion-risk] [reshExecutor-%d] o.s.web.client.RestTemplate              : Reading to [org.springframework.cloud.netflix.eureka.http.EurekaApplications]
2026-04-28T14:24:41.772+01:00 DEBUG 17796 --- [gestion-risk] [beatExecutor-%d] o.s.web.client.RestTemplate              : HTTP PUT http://localhost:8761/eureka/apps/GESTION-RISK/LANGIR:gestion-risk:8089?status=UP&lastDirtyTimestamp=1777381296722
2026-04-28T14:24:41.775+01:00 DEBUG 17796 --- [gestion-risk] [beatExecutor-%d] o.s.web.client.RestTemplate              : Accept=[application/json, application/*+json]
2026-04-28T14:24:41.789+01:00 DEBUG 17796 --- [gestion-risk] [beatExecutor-%d] o.s.web.client.RestTemplate              : Response 200 OK
2026-04-28T14:24:46.791+01:00 DEBUG 17796 --- [gestion-risk] [beatExecutor-%d] o.s.web.client.RestTemplate              : HTTP PUT http://localhost:8761/eureka/apps/GESTION-RISK/LANGIR:gestion-risk:8089?status=UP&lastDirtyTimestamp=1777381296722
2026-04-28T14:24:46.793+01:00 DEBUG 17796 --- [gestion-risk] [beatExecutor-%d] o.s.web.client.RestTemplate              : Accept=[application/json, application/*+json]
2026-04-28T14:24:46.807+01:00 DEBUG 17796 --- [gestion-risk] [beatExecutor-%d] o.s.web.client.RestTemplate              : Response 200 OK
2026-04-28T14:24:51.812+01:00 DEBUG 17796 --- [gestion-risk] [beatExecutor-%d] o.s.web.client.RestTemplate              : HTTP PUT http://localhost:8761/eureka/apps/GESTION-RISK/LANGIR:gestion-risk:8089?status=UP&lastDirtyTimestamp=1777381296722
2026-04-28T14:24:51.812+01:00 DEBUG 17796 --- [gestion-risk] [beatExecutor-%d] o.s.web.client.RestTemplate              : Accept=[application/json, application/*+json]
2026-04-28T14:24:51.829+01:00 DEBUG 17796 --- [gestion-risk] [beatExecutor-%d] o.s.web.client.RestTemplate              : Response 200 OK
2026-04-28T14:24:56.834+01:00 DEBUG 17796 --- [gestion-risk] [beatExecutor-%d] o.s.web.client.RestTemplate              : HTTP PUT http://localhost:8761/eureka/apps/GESTION-RISK/LANGIR:gestion-risk:8089?status=UP&lastDirtyTimestamp=1777381296722
2026-04-28T14:24:56.839+01:00 DEBUG 17796 --- [gestion-risk] [beatExecutor-%d] o.s.web.client.RestTemplate              : Accept=[application/json, application/*+json]
2026-04-28T14:24:56.852+01:00 DEBUG 17796 --- [gestion-risk] [beatExecutor-%d] o.s.web.client.RestTemplate              : Response 200 OK
2026-04-28T14:25:01.866+01:00 DEBUG 17796 --- [gestion-risk] [beatExecutor-%d] o.s.web.client.RestTemplate              : HTTP PUT http://localhost:8761/eureka/apps/GESTION-RISK/LANGIR:gestion-risk:8089?status=UP&lastDirtyTimestamp=1777381296722
2026-04-28T14:25:01.868+01:00 DEBUG 17796 --- [gestion-risk] [beatExecutor-%d] o.s.web.client.RestTemplate              : Accept=[application/json, application/*+json]
2026-04-28T14:25:01.881+01:00 DEBUG 17796 --- [gestion-risk] [beatExecutor-%d] o.s.web.client.RestTemplate              : Response 200 OK
2026-04-28T14:25:06.890+01:00 DEBUG 17796 --- [gestion-risk] [beatExecutor-%d] o.s.web.client.RestTemplate              : HTTP PUT http://localhost:8761/eureka/apps/GESTION-RISK/LANGIR:gestion-risk:8089?status=UP&lastDirtyTimestamp=1777381296722
2026-04-28T14:25:06.895+01:00 DEBUG 17796 --- [gestion-risk] [beatExecutor-%d] o.s.web.client.RestTemplate              : Accept=[application/json, application/*+json]
2026-04-28T14:25:06.910+01:00 DEBUG 17796 --- [gestion-risk] [beatExecutor-%d] o.s.web.client.RestTemplate              : Response 200 OK
2026-04-28T14:25:08.247+01:00 DEBUG 17796 --- [gestion-risk] [reshExecutor-%d] o.s.web.client.RestTemplate              : HTTP GET http://localhost:8761/eureka/apps/delta
2026-04-28T14:25:08.252+01:00 DEBUG 17796 --- [gestion-risk] [reshExecutor-%d] o.s.web.client.RestTemplate              : Accept=[application/json, application/*+json]
2026-04-28T14:25:08.264+01:00 DEBUG 17796 --- [gestion-risk] [reshExecutor-%d] o.s.web.client.RestTemplate              : Response 200 OK
2026-04-28T14:25:08.267+01:00 DEBUG 17796 --- [gestion-risk] [reshExecutor-%d] o.s.web.client.RestTemplate              : Reading to [org.springframework.cloud.netflix.eureka.http.EurekaApplications]
2026-04-28T14:25:11.926+01:00 DEBUG 17796 --- [gestion-risk] [beatExecutor-%d] o.s.web.client.RestTemplate              : HTTP PUT http://localhost:8761/eureka/apps/GESTION-RISK/LANGIR:gestion-risk:8089?status=UP&lastDirtyTimestamp=1777381296722
2026-04-28T14:25:11.930+01:00 DEBUG 17796 --- [gestion-risk] [beatExecutor-%d] o.s.web.client.RestTemplate              : Accept=[application/json, application/*+json]
2026-04-28T14:25:11.943+01:00 DEBUG 17796 --- [gestion-risk] [beatExecutor-%d] o.s.web.client.RestTemplate              : Response 200 OK
2026-04-28T14:25:16.957+01:00 DEBUG 17796 --- [gestion-risk] [beatExecutor-%d] o.s.web.client.RestTemplate              : HTTP PUT http://localhost:8761/eureka/apps/GESTION-RISK/LANGIR:gestion-risk:8089?status=UP&lastDirtyTimestamp=1777381296722
2026-04-28T14:25:16.960+01:00 DEBUG 17796 --- [gestion-risk] [beatExecutor-%d] o.s.web.client.RestTemplate              : Accept=[application/json, application/*+json]
2026-04-28T14:25:16.973+01:00 DEBUG 17796 --- [gestion-risk] [beatExecutor-%d] o.s.web.client.RestTemplate              : Response 200 OK
2026-04-28T14:25:21.982+01:00 DEBUG 17796 --- [gestion-risk] [beatExecutor-%d] o.s.web.client.RestTemplate              : HTTP PUT http://localhost:8761/eureka/apps/GESTION-RISK/LANGIR:gestion-risk:8089?status=UP&lastDirtyTimestamp=1777381296722
2026-04-28T14:25:21.985+01:00 DEBUG 17796 --- [gestion-risk] [beatExecutor-%d] o.s.web.client.RestTemplate              : Accept=[application/json, application/*+json]
2026-04-28T14:25:21.999+01:00 DEBUG 17796 --- [gestion-risk] [beatExecutor-%d] o.s.web.client.RestTemplate              : Response 200 OK
2026-04-28T14:25:27.015+01:00 DEBUG 17796 --- [gestion-risk] [beatExecutor-%d] o.s.web.client.RestTemplate              : HTTP PUT http://localhost:8761/eureka/apps/GESTION-RISK/LANGIR:gestion-risk:8089?status=UP&lastDirtyTimestamp=1777381296722
2026-04-28T14:25:27.018+01:00 DEBUG 17796 --- [gestion-risk] [beatExecutor-%d] o.s.web.client.RestTemplate              : Accept=[application/json, application/*+json]
2026-04-28T14:25:27.031+01:00 DEBUG 17796 --- [gestion-risk] [beatExecutor-%d] o.s.web.client.RestTemplate              : Response 200 OK
2026-04-28T14:25:32.047+01:00 DEBUG 17796 --- [gestion-risk] [beatExecutor-%d] o.s.web.client.RestTemplate              : HTTP PUT http://localhost:8761/eureka/apps/GESTION-RISK/LANGIR:gestion-risk:8089?status=UP&lastDirtyTimestamp=1777381296722
2026-04-28T14:25:32.048+01:00 DEBUG 17796 --- [gestion-risk] [beatExecutor-%d] o.s.web.client.RestTemplate              : Accept=[application/json, application/*+json]
2026-04-28T14:25:32.063+01:00 DEBUG 17796 --- [gestion-risk] [beatExecutor-%d] o.s.web.client.RestTemplate              : Response 200 OK
2026-04-28T14:25:37.069+01:00 DEBUG 17796 --- [gestion-risk] [beatExecutor-%d] o.s.web.client.RestTemplate              : HTTP PUT http://localhost:8761/eureka/apps/GESTION-RISK/LANGIR:gestion-risk:8089?status=UP&lastDirtyTimestamp=1777381296722
2026-04-28T14:25:37.075+01:00 DEBUG 17796 --- [gestion-risk] [beatExecutor-%d] o.s.web.client.RestTemplate              : Accept=[application/json, application/*+json]
2026-04-28T14:25:37.086+01:00 DEBUG 17796 --- [gestion-risk] [beatExecutor-%d] o.s.web.client.RestTemplate              : Response 200 OK
2026-04-28T14:25:38.272+01:00 DEBUG 17796 --- [gestion-risk] [reshExecutor-%d] o.s.web.client.RestTemplate              : HTTP GET http://localhost:8761/eureka/apps/delta
2026-04-28T14:25:38.275+01:00 DEBUG 17796 --- [gestion-risk] [reshExecutor-%d] o.s.web.client.RestTemplate              : Accept=[application/json, application/*+json]
2026-04-28T14:25:38.289+01:00 DEBUG 17796 --- [gestion-risk] [reshExecutor-%d] o.s.web.client.RestTemplate              : Response 200 OK
2026-04-28T14:25:38.289+01:00 DEBUG 17796 --- [gestion-risk] [reshExecutor-%d] o.s.web.client.RestTemplate              : Reading to [org.springframework.cloud.netflix.eureka.http.EurekaApplications]
2026-04-28T14:25:42.096+01:00 DEBUG 17796 --- [gestion-risk] [beatExecutor-%d] o.s.web.client.RestTemplate              : HTTP PUT http://localhost:8761/eureka/apps/GESTION-RISK/LANGIR:gestion-risk:8089?status=UP&lastDirtyTimestamp=1777381296722
2026-04-28T14:25:42.100+01:00 DEBUG 17796 --- [gestion-risk] [beatExecutor-%d] o.s.web.client.RestTemplate              : Accept=[application/json, application/*+json]
2026-04-28T14:25:42.113+01:00 DEBUG 17796 --- [gestion-risk] [beatExecutor-%d] o.s.web.client.RestTemplate              : Response 200 OK
2026-04-28T14:25:47.126+01:00 DEBUG 17796 --- [gestion-risk] [beatExecutor-%d] o.s.web.client.RestTemplate              : HTTP PUT http://localhost:8761/eureka/apps/GESTION-RISK/LANGIR:gestion-risk:8089?status=UP&lastDirtyTimestamp=1777381296722
2026-04-28T14:25:47.130+01:00 DEBUG 17796 --- [gestion-risk] [beatExecutor-%d] o.s.web.client.RestTemplate              : Accept=[application/json, application/*+json]
2026-04-28T14:25:47.143+01:00 DEBUG 17796 --- [gestion-risk] [beatExecutor-%d] o.s.web.client.RestTemplate              : Response 200 OK
2026-04-28T14:25:52.152+01:00 DEBUG 17796 --- [gestion-risk] [beatExecutor-%d] o.s.web.client.RestTemplate              : HTTP PUT http://localhost:8761/eureka/apps/GESTION-RISK/LANGIR:gestion-risk:8089?status=UP&lastDirtyTimestamp=1777381296722
2026-04-28T14:25:52.152+01:00 DEBUG 17796 --- [gestion-risk] [beatExecutor-%d] o.s.web.client.RestTemplate              : Accept=[application/json, application/*+json]
2026-04-28T14:25:52.168+01:00 DEBUG 17796 --- [gestion-risk] [beatExecutor-%d] o.s.web.client.RestTemplate              : Response 200 OK
2026-04-28T14:25:57.169+01:00 DEBUG 17796 --- [gestion-risk] [beatExecutor-%d] o.s.web.client.RestTemplate              : HTTP PUT http://localhost:8761/eureka/apps/GESTION-RISK/LANGIR:gestion-risk:8089?status=UP&lastDirtyTimestamp=1777381296722
2026-04-28T14:25:57.173+01:00 DEBUG 17796 --- [gestion-risk] [beatExecutor-%d] o.s.web.client.RestTemplate              : Accept=[application/json, application/*+json]
2026-04-28T14:25:57.186+01:00 DEBUG 17796 --- [gestion-risk] [beatExecutor-%d] o.s.web.client.RestTemplate              : Response 200 OK
2026-04-28T14:26:02.187+01:00 DEBUG 17796 --- [gestion-risk] [beatExecutor-%d] o.s.web.client.RestTemplate              : HTTP PUT http://localhost:8761/eureka/apps/GESTION-RISK/LANGIR:gestion-risk:8089?status=UP&lastDirtyTimestamp=1777381296722
2026-04-28T14:26:02.190+01:00 DEBUG 17796 --- [gestion-risk] [beatExecutor-%d] o.s.web.client.RestTemplate              : Accept=[application/json, application/*+json]
2026-04-28T14:26:02.204+01:00 DEBUG 17796 --- [gestion-risk] [beatExecutor-%d] o.s.web.client.RestTemplate              : Response 200 OK
2026-04-28T14:26:07.209+01:00 DEBUG 17796 --- [gestion-risk] [beatExecutor-%d] o.s.web.client.RestTemplate              : HTTP PUT http://localhost:8761/eureka/apps/GESTION-RISK/LANGIR:gestion-risk:8089?status=UP&lastDirtyTimestamp=1777381296722
2026-04-28T14:26:07.215+01:00 DEBUG 17796 --- [gestion-risk] [beatExecutor-%d] o.s.web.client.RestTemplate              : Accept=[application/json, application/*+json]
2026-04-28T14:26:07.227+01:00 DEBUG 17796 --- [gestion-risk] [beatExecutor-%d] o.s.web.client.RestTemplate              : Response 200 OK
2026-04-28T14:26:08.301+01:00 DEBUG 17796 --- [gestion-risk] [reshExecutor-%d] o.s.web.client.RestTemplate              : HTTP GET http://localhost:8761/eureka/apps/delta
2026-04-28T14:26:08.304+01:00 DEBUG 17796 --- [gestion-risk] [reshExecutor-%d] o.s.web.client.RestTemplate              : Accept=[application/json, application/*+json]
2026-04-28T14:26:08.319+01:00 DEBUG 17796 --- [gestion-risk] [reshExecutor-%d] o.s.web.client.RestTemplate              : Response 200 OK
2026-04-28T14:26:08.319+01:00 DEBUG 17796 --- [gestion-risk] [reshExecutor-%d] o.s.web.client.RestTemplate              : Reading to [org.springframework.cloud.netflix.eureka.http.EurekaApplications]
2026-04-28T14:26:12.244+01:00 DEBUG 17796 --- [gestion-risk] [beatExecutor-%d] o.s.web.client.RestTemplate              : HTTP PUT http://localhost:8761/eureka/apps/GESTION-RISK/LANGIR:gestion-risk:8089?status=UP&lastDirtyTimestamp=1777381296722
2026-04-28T14:26:12.251+01:00 DEBUG 17796 --- [gestion-risk] [beatExecutor-%d] o.s.web.client.RestTemplate              : Accept=[application/json, application/*+json]
2026-04-28T14:26:12.263+01:00 DEBUG 17796 --- [gestion-risk] [beatExecutor-%d] o.s.web.client.RestTemplate              : Response 200 OK
2026-04-28T14:26:17.272+01:00 DEBUG 17796 --- [gestion-risk] [beatExecutor-%d] o.s.web.client.RestTemplate              : HTTP PUT http://localhost:8761/eureka/apps/GESTION-RISK/LANGIR:gestion-risk:8089?status=UP&lastDirtyTimestamp=1777381296722
2026-04-28T14:26:17.276+01:00 DEBUG 17796 --- [gestion-risk] [beatExecutor-%d] o.s.web.client.RestTemplate              : Accept=[application/json, application/*+json]
2026-04-28T14:26:17.295+01:00 DEBUG 17796 --- [gestion-risk] [beatExecutor-%d] o.s.web.client.RestTemplate              : Response 200 OK
2026-04-28T14:26:22.312+01:00 DEBUG 17796 --- [gestion-risk] [beatExecutor-%d] o.s.web.client.RestTemplate              : HTTP PUT http://localhost:8761/eureka/apps/GESTION-RISK/LANGIR:gestion-risk:8089?status=UP&lastDirtyTimestamp=1777381296722
2026-04-28T14:26:22.319+01:00 DEBUG 17796 --- [gestion-risk] [beatExecutor-%d] o.s.web.client.RestTemplate              : Accept=[application/json, application/*+json]
2026-04-28T14:26:22.331+01:00 DEBUG 17796 --- [gestion-risk] [beatExecutor-%d] o.s.web.client.RestTemplate              : Response 200 OK
2026-04-28T14:26:27.345+01:00 DEBUG 17796 --- [gestion-risk] [beatExecutor-%d] o.s.web.client.RestTemplate              : HTTP PUT http://localhost:8761/eureka/apps/GESTION-RISK/LANGIR:gestion-risk:8089?status=UP&lastDirtyTimestamp=1777381296722
2026-04-28T14:26:27.351+01:00 DEBUG 17796 --- [gestion-risk] [beatExecutor-%d] o.s.web.client.RestTemplate              : Accept=[application/json, application/*+json]
2026-04-28T14:26:27.363+01:00 DEBUG 17796 --- [gestion-risk] [beatExecutor-%d] o.s.web.client.RestTemplate              : Response 200 OK
2026-04-28T14:26:32.368+01:00 DEBUG 17796 --- [gestion-risk] [beatExecutor-%d] o.s.web.client.RestTemplate              : HTTP PUT http://localhost:8761/eureka/apps/GESTION-RISK/LANGIR:gestion-risk:8089?status=UP&lastDirtyTimestamp=1777381296722
2026-04-28T14:26:32.368+01:00 DEBUG 17796 --- [gestion-risk] [beatExecutor-%d] o.s.web.client.RestTemplate              : Accept=[application/json, application/*+json]
2026-04-28T14:26:32.385+01:00 DEBUG 17796 --- [gestion-risk] [beatExecutor-%d] o.s.web.client.RestTemplate              : Response 200 OK
2026-04-28T14:26:36.610+01:00  INFO 17796 --- [gestion-risk] [rap-executor-%d] c.n.d.s.r.aws.ConfigClusterResolver      : Resolving eureka endpoints via configuration
2026-04-28T14:26:37.389+01:00 DEBUG 17796 --- [gestion-risk] [beatExecutor-%d] o.s.web.client.RestTemplate              : HTTP PUT http://localhost:8761/eureka/apps/GESTION-RISK/LANGIR:gestion-risk:8089?status=UP&lastDirtyTimestamp=1777381296722
2026-04-28T14:26:37.393+01:00 DEBUG 17796 --- [gestion-risk] [beatExecutor-%d] o.s.web.client.RestTemplate              : Accept=[application/json, application/*+json]
2026-04-28T14:26:37.405+01:00 DEBUG 17796 --- [gestion-risk] [beatExecutor-%d] o.s.web.client.RestTemplate              : Response 200 OK
2026-04-28T14:26:38.323+01:00 DEBUG 17796 --- [gestion-risk] [reshExecutor-%d] o.s.web.client.RestTemplate              : HTTP GET http://localhost:8761/eureka/apps/delta
2026-04-28T14:26:38.329+01:00 DEBUG 17796 --- [gestion-risk] [reshExecutor-%d] o.s.web.client.RestTemplate              : Accept=[application/json, application/*+json]
2026-04-28T14:26:38.344+01:00 DEBUG 17796 --- [gestion-risk] [reshExecutor-%d] o.s.web.client.RestTemplate              : Response 200 OK
2026-04-28T14:26:38.345+01:00 DEBUG 17796 --- [gestion-risk] [reshExecutor-%d] o.s.web.client.RestTemplate              : Reading to [org.springframework.cloud.netflix.eureka.http.EurekaApplications]
2026-04-28T14:26:42.408+01:00 DEBUG 17796 --- [gestion-risk] [beatExecutor-%d] o.s.web.client.RestTemplate              : HTTP PUT http://localhost:8761/eureka/apps/GESTION-RISK/LANGIR:gestion-risk:8089?status=UP&lastDirtyTimestamp=1777381296722
2026-04-28T14:26:42.415+01:00 DEBUG 17796 --- [gestion-risk] [beatExecutor-%d] o.s.web.client.RestTemplate              : Accept=[application/json, application/*+json]
2026-04-28T14:26:42.428+01:00 DEBUG 17796 --- [gestion-risk] [beatExecutor-%d] o.s.web.client.RestTemplate              : Response 200 OK
2026-04-28T14:26:47.446+01:00 DEBUG 17796 --- [gestion-risk] [beatExecutor-%d] o.s.web.client.RestTemplate              : HTTP PUT http://localhost:8761/eureka/apps/GESTION-RISK/LANGIR:gestion-risk:8089?status=UP&lastDirtyTimestamp=1777381296722
2026-04-28T14:26:47.450+01:00 DEBUG 17796 --- [gestion-risk] [beatExecutor-%d] o.s.web.client.RestTemplate              : Accept=[application/json, application/*+json]
2026-04-28T14:26:47.462+01:00 DEBUG 17796 --- [gestion-risk] [beatExecutor-%d] o.s.web.client.RestTemplate              : Response 200 OK
2026-04-28T14:26:52.468+01:00 DEBUG 17796 --- [gestion-risk] [beatExecutor-%d] o.s.web.client.RestTemplate              : HTTP PUT http://localhost:8761/eureka/apps/GESTION-RISK/LANGIR:gestion-risk:8089?status=UP&lastDirtyTimestamp=1777381296722
2026-04-28T14:26:52.472+01:00 DEBUG 17796 --- [gestion-risk] [beatExecutor-%d] o.s.web.client.RestTemplate              : Accept=[application/json, application/*+json]
2026-04-28T14:26:52.485+01:00 DEBUG 17796 --- [gestion-risk] [beatExecutor-%d] o.s.web.client.RestTemplate              : Response 200 OK
2026-04-28T14:26:57.488+01:00 DEBUG 17796 --- [gestion-risk] [beatExecutor-%d] o.s.web.client.RestTemplate              : HTTP PUT http://localhost:8761/eureka/apps/GESTION-RISK/LANGIR:gestion-risk:8089?status=UP&lastDirtyTimestamp=1777381296722
2026-04-28T14:26:57.489+01:00 DEBUG 17796 --- [gestion-risk] [beatExecutor-%d] o.s.web.client.RestTemplate              : Accept=[application/json, application/*+json]
2026-04-28T14:26:57.504+01:00 DEBUG 17796 --- [gestion-risk] [beatExecutor-%d] o.s.web.client.RestTemplate              : Response 200 OK
2026-04-28T14:27:02.511+01:00 DEBUG 17796 --- [gestion-risk] [beatExecutor-%d] o.s.web.client.RestTemplate              : HTTP PUT http://localhost:8761/eureka/apps/GESTION-RISK/LANGIR:gestion-risk:8089?status=UP&lastDirtyTimestamp=1777381296722
2026-04-28T14:27:02.514+01:00 DEBUG 17796 --- [gestion-risk] [beatExecutor-%d] o.s.web.client.RestTemplate              : Accept=[application/json, application/*+json]
2026-04-28T14:27:02.528+01:00 DEBUG 17796 --- [gestion-risk] [beatExecutor-%d] o.s.web.client.RestTemplate              : Response 200 OK
2026-04-28T14:27:07.537+01:00 DEBUG 17796 --- [gestion-risk] [beatExecutor-%d] o.s.web.client.RestTemplate              : HTTP PUT http://localhost:8761/eureka/apps/GESTION-RISK/LANGIR:gestion-risk:8089?status=UP&lastDirtyTimestamp=1777381296722
2026-04-28T14:27:07.541+01:00 DEBUG 17796 --- [gestion-risk] [beatExecutor-%d] o.s.web.client.RestTemplate              : Accept=[application/json, application/*+json]
2026-04-28T14:27:07.553+01:00 DEBUG 17796 --- [gestion-risk] [beatExecutor-%d] o.s.web.client.RestTemplate              : Response 200 OK
2026-04-28T14:27:08.351+01:00 DEBUG 17796 --- [gestion-risk] [reshExecutor-%d] o.s.web.client.RestTemplate              : HTTP GET http://localhost:8761/eureka/apps/delta
2026-04-28T14:27:08.352+01:00 DEBUG 17796 --- [gestion-risk] [reshExecutor-%d] o.s.web.client.RestTemplate              : Accept=[application/json, application/*+json]
2026-04-28T14:27:08.368+01:00 DEBUG 17796 --- [gestion-risk] [reshExecutor-%d] o.s.web.client.RestTemplate              : Response 200 OK
2026-04-28T14:27:08.368+01:00 DEBUG 17796 --- [gestion-risk] [reshExecutor-%d] o.s.web.client.RestTemplate              : Reading to [org.springframework.cloud.netflix.eureka.http.EurekaApplications]
2026-04-28T14:27:12.559+01:00 DEBUG 17796 --- [gestion-risk] [beatExecutor-%d] o.s.web.client.RestTemplate              : HTTP PUT http://localhost:8761/eureka/apps/GESTION-RISK/LANGIR:gestion-risk:8089?status=UP&lastDirtyTimestamp=1777381296722
2026-04-28T14:27:12.560+01:00 DEBUG 17796 --- [gestion-risk] [beatExecutor-%d] o.s.web.client.RestTemplate              : Accept=[application/json, application/*+json]
2026-04-28T14:27:12.576+01:00 DEBUG 17796 --- [gestion-risk] [beatExecutor-%d] o.s.web.client.RestTemplate              : Response 200 OK
2026-04-28T14:27:17.589+01:00 DEBUG 17796 --- [gestion-risk] [beatExecutor-%d] o.s.web.client.RestTemplate              : HTTP PUT http://localhost:8761/eureka/apps/GESTION-RISK/LANGIR:gestion-risk:8089?status=UP&lastDirtyTimestamp=1777381296722
2026-04-28T14:27:17.590+01:00 DEBUG 17796 --- [gestion-risk] [beatExecutor-%d] o.s.web.client.RestTemplate              : Accept=[application/json, application/*+json]
2026-04-28T14:27:17.605+01:00 DEBUG 17796 --- [gestion-risk] [beatExecutor-%d] o.s.web.client.RestTemplate              : Response 200 OK
2026-04-28T14:27:22.616+01:00 DEBUG 17796 --- [gestion-risk] [beatExecutor-%d] o.s.web.client.RestTemplate              : HTTP PUT http://localhost:8761/eureka/apps/GESTION-RISK/LANGIR:gestion-risk:8089?status=UP&lastDirtyTimestamp=1777381296722
2026-04-28T14:27:22.620+01:00 DEBUG 17796 --- [gestion-risk] [beatExecutor-%d] o.s.web.client.RestTemplate              : Accept=[application/json, application/*+json]
2026-04-28T14:27:22.633+01:00 DEBUG 17796 --- [gestion-risk] [beatExecutor-%d] o.s.web.client.RestTemplate              : Response 200 OK
2026-04-28T14:27:27.639+01:00 DEBUG 17796 --- [gestion-risk] [beatExecutor-%d] o.s.web.client.RestTemplate              : HTTP PUT http://localhost:8761/eureka/apps/GESTION-RISK/LANGIR:gestion-risk:8089?status=UP&lastDirtyTimestamp=1777381296722
2026-04-28T14:27:27.648+01:00 DEBUG 17796 --- [gestion-risk] [beatExecutor-%d] o.s.web.client.RestTemplate              : Accept=[application/json, application/*+json]
2026-04-28T14:27:27.656+01:00 DEBUG 17796 --- [gestion-risk] [beatExecutor-%d] o.s.web.client.RestTemplate              : Response 200 OK
2026-04-28T14:27:32.661+01:00 DEBUG 17796 --- [gestion-risk] [beatExecutor-%d] o.s.web.client.RestTemplate              : HTTP PUT http://localhost:8761/eureka/apps/GESTION-RISK/LANGIR:gestion-risk:8089?status=UP&lastDirtyTimestamp=1777381296722
2026-04-28T14:27:32.662+01:00 DEBUG 17796 --- [gestion-risk] [beatExecutor-%d] o.s.web.client.RestTemplate              : Accept=[application/json, application/*+json]
2026-04-28T14:27:32.679+01:00 DEBUG 17796 --- [gestion-risk] [beatExecutor-%d] o.s.web.client.RestTemplate              : Response 200 OK
2026-04-28T14:27:37.697+01:00 DEBUG 17796 --- [gestion-risk] [beatExecutor-%d] o.s.web.client.RestTemplate              : HTTP PUT http://localhost:8761/eureka/apps/GESTION-RISK/LANGIR:gestion-risk:8089?status=UP&lastDirtyTimestamp=1777381296722
2026-04-28T14:27:37.716+01:00 DEBUG 17796 --- [gestion-risk] [beatExecutor-%d] o.s.web.client.RestTemplate              : Accept=[application/json, application/*+json]
2026-04-28T14:27:37.726+01:00 DEBUG 17796 --- [gestion-risk] [beatExecutor-%d] o.s.web.client.RestTemplate              : Response 200 OK
2026-04-28T14:27:38.372+01:00 DEBUG 17796 --- [gestion-risk] [reshExecutor-%d] o.s.web.client.RestTemplate              : HTTP GET http://localhost:8761/eureka/apps/delta
2026-04-28T14:27:38.376+01:00 DEBUG 17796 --- [gestion-risk] [reshExecutor-%d] o.s.web.client.RestTemplate              : Accept=[application/json, application/*+json]
2026-04-28T14:27:38.393+01:00 DEBUG 17796 --- [gestion-risk] [reshExecutor-%d] o.s.web.client.RestTemplate              : Response 200 OK
2026-04-28T14:27:38.394+01:00 DEBUG 17796 --- [gestion-risk] [reshExecutor-%d] o.s.web.client.RestTemplate              : Reading to [org.springframework.cloud.netflix.eureka.http.EurekaApplications]
2026-04-28T14:27:42.736+01:00 DEBUG 17796 --- [gestion-risk] [beatExecutor-%d] o.s.web.client.RestTemplate              : HTTP PUT http://localhost:8761/eureka/apps/GESTION-RISK/LANGIR:gestion-risk:8089?status=UP&lastDirtyTimestamp=1777381296722
2026-04-28T14:27:42.741+01:00 DEBUG 17796 --- [gestion-risk] [beatExecutor-%d] o.s.web.client.RestTemplate              : Accept=[application/json, application/*+json]
2026-04-28T14:27:42.758+01:00 DEBUG 17796 --- [gestion-risk] [beatExecutor-%d] o.s.web.client.RestTemplate              : Response 200 OK
2026-04-28T14:27:47.760+01:00 DEBUG 17796 --- [gestion-risk] [beatExecutor-%d] o.s.web.client.RestTemplate              : HTTP PUT http://localhost:8761/eureka/apps/GESTION-RISK/LANGIR:gestion-risk:8089?status=UP&lastDirtyTimestamp=1777381296722
2026-04-28T14:27:47.764+01:00 DEBUG 17796 --- [gestion-risk] [beatExecutor-%d] o.s.web.client.RestTemplate              : Accept=[application/json, application/*+json]
2026-04-28T14:27:47.776+01:00 DEBUG 17796 --- [gestion-risk] [beatExecutor-%d] o.s.web.client.RestTemplate              : Response 200 OK
2026-04-28T14:27:52.790+01:00 DEBUG 17796 --- [gestion-risk] [beatExecutor-%d] o.s.web.client.RestTemplate              : HTTP PUT http://localhost:8761/eureka/apps/GESTION-RISK/LANGIR:gestion-risk:8089?status=UP&lastDirtyTimestamp=1777381296722
2026-04-28T14:27:52.793+01:00 DEBUG 17796 --- [gestion-risk] [beatExecutor-%d] o.s.web.client.RestTemplate              : Accept=[application/json, application/*+json]
2026-04-28T14:27:52.807+01:00 DEBUG 17796 --- [gestion-risk] [beatExecutor-%d] o.s.web.client.RestTemplate              : Response 200 OK
2026-04-28T14:27:57.812+01:00 DEBUG 17796 --- [gestion-risk] [beatExecutor-%d] o.s.web.client.RestTemplate              : HTTP PUT http://localhost:8761/eureka/apps/GESTION-RISK/LANGIR:gestion-risk:8089?status=UP&lastDirtyTimestamp=1777381296722
2026-04-28T14:27:57.815+01:00 DEBUG 17796 --- [gestion-risk] [beatExecutor-%d] o.s.web.client.RestTemplate              : Accept=[application/json, application/*+json]
2026-04-28T14:27:57.829+01:00 DEBUG 17796 --- [gestion-risk] [beatExecutor-%d] o.s.web.client.RestTemplate              : Response 200 OK
2026-04-28T14:28:02.836+01:00 DEBUG 17796 --- [gestion-risk] [beatExecutor-%d] o.s.web.client.RestTemplate              : HTTP PUT http://localhost:8761/eureka/apps/GESTION-RISK/LANGIR:gestion-risk:8089?status=UP&lastDirtyTimestamp=1777381296722
2026-04-28T14:28:02.839+01:00 DEBUG 17796 --- [gestion-risk] [beatExecutor-%d] o.s.web.client.RestTemplate              : Accept=[application/json, application/*+json]
2026-04-28T14:28:02.852+01:00 DEBUG 17796 --- [gestion-risk] [beatExecutor-%d] o.s.web.client.RestTemplate              : Response 200 OK
2026-04-28T14:28:07.867+01:00 DEBUG 17796 --- [gestion-risk] [beatExecutor-%d] o.s.web.client.RestTemplate              : HTTP PUT http://localhost:8761/eureka/apps/GESTION-RISK/LANGIR:gestion-risk:8089?status=UP&lastDirtyTimestamp=1777381296722
2026-04-28T14:28:07.871+01:00 DEBUG 17796 --- [gestion-risk] [beatExecutor-%d] o.s.web.client.RestTemplate              : Accept=[application/json, application/*+json]
2026-04-28T14:28:07.883+01:00 DEBUG 17796 --- [gestion-risk] [beatExecutor-%d] o.s.web.client.RestTemplate              : Response 200 OK
2026-04-28T14:28:08.411+01:00 DEBUG 17796 --- [gestion-risk] [reshExecutor-%d] o.s.web.client.RestTemplate              : HTTP GET http://localhost:8761/eureka/apps/delta
2026-04-28T14:28:08.415+01:00 DEBUG 17796 --- [gestion-risk] [reshExecutor-%d] o.s.web.client.RestTemplate              : Accept=[application/json, application/*+json]
2026-04-28T14:28:08.428+01:00 DEBUG 17796 --- [gestion-risk] [reshExecutor-%d] o.s.web.client.RestTemplate              : Response 200 OK
2026-04-28T14:28:08.428+01:00 DEBUG 17796 --- [gestion-risk] [reshExecutor-%d] o.s.web.client.RestTemplate              : Reading to [org.springframework.cloud.netflix.eureka.http.EurekaApplications]
2026-04-28T14:28:12.898+01:00 DEBUG 17796 --- [gestion-risk] [beatExecutor-%d] o.s.web.client.RestTemplate              : HTTP PUT http://localhost:8761/eureka/apps/GESTION-RISK/LANGIR:gestion-risk:8089?status=UP&lastDirtyTimestamp=1777381296722
2026-04-28T14:28:12.898+01:00 DEBUG 17796 --- [gestion-risk] [beatExecutor-%d] o.s.web.client.RestTemplate              : Accept=[application/json, application/*+json]
2026-04-28T14:28:12.916+01:00 DEBUG 17796 --- [gestion-risk] [beatExecutor-%d] o.s.web.client.RestTemplate              : Response 200 OK
2026-04-28T14:28:17.927+01:00 DEBUG 17796 --- [gestion-risk] [beatExecutor-%d] o.s.web.client.RestTemplate              : HTTP PUT http://localhost:8761/eureka/apps/GESTION-RISK/LANGIR:gestion-risk:8089?status=UP&lastDirtyTimestamp=1777381296722
2026-04-28T14:28:17.930+01:00 DEBUG 17796 --- [gestion-risk] [beatExecutor-%d] o.s.web.client.RestTemplate              : Accept=[application/json, application/*+json]
2026-04-28T14:28:17.944+01:00 DEBUG 17796 --- [gestion-risk] [beatExecutor-%d] o.s.web.client.RestTemplate              : Response 200 OK
2026-04-28T14:28:22.945+01:00 DEBUG 17796 --- [gestion-risk] [beatExecutor-%d] o.s.web.client.RestTemplate              : HTTP PUT http://localhost:8761/eureka/apps/GESTION-RISK/LANGIR:gestion-risk:8089?status=UP&lastDirtyTimestamp=1777381296722
2026-04-28T14:28:22.948+01:00 DEBUG 17796 --- [gestion-risk] [beatExecutor-%d] o.s.web.client.RestTemplate              : Accept=[application/json, application/*+json]
2026-04-28T14:28:22.962+01:00 DEBUG 17796 --- [gestion-risk] [beatExecutor-%d] o.s.web.client.RestTemplate              : Response 200 OK
2026-04-28T14:28:27.971+01:00 DEBUG 17796 --- [gestion-risk] [beatExecutor-%d] o.s.web.client.RestTemplate              : HTTP PUT http://localhost:8761/eureka/apps/GESTION-RISK/LANGIR:gestion-risk:8089?status=UP&lastDirtyTimestamp=1777381296722
2026-04-28T14:28:27.975+01:00 DEBUG 17796 --- [gestion-risk] [beatExecutor-%d] o.s.web.client.RestTemplate              : Accept=[application/json, application/*+json]
2026-04-28T14:28:27.990+01:00 DEBUG 17796 --- [gestion-risk] [beatExecutor-%d] o.s.web.client.RestTemplate              : Response 200 OK
2026-04-28T14:28:33.002+01:00 DEBUG 17796 --- [gestion-risk] [beatExecutor-%d] o.s.web.client.RestTemplate              : HTTP PUT http://localhost:8761/eureka/apps/GESTION-RISK/LANGIR:gestion-risk:8089?status=UP&lastDirtyTimestamp=1777381296722
2026-04-28T14:28:33.003+01:00 DEBUG 17796 --- [gestion-risk] [beatExecutor-%d] o.s.web.client.RestTemplate              : Accept=[application/json, application/*+json]
2026-04-28T14:28:33.026+01:00 DEBUG 17796 --- [gestion-risk] [beatExecutor-%d] o.s.web.client.RestTemplate              : Response 200 OK
2026-04-28T14:28:38.029+01:00 DEBUG 17796 --- [gestion-risk] [beatExecutor-%d] o.s.web.client.RestTemplate              : HTTP PUT http://localhost:8761/eureka/apps/GESTION-RISK/LANGIR:gestion-risk:8089?status=UP&lastDirtyTimestamp=1777381296722
2026-04-28T14:28:38.032+01:00 DEBUG 17796 --- [gestion-risk] [beatExecutor-%d] o.s.web.client.RestTemplate              : Accept=[application/json, application/*+json]
2026-04-28T14:28:38.046+01:00 DEBUG 17796 --- [gestion-risk] [beatExecutor-%d] o.s.web.client.RestTemplate              : Response 200 OK
2026-04-28T14:28:38.434+01:00 DEBUG 17796 --- [gestion-risk] [reshExecutor-%d] o.s.web.client.RestTemplate              : HTTP GET http://localhost:8761/eureka/apps/delta
2026-04-28T14:28:38.436+01:00 DEBUG 17796 --- [gestion-risk] [reshExecutor-%d] o.s.web.client.RestTemplate              : Accept=[application/json, application/*+json]
2026-04-28T14:28:38.452+01:00 DEBUG 17796 --- [gestion-risk] [reshExecutor-%d] o.s.web.client.RestTemplate              : Response 200 OK
2026-04-28T14:28:38.453+01:00 DEBUG 17796 --- [gestion-risk] [reshExecutor-%d] o.s.web.client.RestTemplate              : Reading to [org.springframework.cloud.netflix.eureka.http.EurekaApplications]
2026-04-28T14:28:43.050+01:00 DEBUG 17796 --- [gestion-risk] [beatExecutor-%d] o.s.web.client.RestTemplate              : HTTP PUT http://localhost:8761/eureka/apps/GESTION-RISK/LANGIR:gestion-risk:8089?status=UP&lastDirtyTimestamp=1777381296722
2026-04-28T14:28:43.051+01:00 DEBUG 17796 --- [gestion-risk] [beatExecutor-%d] o.s.web.client.RestTemplate              : Accept=[application/json, application/*+json]
2026-04-28T14:28:43.066+01:00 DEBUG 17796 --- [gestion-risk] [beatExecutor-%d] o.s.web.client.RestTemplate              : Response 200 OK
2026-04-28T14:28:48.080+01:00 DEBUG 17796 --- [gestion-risk] [beatExecutor-%d] o.s.web.client.RestTemplate              : HTTP PUT http://localhost:8761/eureka/apps/GESTION-RISK/LANGIR:gestion-risk:8089?status=UP&lastDirtyTimestamp=1777381296722
2026-04-28T14:28:48.082+01:00 DEBUG 17796 --- [gestion-risk] [beatExecutor-%d] o.s.web.client.RestTemplate              : Accept=[application/json, application/*+json]
2026-04-28T14:28:48.096+01:00 DEBUG 17796 --- [gestion-risk] [beatExecutor-%d] o.s.web.client.RestTemplate              : Response 200 OK
2026-04-28T14:28:53.106+01:00 DEBUG 17796 --- [gestion-risk] [beatExecutor-%d] o.s.web.client.RestTemplate              : HTTP PUT http://localhost:8761/eureka/apps/GESTION-RISK/LANGIR:gestion-risk:8089?status=UP&lastDirtyTimestamp=1777381296722
2026-04-28T14:28:53.106+01:00 DEBUG 17796 --- [gestion-risk] [beatExecutor-%d] o.s.web.client.RestTemplate              : Accept=[application/json, application/*+json]
2026-04-28T14:28:53.122+01:00 DEBUG 17796 --- [gestion-risk] [beatExecutor-%d] o.s.web.client.RestTemplate              : Response 200 OK
2026-04-28T14:28:58.126+01:00 DEBUG 17796 --- [gestion-risk] [beatExecutor-%d] o.s.web.client.RestTemplate              : HTTP PUT http://localhost:8761/eureka/apps/GESTION-RISK/LANGIR:gestion-risk:8089?status=UP&lastDirtyTimestamp=1777381296722
2026-04-28T14:28:58.129+01:00 DEBUG 17796 --- [gestion-risk] [beatExecutor-%d] o.s.web.client.RestTemplate              : Accept=[application/json, application/*+json]
2026-04-28T14:28:58.141+01:00 DEBUG 17796 --- [gestion-risk] [beatExecutor-%d] o.s.web.client.RestTemplate              : Response 200 OK
2026-04-28T14:29:03.155+01:00 DEBUG 17796 --- [gestion-risk] [beatExecutor-%d] o.s.web.client.RestTemplate              : HTTP PUT http://localhost:8761/eureka/apps/GESTION-RISK/LANGIR:gestion-risk:8089?status=UP&lastDirtyTimestamp=1777381296722
2026-04-28T14:29:03.159+01:00 DEBUG 17796 --- [gestion-risk] [beatExecutor-%d] o.s.web.client.RestTemplate              : Accept=[application/json, application/*+json]
2026-04-28T14:29:03.175+01:00 DEBUG 17796 --- [gestion-risk] [beatExecutor-%d] o.s.web.client.RestTemplate              : Response 200 OK
2026-04-28T14:29:08.202+01:00 DEBUG 17796 --- [gestion-risk] [beatExecutor-%d] o.s.web.client.RestTemplate              : HTTP PUT http://localhost:8761/eureka/apps/GESTION-RISK/LANGIR:gestion-risk:8089?status=UP&lastDirtyTimestamp=1777381296722
2026-04-28T14:29:08.203+01:00 DEBUG 17796 --- [gestion-risk] [beatExecutor-%d] o.s.web.client.RestTemplate              : Accept=[application/json, application/*+json]
2026-04-28T14:29:08.220+01:00 DEBUG 17796 --- [gestion-risk] [beatExecutor-%d] o.s.web.client.RestTemplate              : Response 200 OK
2026-04-28T14:29:08.467+01:00 DEBUG 17796 --- [gestion-risk] [reshExecutor-%d] o.s.web.client.RestTemplate              : HTTP GET http://localhost:8761/eureka/apps/delta
2026-04-28T14:29:08.473+01:00 DEBUG 17796 --- [gestion-risk] [reshExecutor-%d] o.s.web.client.RestTemplate              : Accept=[application/json, application/*+json]
2026-04-28T14:29:08.476+01:00 DEBUG 17796 --- [gestion-risk] [reshExecutor-%d] o.s.web.client.RestTemplate              : Response 200 OK
2026-04-28T14:29:08.476+01:00 DEBUG 17796 --- [gestion-risk] [reshExecutor-%d] o.s.web.client.RestTemplate              : Reading to [org.springframework.cloud.netflix.eureka.http.EurekaApplications]
2026-04-28T14:29:13.224+01:00 DEBUG 17796 --- [gestion-risk] [beatExecutor-%d] o.s.web.client.RestTemplate              : HTTP PUT http://localhost:8761/eureka/apps/GESTION-RISK/LANGIR:gestion-risk:8089?status=UP&lastDirtyTimestamp=1777381296722
2026-04-28T14:29:13.225+01:00 DEBUG 17796 --- [gestion-risk] [beatExecutor-%d] o.s.web.client.RestTemplate              : Accept=[application/json, application/*+json]
2026-04-28T14:29:13.238+01:00 DEBUG 17796 --- [gestion-risk] [beatExecutor-%d] o.s.web.client.RestTemplate              : Response 200 OK
2026-04-28T14:29:18.252+01:00 DEBUG 17796 --- [gestion-risk] [beatExecutor-%d] o.s.web.client.RestTemplate              : HTTP PUT http://localhost:8761/eureka/apps/GESTION-RISK/LANGIR:gestion-risk:8089?status=UP&lastDirtyTimestamp=1777381296722
2026-04-28T14:29:18.257+01:00 DEBUG 17796 --- [gestion-risk] [beatExecutor-%d] o.s.web.client.RestTemplate              : Accept=[application/json, application/*+json]
2026-04-28T14:29:18.269+01:00 DEBUG 17796 --- [gestion-risk] [beatExecutor-%d] o.s.web.client.RestTemplate              : Response 200 OK
2026-04-28T14:29:23.278+01:00 DEBUG 17796 --- [gestion-risk] [beatExecutor-%d] o.s.web.client.RestTemplate              : HTTP PUT http://localhost:8761/eureka/apps/GESTION-RISK/LANGIR:gestion-risk:8089?status=UP&lastDirtyTimestamp=1777381296722
2026-04-28T14:29:23.279+01:00 DEBUG 17796 --- [gestion-risk] [beatExecutor-%d] o.s.web.client.RestTemplate              : Accept=[application/json, application/*+json]
2026-04-28T14:29:23.294+01:00 DEBUG 17796 --- [gestion-risk] [beatExecutor-%d] o.s.web.client.RestTemplate              : Response 200 OK
2026-04-28T14:29:28.298+01:00 DEBUG 17796 --- [gestion-risk] [beatExecutor-%d] o.s.web.client.RestTemplate              : HTTP PUT http://localhost:8761/eureka/apps/GESTION-RISK/LANGIR:gestion-risk:8089?status=UP&lastDirtyTimestamp=1777381296722
2026-04-28T14:29:28.301+01:00 DEBUG 17796 --- [gestion-risk] [beatExecutor-%d] o.s.web.client.RestTemplate              : Accept=[application/json, application/*+json]
2026-04-28T14:29:28.313+01:00 DEBUG 17796 --- [gestion-risk] [beatExecutor-%d] o.s.web.client.RestTemplate              : Response 200 OK
2026-04-28T14:29:33.315+01:00 DEBUG 17796 --- [gestion-risk] [beatExecutor-%d] o.s.web.client.RestTemplate              : HTTP PUT http://localhost:8761/eureka/apps/GESTION-RISK/LANGIR:gestion-risk:8089?status=UP&lastDirtyTimestamp=1777381296722
2026-04-28T14:29:33.318+01:00 DEBUG 17796 --- [gestion-risk] [beatExecutor-%d] o.s.web.client.RestTemplate              : Accept=[application/json, application/*+json]
2026-04-28T14:29:33.331+01:00 DEBUG 17796 --- [gestion-risk] [beatExecutor-%d] o.s.web.client.RestTemplate              : Response 200 OK
2026-04-28T14:29:38.339+01:00 DEBUG 17796 --- [gestion-risk] [beatExecutor-%d] o.s.web.client.RestTemplate              : HTTP PUT http://localhost:8761/eureka/apps/GESTION-RISK/LANGIR:gestion-risk:8089?status=UP&lastDirtyTimestamp=1777381296722
2026-04-28T14:29:38.343+01:00 DEBUG 17796 --- [gestion-risk] [beatExecutor-%d] o.s.web.client.RestTemplate              : Accept=[application/json, application/*+json]
2026-04-28T14:29:38.359+01:00 DEBUG 17796 --- [gestion-risk] [beatExecutor-%d] o.s.web.client.RestTemplate              : Response 200 OK
2026-04-28T14:29:38.480+01:00 DEBUG 17796 --- [gestion-risk] [reshExecutor-%d] o.s.web.client.RestTemplate              : HTTP GET http://localhost:8761/eureka/apps/delta
2026-04-28T14:29:38.481+01:00 DEBUG 17796 --- [gestion-risk] [reshExecutor-%d] o.s.web.client.RestTemplate              : Accept=[application/json, application/*+json]
2026-04-28T14:29:38.498+01:00 DEBUG 17796 --- [gestion-risk] [reshExecutor-%d] o.s.web.client.RestTemplate              : Response 200 OK
2026-04-28T14:29:38.499+01:00 DEBUG 17796 --- [gestion-risk] [reshExecutor-%d] o.s.web.client.RestTemplate              : Reading to [org.springframework.cloud.netflix.eureka.http.EurekaApplications]
2026-04-28T14:29:43.374+01:00 DEBUG 17796 --- [gestion-risk] [beatExecutor-%d] o.s.web.client.RestTemplate              : HTTP PUT http://localhost:8761/eureka/apps/GESTION-RISK/LANGIR:gestion-risk:8089?status=UP&lastDirtyTimestamp=1777381296722
2026-04-28T14:29:43.379+01:00 DEBUG 17796 --- [gestion-risk] [beatExecutor-%d] o.s.web.client.RestTemplate              : Accept=[application/json, application/*+json]
2026-04-28T14:29:43.390+01:00 DEBUG 17796 --- [gestion-risk] [beatExecutor-%d] o.s.web.client.RestTemplate              : Response 200 OK
2026-04-28T14:29:48.403+01:00 DEBUG 17796 --- [gestion-risk] [beatExecutor-%d] o.s.web.client.RestTemplate              : HTTP PUT http://localhost:8761/eureka/apps/GESTION-RISK/LANGIR:gestion-risk:8089?status=UP&lastDirtyTimestamp=1777381296722
2026-04-28T14:29:48.411+01:00 DEBUG 17796 --- [gestion-risk] [beatExecutor-%d] o.s.web.client.RestTemplate              : Accept=[application/json, application/*+json]
2026-04-28T14:29:48.424+01:00 DEBUG 17796 --- [gestion-risk] [beatExecutor-%d] o.s.web.client.RestTemplate              : Response 200 OK
2026-04-28T14:29:53.442+01:00 DEBUG 17796 --- [gestion-risk] [beatExecutor-%d] o.s.web.client.RestTemplate              : HTTP PUT http://localhost:8761/eureka/apps/GESTION-RISK/LANGIR:gestion-risk:8089?status=UP&lastDirtyTimestamp=1777381296722
2026-04-28T14:29:53.444+01:00 DEBUG 17796 --- [gestion-risk] [beatExecutor-%d] o.s.web.client.RestTemplate              : Accept=[application/json, application/*+json]
2026-04-28T14:29:53.456+01:00 DEBUG 17796 --- [gestion-risk] [beatExecutor-%d] o.s.web.client.RestTemplate              : Response 200 OK
PS C:\Users\MSI\Downloads\integration\integration\backend\service-risque\Gestion_Risk> 