[INFO] Scanning for projects...
[INFO] 
[INFO] -----------------< com.microservices:project-service >------------------
[INFO] Building project-service 0.0.1-SNAPSHOT
[INFO]   from pom.xml
[INFO] --------------------------------[ jar ]---------------------------------
[INFO] 
[INFO] >>> spring-boot:3.3.5:run (default-cli) > test-compile @ project-service >>>
[INFO] 
[INFO] --- resources:3.3.1:resources (default-resources) @ project-service ---
[INFO] Copying 1 resource from src\main\resources to target\classes
[INFO] Copying 1 resource from src\main\resources to target\classes
[INFO] 
[INFO] --- compiler:3.13.0:compile (default-compile) @ project-service ---
[INFO] Nothing to compile - all classes are up to date.
[INFO] 
[INFO] --- resources:3.3.1:testResources (default-testResources) @ project-service ---
[INFO] skip non existing resourceDirectory C:\Users\MSI\Downloads\integration\integration\backend\projet-service\src\test\resources
[INFO] 
[INFO] --- compiler:3.13.0:testCompile (default-testCompile) @ project-service ---
[INFO] Nothing to compile - all classes are up to date.
[INFO] 
[INFO] <<< spring-boot:3.3.5:run (default-cli) < test-compile @ project-service <<<
[INFO] 
[INFO] 
[INFO] --- spring-boot:3.3.5:run (default-cli) @ project-service ---
[INFO] Attaching agents: []

  .   ____          _            __ _ _
 /\\ / ___'_ __ _ _(_)_ __  __ _ \ \ \ \
( ( )\___ | '_ | '_| | '_ \/ _` | \ \ \ \
 \\/  ___)| |_)| | | | | || (_| |  ) ) ) )
  '  |____| .__|_| |_|_| |_\__, | / / / /
 =========|_|==============|___/=/_/_/_/

 :: Spring Boot ::                (v3.3.5)

2026-04-28T14:01:39.195+01:00  INFO 18332 --- [projet-service] [           main] c.m.p.ProjetServiceApplication           : Starting ProjetServiceApplication using Java 17.0.12 with PID 18332 (C:\Users\MSI\Downloads\integration\integration\backend\projet-service\target\classes started by MSI in C:\Users\MSI\Downloads\integration\integration\backend\projet-service)
2026-04-28T14:01:39.197+01:00  INFO 18332 --- [projet-service] [           main] c.m.p.ProjetServiceApplication           : No active profile set, falling back to 1 default profile: "default"
2026-04-28T14:01:39.197+01:00 DEBUG 18332 --- [projet-service] [           main] o.s.boot.SpringApplication               : Loading source class com.microservices.projetservice.ProjetServiceApplication
2026-04-28T14:01:39.231+01:00  INFO 18332 --- [projet-service] [           main] o.s.c.c.c.ConfigServerConfigDataLoader   : Fetching config from server at : http://localhost:8888
2026-04-28T14:01:39.232+01:00  INFO 18332 --- [projet-service] [           main] o.s.c.c.c.ConfigServerConfigDataLoader   : Located environment: name=projet-service, profiles=[default], label=null, version=null, state=null
2026-04-28T14:01:39.234+01:00 DEBUG 18332 --- [projet-service] [           main] ConfigServletWebServerApplicationContext : Refreshing org.springframework.boot.web.servlet.context.AnnotationConfigServletWebServerApplicationContext@5167268
2026-04-28T14:01:39.681+01:00  INFO 18332 --- [projet-service] [           main] .s.d.r.c.RepositoryConfigurationDelegate : Bootstrapping Spring Data JPA repositories in DEFAULT mode.
2026-04-28T14:01:39.772+01:00  INFO 18332 --- [projet-service] [           main] .s.d.r.c.RepositoryConfigurationDelegate : Finished Spring Data repository scanning in 84 ms. Found 6 JPA repository interfaces.
2026-04-28T14:01:40.149+01:00  INFO 18332 --- [projet-service] [           main] o.s.cloud.context.scope.GenericScope     : BeanFactory id=036c97af-2476-3fb5-8559-29335596e52e
2026-04-28T14:01:40.548+01:00 DEBUG 18332 --- [projet-service] [           main] .s.b.w.e.t.TomcatServletWebServerFactory : Code archive: C:\Users\MSI\.m2\repository\org\springframework\boot\spring-boot\3.3.5\spring-boot-3.3.5.jar
2026-04-28T14:01:40.550+01:00 DEBUG 18332 --- [projet-service] [           main] .s.b.w.e.t.TomcatServletWebServerFactory : Code archive: C:\Users\MSI\.m2\repository\org\springframework\boot\spring-boot\3.3.5\spring-boot-3.3.5.jar
2026-04-28T14:01:40.551+01:00 DEBUG 18332 --- [projet-service] [           main] .s.b.w.e.t.TomcatServletWebServerFactory : None of the document roots [src/main/webapp, public, static] point to a directory and will be ignored.
2026-04-28T14:01:40.563+01:00  INFO 18332 --- [projet-service] [           main] o.s.b.w.embedded.tomcat.TomcatWebServer  : Tomcat initialized with port 8082 (http)
2026-04-28T14:01:40.571+01:00  INFO 18332 --- [projet-service] [           main] o.apache.catalina.core.StandardService   : Starting service [Tomcat]
2026-04-28T14:01:40.572+01:00  INFO 18332 --- [projet-service] [           main] o.apache.catalina.core.StandardEngine    : Starting Servlet engine: [Apache Tomcat/10.1.31]
2026-04-28T14:01:40.621+01:00  INFO 18332 --- [projet-service] [           main] o.a.c.c.C.[Tomcat].[localhost].[/]       : Initializing Spring embedded WebApplicationContext
2026-04-28T14:01:40.622+01:00 DEBUG 18332 --- [projet-service] [           main] w.s.c.ServletWebServerApplicationContext : Published root WebApplicationContext as ServletContext attribute with name [org.springframework.web.context.WebApplicationContext.ROOT]
2026-04-28T14:01:40.623+01:00  INFO 18332 --- [projet-service] [           main] w.s.c.ServletWebServerApplicationContext : Root WebApplicationContext: initialization completed in 1389 ms
2026-04-28T14:01:40.741+01:00 DEBUG 18332 --- [projet-service] [           main] o.s.b.w.s.ServletContextInitializerBeans : Mapping filters: webMvcObservationFilter urls=[/*] order=-2147483647, springSecurityFilterChain urls=[/*] order=-100, characterEncodingFilter urls=[/*] order=-2147483648, formContentFilter urls=[/*] order=-9900, requestContextFilter urls=[/*] order=-105
2026-04-28T14:01:40.744+01:00 DEBUG 18332 --- [projet-service] [           main] o.s.b.w.s.ServletContextInitializerBeans : Mapping servlets: dispatcherServlet urls=[/]
2026-04-28T14:01:40.757+01:00 DEBUG 18332 --- [projet-service] [           main] o.s.b.w.s.f.OrderedRequestContextFilter  : Filter 'requestContextFilter' configured for use
2026-04-28T14:01:40.759+01:00 DEBUG 18332 --- [projet-service] [           main] o.s.w.f.ServerHttpObservationFilter      : Filter 'webMvcObservationFilter' configured for use
2026-04-28T14:01:40.760+01:00 DEBUG 18332 --- [projet-service] [           main] s.b.w.s.f.OrderedCharacterEncodingFilter : Filter 'characterEncodingFilter' configured for use
2026-04-28T14:01:40.760+01:00 DEBUG 18332 --- [projet-service] [           main] .DelegatingFilterProxyRegistrationBean$1 : Filter 'springSecurityFilterChain' configured for use
2026-04-28T14:01:40.761+01:00 DEBUG 18332 --- [projet-service] [           main] o.s.b.w.s.f.OrderedFormContentFilter     : Filter 'formContentFilter' configured for use
2026-04-28T14:01:40.842+01:00  INFO 18332 --- [projet-service] [           main] o.hibernate.jpa.internal.util.LogHelper  : HHH000204: Processing PersistenceUnitInfo [name: default]
2026-04-28T14:01:40.874+01:00  INFO 18332 --- [projet-service] [           main] org.hibernate.Version                    : HHH000412: Hibernate ORM core version 6.5.3.Final
2026-04-28T14:01:40.895+01:00  INFO 18332 --- [projet-service] [           main] o.h.c.internal.RegionFactoryInitiator    : HHH000026: Second-level cache disabled
2026-04-28T14:01:41.057+01:00  INFO 18332 --- [projet-service] [           main] o.s.o.j.p.SpringPersistenceUnitInfo      : No LoadTimeWeaver setup: ignoring JPA class transformer
2026-04-28T14:01:41.076+01:00  INFO 18332 --- [projet-service] [           main] com.zaxxer.hikari.HikariDataSource       : HikariPool-1 - Starting...
2026-04-28T14:01:41.162+01:00  INFO 18332 --- [projet-service] [           main] com.zaxxer.hikari.pool.HikariPool        : HikariPool-1 - Added connection com.mysql.cj.jdbc.ConnectionImpl@6329a5b9
2026-04-28T14:01:41.165+01:00  INFO 18332 --- [projet-service] [           main] com.zaxxer.hikari.HikariDataSource       : HikariPool-1 - Start completed.
2026-04-28T14:01:41.199+01:00  WARN 18332 --- [projet-service] [           main] org.hibernate.dialect.Dialect            : HHH000511: The 5.5.5 version for [org.hibernate.dialect.MySQLDialect] is no longer supported, hence certain features may not work properly. The minimum supported version is 8.0.0. Check the community dialects project for available legacy versions.
2026-04-28T14:01:41.853+01:00  INFO 18332 --- [projet-service] [           main] o.h.e.t.j.p.i.JtaPlatformInitiator       : HHH000489: No JTA platform available (set 'hibernate.transaction.jta.platform' to enable JTA platform integration)
2026-04-28T14:01:41.971+01:00 DEBUG 18332 --- [projet-service] [           main] org.hibernate.SQL                        : 
    alter table project_notifications 
       modify column type enum ('BUDGET_ALERT','DEADLINE_APPROACHING','MEETING_SCHEDULED','MEMBER_ADDED','MILESTONE_ACHIEVED','PROGRESS_UPDATE','QUALITY_ISSUE','RISK_DETECTED','STATUS_CHANGED','TEAM_CHANGE') not null
Hibernate: 
    alter table project_notifications 
       modify column type enum ('BUDGET_ALERT','DEADLINE_APPROACHING','MEETING_SCHEDULED','MEMBER_ADDED','MILESTONE_ACHIEVED','PROGRESS_UPDATE','QUALITY_ISSUE','RISK_DETECTED','STATUS_CHANGED','TEAM_CHANGE') not null
2026-04-28T14:01:41.975+01:00 DEBUG 18332 --- [projet-service] [           main] org.hibernate.SQL                        : 
    alter table projects 
       modify column ai_recommendation TEXT
Hibernate: 
    alter table projects 
       modify column ai_recommendation TEXT
2026-04-28T14:01:41.997+01:00  INFO 18332 --- [projet-service] [           main] j.LocalContainerEntityManagerFactoryBean : Initialized JPA EntityManagerFactory for persistence unit 'default'
2026-04-28T14:01:42.243+01:00  INFO 18332 --- [projet-service] [           main] o.s.d.j.r.query.QueryEnhancerFactory     : Hibernate is in classpath; If applicable, HQL parser will be used.
2026-04-28T14:01:42.668+01:00  WARN 18332 --- [projet-service] [           main] JpaBaseConfiguration$JpaWebConfiguration : spring.jpa.open-in-view is enabled by default. Therefore, database queries may be performed during view rendering. Explicitly configure spring.jpa.open-in-view to disable this warning
2026-04-28T14:01:43.238+01:00 DEBUG 18332 --- [projet-service] [           main] s.w.s.m.m.a.RequestMappingHandlerMapping : 78 mappings in 'requestMappingHandlerMapping'
2026-04-28T14:01:43.276+01:00 DEBUG 18332 --- [projet-service] [           main] o.s.b.a.AutoConfigurationPackages        : @EnableAutoConfiguration was declared on a class in the package 'com.microservices.projetservice'. Automatic @Repository and @Entity scanning is enabled.
2026-04-28T14:01:43.344+01:00 DEBUG 18332 --- [projet-service] [           main] o.s.w.s.handler.SimpleUrlHandlerMapping  : Patterns [/webjars/**, /**, /swagger-ui*/*swagger-initializer.js, /swagger-ui*/**] in 'resourceHandlerMapping'
2026-04-28T14:01:43.500+01:00  INFO 18332 --- [projet-service] [           main] o.s.b.a.e.web.EndpointLinksResolver      : Exposing 2 endpoints beneath base path '/actuator'
2026-04-28T14:01:43.651+01:00 DEBUG 18332 --- [projet-service] [           main] s.w.s.m.m.a.RequestMappingHandlerAdapter : ControllerAdvice beans: 0 @ModelAttribute, 0 @InitBinder, 1 RequestBodyAdvice, 1 ResponseBodyAdvice
2026-04-28T14:01:43.686+01:00 DEBUG 18332 --- [projet-service] [           main] .m.m.a.ExceptionHandlerExceptionResolver : ControllerAdvice beans: 2 @ExceptionHandler, 1 ResponseBodyAdvice
2026-04-28T14:01:44.057+01:00  INFO 18332 --- [projet-service] [           main] DiscoveryClientOptionalArgsConfiguration : Eureka HTTP Client uses RestTemplate.
2026-04-28T14:01:44.091+01:00  WARN 18332 --- [projet-service] [           main] iguration$LoadBalancerCaffeineWarnLogger : Spring Cloud LoadBalancer is currently working with the default cache. While this cache implementation is useful for development and tests, it's recommended to use Caffeine cache in production.You can switch to using Caffeine cache, by adding it and org.springframework.cache.caffeine.CaffeineCacheManager to the classpath.
2026-04-28T14:01:44.143+01:00  INFO 18332 --- [projet-service] [           main] o.s.c.n.eureka.InstanceInfoFactory       : Setting initial instance status as: STARTING
2026-04-28T14:01:44.160+01:00  INFO 18332 --- [projet-service] [           main] com.netflix.discovery.DiscoveryClient    : Initializing Eureka in region us-east-1
2026-04-28T14:01:44.163+01:00  INFO 18332 --- [projet-service] [           main] c.n.d.s.r.aws.ConfigClusterResolver      : Resolving eureka endpoints via configuration
2026-04-28T14:01:44.168+01:00  INFO 18332 --- [projet-service] [           main] com.netflix.discovery.DiscoveryClient    : Disable delta property : false
2026-04-28T14:01:44.169+01:00  INFO 18332 --- [projet-service] [           main] com.netflix.discovery.DiscoveryClient    : Single vip registry refresh property : null
2026-04-28T14:01:44.169+01:00  INFO 18332 --- [projet-service] [           main] com.netflix.discovery.DiscoveryClient    : Force full registry fetch : false
2026-04-28T14:01:44.169+01:00  INFO 18332 --- [projet-service] [           main] com.netflix.discovery.DiscoveryClient    : Application is null : false
2026-04-28T14:01:44.169+01:00  INFO 18332 --- [projet-service] [           main] com.netflix.discovery.DiscoveryClient    : Registered Applications size is zero : true
2026-04-28T14:01:44.169+01:00  INFO 18332 --- [projet-service] [           main] com.netflix.discovery.DiscoveryClient    : Application version is -1: true
2026-04-28T14:01:44.169+01:00  INFO 18332 --- [projet-service] [           main] com.netflix.discovery.DiscoveryClient    : Getting all instance registry info from the eureka server
2026-04-28T14:01:44.266+01:00 DEBUG 18332 --- [projet-service] [           main] o.s.web.client.RestTemplate              : HTTP GET http://localhost:8761/eureka/apps/
2026-04-28T14:01:44.309+01:00 DEBUG 18332 --- [projet-service] [           main] o.s.web.client.RestTemplate              : Accept=[application/json, application/*+json]
2026-04-28T14:01:44.338+01:00 DEBUG 18332 --- [projet-service] [           main] o.s.web.client.RestTemplate              : Response 200 OK
2026-04-28T14:01:44.341+01:00 DEBUG 18332 --- [projet-service] [           main] o.s.web.client.RestTemplate              : Reading to [org.springframework.cloud.netflix.eureka.http.EurekaApplications]
2026-04-28T14:01:44.348+01:00  INFO 18332 --- [projet-service] [           main] com.netflix.discovery.DiscoveryClient    : The response status is 200
2026-04-28T14:01:44.350+01:00  INFO 18332 --- [projet-service] [           main] com.netflix.discovery.DiscoveryClient    : Starting heartbeat executor: renew interval is: 30
2026-04-28T14:01:44.351+01:00  INFO 18332 --- [projet-service] [           main] c.n.discovery.InstanceInfoReplicator     : InstanceInfoReplicator onDemand update allowed rate per min is 4
2026-04-28T14:01:44.352+01:00  INFO 18332 --- [projet-service] [           main] com.netflix.discovery.DiscoveryClient    : Discovery Client initialized at timestamp 1777381304352 with initial instances count: 1
2026-04-28T14:01:44.357+01:00  INFO 18332 --- [projet-service] [           main] o.s.c.n.e.s.EurekaServiceRegistry        : Registering application PROJET-SERVICE with eureka with status UP
2026-04-28T14:01:44.357+01:00  INFO 18332 --- [projet-service] [           main] com.netflix.discovery.DiscoveryClient    : Saw local status change event StatusChangeEvent [timestamp=1777381304357, current=UP, previous=STARTING]
2026-04-28T14:01:44.359+01:00  INFO 18332 --- [projet-service] [foReplicator-%d] com.netflix.discovery.DiscoveryClient    : DiscoveryClient_PROJET-SERVICE/projet-service:fd9e5cf7dbe01c318970a4bcec8c970f: registering service...
2026-04-28T14:01:44.361+01:00 DEBUG 18332 --- [projet-service] [foReplicator-%d] o.s.web.client.RestTemplate              : HTTP POST http://localhost:8761/eureka/apps/PROJET-SERVICE
2026-04-28T14:01:44.363+01:00 DEBUG 18332 --- [projet-service] [foReplicator-%d] o.s.web.client.RestTemplate              : Accept=[application/json, application/*+json]
2026-04-28T14:01:44.371+01:00  INFO 18332 --- [projet-service] [           main] o.s.b.w.embedded.tomcat.TomcatWebServer  : Tomcat started on port 8082 (http) with context path '/'
2026-04-28T14:01:44.372+01:00  INFO 18332 --- [projet-service] [           main] .s.c.n.e.s.EurekaAutoServiceRegistration : Updating port to 8082
2026-04-28T14:01:44.373+01:00 DEBUG 18332 --- [projet-service] [foReplicator-%d] o.s.web.client.RestTemplate              : Writing [InstanceInfo [instanceId = projet-service:fd9e5cf7dbe01c318970a4bcec8c970f, appName = PROJET-SERVICE, hostName = 172.20.10.2, status = UP, ipAddr = 172.20.10.2, port = 8082, securePort = 443, dataCenterInfo = com.netflix.appinfo.MyDataCenterInfo@5950dbfc] as "application/json"
2026-04-28T14:01:44.385+01:00 DEBUG 18332 --- [projet-service] [foReplicator-%d] o.s.web.client.RestTemplate              : Response 204 NO_CONTENT
2026-04-28T14:01:44.385+01:00  INFO 18332 --- [projet-service] [foReplicator-%d] com.netflix.discovery.DiscoveryClient    : DiscoveryClient_PROJET-SERVICE/projet-service:fd9e5cf7dbe01c318970a4bcec8c970f - registration status: 204
2026-04-28T14:01:44.442+01:00 DEBUG 18332 --- [projet-service] [           main] .s.b.a.l.ConditionEvaluationReportLogger : 


============================
CONDITIONS EVALUATION REPORT
============================


Positive matches:
-----------------

   AopAutoConfiguration matched:
      - @ConditionalOnProperty (spring.aop.auto=true) matched (OnPropertyCondition)

   AopAutoConfiguration.AspectJAutoProxyingConfiguration matched:
      - @ConditionalOnClass found required class 'org.aspectj.weaver.Advice' (OnClassCondition)

   AopAutoConfiguration.AspectJAutoProxyingConfiguration.CglibAutoProxyConfiguration matched:
      - @ConditionalOnProperty (spring.aop.proxy-target-class=true) matched (OnPropertyCondition)

   ApplicationAvailabilityAutoConfiguration#applicationAvailability matched:
      - @ConditionalOnMissingBean (types: org.springframework.boot.availability.ApplicationAvailability; SearchStrategy: all) did not find any beans (OnBeanCondition)

   AutoServiceRegistrationAutoConfiguration matched:
      - @ConditionalOnProperty (spring.cloud.service-registry.auto-registration.enabled) matched (OnPropertyCondition)

   AutoServiceRegistrationConfiguration matched:
      - @ConditionalOnProperty (spring.cloud.service-registry.auto-registration.enabled) matched (OnPropertyCondition)

   BlockingLoadBalancerClientAutoConfiguration matched:
      - @ConditionalOnProperty (spring.cloud.loadbalancer.enabled=true) matched (OnPropertyCondition)
      - AnyNestedCondition 2 matched 0 did not; NestedCondition on BlockingRestClassesPresentCondition.RestClientPresent @ConditionalOnClass found required class 'org.springframework.web.client.RestClient'; NestedCondition on BlockingRestClassesPresentCondition.RestTemplatePresent @ConditionalOnClass found required class 'org.springframework.web.client.RestTemplate' (BlockingRestClassesPresentCondition)

   BlockingLoadBalancerClientAutoConfiguration#blockingLoadBalancerClient matched:
      - @ConditionalOnBean (types: org.springframework.cloud.loadbalancer.support.LoadBalancerClientFactory; SearchStrategy: all) found bean 'loadBalancerClientFactory'; @ConditionalOnMissingBean (types: org.springframework.cloud.client.loadbalancer.LoadBalancerClient; SearchStrategy: all) did not find any beans (OnBeanCondition)

   BlockingLoadBalancerClientAutoConfiguration#loadBalancerServiceInstanceCookieTransformer matched:
      - @ConditionalOnBean (types: org.springframework.cloud.loadbalancer.support.LoadBalancerClientFactory; SearchStrategy: all) found bean 'loadBalancerClientFactory'; @ConditionalOnMissingBean (types: org.springframework.cloud.loadbalancer.core.LoadBalancerServiceInstanceCookieTransformer; SearchStrategy: all) did not find any beans (OnBeanCondition)

   BlockingLoadBalancerClientAutoConfiguration#xForwarderHeadersTransformer matched:
      - @ConditionalOnBean (types: org.springframework.cloud.loadbalancer.support.LoadBalancerClientFactory; SearchStrategy: all) found bean 'loadBalancerClientFactory'; @ConditionalOnMissingBean (types: org.springframework.cloud.loadbalancer.blocking.XForwardedHeadersTransformer; SearchStrategy: all) did not find any beans (OnBeanCondition)

   CacheMeterBinderProvidersConfiguration matched:
      - @ConditionalOnClass found required class 'io.micrometer.core.instrument.binder.MeterBinder' (OnClassCondition)

   CommonsClientAutoConfiguration.ActuatorConfiguration matched:
      - @ConditionalOnClass found required class 'org.springframework.boot.actuate.endpoint.annotation.Endpoint' (OnClassCondition)
      - @ConditionalOnProperty (spring.cloud.features.enabled) matched (OnPropertyCondition)

   CommonsClientAutoConfiguration.DiscoveryLoadBalancerConfiguration matched:
      - @ConditionalOnClass found required class 'org.springframework.boot.actuate.health.HealthIndicator' (OnClassCondition)
      - @ConditionalOnProperty (spring.cloud.discovery.enabled) matched; @ConditionalOnProperty (spring.cloud.discovery.blocking.enabled) matched (OnPropertyCondition)
      - @ConditionalOnBean (types: org.springframework.cloud.client.discovery.DiscoveryClient; SearchStrategy: all) found beans 'discoveryClient', 'simpleDiscoveryClient', 'compositeDiscoveryClient' (OnBeanCondition)

   CommonsClientAutoConfiguration.DiscoveryLoadBalancerConfiguration#discoveryClientHealthIndicator matched:
      - @ConditionalOnProperty (spring.cloud.discovery.client.health-indicator.enabled) matched (OnPropertyCondition)

   CommonsClientAutoConfiguration.DiscoveryLoadBalancerConfiguration#discoveryCompositeHealthContributor matched:
      - @ConditionalOnProperty (spring.cloud.discovery.client.composite-indicator.enabled) matched (OnPropertyCondition)
      - @ConditionalOnBean (types: org.springframework.cloud.client.discovery.health.DiscoveryHealthIndicator; SearchStrategy: all) found beans 'eurekaHealthIndicator', 'discoveryClientHealthIndicator' (OnBeanCondition)

   CompatibilityVerifierAutoConfiguration matched:
      - @ConditionalOnProperty (spring.cloud.compatibility-verifier.enabled) matched (OnPropertyCondition)

   CompositeMeterRegistryAutoConfiguration matched:
      - @ConditionalOnClass found required class 'io.micrometer.core.instrument.composite.CompositeMeterRegistry' (OnClassCondition)

   ConfigClientAutoConfiguration.ConfigServerHealthIndicatorConfiguration matched:
      - @ConditionalOnClass found required class 'org.springframework.boot.actuate.health.HealthIndicator' (OnClassCondition)
      - @ConditionalOnEnabledHealthIndicator management.health.defaults.enabled is considered true (OnEnabledHealthIndicatorCondition)

   ConfigurationPropertiesRebinderAutoConfiguration matched:
      - @ConditionalOnBean (types: org.springframework.boot.context.properties.ConfigurationPropertiesBindingPostProcessor; SearchStrategy: all) found bean 'org.springframework.boot.context.properties.ConfigurationPropertiesBindingPostProcessor' (OnBeanCondition)

   ConfigurationPropertiesRebinderAutoConfiguration#configurationPropertiesBeans matched:
      - @ConditionalOnMissingBean (types: org.springframework.cloud.context.properties.ConfigurationPropertiesBeans; SearchStrategy: current) did not find any beans (OnBeanCondition)

   ConfigurationPropertiesRebinderAutoConfiguration#configurationPropertiesRebinder matched:
      - @ConditionalOnMissingBean (types: org.springframework.cloud.context.properties.ConfigurationPropertiesRebinder; SearchStrategy: current) did not find any beans (OnBeanCondition)

   DataSourceAutoConfiguration matched:
      - @ConditionalOnClass found required classes 'javax.sql.DataSource', 'org.springframework.jdbc.datasource.embedded.EmbeddedDatabaseType' (OnClassCondition)
      - @ConditionalOnMissingBean (types: io.r2dbc.spi.ConnectionFactory; SearchStrategy: all) did not find any beans (OnBeanCondition)

   DataSourceAutoConfiguration.PooledDataSourceConfiguration matched:
      - AnyNestedCondition 1 matched 1 did not; NestedCondition on DataSourceAutoConfiguration.PooledDataSourceCondition.PooledDataSourceAvailable PooledDataSource found supported DataSource; NestedCondition on DataSourceAutoConfiguration.PooledDataSourceCondition.ExplicitType @ConditionalOnProperty (spring.datasource.type) did not find property 'type' (DataSourceAutoConfiguration.PooledDataSourceCondition)
      - @ConditionalOnMissingBean (types: javax.sql.DataSource,javax.sql.XADataSource; SearchStrategy: all) did not find any beans (OnBeanCondition)

   DataSourceAutoConfiguration.PooledDataSourceConfiguration#jdbcConnectionDetails matched:
      - @ConditionalOnMissingBean (types: org.springframework.boot.autoconfigure.jdbc.JdbcConnectionDetails; SearchStrategy: all) did not find any beans (OnBeanCondition)

   DataSourceConfiguration.Hikari matched:
      - @ConditionalOnClass found required class 'com.zaxxer.hikari.HikariDataSource' (OnClassCondition)
      - @ConditionalOnProperty (spring.datasource.type=com.zaxxer.hikari.HikariDataSource) matched (OnPropertyCondition)
      - @ConditionalOnMissingBean (types: javax.sql.DataSource; SearchStrategy: all) did not find any beans (OnBeanCondition)

   DataSourceHealthContributorAutoConfiguration matched:
      - @ConditionalOnClass found required classes 'org.springframework.jdbc.core.JdbcTemplate', 'org.springframework.jdbc.datasource.lookup.AbstractRoutingDataSource' (OnClassCondition)
      - @ConditionalOnEnabledHealthIndicator management.health.defaults.enabled is considered true (OnEnabledHealthIndicatorCondition)
      - @ConditionalOnBean (types: javax.sql.DataSource; SearchStrategy: all) found bean 'dataSource' (OnBeanCondition)

   DataSourceHealthContributorAutoConfiguration#dbHealthContributor matched:
      - @ConditionalOnMissingBean (names: dbHealthIndicator,dbHealthContributor; SearchStrategy: all) did not find any beans (OnBeanCondition)

   DataSourceInitializationConfiguration matched:
      - @ConditionalOnClass found required class 'org.springframework.jdbc.datasource.init.DatabasePopulator' (OnClassCondition)
      - @ConditionalOnSingleCandidate (types: javax.sql.DataSource; SearchStrategy: all) found a single bean 'dataSource'; @ConditionalOnMissingBean (types: org.springframework.boot.autoconfigure.sql.init.SqlDataSourceScriptDatabaseInitializer,org.springframework.boot.autoconfigure.sql.init.SqlR2dbcScriptDatabaseInitializer; SearchStrategy: all) did not find any beans (OnBeanCondition)

   DataSourceJmxConfiguration matched:
      - @ConditionalOnProperty (spring.jmx.enabled=true) matched (OnPropertyCondition)

   DataSourceJmxConfiguration.Hikari matched:
      - @ConditionalOnClass found required class 'com.zaxxer.hikari.HikariDataSource' (OnClassCondition)
      - @ConditionalOnSingleCandidate (types: javax.sql.DataSource; SearchStrategy: all) found a single bean 'dataSource' (OnBeanCondition)

   DataSourcePoolMetadataProvidersConfiguration.HikariPoolDataSourceMetadataProviderConfiguration matched:
      - @ConditionalOnClass found required class 'com.zaxxer.hikari.HikariDataSource' (OnClassCondition)

   DataSourcePoolMetricsAutoConfiguration matched:
      - @ConditionalOnClass found required classes 'javax.sql.DataSource', 'io.micrometer.core.instrument.MeterRegistry' (OnClassCondition)
      - @ConditionalOnBean (types: javax.sql.DataSource,io.micrometer.core.instrument.MeterRegistry; SearchStrategy: all) found beans 'simpleMeterRegistry', 'dataSource' (OnBeanCondition)

   DataSourcePoolMetricsAutoConfiguration.DataSourcePoolMetadataMetricsConfiguration matched:
      - @ConditionalOnBean (types: org.springframework.boot.jdbc.metadata.DataSourcePoolMetadataProvider; SearchStrategy: all) found bean 'hikariPoolDataSourceMetadataProvider' (OnBeanCondition)

   DataSourcePoolMetricsAutoConfiguration.HikariDataSourceMetricsConfiguration matched:
      - @ConditionalOnClass found required class 'com.zaxxer.hikari.HikariDataSource' (OnClassCondition)

   DataSourceTransactionManagerAutoConfiguration matched:
      - @ConditionalOnClass found required classes 'javax.sql.DataSource', 'org.springframework.jdbc.core.JdbcTemplate', 'org.springframework.transaction.TransactionManager' (OnClassCondition)

   DataSourceTransactionManagerAutoConfiguration.JdbcTransactionManagerConfiguration matched:
      - @ConditionalOnSingleCandidate (types: javax.sql.DataSource; SearchStrategy: all) found a single bean 'dataSource' (OnBeanCondition)

   DefaultFeignLoadBalancerConfiguration#feignClient matched:
      - AnyNestedCondition 2 matched 1 did not; NestedCondition on OnRetryNotEnabledCondition.OnLoadBalancerRetryEnabledCondition @ConditionalOnProperty (spring.cloud.loadbalancer.retry.enabled=false) did not find property 'spring.cloud.loadbalancer.retry.enabled'; NestedCondition on OnRetryNotEnabledCondition.OnRetryFactoryCondition @ConditionalOnMissingBean (types: org.springframework.cloud.client.loadbalancer.LoadBalancedRetryFactory; SearchStrategy: all) did not find any beans; NestedCondition on OnRetryNotEnabledCondition.OnNoRetryTemplateCondition @ConditionalOnMissingClass did not find unwanted class 'org.springframework.retry.support.RetryTemplate' (OnRetryNotEnabledCondition)
      - @ConditionalOnMissingBean (types: feign.Client; SearchStrategy: all) did not find any beans (OnBeanCondition)

   DiscoveryClientOptionalArgsConfiguration#defaultEurekaClientHttpRequestFactorySupplier matched:
      - @ConditionalOnClass found required class 'org.springframework.web.client.RestTemplate' (OnClassCondition)
      - @ConditionalOnMissingBean (types: org.springframework.cloud.netflix.eureka.http.EurekaClientHttpRequestFactorySupplier; SearchStrategy: all) did not find any beans (OnBeanCondition)

   DiscoveryClientOptionalArgsConfiguration#restTemplateDiscoveryClientOptionalArgs matched:
      - @ConditionalOnClass found required class 'org.springframework.web.client.RestTemplate' (OnClassCondition)
      - @ConditionalOnProperty (eureka.client.webclient.enabled=false) matched (OnPropertyCondition)
      - AnyNestedCondition 1 matched 1 did not; NestedCondition on DiscoveryClientOptionalArgsConfiguration.JerseyClientNotPresentOrNotEnabledCondition.OnJerseyClientDisabled @ConditionalOnProperty (eureka.client.jersey.enabled=false) did not find property 'eureka.client.jersey.enabled'; NestedCondition on DiscoveryClientOptionalArgsConfiguration.JerseyClientNotPresentOrNotEnabledCondition.OnJerseyClientMissing @ConditionalOnMissingClass did not find unwanted class 'org.glassfish.jersey.client.JerseyClient' (DiscoveryClientOptionalArgsConfiguration.JerseyClientNotPresentOrNotEnabledCondition)
      - @ConditionalOnMissingBean (types: com.netflix.discovery.AbstractDiscoveryClientOptionalArgs; SearchStrategy: current) did not find any beans (OnBeanCondition)

   DiscoveryClientOptionalArgsConfiguration#restTemplateTransportClientFactories matched:
      - @ConditionalOnClass found required class 'org.springframework.web.client.RestTemplate' (OnClassCondition)
      - @ConditionalOnProperty (eureka.client.webclient.enabled=false) matched (OnPropertyCondition)
      - AnyNestedCondition 1 matched 1 did not; NestedCondition on DiscoveryClientOptionalArgsConfiguration.JerseyClientNotPresentOrNotEnabledCondition.OnJerseyClientDisabled @ConditionalOnProperty (eureka.client.jersey.enabled=false) did not find property 'eureka.client.jersey.enabled'; NestedCondition on DiscoveryClientOptionalArgsConfiguration.JerseyClientNotPresentOrNotEnabledCondition.OnJerseyClientMissing @ConditionalOnMissingClass did not find unwanted class 'org.glassfish.jersey.client.JerseyClient' (DiscoveryClientOptionalArgsConfiguration.JerseyClientNotPresentOrNotEnabledCondition)
      - @ConditionalOnMissingBean (types: com.netflix.discovery.shared.transport.jersey.TransportClientFactories; SearchStrategy: current) did not find any beans (OnBeanCondition)

   DiskSpaceHealthContributorAutoConfiguration matched:
      - @ConditionalOnEnabledHealthIndicator management.health.defaults.enabled is considered true (OnEnabledHealthIndicatorCondition)

   DiskSpaceHealthContributorAutoConfiguration#diskSpaceHealthIndicator matched:
      - @ConditionalOnMissingBean (names: diskSpaceHealthIndicator; SearchStrategy: all) did not find any beans (OnBeanCondition)

   DispatcherServletAutoConfiguration matched:
      - @ConditionalOnClass found required class 'org.springframework.web.servlet.DispatcherServlet' (OnClassCondition)
      - found 'session' scope (OnWebApplicationCondition)

   DispatcherServletAutoConfiguration.DispatcherServletConfiguration matched:
      - @ConditionalOnClass found required class 'jakarta.servlet.ServletRegistration' (OnClassCondition)
      - Default DispatcherServlet did not find dispatcher servlet beans (DispatcherServletAutoConfiguration.DefaultDispatcherServletCondition)

   DispatcherServletAutoConfiguration.DispatcherServletRegistrationConfiguration matched:
      - @ConditionalOnClass found required class 'jakarta.servlet.ServletRegistration' (OnClassCondition)
      - DispatcherServlet Registration did not find servlet registration bean (DispatcherServletAutoConfiguration.DispatcherServletRegistrationCondition)

   DispatcherServletAutoConfiguration.DispatcherServletRegistrationConfiguration#dispatcherServletRegistration matched:
      - @ConditionalOnBean (names: dispatcherServlet types: org.springframework.web.servlet.DispatcherServlet; SearchStrategy: all) found bean 'dispatcherServlet' (OnBeanCondition)

   EmbeddedWebServerFactoryCustomizerAutoConfiguration matched:
      - @ConditionalOnWebApplication (required) found 'session' scope (OnWebApplicationCondition)
      - @ConditionalOnWarDeployment the application is not deployed as a WAR file. (OnWarDeploymentCondition)

   EmbeddedWebServerFactoryCustomizerAutoConfiguration.TomcatWebServerFactoryCustomizerConfiguration matched:
      - @ConditionalOnClass found required classes 'org.apache.catalina.startup.Tomcat', 'org.apache.coyote.UpgradeProtocol' (OnClassCondition)

   EndpointAutoConfiguration#endpointCachingOperationInvokerAdvisor matched:
      - @ConditionalOnMissingBean (types: org.springframework.boot.actuate.endpoint.invoker.cache.CachingOperationInvokerAdvisor; SearchStrategy: all) did not find any beans (OnBeanCondition)

   EndpointAutoConfiguration#endpointOperationParameterMapper matched:
      - @ConditionalOnMissingBean (types: org.springframework.boot.actuate.endpoint.invoke.ParameterValueMapper; SearchStrategy: all) did not find any beans (OnBeanCondition)

   ErrorMvcAutoConfiguration matched:
      - @ConditionalOnClass found required classes 'jakarta.servlet.Servlet', 'org.springframework.web.servlet.DispatcherServlet' (OnClassCondition)
      - found 'session' scope (OnWebApplicationCondition)

   ErrorMvcAutoConfiguration#basicErrorController matched:
      - @ConditionalOnMissingBean (types: org.springframework.boot.web.servlet.error.ErrorController; SearchStrategy: current) did not find any beans (OnBeanCondition)

   ErrorMvcAutoConfiguration#errorAttributes matched:
      - @ConditionalOnMissingBean (types: org.springframework.boot.web.servlet.error.ErrorAttributes; SearchStrategy: current) did not find any beans (OnBeanCondition)

   ErrorMvcAutoConfiguration.DefaultErrorViewResolverConfiguration#conventionErrorViewResolver matched:
      - @ConditionalOnBean (types: org.springframework.web.servlet.DispatcherServlet; SearchStrategy: all) found bean 'dispatcherServlet'; @ConditionalOnMissingBean (types: org.springframework.boot.autoconfigure.web.servlet.error.ErrorViewResolver; SearchStrategy: all) did not find any beans (OnBeanCondition)

   ErrorMvcAutoConfiguration.WhitelabelErrorViewConfiguration matched:
      - @ConditionalOnProperty (server.error.whitelabel.enabled) matched (OnPropertyCondition)
      - ErrorTemplate Missing did not find error template view (ErrorMvcAutoConfiguration.ErrorTemplateMissingCondition)

   ErrorMvcAutoConfiguration.WhitelabelErrorViewConfiguration#beanNameViewResolver matched:
      - @ConditionalOnMissingBean (types: org.springframework.web.servlet.view.BeanNameViewResolver; SearchStrategy: all) did not find any beans (OnBeanCondition)

   ErrorMvcAutoConfiguration.WhitelabelErrorViewConfiguration#defaultErrorView matched:
      - @ConditionalOnMissingBean (names: error; SearchStrategy: all) did not find any beans (OnBeanCondition)

   EurekaClientAutoConfiguration matched:
      - @ConditionalOnClass found required class 'com.netflix.discovery.EurekaClientConfig' (OnClassCondition)
      - @ConditionalOnProperty (eureka.client.enabled) matched; @ConditionalOnProperty (spring.cloud.discovery.enabled) matched (OnPropertyCondition)

   EurekaClientAutoConfiguration#eurekaAutoServiceRegistration matched:
      - @ConditionalOnProperty (spring.cloud.service-registry.auto-registration.enabled) matched (OnPropertyCondition)
      - @ConditionalOnBean (types: org.springframework.cloud.client.serviceregistry.AutoServiceRegistrationProperties; SearchStrategy: all) found bean 'spring.cloud.service-registry.auto-registration-org.springframework.cloud.client.serviceregistry.AutoServiceRegistrationProperties' (OnBeanCondition)

   EurekaClientAutoConfiguration#eurekaClientConfigBean matched:
      - @ConditionalOnMissingBean (types: com.netflix.discovery.EurekaClientConfig; SearchStrategy: current) did not find any beans (OnBeanCondition)

   EurekaClientAutoConfiguration#eurekaInstanceConfigBean matched:
      - @ConditionalOnMissingBean (types: com.netflix.appinfo.EurekaInstanceConfig; SearchStrategy: current) did not find any beans (OnBeanCondition)

   EurekaClientAutoConfiguration#serviceManagementMetadataProvider matched:
      - @ConditionalOnMissingBean (types: org.springframework.cloud.netflix.eureka.metadata.ManagementMetadataProvider; SearchStrategy: all) did not find any beans (OnBeanCondition)

   EurekaClientAutoConfiguration.EurekaHealthIndicatorConfiguration matched:
      - @ConditionalOnClass found required class 'org.springframework.boot.actuate.health.Health' (OnClassCondition)

   EurekaClientAutoConfiguration.EurekaHealthIndicatorConfiguration#eurekaHealthIndicator matched:
      - @ConditionalOnMissingBean (types: org.springframework.cloud.netflix.eureka.EurekaHealthIndicator; SearchStrategy: all) did not find any beans (OnBeanCondition)
      - @ConditionalOnEnabledHealthIndicator management.health.defaults.enabled is considered true (OnEnabledHealthIndicatorCondition)

   EurekaClientAutoConfiguration.RefreshableEurekaClientConfiguration matched:
      - @ConditionalOnClass found required class 'org.springframework.cloud.context.scope.refresh.RefreshScope' (OnClassCondition)
      - @ConditionalOnProperty (eureka.client.refresh.enable=true) matched (OnPropertyCondition)
      - @ConditionalOnBean (types: org.springframework.cloud.autoconfigure.RefreshAutoConfiguration; SearchStrategy: all) found bean 'org.springframework.cloud.autoconfigure.RefreshAutoConfiguration' (OnBeanCondition)

   EurekaClientAutoConfiguration.RefreshableEurekaClientConfiguration#eurekaApplicationInfoManager matched:
      - @ConditionalOnMissingBean (types: com.netflix.appinfo.ApplicationInfoManager; SearchStrategy: current) did not find any beans (OnBeanCondition)

   EurekaClientAutoConfiguration.RefreshableEurekaClientConfiguration#eurekaClient matched:
      - @ConditionalOnMissingBean (types: com.netflix.discovery.EurekaClient; SearchStrategy: current) did not find any beans (OnBeanCondition)

   EurekaClientAutoConfiguration.RefreshableEurekaClientConfiguration#eurekaRegistration matched:
      - @ConditionalOnProperty (spring.cloud.service-registry.auto-registration.enabled) matched (OnPropertyCondition)
      - @ConditionalOnBean (types: org.springframework.cloud.client.serviceregistry.AutoServiceRegistrationProperties; SearchStrategy: all) found bean 'spring.cloud.service-registry.auto-registration-org.springframework.cloud.client.serviceregistry.AutoServiceRegistrationProperties' (OnBeanCondition)

   EurekaDiscoveryClientConfiguration matched:
      - @ConditionalOnClass found required class 'com.netflix.discovery.EurekaClientConfig' (OnClassCondition)
      - @ConditionalOnProperty (eureka.client.enabled) matched; @ConditionalOnProperty (spring.cloud.discovery.enabled) matched; @ConditionalOnProperty (spring.cloud.discovery.blocking.enabled) matched (OnPropertyCondition)

   EurekaDiscoveryClientConfiguration#discoveryClient matched:
      - @ConditionalOnMissingBean (types: org.springframework.cloud.netflix.eureka.EurekaDiscoveryClient; SearchStrategy: all) did not find any beans (OnBeanCondition)

   EurekaDiscoveryClientConfiguration.EurekaClientConfigurationRefresher matched:
      - @ConditionalOnClass found required class 'org.springframework.cloud.context.scope.refresh.RefreshScopeRefreshedEvent' (OnClassCondition)

   FeignAutoConfiguration matched:
      - @ConditionalOnClass found required class 'feign.Feign' (OnClassCondition)

   FeignAutoConfiguration.DefaultFeignTargeterConfiguration matched:
      - AnyNestedCondition 1 matched 1 did not; NestedCondition on FeignCircuitBreakerDisabledConditions.CircuitBreakerDisabled @ConditionalOnProperty (spring.cloud.openfeign.circuitbreaker.enabled=false) matched; NestedCondition on FeignCircuitBreakerDisabledConditions.CircuitBreakerClassMissing @ConditionalOnMissingClass found unwanted class 'org.springframework.cloud.client.circuitbreaker.CircuitBreaker' (FeignCircuitBreakerDisabledConditions)

   FeignAutoConfiguration.DefaultFeignTargeterConfiguration#feignTargeter matched:
      - @ConditionalOnMissingBean (types: org.springframework.cloud.openfeign.Targeter; SearchStrategy: all) did not find any beans (OnBeanCondition)

   FeignAutoConfiguration.FeignJacksonConfiguration matched:
      - @ConditionalOnClass found required classes 'com.fasterxml.jackson.databind.Module', 'org.springframework.data.domain.Page', 'org.springframework.data.domain.Sort' (OnClassCondition)
      - @ConditionalOnProperty (spring.cloud.openfeign.autoconfiguration.jackson.enabled=true) matched (OnPropertyCondition)

   FeignAutoConfiguration.FeignJacksonConfiguration#pageJacksonModule matched:
      - @ConditionalOnMissingBean (types: org.springframework.cloud.openfeign.support.PageJacksonModule; SearchStrategy: all) did not find any beans (OnBeanCondition)

   FeignAutoConfiguration.FeignJacksonConfiguration#sortModule matched:
      - @ConditionalOnMissingBean (types: org.springframework.cloud.openfeign.support.SortJacksonModule; SearchStrategy: all) did not find any beans (OnBeanCondition)

   FeignLoadBalancerAutoConfiguration matched:
      - @ConditionalOnClass found required class 'feign.Feign' (OnClassCondition)
      - @ConditionalOnBean (types: org.springframework.cloud.client.loadbalancer.LoadBalancerClient,org.springframework.cloud.loadbalancer.support.LoadBalancerClientFactory; SearchStrategy: all) found beans 'blockingLoadBalancerClient', 'loadBalancerClientFactory' (OnBeanCondition)

   FeignLoadBalancerAutoConfiguration#xForwarderHeadersFeignTransformer matched:
      - @ConditionalOnBean (types: org.springframework.cloud.loadbalancer.support.LoadBalancerClientFactory; SearchStrategy: all) found bean 'loadBalancerClientFactory'; @ConditionalOnMissingBean (types: org.springframework.cloud.openfeign.loadbalancer.XForwardedHeadersTransformer; SearchStrategy: all) did not find any beans (OnBeanCondition)

   GenericCacheConfiguration matched:
      - Cache org.springframework.boot.autoconfigure.cache.GenericCacheConfiguration automatic cache type (CacheCondition)

   GsonAutoConfiguration matched:
      - @ConditionalOnClass found required class 'com.google.gson.Gson' (OnClassCondition)

   GsonAutoConfiguration#gson matched:
      - @ConditionalOnMissingBean (types: com.google.gson.Gson; SearchStrategy: all) did not find any beans (OnBeanCondition)

   GsonAutoConfiguration#gsonBuilder matched:
      - @ConditionalOnMissingBean (types: com.google.gson.GsonBuilder; SearchStrategy: all) did not find any beans (OnBeanCondition)

   GsonHttpMessageConvertersConfiguration matched:
      - @ConditionalOnClass found required class 'com.google.gson.Gson' (OnClassCondition)

   HealthContributorAutoConfiguration#pingHealthContributor matched:
      - @ConditionalOnEnabledHealthIndicator management.health.defaults.enabled is considered true (OnEnabledHealthIndicatorCondition)

   HealthEndpointAutoConfiguration matched:
      - @ConditionalOnAvailableEndpoint marked as exposed by a 'management.endpoints.web.exposure' property (OnAvailableEndpointCondition)

   HealthEndpointConfiguration#healthContributorRegistry matched:
      - @ConditionalOnMissingBean (types: org.springframework.boot.actuate.health.HealthContributorRegistry; SearchStrategy: all) did not find any beans (OnBeanCondition)

   HealthEndpointConfiguration#healthEndpoint matched:
      - @ConditionalOnMissingBean (types: org.springframework.boot.actuate.health.HealthEndpoint; SearchStrategy: all) did not find any beans (OnBeanCondition)

   HealthEndpointConfiguration#healthEndpointGroupMembershipValidator matched:
      - @ConditionalOnProperty (management.endpoint.health.validate-group-membership=true) matched (OnPropertyCondition)

   HealthEndpointConfiguration#healthEndpointGroups matched:
      - @ConditionalOnMissingBean (types: org.springframework.boot.actuate.health.HealthEndpointGroups; SearchStrategy: all) did not find any beans (OnBeanCondition)

   HealthEndpointConfiguration#healthHttpCodeStatusMapper matched:
      - @ConditionalOnMissingBean (types: org.springframework.boot.actuate.health.HttpCodeStatusMapper; SearchStrategy: all) did not find any beans (OnBeanCondition)

   HealthEndpointConfiguration#healthStatusAggregator matched:
      - @ConditionalOnMissingBean (types: org.springframework.boot.actuate.health.StatusAggregator; SearchStrategy: all) did not find any beans (OnBeanCondition)

   HealthEndpointWebExtensionConfiguration matched:
      - found 'session' scope (OnWebApplicationCondition)
      - @ConditionalOnAvailableEndpoint marked as exposed by a 'management.endpoints.web.exposure' property (OnAvailableEndpointCondition)
      - @ConditionalOnBean (types: org.springframework.boot.actuate.health.HealthEndpoint; SearchStrategy: all) found bean 'healthEndpoint' (OnBeanCondition)

   HealthEndpointWebExtensionConfiguration#healthEndpointWebExtension matched:
      - @ConditionalOnMissingBean (types: org.springframework.boot.actuate.health.HealthEndpointWebExtension; SearchStrategy: all) did not find any beans (OnBeanCondition)

   HealthEndpointWebExtensionConfiguration.MvcAdditionalHealthEndpointPathsConfiguration matched:
      - @ConditionalOnAvailableEndpoint marked as exposed by a 'management.endpoints.web.exposure' property (OnAvailableEndpointCondition)
      - @ConditionalOnBean (types: org.springframework.web.servlet.DispatcherServlet; SearchStrategy: all) found bean 'dispatcherServlet' (OnBeanCondition)

   HibernateJpaAutoConfiguration matched:
      - @ConditionalOnClass found required classes 'org.springframework.orm.jpa.LocalContainerEntityManagerFactoryBean', 'jakarta.persistence.EntityManager', 'org.hibernate.engine.spi.SessionImplementor' (OnClassCondition)

   HibernateJpaConfiguration matched:
      - @ConditionalOnSingleCandidate (types: javax.sql.DataSource; SearchStrategy: all) found a single bean 'dataSource' (OnBeanCondition)

   HttpClientObservationsAutoConfiguration matched:
      - @ConditionalOnClass found required class 'io.micrometer.observation.Observation' (OnClassCondition)
      - @ConditionalOnBean (types: io.micrometer.observation.ObservationRegistry; SearchStrategy: all) found bean 'observationRegistry' (OnBeanCondition)

   HttpClientObservationsAutoConfiguration.MeterFilterConfiguration matched:
      - @ConditionalOnClass found required class 'io.micrometer.core.instrument.MeterRegistry' (OnClassCondition)
      - @ConditionalOnBean (types: io.micrometer.core.instrument.MeterRegistry; SearchStrategy: all) found bean 'simpleMeterRegistry' (OnBeanCondition)

   HttpEncodingAutoConfiguration matched:
      - @ConditionalOnClass found required class 'org.springframework.web.filter.CharacterEncodingFilter' (OnClassCondition)
      - found 'session' scope (OnWebApplicationCondition)
      - @ConditionalOnProperty (server.servlet.encoding.enabled) matched (OnPropertyCondition)

   HttpEncodingAutoConfiguration#characterEncodingFilter matched:
      - @ConditionalOnMissingBean (types: org.springframework.web.filter.CharacterEncodingFilter; SearchStrategy: all) did not find any beans (OnBeanCondition)

   HttpMessageConvertersAutoConfiguration matched:
      - @ConditionalOnClass found required class 'org.springframework.http.converter.HttpMessageConverter' (OnClassCondition)
      - NoneNestedConditions 0 matched 1 did not; NestedCondition on HttpMessageConvertersAutoConfiguration.NotReactiveWebApplicationCondition.ReactiveWebApplication did not find reactive web application classes (HttpMessageConvertersAutoConfiguration.NotReactiveWebApplicationCondition)

   HttpMessageConvertersAutoConfiguration#messageConverters matched:
      - @ConditionalOnMissingBean (types: org.springframework.boot.autoconfigure.http.HttpMessageConverters; SearchStrategy: all) did not find any beans (OnBeanCondition)

   HttpMessageConvertersAutoConfiguration.StringHttpMessageConverterConfiguration matched:
      - @ConditionalOnClass found required class 'org.springframework.http.converter.StringHttpMessageConverter' (OnClassCondition)

   HttpMessageConvertersAutoConfiguration.StringHttpMessageConverterConfiguration#stringHttpMessageConverter matched:
      - @ConditionalOnMissingBean (types: org.springframework.http.converter.StringHttpMessageConverter; SearchStrategy: all) did not find any beans (OnBeanCondition)

   InfoEndpointAutoConfiguration matched:
      - @ConditionalOnAvailableEndpoint marked as exposed by a 'management.endpoints.web.exposure' property (OnAvailableEndpointCondition)

   InfoEndpointAutoConfiguration#infoEndpoint matched:
      - @ConditionalOnMissingBean (types: org.springframework.boot.actuate.info.InfoEndpoint; SearchStrategy: all) did not find any beans (OnBeanCondition)

   JacksonAutoConfiguration matched:
      - @ConditionalOnClass found required class 'com.fasterxml.jackson.databind.ObjectMapper' (OnClassCondition)

   JacksonAutoConfiguration.Jackson2ObjectMapperBuilderCustomizerConfiguration matched:
      - @ConditionalOnClass found required class 'org.springframework.http.converter.json.Jackson2ObjectMapperBuilder' (OnClassCondition)

   JacksonAutoConfiguration.JacksonObjectMapperBuilderConfiguration matched:
      - @ConditionalOnClass found required class 'org.springframework.http.converter.json.Jackson2ObjectMapperBuilder' (OnClassCondition)

   JacksonAutoConfiguration.JacksonObjectMapperBuilderConfiguration#jacksonObjectMapperBuilder matched:
      - @ConditionalOnMissingBean (types: org.springframework.http.converter.json.Jackson2ObjectMapperBuilder; SearchStrategy: all) did not find any beans (OnBeanCondition)

   JacksonAutoConfiguration.JacksonObjectMapperConfiguration matched:
      - @ConditionalOnClass found required class 'org.springframework.http.converter.json.Jackson2ObjectMapperBuilder' (OnClassCondition)

   JacksonAutoConfiguration.JacksonObjectMapperConfiguration#jacksonObjectMapper matched:
      - @ConditionalOnMissingBean (types: com.fasterxml.jackson.databind.ObjectMapper; SearchStrategy: all) did not find any beans (OnBeanCondition)

   JacksonAutoConfiguration.ParameterNamesModuleConfiguration matched:
      - @ConditionalOnClass found required class 'com.fasterxml.jackson.module.paramnames.ParameterNamesModule' (OnClassCondition)

   JacksonAutoConfiguration.ParameterNamesModuleConfiguration#parameterNamesModule matched:
      - @ConditionalOnMissingBean (types: com.fasterxml.jackson.module.paramnames.ParameterNamesModule; SearchStrategy: all) did not find any beans (OnBeanCondition)

   JacksonEndpointAutoConfiguration#endpointObjectMapper matched:
      - @ConditionalOnClass found required classes 'com.fasterxml.jackson.databind.ObjectMapper', 'org.springframework.http.converter.json.Jackson2ObjectMapperBuilder' (OnClassCondition)
      - @ConditionalOnProperty (management.endpoints.jackson.isolated-object-mapper) matched (OnPropertyCondition)

   JacksonHttpMessageConvertersConfiguration.MappingJackson2HttpMessageConverterConfiguration matched:
      - @ConditionalOnClass found required class 'com.fasterxml.jackson.databind.ObjectMapper' (OnClassCondition)
      - @ConditionalOnProperty (spring.mvc.converters.preferred-json-mapper=jackson) matched (OnPropertyCondition)
      - @ConditionalOnBean (types: com.fasterxml.jackson.databind.ObjectMapper; SearchStrategy: all) found bean 'jacksonObjectMapper' (OnBeanCondition)

   JacksonHttpMessageConvertersConfiguration.MappingJackson2HttpMessageConverterConfiguration#mappingJackson2HttpMessageConverter matched:
      - @ConditionalOnMissingBean (types: org.springframework.http.converter.json.MappingJackson2HttpMessageConverter ignored: org.springframework.hateoas.server.mvc.TypeConstrainedMappingJackson2HttpMessageConverter,org.springframework.data.rest.webmvc.alps.AlpsJsonHttpMessageConverter; SearchStrategy: all) did not find any beans (OnBeanCondition)

   JdbcClientAutoConfiguration matched:
      - @ConditionalOnSingleCandidate (types: org.springframework.jdbc.core.namedparam.NamedParameterJdbcTemplate; SearchStrategy: all) found a single bean 'namedParameterJdbcTemplate'; @ConditionalOnMissingBean (types: org.springframework.jdbc.core.simple.JdbcClient; SearchStrategy: all) did not find any beans (OnBeanCondition)

   JdbcTemplateAutoConfiguration matched:
      - @ConditionalOnClass found required classes 'javax.sql.DataSource', 'org.springframework.jdbc.core.JdbcTemplate' (OnClassCondition)
      - @ConditionalOnSingleCandidate (types: javax.sql.DataSource; SearchStrategy: all) found a single bean 'dataSource' (OnBeanCondition)

   JdbcTemplateConfiguration matched:
      - @ConditionalOnMissingBean (types: org.springframework.jdbc.core.JdbcOperations; SearchStrategy: all) did not find any beans (OnBeanCondition)

   JpaBaseConfiguration#entityManagerFactory matched:
      - @ConditionalOnMissingBean (types: org.springframework.orm.jpa.LocalContainerEntityManagerFactoryBean,jakarta.persistence.EntityManagerFactory; SearchStrategy: all) did not find any beans (OnBeanCondition)

   JpaBaseConfiguration#entityManagerFactoryBuilder matched:
      - @ConditionalOnMissingBean (types: org.springframework.boot.orm.jpa.EntityManagerFactoryBuilder; SearchStrategy: all) did not find any beans (OnBeanCondition)

   JpaBaseConfiguration#jpaVendorAdapter matched:
      - @ConditionalOnMissingBean (types: org.springframework.orm.jpa.JpaVendorAdapter; SearchStrategy: all) did not find any beans (OnBeanCondition)

   JpaBaseConfiguration#transactionManager matched:
      - @ConditionalOnMissingBean (types: org.springframework.transaction.TransactionManager; SearchStrategy: all) did not find any beans (OnBeanCondition)

   JpaBaseConfiguration.JpaWebConfiguration matched:
      - @ConditionalOnClass found required class 'org.springframework.web.servlet.config.annotation.WebMvcConfigurer' (OnClassCondition)
      - found 'session' scope (OnWebApplicationCondition)
      - @ConditionalOnProperty (spring.jpa.open-in-view=true) matched (OnPropertyCondition)
      - @ConditionalOnMissingBean (types: org.springframework.orm.jpa.support.OpenEntityManagerInViewInterceptor,org.springframework.orm.jpa.support.OpenEntityManagerInViewFilter; SearchStrategy: all) did not find any beans (OnBeanCondition)

   JpaBaseConfiguration.PersistenceManagedTypesConfiguration matched:
      - @ConditionalOnMissingBean (types: org.springframework.orm.jpa.LocalContainerEntityManagerFactoryBean,jakarta.persistence.EntityManagerFactory; SearchStrategy: all) did not find any beans (OnBeanCondition)

   JpaBaseConfiguration.PersistenceManagedTypesConfiguration#persistenceManagedTypes matched:
      - @ConditionalOnMissingBean (types: org.springframework.orm.jpa.persistenceunit.PersistenceManagedTypes; SearchStrategy: all) did not find any beans (OnBeanCondition)

   JtaAutoConfiguration matched:
      - @ConditionalOnClass found required class 'jakarta.transaction.Transaction' (OnClassCondition)
      - @ConditionalOnProperty (spring.jta.enabled) matched (OnPropertyCondition)

   JvmMetricsAutoConfiguration matched:
      - @ConditionalOnClass found required class 'io.micrometer.core.instrument.MeterRegistry' (OnClassCondition)
      - @ConditionalOnBean (types: io.micrometer.core.instrument.MeterRegistry; SearchStrategy: all) found bean 'simpleMeterRegistry' (OnBeanCondition)

   JvmMetricsAutoConfiguration#classLoaderMetrics matched:
      - @ConditionalOnMissingBean (types: io.micrometer.core.instrument.binder.jvm.ClassLoaderMetrics; SearchStrategy: all) did not find any beans (OnBeanCondition)

   JvmMetricsAutoConfiguration#jvmCompilationMetrics matched:
      - @ConditionalOnMissingBean (types: io.micrometer.core.instrument.binder.jvm.JvmCompilationMetrics; SearchStrategy: all) did not find any beans (OnBeanCondition)

   JvmMetricsAutoConfiguration#jvmGcMetrics matched:
      - @ConditionalOnMissingBean (types: io.micrometer.core.instrument.binder.jvm.JvmGcMetrics; SearchStrategy: all) did not find any beans (OnBeanCondition)

   JvmMetricsAutoConfiguration#jvmHeapPressureMetrics matched:
      - @ConditionalOnMissingBean (types: io.micrometer.core.instrument.binder.jvm.JvmHeapPressureMetrics; SearchStrategy: all) did not find any beans (OnBeanCondition)

   JvmMetricsAutoConfiguration#jvmInfoMetrics matched:
      - @ConditionalOnMissingBean (types: io.micrometer.core.instrument.binder.jvm.JvmInfoMetrics; SearchStrategy: all) did not find any beans (OnBeanCondition)

   JvmMetricsAutoConfiguration#jvmMemoryMetrics matched:
      - @ConditionalOnMissingBean (types: io.micrometer.core.instrument.binder.jvm.JvmMemoryMetrics; SearchStrategy: all) did not find any beans (OnBeanCondition)

   JvmMetricsAutoConfiguration#jvmThreadMetrics matched:
      - @ConditionalOnMissingBean (types: io.micrometer.core.instrument.binder.jvm.JvmThreadMetrics; SearchStrategy: all) did not find any beans (OnBeanCondition)

   LifecycleAutoConfiguration#defaultLifecycleProcessor matched:
      - @ConditionalOnMissingBean (names: lifecycleProcessor; SearchStrategy: current) did not find any beans (OnBeanCondition)

   LifecycleMvcEndpointAutoConfiguration#environmentManager matched:
      - @ConditionalOnMissingBean (types: org.springframework.cloud.context.environment.EnvironmentManager; SearchStrategy: all) did not find any beans (OnBeanCondition)

   org.springframework.cloud.client.loadbalancer.LoadBalancerAutoConfiguration matched:
      - AnyNestedCondition 2 matched 0 did not; NestedCondition on BlockingRestClassesPresentCondition.RestClientPresent @ConditionalOnClass found required class 'org.springframework.web.client.RestClient'; NestedCondition on BlockingRestClassesPresentCondition.RestTemplatePresent @ConditionalOnClass found required class 'org.springframework.web.client.RestTemplate' (BlockingRestClassesPresentCondition)
      - @ConditionalOnBean (types: org.springframework.cloud.client.loadbalancer.LoadBalancerClient; SearchStrategy: all) found bean 'blockingLoadBalancerClient' (OnBeanCondition)

   org.springframework.cloud.loadbalancer.config.LoadBalancerAutoConfiguration matched:
      - @ConditionalOnProperty (spring.cloud.loadbalancer.enabled=true) matched (OnPropertyCondition)

   LoadBalancerAutoConfiguration#loadBalancerClientFactory matched:
      - @ConditionalOnMissingBean (types: org.springframework.cloud.loadbalancer.support.LoadBalancerClientFactory; SearchStrategy: all) did not find any beans (OnBeanCondition)

   LoadBalancerAutoConfiguration#loadBalancerRequestFactory matched:
      - @ConditionalOnMissingBean (types: org.springframework.cloud.client.loadbalancer.LoadBalancerRequestFactory; SearchStrategy: all) did not find any beans (OnBeanCondition)

   LoadBalancerAutoConfiguration#zoneConfig matched:
      - @ConditionalOnMissingBean (types: org.springframework.cloud.loadbalancer.config.LoadBalancerZoneConfig; SearchStrategy: all) did not find any beans (OnBeanCondition)

   LoadBalancerAutoConfiguration.DeferringLoadBalancerInterceptorConfig#deferringLoadBalancerInterceptor matched:
      - @ConditionalOnMissingBean (types: org.springframework.cloud.client.loadbalancer.DeferringLoadBalancerInterceptor; SearchStrategy: all) did not find any beans (OnBeanCondition)

   LoadBalancerAutoConfiguration.DeferringLoadBalancerInterceptorConfig#lbRestClientPostProcessor matched:
      - @ConditionalOnBean (types: org.springframework.cloud.client.loadbalancer.DeferringLoadBalancerInterceptor; SearchStrategy: all) found bean 'deferringLoadBalancerInterceptor'; @ConditionalOnMissingBean (types: org.springframework.cloud.client.loadbalancer.LoadBalancerRestClientBuilderBeanPostProcessor; SearchStrategy: all) did not find any beans (OnBeanCondition)

   LoadBalancerAutoConfiguration.LoadBalancerInterceptorConfig matched:
      - AnyNestedCondition 1 matched 1 did not; NestedCondition on LoadBalancerAutoConfiguration.RetryMissingOrDisabledCondition.RetryDisabled @ConditionalOnProperty (spring.cloud.loadbalancer.retry.enabled=false) did not find property 'spring.cloud.loadbalancer.retry.enabled'; NestedCondition on LoadBalancerAutoConfiguration.RetryMissingOrDisabledCondition.RetryTemplateMissing @ConditionalOnMissingClass did not find unwanted class 'org.springframework.retry.support.RetryTemplate' (LoadBalancerAutoConfiguration.RetryMissingOrDisabledCondition)

   LoadBalancerAutoConfiguration.LoadBalancerInterceptorConfig#restTemplateCustomizer matched:
      - @ConditionalOnMissingBean (types: org.springframework.cloud.client.loadbalancer.RestTemplateCustomizer; SearchStrategy: all) did not find any beans (OnBeanCondition)

   LoadBalancerCacheAutoConfiguration matched:
      - @ConditionalOnClass found required classes 'org.springframework.cache.CacheManager', 'org.springframework.boot.autoconfigure.cache.CacheAutoConfiguration' (OnClassCondition)
      - AllNestedConditions 2 matched 0 did not; NestedCondition on LoadBalancerCacheAutoConfiguration.OnLoadBalancerCachingEnabledCondition.LoadBalancerCacheEnabled @ConditionalOnProperty (spring.cloud.loadbalancer.cache.enabled) matched; NestedCondition on LoadBalancerCacheAutoConfiguration.OnLoadBalancerCachingEnabledCondition.LoadBalancerEnabled @ConditionalOnProperty (spring.cloud.loadbalancer.enabled=true) matched (LoadBalancerCacheAutoConfiguration.OnLoadBalancerCachingEnabledCondition)

   LoadBalancerCacheAutoConfiguration.DefaultLoadBalancerCacheManagerConfiguration matched:
      - @ConditionalOnClass found required class 'com.stoyanr.evictor.ConcurrentMapWithTimedEviction' (OnClassCondition)
      - AnyNestedCondition 1 matched 1 did not; NestedCondition on LoadBalancerCacheAutoConfiguration.OnCaffeineCacheMissingCondition.CaffeineCacheManagerClassMissing @ConditionalOnMissingClass found unwanted class 'org.springframework.cache.caffeine.CaffeineCacheManager'; NestedCondition on LoadBalancerCacheAutoConfiguration.OnCaffeineCacheMissingCondition.CaffeineClassMissing @ConditionalOnMissingClass did not find unwanted class 'com.github.benmanes.caffeine.cache.Caffeine' (LoadBalancerCacheAutoConfiguration.OnCaffeineCacheMissingCondition)

   LoadBalancerCacheAutoConfiguration.DefaultLoadBalancerCacheManagerConfiguration#defaultLoadBalancerCacheManager matched:
      - @ConditionalOnMissingBean (types: org.springframework.cloud.loadbalancer.cache.LoadBalancerCacheManager; SearchStrategy: all) did not find any beans (OnBeanCondition)

   LoadBalancerCacheAutoConfiguration.LoadBalancerCacheManagerWarnConfiguration matched:
      - AnyNestedCondition 1 matched 1 did not; NestedCondition on LoadBalancerCacheAutoConfiguration.OnCaffeineCacheMissingCondition.CaffeineCacheManagerClassMissing @ConditionalOnMissingClass found unwanted class 'org.springframework.cache.caffeine.CaffeineCacheManager'; NestedCondition on LoadBalancerCacheAutoConfiguration.OnCaffeineCacheMissingCondition.CaffeineClassMissing @ConditionalOnMissingClass did not find unwanted class 'com.github.benmanes.caffeine.cache.Caffeine' (LoadBalancerCacheAutoConfiguration.OnCaffeineCacheMissingCondition)

   LoadBalancerEurekaAutoConfiguration matched:
      - @ConditionalOnClass found required class 'org.springframework.cloud.loadbalancer.annotation.LoadBalancerClientConfigurationRegistrar' (OnClassCondition)
      - @ConditionalOnProperty (eureka.client.enabled) matched (OnPropertyCondition)

   LoadBalancerEurekaAutoConfiguration#eurekaLoadBalancerProperties matched:
      - @ConditionalOnMissingBean (types: org.springframework.cloud.netflix.eureka.loadbalancer.EurekaLoadBalancerProperties; SearchStrategy: all) did not find any beans (OnBeanCondition)

   LogbackMetricsAutoConfiguration matched:
      - @ConditionalOnClass found required classes 'io.micrometer.core.instrument.MeterRegistry', 'ch.qos.logback.classic.LoggerContext', 'org.slf4j.LoggerFactory' (OnClassCondition)
      - LogbackLoggingCondition ILoggerFactory is a Logback LoggerContext (LogbackMetricsAutoConfiguration.LogbackLoggingCondition)
      - @ConditionalOnBean (types: io.micrometer.core.instrument.MeterRegistry; SearchStrategy: all) found bean 'simpleMeterRegistry' (OnBeanCondition)

   LogbackMetricsAutoConfiguration#logbackMetrics matched:
      - @ConditionalOnMissingBean (types: io.micrometer.core.instrument.binder.logging.LogbackMetrics; SearchStrategy: all) did not find any beans (OnBeanCondition)

   MailHealthContributorAutoConfiguration matched:
      - @ConditionalOnClass found required class 'org.springframework.mail.javamail.JavaMailSenderImpl' (OnClassCondition)
      - @ConditionalOnEnabledHealthIndicator management.health.defaults.enabled is considered true (OnEnabledHealthIndicatorCondition)
      - @ConditionalOnBean (types: org.springframework.mail.javamail.JavaMailSenderImpl; SearchStrategy: all) found bean 'mailSender' (OnBeanCondition)

   MailHealthContributorAutoConfiguration#mailHealthContributor matched:
      - @ConditionalOnMissingBean (names: mailHealthIndicator,mailHealthContributor; SearchStrategy: all) did not find any beans (OnBeanCondition)

   MailSenderAutoConfiguration matched:
      - @ConditionalOnClass found required classes 'jakarta.mail.internet.MimeMessage', 'jakarta.activation.MimeType', 'org.springframework.mail.MailSender' (OnClassCondition)
      - AnyNestedCondition 1 matched 1 did not; NestedCondition on MailSenderAutoConfiguration.MailSenderCondition.JndiNameProperty @ConditionalOnProperty (spring.mail.jndi-name) did not find property 'jndi-name'; NestedCondition on MailSenderAutoConfiguration.MailSenderCondition.HostProperty @ConditionalOnProperty (spring.mail.host) matched (MailSenderAutoConfiguration.MailSenderCondition)
      - @ConditionalOnMissingBean (types: org.springframework.mail.MailSender; SearchStrategy: all) did not find any beans (OnBeanCondition)

   MailSenderPropertiesConfiguration matched:
      - @ConditionalOnProperty (spring.mail.host) matched (OnPropertyCondition)

   MailSenderPropertiesConfiguration#mailSender matched:
      - @ConditionalOnMissingBean (types: org.springframework.mail.javamail.JavaMailSender; SearchStrategy: all) did not find any beans (OnBeanCondition)

   ManagementContextAutoConfiguration.SameManagementContextConfiguration matched:
      - Management Port actual port type (SAME) matched required type (OnManagementPortCondition)

   MetricsAutoConfiguration matched:
      - @ConditionalOnClass found required class 'io.micrometer.core.annotation.Timed' (OnClassCondition)

   MetricsAutoConfiguration#micrometerClock matched:
      - @ConditionalOnMissingBean (types: io.micrometer.core.instrument.Clock; SearchStrategy: all) did not find any beans (OnBeanCondition)

   MultipartAutoConfiguration matched:
      - @ConditionalOnClass found required classes 'jakarta.servlet.Servlet', 'org.springframework.web.multipart.support.StandardServletMultipartResolver', 'jakarta.servlet.MultipartConfigElement' (OnClassCondition)
      - found 'session' scope (OnWebApplicationCondition)
      - @ConditionalOnProperty (spring.servlet.multipart.enabled) matched (OnPropertyCondition)

   MultipartAutoConfiguration#multipartConfigElement matched:
      - @ConditionalOnMissingBean (types: jakarta.servlet.MultipartConfigElement; SearchStrategy: all) did not find any beans (OnBeanCondition)

   MultipartAutoConfiguration#multipartResolver matched:
      - @ConditionalOnMissingBean (types: org.springframework.web.multipart.MultipartResolver; SearchStrategy: all) did not find any beans (OnBeanCondition)

   NamedParameterJdbcTemplateConfiguration matched:
      - @ConditionalOnSingleCandidate (types: org.springframework.jdbc.core.JdbcTemplate; SearchStrategy: all) found a single bean 'jdbcTemplate'; @ConditionalOnMissingBean (types: org.springframework.jdbc.core.namedparam.NamedParameterJdbcOperations; SearchStrategy: all) did not find any beans (OnBeanCondition)

   NoOpCacheConfiguration matched:
      - Cache org.springframework.boot.autoconfigure.cache.NoOpCacheConfiguration automatic cache type (CacheCondition)

   OAuth2ResourceServerAutoConfiguration matched:
      - @ConditionalOnClass found required class 'org.springframework.security.oauth2.server.resource.authentication.BearerTokenAuthenticationToken' (OnClassCondition)
      - found 'session' scope (OnWebApplicationCondition)

   OAuth2ResourceServerOpaqueTokenConfiguration.OpaqueTokenIntrospectionClientConfiguration matched:
      - @ConditionalOnMissingBean (types: org.springframework.security.oauth2.server.resource.introspection.OpaqueTokenIntrospector; SearchStrategy: all) did not find any beans (OnBeanCondition)

   Oauth2ResourceServerConfiguration.JwtConfiguration matched:
      - @ConditionalOnClass found required class 'org.springframework.security.oauth2.jwt.JwtDecoder' (OnClassCondition)

   ObservationAutoConfiguration matched:
      - @ConditionalOnClass found required class 'io.micrometer.observation.ObservationRegistry' (OnClassCondition)

   ObservationAutoConfiguration#observationRegistry matched:
      - @ConditionalOnMissingBean (types: io.micrometer.observation.ObservationRegistry; SearchStrategy: all) did not find any beans (OnBeanCondition)

   ObservationAutoConfiguration.MeterObservationHandlerConfiguration matched:
      - @ConditionalOnBean (types: io.micrometer.core.instrument.MeterRegistry; SearchStrategy: all) found bean 'simpleMeterRegistry'; @ConditionalOnMissingBean (types: io.micrometer.core.instrument.observation.MeterObservationHandler; SearchStrategy: all) did not find any beans (OnBeanCondition)

   ObservationAutoConfiguration.MeterObservationHandlerConfiguration.OnlyMetricsMeterObservationHandlerConfiguration matched:
      - @ConditionalOnMissingBean (types: io.micrometer.tracing.Tracer; SearchStrategy: all) did not find any beans (OnBeanCondition)

   ObservationAutoConfiguration.ObservedAspectConfiguration matched:
      - @ConditionalOnClass found required class 'org.aspectj.weaver.Advice' (OnClassCondition)

   ObservationAutoConfiguration.ObservedAspectConfiguration#observedAspect matched:
      - @ConditionalOnMissingBean (types: io.micrometer.observation.aop.ObservedAspect; SearchStrategy: all) did not find any beans (OnBeanCondition)

   ObservationAutoConfiguration.OnlyMetricsConfiguration matched:
      - @ConditionalOnClass found required class 'io.micrometer.core.instrument.MeterRegistry'; @ConditionalOnMissingClass did not find unwanted class 'io.micrometer.tracing.Tracer' (OnClassCondition)

   PersistenceExceptionTranslationAutoConfiguration matched:
      - @ConditionalOnClass found required class 'org.springframework.dao.annotation.PersistenceExceptionTranslationPostProcessor' (OnClassCondition)

   PersistenceExceptionTranslationAutoConfiguration#persistenceExceptionTranslationPostProcessor matched:
      - @ConditionalOnProperty (spring.dao.exceptiontranslation.enabled) matched (OnPropertyCondition)
      - @ConditionalOnMissingBean (types: org.springframework.dao.annotation.PersistenceExceptionTranslationPostProcessor; SearchStrategy: all) did not find any beans (OnBeanCondition)

   PropertyPlaceholderAutoConfiguration#propertySourcesPlaceholderConfigurer matched:
      - @ConditionalOnMissingBean (types: org.springframework.context.support.PropertySourcesPlaceholderConfigurer; SearchStrategy: current) did not find any beans (OnBeanCondition)

   ReactiveHealthEndpointConfiguration matched:
      - @ConditionalOnClass found required class 'reactor.core.publisher.Flux' (OnClassCondition)
      - @ConditionalOnBean (types: org.springframework.boot.actuate.health.HealthEndpoint; SearchStrategy: all) found bean 'healthEndpoint' (OnBeanCondition)

   ReactiveHealthEndpointConfiguration#reactiveHealthContributorRegistry matched:
      - @ConditionalOnMissingBean (types: org.springframework.boot.actuate.health.ReactiveHealthContributorRegistry; SearchStrategy: all) did not find any beans (OnBeanCondition)

   ReactorAutoConfiguration matched:
      - @ConditionalOnClass found required class 'reactor.core.publisher.Hooks' (OnClassCondition)

   RefreshAutoConfiguration matched:
      - @ConditionalOnClass found required class 'org.springframework.cloud.context.scope.refresh.RefreshScope' (OnClassCondition)
      - @ConditionalOnProperty (spring.cloud.refresh.enabled) matched (OnPropertyCondition)

   RefreshAutoConfiguration#configDataContextRefresher matched:
      - @ConditionalOnMissingBean (types: org.springframework.cloud.context.refresh.ConfigDataContextRefresher; SearchStrategy: all) did not find any beans (OnBeanCondition)
      - NoneNestedConditions 0 matched 3 did not; NestedCondition on ConditionalOnBootstrapDisabled.OnBootstrapDisabledCondition.OnBootstrapEnabled @ConditionalOnProperty (spring.cloud.bootstrap.enabled) did not find property 'spring.cloud.bootstrap.enabled'; NestedCondition on ConditionalOnBootstrapDisabled.OnBootstrapDisabledCondition.OnUseLegacyProcessingEnabled @ConditionalOnProperty (spring.config.use-legacy-processing) did not find property 'spring.config.use-legacy-processing'; NestedCondition on ConditionalOnBootstrapDisabled.OnBootstrapDisabledCondition.OnBootstrapMarkerClassPresent @ConditionalOnClass did not find required class 'org.springframework.cloud.bootstrap.marker.Marker' (ConditionalOnBootstrapDisabled.OnBootstrapDisabledCondition)

   RefreshAutoConfiguration#loggingRebinder matched:
      - @ConditionalOnMissingBean (types: org.springframework.cloud.logging.LoggingRebinder; SearchStrategy: all) did not find any beans (OnBeanCondition)

   RefreshAutoConfiguration#refreshScope matched:
      - @ConditionalOnMissingBean (types: org.springframework.cloud.context.scope.refresh.RefreshScope; SearchStrategy: all) did not find any beans (OnBeanCondition)

   RefreshAutoConfiguration#refreshScopeLifecycle matched:
      - @ConditionalOnProperty (spring.cloud.refresh.on-restart.enabled) matched (OnPropertyCondition)

   RefreshEndpointAutoConfiguration matched:
      - @ConditionalOnClass found required classes 'org.springframework.boot.actuate.autoconfigure.endpoint.EndpointAutoConfiguration', 'org.springframework.boot.actuate.health.Health' (OnClassCondition)

   RefreshEndpointAutoConfiguration#refreshScopeHealthIndicator matched:
      - @ConditionalOnMissingBean (types: org.springframework.cloud.health.RefreshScopeHealthIndicator; SearchStrategy: all) did not find any beans (OnBeanCondition)
      - @ConditionalOnEnabledHealthIndicator management.health.defaults.enabled is considered true (OnEnabledHealthIndicatorCondition)

   RepositoryMetricsAutoConfiguration matched:
      - @ConditionalOnClass found required class 'org.springframework.data.repository.Repository' (OnClassCondition)
      - @ConditionalOnBean (types: io.micrometer.core.instrument.MeterRegistry; SearchStrategy: all) found bean 'simpleMeterRegistry' (OnBeanCondition)

   RepositoryMetricsAutoConfiguration#metricsRepositoryMethodInvocationListener matched:
      - @ConditionalOnMissingBean (types: org.springframework.boot.actuate.metrics.data.MetricsRepositoryMethodInvocationListener; SearchStrategy: all) did not find any beans (OnBeanCondition)

   RepositoryMetricsAutoConfiguration#repositoryTagsProvider matched:
      - @ConditionalOnMissingBean (types: org.springframework.boot.actuate.metrics.data.RepositoryTagsProvider; SearchStrategy: all) did not find any beans (OnBeanCondition)

   ResourceServerTokenRelayAutoConfiguration matched:
      - @ConditionalOnClass found required class 'org.springframework.web.servlet.config.annotation.WebMvcConfigurer' (OnClassCondition)
      - found 'session' scope (OnWebApplicationCondition)
      - @ConditionalOnProperty (spring.cloud.mvc.token-relay.enabled) matched (OnPropertyCondition)

   RestClientAutoConfiguration matched:
      - @ConditionalOnClass found required class 'org.springframework.web.client.RestClient' (OnClassCondition)
      - NoneNestedConditions 0 matched 1 did not; NestedCondition on NotReactiveWebApplicationCondition.ReactiveWebApplication did not find reactive web application classes (NotReactiveWebApplicationCondition)

   RestClientAutoConfiguration#httpMessageConvertersRestClientCustomizer matched:
      - @ConditionalOnMissingBean (types: org.springframework.boot.autoconfigure.web.client.HttpMessageConvertersRestClientCustomizer; SearchStrategy: all) did not find any beans (OnBeanCondition)

   RestClientAutoConfiguration#restClientBuilder matched:
      - @ConditionalOnMissingBean (types: org.springframework.web.client.RestClient$Builder; SearchStrategy: all) did not find any beans (OnBeanCondition)

   RestClientAutoConfiguration#restClientBuilderConfigurer matched:
      - @ConditionalOnMissingBean (types: org.springframework.boot.autoconfigure.web.client.RestClientBuilderConfigurer; SearchStrategy: all) did not find any beans (OnBeanCondition)

   RestClientAutoConfiguration#restClientSsl matched:
      - @ConditionalOnBean (types: org.springframework.boot.ssl.SslBundles; SearchStrategy: all) found bean 'sslBundleRegistry'; @ConditionalOnMissingBean (types: org.springframework.boot.autoconfigure.web.client.RestClientSsl; SearchStrategy: all) did not find any beans (OnBeanCondition)

   RestClientObservationConfiguration matched:
      - @ConditionalOnClass found required class 'org.springframework.web.client.RestClient' (OnClassCondition)
      - @ConditionalOnBean (types: org.springframework.web.client.RestClient$Builder; SearchStrategy: all) found bean 'restClientBuilder' (OnBeanCondition)

   RestTemplateAutoConfiguration matched:
      - @ConditionalOnClass found required class 'org.springframework.web.client.RestTemplate' (OnClassCondition)
      - NoneNestedConditions 0 matched 1 did not; NestedCondition on NotReactiveWebApplicationCondition.ReactiveWebApplication did not find reactive web application classes (NotReactiveWebApplicationCondition)

   RestTemplateAutoConfiguration#restTemplateBuilder matched:
      - @ConditionalOnMissingBean (types: org.springframework.boot.web.client.RestTemplateBuilder; SearchStrategy: all) did not find any beans (OnBeanCondition)

   RestTemplateObservationConfiguration matched:
      - @ConditionalOnClass found required class 'org.springframework.web.client.RestTemplate' (OnClassCondition)
      - @ConditionalOnBean (types: org.springframework.boot.web.client.RestTemplateBuilder; SearchStrategy: all) found bean 'restTemplateBuilder' (OnBeanCondition)

   RestartEndpointWithoutIntegrationConfiguration matched:
      - @ConditionalOnMissingClass did not find unwanted class 'org.springframework.integration.monitor.IntegrationMBeanExporter' (OnClassCondition)

   ScheduledTasksObservabilityAutoConfiguration matched:
      - @ConditionalOnClass found required class 'org.springframework.scheduling.concurrent.ThreadPoolTaskScheduler' (OnClassCondition)
      - @ConditionalOnBean (types: io.micrometer.observation.ObservationRegistry; SearchStrategy: all) found bean 'observationRegistry' (OnBeanCondition)

   SecurityAutoConfiguration matched:
      - @ConditionalOnClass found required class 'org.springframework.security.authentication.DefaultAuthenticationEventPublisher' (OnClassCondition)

   SecurityAutoConfiguration#authenticationEventPublisher matched:
      - @ConditionalOnMissingBean (types: org.springframework.security.authentication.AuthenticationEventPublisher; SearchStrategy: all) did not find any beans (OnBeanCondition)

   SecurityFilterAutoConfiguration matched:
      - @ConditionalOnClass found required classes 'org.springframework.security.web.context.AbstractSecurityWebApplicationInitializer', 'org.springframework.security.config.http.SessionCreationPolicy' (OnClassCondition)
      - found 'session' scope (OnWebApplicationCondition)

   SecurityFilterAutoConfiguration#securityFilterChainRegistration matched:
      - @ConditionalOnBean (names: springSecurityFilterChain; SearchStrategy: all) found bean 'springSecurityFilterChain' (OnBeanCondition)

   SecurityRequestMatchersManagementContextConfiguration matched:
      - @ConditionalOnClass found required class 'org.springframework.security.web.util.matcher.RequestMatcher' (OnClassCondition)
      - found 'session' scope (OnWebApplicationCondition)

   SecurityRequestMatchersManagementContextConfiguration.MvcRequestMatcherConfiguration matched:
      - @ConditionalOnClass found required class 'org.springframework.web.servlet.DispatcherServlet' (OnClassCondition)
      - @ConditionalOnBean (types: org.springframework.boot.autoconfigure.web.servlet.DispatcherServletPath; SearchStrategy: all) found bean 'dispatcherServletRegistration' (OnBeanCondition)

   SecurityRequestMatchersManagementContextConfiguration.MvcRequestMatcherConfiguration#requestMatcherProvider matched:
      - @ConditionalOnClass found required class 'org.springframework.web.servlet.DispatcherServlet' (OnClassCondition)
      - @ConditionalOnMissingBean (types: org.springframework.boot.autoconfigure.security.servlet.RequestMatcherProvider; SearchStrategy: all) did not find any beans (OnBeanCondition)

   ServiceRegistryAutoConfiguration.ServiceRegistryEndpointConfiguration matched:
      - @ConditionalOnClass found required class 'org.springframework.boot.actuate.endpoint.annotation.Endpoint' (OnClassCondition)
      - @ConditionalOnBean (types: org.springframework.cloud.client.serviceregistry.ServiceRegistry; SearchStrategy: all) found bean 'eurekaServiceRegistry' (OnBeanCondition)

   ServletEndpointManagementContextConfiguration matched:
      - found 'session' scope (OnWebApplicationCondition)

   ServletEndpointManagementContextConfiguration.WebMvcServletEndpointManagementContextConfiguration matched:
      - @ConditionalOnClass found required class 'org.springframework.web.servlet.DispatcherServlet' (OnClassCondition)

   ServletManagementContextAutoConfiguration matched:
      - @ConditionalOnClass found required class 'jakarta.servlet.Servlet' (OnClassCondition)
      - found 'session' scope (OnWebApplicationCondition)

   ServletWebServerFactoryAutoConfiguration matched:
      - @ConditionalOnClass found required class 'jakarta.servlet.ServletRequest' (OnClassCondition)
      - found 'session' scope (OnWebApplicationCondition)

   ServletWebServerFactoryAutoConfiguration#tomcatServletWebServerFactoryCustomizer matched:
      - @ConditionalOnClass found required class 'org.apache.catalina.startup.Tomcat' (OnClassCondition)

   ServletWebServerFactoryConfiguration.EmbeddedTomcat matched:
      - @ConditionalOnClass found required classes 'jakarta.servlet.Servlet', 'org.apache.catalina.startup.Tomcat', 'org.apache.coyote.UpgradeProtocol' (OnClassCondition)
      - @ConditionalOnMissingBean (types: org.springframework.boot.web.servlet.server.ServletWebServerFactory; SearchStrategy: current) did not find any beans (OnBeanCondition)

   SimpleCacheConfiguration matched:
      - Cache org.springframework.boot.autoconfigure.cache.SimpleCacheConfiguration automatic cache type (CacheCondition)

   SimpleDiscoveryClientAutoConfiguration#simpleDiscoveryProperties matched:
      - @ConditionalOnMissingBean (types: org.springframework.cloud.client.discovery.simple.SimpleDiscoveryProperties; SearchStrategy: all) did not find any beans (OnBeanCondition)

   SimpleMetricsExportAutoConfiguration matched:
      - @ConditionalOnEnabledMetricsExport management.defaults.metrics.export.enabled is considered true (OnMetricsExportEnabledCondition)
      - @ConditionalOnBean (types: io.micrometer.core.instrument.Clock; SearchStrategy: all) found bean 'micrometerClock'; @ConditionalOnMissingBean (types: io.micrometer.core.instrument.MeterRegistry; SearchStrategy: all) did not find any beans (OnBeanCondition)

   SimpleMetricsExportAutoConfiguration#simpleConfig matched:
      - @ConditionalOnMissingBean (types: io.micrometer.core.instrument.simple.SimpleConfig; SearchStrategy: all) did not find any beans (OnBeanCondition)

   SpringBootWebSecurityConfiguration matched:
      - found 'session' scope (OnWebApplicationCondition)

   SpringBootWebSecurityConfiguration.WebSecurityEnablerConfiguration matched:
      - @ConditionalOnClass found required class 'org.springframework.security.config.annotation.web.configuration.EnableWebSecurity' (OnClassCondition)
      - @ConditionalOnMissingBean (names: springSecurityFilterChain; SearchStrategy: all) did not find any beans (OnBeanCondition)

   SpringDataWebAutoConfiguration matched:
      - @ConditionalOnClass found required classes 'org.springframework.data.web.PageableHandlerMethodArgumentResolver', 'org.springframework.web.servlet.config.annotation.WebMvcConfigurer' (OnClassCondition)
      - found 'session' scope (OnWebApplicationCondition)
      - @ConditionalOnMissingBean (types: org.springframework.data.web.PageableHandlerMethodArgumentResolver; SearchStrategy: all) did not find any beans (OnBeanCondition)

   SpringDataWebAutoConfiguration#pageableCustomizer matched:
      - @ConditionalOnMissingBean (types: org.springframework.data.web.config.PageableHandlerMethodArgumentResolverCustomizer; SearchStrategy: all) did not find any beans (OnBeanCondition)

   SpringDataWebAutoConfiguration#sortCustomizer matched:
      - @ConditionalOnMissingBean (types: org.springframework.data.web.config.SortHandlerMethodArgumentResolverCustomizer; SearchStrategy: all) did not find any beans (OnBeanCondition)

   SpringDocConfigProperties matched:
      - @ConditionalOnProperty (springdoc.api-docs.enabled) matched (OnPropertyCondition)
      - @ConditionalOnBean (types: org.springdoc.core.configuration.SpringDocConfiguration; SearchStrategy: all) found bean 'org.springdoc.core.configuration.SpringDocConfiguration' (OnBeanCondition)

   SpringDocConfiguration matched:
      - @ConditionalOnWebApplication (required) found 'session' scope (OnWebApplicationCondition)
      - @ConditionalOnProperty (springdoc.api-docs.enabled) matched (OnPropertyCondition)

   SpringDocConfiguration#fileSupportConverter matched:
      - @ConditionalOnMissingBean (types: org.springdoc.core.converters.FileSupportConverter; SearchStrategy: all) did not find any beans (OnBeanCondition)

   SpringDocConfiguration#openAPIBuilder matched:
      - @ConditionalOnMissingBean (types: org.springdoc.core.service.OpenAPIService; SearchStrategy: all) did not find any beans (OnBeanCondition)

   SpringDocConfiguration#operationBuilder matched:
      - @ConditionalOnMissingBean (types: org.springdoc.core.service.OperationService; SearchStrategy: all) did not find any beans (OnBeanCondition)

   SpringDocConfiguration#parameterBuilder matched:
      - @ConditionalOnMissingBean (types: org.springdoc.core.service.GenericParameterService; SearchStrategy: all) did not find any beans (OnBeanCondition)

   SpringDocConfiguration#polymorphicModelConverter matched:
      - @ConditionalOnProperty (springdoc.model-converters.polymorphic-converter.enabled) matched (OnPropertyCondition)
      - @ConditionalOnMissingBean (types: org.springdoc.core.converters.PolymorphicModelConverter; SearchStrategy: all) did not find any beans (OnBeanCondition)

   SpringDocConfiguration#requestBodyBuilder matched:
      - @ConditionalOnMissingBean (types: org.springdoc.core.service.RequestBodyService; SearchStrategy: all) did not find any beans (OnBeanCondition)

   SpringDocConfiguration#responseSupportConverter matched:
      - @ConditionalOnMissingBean (types: org.springdoc.core.converters.ResponseSupportConverter; SearchStrategy: all) did not find any beans (OnBeanCondition)

   SpringDocConfiguration#schemaPropertyDeprecatingConverter matched:
      - @ConditionalOnProperty (springdoc.model-converters.deprecating-converter.enabled) matched (OnPropertyCondition)
      - @ConditionalOnMissingBean (types: org.springdoc.core.converters.SchemaPropertyDeprecatingConverter; SearchStrategy: all) did not find any beans (OnBeanCondition)

   SpringDocConfiguration#securityParser matched:
      - @ConditionalOnMissingBean (types: org.springdoc.core.service.SecurityService; SearchStrategy: all) did not find any beans (OnBeanCondition)

   SpringDocConfiguration#springDocCustomizers matched:
      - @ConditionalOnMissingBean (types: org.springdoc.core.customizers.SpringDocCustomizers; SearchStrategy: all) did not find any beans (OnBeanCondition)

   SpringDocConfiguration#springDocProviders matched:
      - @ConditionalOnMissingBean (types: org.springdoc.core.providers.SpringDocProviders; SearchStrategy: all) did not find any beans (OnBeanCondition)

   SpringDocConfiguration#springdocObjectMapperProvider matched:
      - @ConditionalOnMissingBean (types: org.springdoc.core.providers.ObjectMapperProvider; SearchStrategy: all) did not find any beans (OnBeanCondition)

   SpringDocConfiguration.QuerydslProvider matched:
      - @ConditionalOnClass found required class 'org.springframework.data.querydsl.binding.QuerydslBindingsFactory' (OnClassCondition)

   SpringDocConfiguration.QuerydslProvider#queryDslQuerydslPredicateOperationCustomizer matched:
      - @ConditionalOnMissingBean (types: org.springdoc.core.customizers.QuerydslPredicateOperationCustomizer; SearchStrategy: all) did not find any beans (OnBeanCondition)

   SpringDocConfiguration.SpringDocSpringDataWebPropertiesProvider matched:
      - @ConditionalOnClass found required class 'org.springframework.boot.autoconfigure.data.web.SpringDataWebProperties' (OnClassCondition)

   SpringDocConfiguration.SpringDocSpringDataWebPropertiesProvider#springDataWebPropertiesProvider matched:
      - @ConditionalOnMissingBean (types: org.springdoc.core.providers.SpringDataWebPropertiesProvider; SearchStrategy: all) did not find any beans (OnBeanCondition)

   SpringDocConfiguration.SpringDocWebFluxSupportConfiguration matched:
      - @ConditionalOnClass found required class 'reactor.core.publisher.Flux' (OnClassCondition)

   SpringDocConfiguration.SpringDocWebFluxSupportConfiguration#webFluxSupportConverter matched:
      - @ConditionalOnMissingBean (types: org.springdoc.core.converters.WebFluxSupportConverter; SearchStrategy: all) did not find any beans (OnBeanCondition)

   SpringDocConfiguration.WebConversionServiceConfiguration matched:
      - @ConditionalOnClass found required class 'org.springframework.boot.autoconfigure.web.format.WebConversionService' (OnClassCondition)

   SpringDocPageableConfiguration matched:
      - @ConditionalOnClass found required class 'org.springframework.data.domain.Pageable' (OnClassCondition)
      - @ConditionalOnWebApplication (required) found 'session' scope (OnWebApplicationCondition)
      - @ConditionalOnProperty (springdoc.api-docs.enabled) matched (OnPropertyCondition)
      - @ConditionalOnBean (types: org.springdoc.core.configuration.SpringDocConfiguration; SearchStrategy: all) found bean 'org.springdoc.core.configuration.SpringDocConfiguration' (OnBeanCondition)

   SpringDocPageableConfiguration#delegatingMethodParameterCustomizer matched:
      - @ConditionalOnMissingBean (types: org.springdoc.core.customizers.DelegatingMethodParameterCustomizer; SearchStrategy: all) did not find any beans (OnBeanCondition)

   SpringDocPageableConfiguration#pageableOpenAPIConverter matched:
      - @ConditionalOnProperty (springdoc.model-converters.pageable-converter.enabled) matched (OnPropertyCondition)
      - @ConditionalOnMissingBean (types: org.springdoc.core.converters.PageableOpenAPIConverter; SearchStrategy: all) did not find any beans (OnBeanCondition)

   SpringDocSecurityConfiguration matched:
      - @ConditionalOnClass found required class 'org.springframework.security.web.SecurityFilterChain' (OnClassCondition)
      - @ConditionalOnWebApplication (required) found 'session' scope (OnWebApplicationCondition)
      - @ConditionalOnExpression (#{${springdoc.api-docs.enabled:true} and ${springdoc.enable-spring-security:true}}) resulted in true (OnExpressionCondition)
      - @ConditionalOnBean (types: org.springdoc.core.configuration.SpringDocConfiguration; SearchStrategy: all) found bean 'org.springdoc.core.configuration.SpringDocConfiguration' (OnBeanCondition)

   SpringDocSecurityConfiguration.SpringSecurityLoginEndpointConfiguration matched:
      - @ConditionalOnClass found required class 'jakarta.servlet.Filter' (OnClassCondition)

   SpringDocSortConfiguration matched:
      - @ConditionalOnClass found required class 'org.springframework.data.domain.Sort' (OnClassCondition)
      - @ConditionalOnWebApplication (required) found 'session' scope (OnWebApplicationCondition)
      - @ConditionalOnProperty (springdoc.api-docs.enabled) matched (OnPropertyCondition)
      - @ConditionalOnBean (types: org.springdoc.core.configuration.SpringDocConfiguration; SearchStrategy: all) found bean 'org.springdoc.core.configuration.SpringDocConfiguration' (OnBeanCondition)

   SpringDocSortConfiguration#sortOpenAPIConverter matched:
      - @ConditionalOnProperty (springdoc.sort-converter.enabled) matched (OnPropertyCondition)
      - @ConditionalOnMissingBean (types: org.springdoc.core.converters.SortOpenAPIConverter; SearchStrategy: all) did not find any beans (OnBeanCondition)

   SpringDocUIConfiguration matched:
      - @ConditionalOnWebApplication (required) found 'session' scope (OnWebApplicationCondition)
      - @ConditionalOnBean (types: org.springdoc.core.configuration.SpringDocConfiguration; SearchStrategy: all) found bean 'org.springdoc.core.configuration.SpringDocConfiguration' (OnBeanCondition)

   SpringDocWebMvcConfiguration matched:
      - found 'session' scope (OnWebApplicationCondition)
      - @ConditionalOnProperty (springdoc.api-docs.enabled) matched (OnPropertyCondition)
      - @ConditionalOnBean (types: org.springdoc.core.configuration.SpringDocConfiguration; SearchStrategy: all) found bean 'org.springdoc.core.configuration.SpringDocConfiguration' (OnBeanCondition)

   SpringDocWebMvcConfiguration#openApiResource matched:
      - @ConditionalOnExpression (#{(${springdoc.use-management-port:false} == false ) and ${springdoc.enable-default-api-docs:true}}) resulted in true (OnExpressionCondition)
      - @ConditionalOnMissingBean (types: org.springdoc.webmvc.api.OpenApiWebMvcResource; SearchStrategy: all) did not find any beans (OnBeanCondition)

   SpringDocWebMvcConfiguration#requestBuilder matched:
      - @ConditionalOnMissingBean (types: org.springdoc.webmvc.core.service.RequestService; SearchStrategy: all) did not find any beans (OnBeanCondition)

   SpringDocWebMvcConfiguration#responseBuilder matched:
      - @ConditionalOnMissingBean (types: org.springdoc.core.service.GenericResponseService; SearchStrategy: all) did not find any beans (OnBeanCondition)

   SpringDocWebMvcConfiguration#springWebProvider matched:
      - @ConditionalOnMissingBean (types: org.springdoc.core.providers.SpringWebProvider; SearchStrategy: all) did not find any beans (OnBeanCondition)

   SpringDocWebMvcConfiguration.SpringDocWebMvcActuatorConfiguration matched:
      - @ConditionalOnClass found required class 'org.springframework.boot.actuate.endpoint.web.servlet.WebMvcEndpointHandlerMapping' (OnClassCondition)

   SpringDocWebMvcConfiguration.SpringDocWebMvcRouterConfiguration matched:
      - @ConditionalOnClass found required class 'org.springframework.web.servlet.function.RouterFunction' (OnClassCondition)

   SpringDocWebMvcConfiguration.SpringDocWebMvcRouterConfiguration#routerFunctionProvider matched:
      - @ConditionalOnMissingBean (types: org.springdoc.webmvc.core.providers.RouterFunctionWebMvcProvider; SearchStrategy: all) did not find any beans (OnBeanCondition)

   SqlInitializationAutoConfiguration matched:
      - @ConditionalOnProperty (spring.sql.init.enabled) matched (OnPropertyCondition)
      - NoneNestedConditions 0 matched 1 did not; NestedCondition on SqlInitializationAutoConfiguration.SqlInitializationModeCondition.ModeIsNever @ConditionalOnProperty (spring.sql.init.mode=never) did not find property 'mode' (SqlInitializationAutoConfiguration.SqlInitializationModeCondition)

   SslAutoConfiguration#sslBundleRegistry matched:
      - @ConditionalOnMissingBean (types: org.springframework.boot.ssl.SslBundleRegistry,org.springframework.boot.ssl.SslBundles; SearchStrategy: all) did not find any beans (OnBeanCondition)

   StartupTimeMetricsListenerAutoConfiguration matched:
      - @ConditionalOnClass found required class 'io.micrometer.core.instrument.MeterRegistry' (OnClassCondition)
      - @ConditionalOnBean (types: io.micrometer.core.instrument.MeterRegistry; SearchStrategy: all) found bean 'simpleMeterRegistry' (OnBeanCondition)

   StartupTimeMetricsListenerAutoConfiguration#startupTimeMetrics matched:
      - @ConditionalOnMissingBean (types: org.springframework.boot.actuate.metrics.startup.StartupTimeMetricsListener; SearchStrategy: all) did not find any beans (OnBeanCondition)

   SwaggerConfig matched:
      - found 'session' scope (OnWebApplicationCondition)
      - @ConditionalOnProperty (springdoc.swagger-ui.enabled) matched (OnPropertyCondition)
      - @ConditionalOnBean (types: org.springdoc.core.configuration.SpringDocConfiguration; SearchStrategy: all) found bean 'org.springdoc.core.configuration.SpringDocConfiguration' (OnBeanCondition)

   SwaggerConfig#indexPageTransformer matched:
      - @ConditionalOnMissingBean (types: org.springdoc.webmvc.ui.SwaggerIndexTransformer; SearchStrategy: all) did not find any beans (OnBeanCondition)

   SwaggerConfig#swaggerConfigResource matched:
      - @ConditionalOnProperty (springdoc.use-management-port=false) matched (OnPropertyCondition)
      - @ConditionalOnMissingBean (types: org.springdoc.webmvc.ui.SwaggerConfigResource; SearchStrategy: all) did not find any beans (OnBeanCondition)

   SwaggerConfig#swaggerResourceResolver matched:
      - @ConditionalOnMissingBean (types: org.springdoc.webmvc.ui.SwaggerResourceResolver; SearchStrategy: all) did not find any beans (OnBeanCondition)

   SwaggerConfig#swaggerWebMvcConfigurer matched:
      - @ConditionalOnMissingBean (types: org.springdoc.webmvc.ui.SwaggerWebMvcConfigurer; SearchStrategy: all) did not find any beans (OnBeanCondition)

   SwaggerConfig#swaggerWelcome matched:
      - @ConditionalOnProperty (springdoc.use-management-port=false) matched (OnPropertyCondition)
      - @ConditionalOnMissingBean (types: org.springdoc.webmvc.ui.SwaggerWelcomeWebMvc; SearchStrategy: all) did not find any beans (OnBeanCondition)

   SwaggerUiConfigParameters matched:
      - @ConditionalOnProperty (springdoc.swagger-ui.enabled) matched (OnPropertyCondition)
      - @ConditionalOnBean (types: org.springdoc.core.configuration.SpringDocConfiguration; SearchStrategy: all) found bean 'org.springdoc.core.configuration.SpringDocConfiguration' (OnBeanCondition)

   SwaggerUiConfigProperties matched:
      - @ConditionalOnProperty (springdoc.swagger-ui.enabled) matched (OnPropertyCondition)
      - @ConditionalOnBean (types: org.springdoc.core.configuration.SpringDocConfiguration; SearchStrategy: all) found bean 'org.springdoc.core.configuration.SpringDocConfiguration' (OnBeanCondition)

   SwaggerUiOAuthProperties matched:
      - @ConditionalOnProperty (springdoc.swagger-ui.enabled) matched (OnPropertyCondition)
      - @ConditionalOnBean (types: org.springdoc.core.configuration.SpringDocConfiguration; SearchStrategy: all) found bean 'org.springdoc.core.configuration.SpringDocConfiguration' (OnBeanCondition)

   SystemMetricsAutoConfiguration matched:
      - @ConditionalOnClass found required class 'io.micrometer.core.instrument.MeterRegistry' (OnClassCondition)
      - @ConditionalOnBean (types: io.micrometer.core.instrument.MeterRegistry; SearchStrategy: all) found bean 'simpleMeterRegistry' (OnBeanCondition)

   SystemMetricsAutoConfiguration#diskSpaceMetrics matched:
      - @ConditionalOnMissingBean (types: org.springframework.boot.actuate.metrics.system.DiskSpaceMetricsBinder; SearchStrategy: all) did not find any beans (OnBeanCondition)

   SystemMetricsAutoConfiguration#fileDescriptorMetrics matched:
      - @ConditionalOnMissingBean (types: io.micrometer.core.instrument.binder.system.FileDescriptorMetrics; SearchStrategy: all) did not find any beans (OnBeanCondition)

   SystemMetricsAutoConfiguration#processorMetrics matched:
      - @ConditionalOnMissingBean (types: io.micrometer.core.instrument.binder.system.ProcessorMetrics; SearchStrategy: all) did not find any beans (OnBeanCondition)

   SystemMetricsAutoConfiguration#uptimeMetrics matched:
      - @ConditionalOnMissingBean (types: io.micrometer.core.instrument.binder.system.UptimeMetrics; SearchStrategy: all) did not find any beans (OnBeanCondition)

   TaskExecutionAutoConfiguration matched:
      - @ConditionalOnClass found required class 'org.springframework.scheduling.concurrent.ThreadPoolTaskExecutor' (OnClassCondition)

   TaskExecutorConfigurations.SimpleAsyncTaskExecutorBuilderConfiguration#simpleAsyncTaskExecutorBuilder matched:
      - @ConditionalOnMissingBean (types: org.springframework.boot.task.SimpleAsyncTaskExecutorBuilder; SearchStrategy: all) did not find any beans (OnBeanCondition)
      - @ConditionalOnThreading found PLATFORM (OnThreadingCondition)

   TaskExecutorConfigurations.TaskExecutorBuilderConfiguration#taskExecutorBuilder matched:
      - @ConditionalOnMissingBean (types: org.springframework.boot.task.TaskExecutorBuilder; SearchStrategy: all) did not find any beans (OnBeanCondition)

   TaskExecutorConfigurations.TaskExecutorConfiguration matched:
      - @ConditionalOnMissingBean (types: java.util.concurrent.Executor; SearchStrategy: all) did not find any beans (OnBeanCondition)

   TaskExecutorConfigurations.TaskExecutorConfiguration#applicationTaskExecutor matched:
      - @ConditionalOnThreading found PLATFORM (OnThreadingCondition)

   TaskExecutorConfigurations.ThreadPoolTaskExecutorBuilderConfiguration#threadPoolTaskExecutorBuilder matched:
      - @ConditionalOnMissingBean (types: org.springframework.boot.task.TaskExecutorBuilder,org.springframework.boot.task.ThreadPoolTaskExecutorBuilder; SearchStrategy: all) did not find any beans (OnBeanCondition)

   TaskExecutorMetricsAutoConfiguration matched:
      - @ConditionalOnClass found required class 'io.micrometer.core.instrument.binder.jvm.ExecutorServiceMetrics' (OnClassCondition)
      - @ConditionalOnBean (types: java.util.concurrent.Executor,io.micrometer.core.instrument.MeterRegistry; SearchStrategy: all) found beans 'applicationTaskExecutor', 'simpleMeterRegistry', 'taskScheduler' (OnBeanCondition)

   TaskSchedulingAutoConfiguration matched:
      - @ConditionalOnClass found required class 'org.springframework.scheduling.concurrent.ThreadPoolTaskScheduler' (OnClassCondition)

   TaskSchedulingAutoConfiguration#scheduledBeanLazyInitializationExcludeFilter matched:
      - @ConditionalOnBean (names: org.springframework.context.annotation.internalScheduledAnnotationProcessor; SearchStrategy: all) found bean 'org.springframework.context.annotation.internalScheduledAnnotationProcessor' (OnBeanCondition)

   TaskSchedulingConfigurations.SimpleAsyncTaskSchedulerBuilderConfiguration#simpleAsyncTaskSchedulerBuilder matched:
      - @ConditionalOnMissingBean (types: org.springframework.boot.task.SimpleAsyncTaskSchedulerBuilder; SearchStrategy: all) did not find any beans (OnBeanCondition)
      - @ConditionalOnThreading found PLATFORM (OnThreadingCondition)

   TaskSchedulingConfigurations.TaskSchedulerBuilderConfiguration#taskSchedulerBuilder matched:
      - @ConditionalOnMissingBean (types: org.springframework.boot.task.TaskSchedulerBuilder; SearchStrategy: all) did not find any beans (OnBeanCondition)

   TaskSchedulingConfigurations.TaskSchedulerConfiguration matched:
      - @ConditionalOnBean (names: org.springframework.context.annotation.internalScheduledAnnotationProcessor; SearchStrategy: all) found bean 'org.springframework.context.annotation.internalScheduledAnnotationProcessor'; @ConditionalOnMissingBean (types: org.springframework.scheduling.TaskScheduler,java.util.concurrent.ScheduledExecutorService; SearchStrategy: all) did not find any beans (OnBeanCondition)

   TaskSchedulingConfigurations.TaskSchedulerConfiguration#taskScheduler matched:
      - @ConditionalOnThreading found PLATFORM (OnThreadingCondition)

   TaskSchedulingConfigurations.ThreadPoolTaskSchedulerBuilderConfiguration#threadPoolTaskSchedulerBuilder matched:
      - @ConditionalOnMissingBean (types: org.springframework.boot.task.TaskSchedulerBuilder,org.springframework.boot.task.ThreadPoolTaskSchedulerBuilder; SearchStrategy: all) did not find any beans (OnBeanCondition)

   TomcatMetricsAutoConfiguration matched:
      - @ConditionalOnClass found required classes 'io.micrometer.core.instrument.binder.tomcat.TomcatMetrics', 'org.apache.catalina.Manager' (OnClassCondition)
      - @ConditionalOnWebApplication (required) found 'session' scope (OnWebApplicationCondition)

   TomcatMetricsAutoConfiguration#tomcatMetricsBinder matched:
      - @ConditionalOnBean (types: io.micrometer.core.instrument.MeterRegistry; SearchStrategy: all) found bean 'simpleMeterRegistry'; @ConditionalOnMissingBean (types: io.micrometer.core.instrument.binder.tomcat.TomcatMetrics,org.springframework.boot.actuate.metrics.web.tomcat.TomcatMetricsBinder; SearchStrategy: all) did not find any beans (OnBeanCondition)

   TransactionAutoConfiguration matched:
      - @ConditionalOnClass found required class 'org.springframework.transaction.PlatformTransactionManager' (OnClassCondition)

   TransactionAutoConfiguration.EnableTransactionManagementConfiguration matched:
      - @ConditionalOnBean (types: org.springframework.transaction.TransactionManager; SearchStrategy: all) found bean 'transactionManager'; @ConditionalOnMissingBean (types: org.springframework.transaction.annotation.AbstractTransactionManagementConfiguration; SearchStrategy: all) did not find any beans (OnBeanCondition)

   TransactionAutoConfiguration.EnableTransactionManagementConfiguration.CglibAutoProxyConfiguration matched:
      - @ConditionalOnProperty (spring.aop.proxy-target-class=true) matched (OnPropertyCondition)

   TransactionAutoConfiguration.TransactionTemplateConfiguration matched:
      - @ConditionalOnSingleCandidate (types: org.springframework.transaction.PlatformTransactionManager; SearchStrategy: all) found a single bean 'transactionManager' (OnBeanCondition)

   TransactionAutoConfiguration.TransactionTemplateConfiguration#transactionTemplate matched:
      - @ConditionalOnMissingBean (types: org.springframework.transaction.support.TransactionOperations; SearchStrategy: all) did not find any beans (OnBeanCondition)

   TransactionManagerCustomizationAutoConfiguration matched:
      - @ConditionalOnClass found required class 'org.springframework.transaction.PlatformTransactionManager' (OnClassCondition)

   TransactionManagerCustomizationAutoConfiguration#platformTransactionManagerCustomizers matched:
      - @ConditionalOnMissingBean (types: org.springframework.boot.autoconfigure.transaction.TransactionManagerCustomizers; SearchStrategy: all) did not find any beans (OnBeanCondition)

   UtilAutoConfiguration matched:
      - @ConditionalOnProperty (spring.cloud.util.enabled) matched (OnPropertyCondition)

   UtilAutoConfiguration#inetUtils matched:
      - @ConditionalOnMissingBean (types: org.springframework.cloud.commons.util.InetUtils; SearchStrategy: all) did not find any beans (OnBeanCondition)

   ValidationAutoConfiguration matched:
      - @ConditionalOnClass found required class 'jakarta.validation.executable.ExecutableValidator' (OnClassCondition)
      - @ConditionalOnResource found location classpath:META-INF/services/jakarta.validation.spi.ValidationProvider (OnResourceCondition)

   ValidationAutoConfiguration#defaultValidator matched:
      - @ConditionalOnMissingBean (types: jakarta.validation.Validator; SearchStrategy: all) did not find any beans (OnBeanCondition)

   ValidationAutoConfiguration#methodValidationPostProcessor matched:
      - @ConditionalOnMissingBean (types: org.springframework.validation.beanvalidation.MethodValidationPostProcessor; SearchStrategy: current) did not find any beans (OnBeanCondition)

   WebEndpointAutoConfiguration matched:
      - @ConditionalOnWebApplication (required) found 'session' scope (OnWebApplicationCondition)

   WebEndpointAutoConfiguration#controllerEndpointDiscoverer matched:
      - @ConditionalOnMissingBean (types: org.springframework.boot.actuate.endpoint.web.annotation.ControllerEndpointsSupplier; SearchStrategy: all) did not find any beans (OnBeanCondition)

   WebEndpointAutoConfiguration#endpointMediaTypes matched:
      - @ConditionalOnMissingBean (types: org.springframework.boot.actuate.endpoint.web.EndpointMediaTypes; SearchStrategy: all) did not find any beans (OnBeanCondition)

   WebEndpointAutoConfiguration#pathMappedEndpoints matched:
      - @ConditionalOnMissingBean (types: org.springframework.boot.actuate.endpoint.web.PathMappedEndpoints; SearchStrategy: all) did not find any beans (OnBeanCondition)

   WebEndpointAutoConfiguration#webEndpointDiscoverer matched:
      - @ConditionalOnMissingBean (types: org.springframework.boot.actuate.endpoint.web.WebEndpointsSupplier; SearchStrategy: all) did not find any beans (OnBeanCondition)

   WebEndpointAutoConfiguration.WebEndpointServletConfiguration matched:
      - found 'session' scope (OnWebApplicationCondition)

   WebEndpointAutoConfiguration.WebEndpointServletConfiguration#servletEndpointDiscoverer matched:
      - @ConditionalOnMissingBean (types: org.springframework.boot.actuate.endpoint.web.annotation.ServletEndpointsSupplier; SearchStrategy: all) did not find any beans (OnBeanCondition)

   WebMvcAutoConfiguration matched:
      - @ConditionalOnClass found required classes 'jakarta.servlet.Servlet', 'org.springframework.web.servlet.DispatcherServlet', 'org.springframework.web.servlet.config.annotation.WebMvcConfigurer' (OnClassCondition)
      - found 'session' scope (OnWebApplicationCondition)
      - @ConditionalOnMissingBean (types: org.springframework.web.servlet.config.annotation.WebMvcConfigurationSupport; SearchStrategy: all) did not find any beans (OnBeanCondition)

   WebMvcAutoConfiguration#formContentFilter matched:
      - @ConditionalOnProperty (spring.mvc.formcontent.filter.enabled) matched (OnPropertyCondition)
      - @ConditionalOnMissingBean (types: org.springframework.web.filter.FormContentFilter; SearchStrategy: all) did not find any beans (OnBeanCondition)

   WebMvcAutoConfiguration.EnableWebMvcConfiguration#flashMapManager matched:
      - @ConditionalOnMissingBean (names: flashMapManager; SearchStrategy: all) did not find any beans (OnBeanCondition)

   WebMvcAutoConfiguration.EnableWebMvcConfiguration#localeResolver matched:
      - @ConditionalOnMissingBean (names: localeResolver; SearchStrategy: all) did not find any beans (OnBeanCondition)

   WebMvcAutoConfiguration.EnableWebMvcConfiguration#themeResolver matched:
      - @ConditionalOnMissingBean (names: themeResolver; SearchStrategy: all) did not find any beans (OnBeanCondition)

   WebMvcAutoConfiguration.WebMvcAutoConfigurationAdapter#defaultViewResolver matched:
      - @ConditionalOnMissingBean (types: org.springframework.web.servlet.view.InternalResourceViewResolver; SearchStrategy: all) did not find any beans (OnBeanCondition)

   WebMvcAutoConfiguration.WebMvcAutoConfigurationAdapter#requestContextFilter matched:
      - @ConditionalOnMissingBean (types: org.springframework.web.context.request.RequestContextListener,org.springframework.web.filter.RequestContextFilter; SearchStrategy: all) did not find any beans (OnBeanCondition)

   WebMvcAutoConfiguration.WebMvcAutoConfigurationAdapter#viewResolver matched:
      - @ConditionalOnBean (types: org.springframework.web.servlet.ViewResolver; SearchStrategy: all) found beans 'defaultViewResolver', 'beanNameViewResolver', 'mvcViewResolver'; @ConditionalOnMissingBean (names: viewResolver types: org.springframework.web.servlet.view.ContentNegotiatingViewResolver; SearchStrategy: all) did not find any beans (OnBeanCondition)

   WebMvcEndpointManagementContextConfiguration matched:
      - @ConditionalOnClass found required class 'org.springframework.web.servlet.DispatcherServlet' (OnClassCondition)
      - found 'session' scope (OnWebApplicationCondition)
      - @ConditionalOnBean (types: org.springframework.web.servlet.DispatcherServlet,org.springframework.boot.actuate.endpoint.web.WebEndpointsSupplier; SearchStrategy: all) found beans 'webEndpointDiscoverer', 'dispatcherServlet' (OnBeanCondition)

   WebMvcEndpointManagementContextConfiguration#controllerEndpointHandlerMapping matched:
      - @ConditionalOnMissingBean (types: org.springframework.boot.actuate.endpoint.web.servlet.ControllerEndpointHandlerMapping; SearchStrategy: all) did not find any beans (OnBeanCondition)

   WebMvcEndpointManagementContextConfiguration#endpointObjectMapperWebMvcConfigurer matched:
      - @ConditionalOnBean (types: org.springframework.boot.actuate.endpoint.jackson.EndpointObjectMapper; SearchStrategy: all) found bean 'endpointObjectMapper' (OnBeanCondition)

   WebMvcEndpointManagementContextConfiguration#webEndpointServletHandlerMapping matched:
      - @ConditionalOnMissingBean (types: org.springframework.boot.actuate.endpoint.web.servlet.WebMvcEndpointHandlerMapping; SearchStrategy: all) did not find any beans (OnBeanCondition)

   WebMvcObservationAutoConfiguration matched:
      - @ConditionalOnClass found required classes 'org.springframework.web.servlet.DispatcherServlet', 'io.micrometer.observation.Observation' (OnClassCondition)
      - found 'session' scope (OnWebApplicationCondition)
      - @ConditionalOnBean (types: io.micrometer.observation.ObservationRegistry; SearchStrategy: all) found bean 'observationRegistry' (OnBeanCondition)

   WebMvcObservationAutoConfiguration#webMvcObservationFilter matched:
      - @ConditionalOnMissingBean (types: org.springframework.web.filter.ServerHttpObservationFilter; SearchStrategy: all) did not find any beans (OnBeanCondition)

   WebMvcObservationAutoConfiguration.MeterFilterConfiguration matched:
      - @ConditionalOnClass found required class 'io.micrometer.core.instrument.MeterRegistry' (OnClassCondition)
      - @ConditionalOnBean (types: io.micrometer.core.instrument.MeterRegistry; SearchStrategy: all) found bean 'simpleMeterRegistry' (OnBeanCondition)

   WebSocketServletAutoConfiguration matched:
      - @ConditionalOnClass found required classes 'jakarta.servlet.Servlet', 'jakarta.websocket.server.ServerContainer' (OnClassCondition)
      - found 'session' scope (OnWebApplicationCondition)

   WebSocketServletAutoConfiguration.TomcatWebSocketConfiguration matched:
      - @ConditionalOnClass found required classes 'org.apache.catalina.startup.Tomcat', 'org.apache.tomcat.websocket.server.WsSci' (OnClassCondition)

   WebSocketServletAutoConfiguration.TomcatWebSocketConfiguration#websocketServletWebServerCustomizer matched:
      - @ConditionalOnMissingBean (names: websocketServletWebServerCustomizer; SearchStrategy: all) did not find any beans (OnBeanCondition)


Negative matches:
-----------------

   ActiveMQAutoConfiguration:
      Did not match:
         - @ConditionalOnClass did not find required class 'jakarta.jms.ConnectionFactory' (OnClassCondition)

   AopAutoConfiguration.AspectJAutoProxyingConfiguration.JdkDynamicAutoProxyConfiguration:
      Did not match:
         - @ConditionalOnProperty (spring.aop.proxy-target-class=false) did not find property 'proxy-target-class' (OnPropertyCondition)

   AopAutoConfiguration.ClassProxyingConfiguration:
      Did not match:
         - @ConditionalOnMissingClass found unwanted class 'org.aspectj.weaver.Advice' (OnClassCondition)

   AppOpticsMetricsExportAutoConfiguration:
      Did not match:
         - @ConditionalOnClass did not find required class 'io.micrometer.appoptics.AppOpticsMeterRegistry' (OnClassCondition)

   ArtemisAutoConfiguration:
      Did not match:
         - @ConditionalOnClass did not find required class 'jakarta.jms.ConnectionFactory' (OnClassCondition)

   AtlasMetricsExportAutoConfiguration:
      Did not match:
         - @ConditionalOnClass did not find required class 'io.micrometer.atlas.AtlasMeterRegistry' (OnClassCondition)

   AuditAutoConfiguration:
      Did not match:
         - @ConditionalOnBean (types: org.springframework.boot.actuate.audit.AuditEventRepository; SearchStrategy: all) did not find any beans of type org.springframework.boot.actuate.audit.AuditEventRepository (OnBeanCondition)
      Matched:
         - @ConditionalOnProperty (management.auditevents.enabled) matched (OnPropertyCondition)

   AuditEventsEndpointAutoConfiguration:
      Did not match:
         - @ConditionalOnAvailableEndpoint no 'management.endpoints' property marked it as exposed (OnAvailableEndpointCondition)

   AvailabilityHealthContributorAutoConfiguration#livenessStateHealthIndicator:
      Did not match:
         - @ConditionalOnProperty (management.health.livenessstate.enabled=true) did not find property 'enabled' (OnPropertyCondition)

   AvailabilityHealthContributorAutoConfiguration#readinessStateHealthIndicator:
      Did not match:
         - @ConditionalOnProperty (management.health.readinessstate.enabled=true) did not find property 'enabled' (OnPropertyCondition)

   AvailabilityProbesAutoConfiguration:
      Did not match:
         - Probes availability not running on a supported cloud platform (AvailabilityProbesAutoConfiguration.ProbesCondition)

   BatchAutoConfiguration:
      Did not match:
         - @ConditionalOnClass did not find required class 'org.springframework.batch.core.launch.JobLauncher' (OnClassCondition)

   BatchObservationAutoConfiguration:
      Did not match:
         - @ConditionalOnClass did not find required class 'org.springframework.batch.core.configuration.annotation.BatchObservabilityBeanPostProcessor' (OnClassCondition)

   BeansEndpointAutoConfiguration:
      Did not match:
         - @ConditionalOnAvailableEndpoint no 'management.endpoints' property marked it as exposed (OnAvailableEndpointCondition)

   BlockingLoadBalancerClientAutoConfiguration.BlockingLoadBalancerRetryConfig:
      Did not match:
         - @ConditionalOnClass did not find required class 'org.springframework.retry.support.RetryTemplate' (OnClassCondition)

   BraveAutoConfiguration:
      Did not match:
         - @ConditionalOnClass did not find required class 'brave.Tracer' (OnClassCondition)

   Cache2kCacheConfiguration:
      Did not match:
         - @ConditionalOnClass did not find required class 'org.cache2k.Cache2kBuilder' (OnClassCondition)

   CacheAutoConfiguration:
      Did not match:
         - @ConditionalOnBean (types: org.springframework.cache.interceptor.CacheAspectSupport; SearchStrategy: all) did not find any beans of type org.springframework.cache.interceptor.CacheAspectSupport (OnBeanCondition)
      Matched:
         - @ConditionalOnClass found required class 'org.springframework.cache.CacheManager' (OnClassCondition)

   CacheAutoConfiguration.CacheManagerEntityManagerFactoryDependsOnPostProcessor:
      Did not match:
         - Ancestor org.springframework.boot.autoconfigure.cache.CacheAutoConfiguration did not match (ConditionEvaluationReport.AncestorsMatchedCondition)
      Matched:
         - @ConditionalOnClass found required class 'org.springframework.orm.jpa.LocalContainerEntityManagerFactoryBean' (OnClassCondition)

   CacheMeterBinderProvidersConfiguration.Cache2kCacheMeterBinderProviderConfiguration:
      Did not match:
         - @ConditionalOnClass did not find required classes 'org.cache2k.Cache2kBuilder', 'org.cache2k.extra.spring.SpringCache2kCache', 'org.cache2k.extra.micrometer.Cache2kCacheMetrics' (OnClassCondition)

   CacheMeterBinderProvidersConfiguration.CaffeineCacheMeterBinderProviderConfiguration:
      Did not match:
         - @ConditionalOnClass did not find required class 'com.github.benmanes.caffeine.cache.Cache' (OnClassCondition)

   CacheMeterBinderProvidersConfiguration.HazelcastCacheMeterBinderProviderConfiguration:
      Did not match:
         - @ConditionalOnClass did not find required classes 'com.hazelcast.spring.cache.HazelcastCache', 'com.hazelcast.core.Hazelcast' (OnClassCondition)

   CacheMeterBinderProvidersConfiguration.JCacheCacheMeterBinderProviderConfiguration:
      Did not match:
         - @ConditionalOnClass did not find required class 'javax.cache.CacheManager' (OnClassCondition)

   CacheMeterBinderProvidersConfiguration.RedisCacheMeterBinderProviderConfiguration:
      Did not match:
         - @ConditionalOnClass did not find required class 'org.springframework.data.redis.cache.RedisCache' (OnClassCondition)

   CacheMetricsAutoConfiguration:
      Did not match:
         - @ConditionalOnBean (types: org.springframework.cache.CacheManager; SearchStrategy: all) did not find any beans of type org.springframework.cache.CacheManager (OnBeanCondition)

   CachesEndpointAutoConfiguration:
      Did not match:
         - @ConditionalOnAvailableEndpoint no 'management.endpoints' property marked it as exposed (OnAvailableEndpointCondition)
      Matched:
         - @ConditionalOnClass found required class 'org.springframework.cache.CacheManager' (OnClassCondition)

   CaffeineCacheConfiguration:
      Did not match:
         - @ConditionalOnClass did not find required class 'com.github.benmanes.caffeine.cache.Caffeine' (OnClassCondition)

   CassandraAutoConfiguration:
      Did not match:
         - @ConditionalOnClass did not find required class 'com.datastax.oss.driver.api.core.CqlSession' (OnClassCondition)

   CassandraDataAutoConfiguration:
      Did not match:
         - @ConditionalOnClass did not find required class 'com.datastax.oss.driver.api.core.CqlSession' (OnClassCondition)

   CassandraHealthContributorAutoConfiguration:
      Did not match:
         - @ConditionalOnClass did not find required class 'com.datastax.oss.driver.api.core.CqlSession' (OnClassCondition)

   CassandraReactiveDataAutoConfiguration:
      Did not match:
         - @ConditionalOnClass did not find required class 'com.datastax.oss.driver.api.core.CqlSession' (OnClassCondition)

   CassandraReactiveHealthContributorAutoConfiguration:
      Did not match:
         - @ConditionalOnClass did not find required class 'com.datastax.oss.driver.api.core.CqlSession' (OnClassCondition)

   CassandraReactiveRepositoriesAutoConfiguration:
      Did not match:
         - @ConditionalOnClass did not find required class 'org.springframework.data.cassandra.ReactiveSession' (OnClassCondition)

   CassandraRepositoriesAutoConfiguration:
      Did not match:
         - @ConditionalOnClass did not find required class 'com.datastax.oss.driver.api.core.CqlSession' (OnClassCondition)

   ClientHttpConnectorAutoConfiguration:
      Did not match:
         - @ConditionalOnClass did not find required class 'org.springframework.web.reactive.function.client.WebClient' (OnClassCondition)

   CloudFoundryActuatorAutoConfiguration:
      Did not match:
         - @ConditionalOnCloudPlatform did not find CLOUD_FOUNDRY (OnCloudPlatformCondition)
      Matched:
         - @ConditionalOnClass found required class 'org.springframework.web.servlet.DispatcherServlet' (OnClassCondition)
         - found 'session' scope (OnWebApplicationCondition)
         - @ConditionalOnProperty (management.cloudfoundry.enabled) matched (OnPropertyCondition)

   CloudHypermediaAutoConfiguration:
      Did not match:
         - @ConditionalOnClass did not find required class 'org.springframework.hateoas.Link' (OnClassCondition)

   CodecsAutoConfiguration:
      Did not match:
         - @ConditionalOnClass did not find required class 'org.springframework.web.reactive.function.client.WebClient' (OnClassCondition)

   CommonsClientAutoConfiguration.ActuatorConfiguration#featuresEndpoint:
      Did not match:
         - @ConditionalOnAvailableEndpoint no 'management.endpoints' property marked it as exposed (OnAvailableEndpointCondition)

   CompositeMeterRegistryConfiguration:
      Did not match:
         - NoneNestedConditions 1 matched 1 did not; NestedCondition on CompositeMeterRegistryConfiguration.MultipleNonPrimaryMeterRegistriesCondition.SingleInjectableMeterRegistry @ConditionalOnSingleCandidate (types: io.micrometer.core.instrument.MeterRegistry; SearchStrategy: all) found a single bean 'simpleMeterRegistry'; NestedCondition on CompositeMeterRegistryConfiguration.MultipleNonPrimaryMeterRegistriesCondition.NoMeterRegistryCondition @ConditionalOnMissingBean (types: io.micrometer.core.instrument.MeterRegistry; SearchStrategy: all) found beans of type 'io.micrometer.core.instrument.MeterRegistry' simpleMeterRegistry (CompositeMeterRegistryConfiguration.MultipleNonPrimaryMeterRegistriesCondition)

   ConditionsReportEndpointAutoConfiguration:
      Did not match:
         - @ConditionalOnAvailableEndpoint no 'management.endpoints' property marked it as exposed (OnAvailableEndpointCondition)

   ConfigClientAutoConfiguration#configClientProperties:
      Did not match:
         - @ConditionalOnMissingBean (types: org.springframework.cloud.config.client.ConfigClientProperties; SearchStrategy: all) found beans of type 'org.springframework.cloud.config.client.ConfigClientProperties' configDataConfigClientProperties (OnBeanCondition)

   ConfigClientAutoConfiguration.ConfigClientWatchConfiguration:
      Did not match:
         - @ConditionalOnProperty (spring.cloud.config.watch.enabled) did not find property 'spring.cloud.config.watch.enabled' (OnPropertyCondition)
      Matched:
         - @ConditionalOnClass found required class 'org.springframework.cloud.context.refresh.ContextRefresher' (OnClassCondition)

   ConfigurationPropertiesReportEndpointAutoConfiguration:
      Did not match:
         - @ConditionalOnAvailableEndpoint no 'management.endpoints' property marked it as exposed (OnAvailableEndpointCondition)

   ConnectionFactoryHealthContributorAutoConfiguration:
      Did not match:
         - @ConditionalOnClass did not find required class 'io.r2dbc.spi.ConnectionFactory' (OnClassCondition)

   ConnectionPoolMetricsAutoConfiguration:
      Did not match:
         - @ConditionalOnClass did not find required class 'io.r2dbc.pool.ConnectionPool' (OnClassCondition)

   CouchbaseAutoConfiguration:
      Did not match:
         - @ConditionalOnClass did not find required class 'com.couchbase.client.java.Cluster' (OnClassCondition)

   CouchbaseCacheConfiguration:
      Did not match:
         - @ConditionalOnClass did not find required class 'com.couchbase.client.java.Cluster' (OnClassCondition)

   CouchbaseDataAutoConfiguration:
      Did not match:
         - @ConditionalOnClass did not find required class 'com.couchbase.client.java.Bucket' (OnClassCondition)

   CouchbaseHealthContributorAutoConfiguration:
      Did not match:
         - @ConditionalOnClass did not find required class 'com.couchbase.client.java.Cluster' (OnClassCondition)

   CouchbaseReactiveDataAutoConfiguration:
      Did not match:
         - @ConditionalOnClass did not find required class 'com.couchbase.client.java.Cluster' (OnClassCondition)

   CouchbaseReactiveHealthContributorAutoConfiguration:
      Did not match:
         - @ConditionalOnClass did not find required class 'com.couchbase.client.java.Cluster' (OnClassCondition)

   CouchbaseReactiveRepositoriesAutoConfiguration:
      Did not match:
         - @ConditionalOnClass did not find required class 'com.couchbase.client.java.Cluster' (OnClassCondition)

   CouchbaseRepositoriesAutoConfiguration:
      Did not match:
         - @ConditionalOnClass did not find required class 'com.couchbase.client.java.Bucket' (OnClassCondition)

   DataSourceAutoConfiguration.EmbeddedDatabaseConfiguration:
      Did not match:
         - EmbeddedDataSource spring.datasource.url is set (DataSourceAutoConfiguration.EmbeddedDatabaseCondition)

   DataSourceCheckpointRestoreConfiguration:
      Did not match:
         - @ConditionalOnClass did not find required class 'org.crac.Resource' (OnClassCondition)

   DataSourceConfiguration.Dbcp2:
      Did not match:
         - @ConditionalOnClass did not find required class 'org.apache.commons.dbcp2.BasicDataSource' (OnClassCondition)

   DataSourceConfiguration.Generic:
      Did not match:
         - @ConditionalOnProperty (spring.datasource.type) did not find property 'spring.datasource.type' (OnPropertyCondition)

   DataSourceConfiguration.OracleUcp:
      Did not match:
         - @ConditionalOnClass did not find required classes 'oracle.ucp.jdbc.PoolDataSourceImpl', 'oracle.jdbc.OracleConnection' (OnClassCondition)

   DataSourceConfiguration.Tomcat:
      Did not match:
         - @ConditionalOnClass did not find required class 'org.apache.tomcat.jdbc.pool.DataSource' (OnClassCondition)

   DataSourceJmxConfiguration.TomcatDataSourceJmxConfiguration:
      Did not match:
         - @ConditionalOnClass did not find required class 'org.apache.tomcat.jdbc.pool.DataSourceProxy' (OnClassCondition)

   DataSourcePoolMetadataProvidersConfiguration.CommonsDbcp2PoolDataSourceMetadataProviderConfiguration:
      Did not match:
         - @ConditionalOnClass did not find required class 'org.apache.commons.dbcp2.BasicDataSource' (OnClassCondition)

   DataSourcePoolMetadataProvidersConfiguration.OracleUcpPoolDataSourceMetadataProviderConfiguration:
      Did not match:
         - @ConditionalOnClass did not find required classes 'oracle.ucp.jdbc.PoolDataSource', 'oracle.jdbc.OracleConnection' (OnClassCondition)

   DataSourcePoolMetadataProvidersConfiguration.TomcatDataSourcePoolMetadataProviderConfiguration:
      Did not match:
         - @ConditionalOnClass did not find required class 'org.apache.tomcat.jdbc.pool.DataSource' (OnClassCondition)

   DataSourceTransactionManagerAutoConfiguration.JdbcTransactionManagerConfiguration#transactionManager:
      Did not match:
         - @ConditionalOnMissingBean (types: org.springframework.transaction.TransactionManager; SearchStrategy: all) found beans of type 'org.springframework.transaction.TransactionManager' transactionManager (OnBeanCondition)

   DatadogMetricsExportAutoConfiguration:
      Did not match:
         - @ConditionalOnClass did not find required class 'io.micrometer.datadog.DatadogMeterRegistry' (OnClassCondition)

   DefaultFeignLoadBalancerConfiguration#feignRetryClient:
      Did not match:
         - @ConditionalOnClass did not find required class 'org.springframework.retry.support.RetryTemplate' (OnClassCondition)

   DiscoveryClientOptionalArgsConfiguration.DiscoveryClientOptionalArgsTlsConfiguration:
      Did not match:
         - AllNestedConditions 1 matched 1 did not; NestedCondition on DiscoveryClientOptionalArgsConfiguration.JerseyClientPresentAndEnabledCondition.OnJerseyClientEnabled @ConditionalOnProperty (eureka.client.jersey.enabled) matched; NestedCondition on DiscoveryClientOptionalArgsConfiguration.JerseyClientPresentAndEnabledCondition.OnJerseyClientPresent @ConditionalOnClass did not find required class 'org.glassfish.jersey.client.JerseyClient' (DiscoveryClientOptionalArgsConfiguration.JerseyClientPresentAndEnabledCondition)

   DiscoveryClientOptionalArgsConfiguration.WebClientConfiguration:
      Did not match:
         - @ConditionalOnClass did not find required class 'org.springframework.web.reactive.function.client.WebClient' (OnClassCondition)

   DiscoveryClientOptionalArgsConfiguration.WebClientNotFoundConfiguration:
      Did not match:
         - @ConditionalOnProperty (eureka.client.webclient.enabled=true) did not find property 'webclient.enabled' (OnPropertyCondition)
      Matched:
         - @ConditionalOnMissingClass did not find unwanted class 'org.springframework.web.reactive.function.client.WebClient' (OnClassCondition)

   DispatcherServletAutoConfiguration.DispatcherServletConfiguration#multipartResolver:
      Did not match:
         - @ConditionalOnBean (types: org.springframework.web.multipart.MultipartResolver; SearchStrategy: all) did not find any beans of type org.springframework.web.multipart.MultipartResolver (OnBeanCondition)

   DynatraceMetricsExportAutoConfiguration:
      Did not match:
         - @ConditionalOnClass did not find required class 'io.micrometer.dynatrace.DynatraceMeterRegistry' (OnClassCondition)

   ElasticMetricsExportAutoConfiguration:
      Did not match:
         - @ConditionalOnClass did not find required class 'io.micrometer.elastic.ElasticMeterRegistry' (OnClassCondition)

   ElasticsearchClientAutoConfiguration:
      Did not match:
         - @ConditionalOnClass did not find required class 'co.elastic.clients.elasticsearch.ElasticsearchClient' (OnClassCondition)

   ElasticsearchDataAutoConfiguration:
      Did not match:
         - @ConditionalOnClass did not find required class 'org.springframework.data.elasticsearch.client.elc.ElasticsearchTemplate' (OnClassCondition)

   ElasticsearchReactiveHealthContributorAutoConfiguration:
      Did not match:
         - @ConditionalOnClass did not find required class 'org.springframework.data.elasticsearch.client.elc.ReactiveElasticsearchClient' (OnClassCondition)

   ElasticsearchRepositoriesAutoConfiguration:
      Did not match:
         - @ConditionalOnClass did not find required class 'org.springframework.data.elasticsearch.repository.ElasticsearchRepository' (OnClassCondition)

   ElasticsearchRestClientAutoConfiguration:
      Did not match:
         - @ConditionalOnClass did not find required class 'org.elasticsearch.client.RestClientBuilder' (OnClassCondition)

   ElasticsearchRestHealthContributorAutoConfiguration:
      Did not match:
         - @ConditionalOnClass did not find required class 'org.elasticsearch.client.RestClient' (OnClassCondition)

   EmbeddedLdapAutoConfiguration:
      Did not match:
         - @ConditionalOnClass did not find required class 'com.unboundid.ldap.listener.InMemoryDirectoryServer' (OnClassCondition)

   EmbeddedWebServerFactoryCustomizerAutoConfiguration.JettyWebServerFactoryCustomizerConfiguration:
      Did not match:
         - @ConditionalOnClass did not find required classes 'org.eclipse.jetty.server.Server', 'org.eclipse.jetty.util.Loader', 'org.eclipse.jetty.ee10.webapp.WebAppContext' (OnClassCondition)

   EmbeddedWebServerFactoryCustomizerAutoConfiguration.NettyWebServerFactoryCustomizerConfiguration:
      Did not match:
         - @ConditionalOnClass did not find required class 'reactor.netty.http.server.HttpServer' (OnClassCondition)

   EmbeddedWebServerFactoryCustomizerAutoConfiguration.TomcatWebServerFactoryCustomizerConfiguration#tomcatVirtualThreadsProtocolHandlerCustomizer:
      Did not match:
         - @ConditionalOnThreading did not find VIRTUAL (OnThreadingCondition)

   EmbeddedWebServerFactoryCustomizerAutoConfiguration.UndertowWebServerFactoryCustomizerConfiguration:
      Did not match:
         - @ConditionalOnClass did not find required classes 'io.undertow.Undertow', 'org.xnio.SslClientAuthMode' (OnClassCondition)

   EnvironmentEndpointAutoConfiguration:
      Did not match:
         - @ConditionalOnAvailableEndpoint no 'management.endpoints' property marked it as exposed (OnAvailableEndpointCondition)

   ErrorWebFluxAutoConfiguration:
      Did not match:
         - @ConditionalOnClass did not find required class 'org.springframework.web.reactive.config.WebFluxConfigurer' (OnClassCondition)

   EurekaClientAutoConfiguration.EurekaClientConfiguration:
      Did not match:
         - AnyNestedCondition 0 matched 3 did not; NestedCondition on EurekaClientAutoConfiguration.OnMissingRefreshScopeCondition.OnPropertyDisabled @ConditionalOnProperty (eureka.client.refresh.enable=false) did not find property 'eureka.client.refresh.enable'; NestedCondition on EurekaClientAutoConfiguration.OnMissingRefreshScopeCondition.MissingScope @ConditionalOnMissingBean (types: org.springframework.cloud.autoconfigure.RefreshAutoConfiguration; SearchStrategy: all) found beans of type 'org.springframework.cloud.autoconfigure.RefreshAutoConfiguration' org.springframework.cloud.autoconfigure.RefreshAutoConfiguration; NestedCondition on EurekaClientAutoConfiguration.OnMissingRefreshScopeCondition.MissingClass @ConditionalOnMissingClass found unwanted class 'org.springframework.cloud.context.scope.refresh.RefreshScope' (EurekaClientAutoConfiguration.OnMissingRefreshScopeCondition)

   EurekaClientConfigServerAutoConfiguration:
      Did not match:
         - @ConditionalOnClass did not find required class 'org.springframework.cloud.config.server.config.ConfigServerProperties' (OnClassCondition)

   EurekaDiscoveryClientConfiguration.EurekaHealthCheckHandlerConfiguration:
      Did not match:
         - @ConditionalOnProperty (eureka.client.healthcheck.enabled) did not find property 'eureka.client.healthcheck.enabled' (OnPropertyCondition)

   EurekaReactiveDiscoveryClientConfiguration:
      Did not match:
         - @ConditionalOnClass did not find required class 'org.springframework.web.reactive.function.client.WebClient' (OnClassCondition)

   FeignAcceptGzipEncodingAutoConfiguration:
      Did not match:
         - @ConditionalOnProperty (spring.cloud.openfeign.compression.response.enabled) did not find property 'spring.cloud.openfeign.compression.response.enabled' (OnPropertyCondition)
      Matched:
         - @ConditionalOnClass found required class 'feign.Feign' (OnClassCondition)

   FeignAutoConfiguration#cachingCapability:
      Did not match:
         - @ConditionalOnBean (types: org.springframework.cache.interceptor.CacheInterceptor; SearchStrategy: all) did not find any beans of type org.springframework.cache.interceptor.CacheInterceptor (OnBeanCondition)
      Matched:
         - @ConditionalOnProperty (spring.cloud.openfeign.cache.enabled) matched (OnPropertyCondition)

   FeignAutoConfiguration.CircuitBreakerPresentFeignTargeterConfiguration:
      Did not match:
         - @ConditionalOnProperty (spring.cloud.openfeign.circuitbreaker.enabled=true) did not find property 'spring.cloud.openfeign.circuitbreaker.enabled' (OnPropertyCondition)
      Matched:
         - @ConditionalOnClass found required class 'org.springframework.cloud.client.circuitbreaker.CircuitBreaker' (OnClassCondition)

   FeignAutoConfiguration.Http2ClientFeignConfiguration:
      Did not match:
         - @ConditionalOnClass did not find required class 'feign.http2client.Http2Client' (OnClassCondition)

   FeignAutoConfiguration.HttpClient5FeignConfiguration:
      Did not match:
         - @ConditionalOnClass did not find required class 'feign.hc5.ApacheHttp5Client' (OnClassCondition)

   FeignAutoConfiguration.Oauth2FeignConfiguration:
      Did not match:
         - @ConditionalOnClass did not find required class 'org.springframework.security.oauth2.client.OAuth2AuthorizedClientManager' (OnClassCondition)

   FeignAutoConfiguration.OkHttpFeignConfiguration:
      Did not match:
         - @ConditionalOnClass did not find required class 'feign.okhttp.OkHttpClient' (OnClassCondition)

   FeignContentGzipEncodingAutoConfiguration:
      Did not match:
         - @ConditionalOnProperty (spring.cloud.openfeign.compression.request.enabled) did not find property 'spring.cloud.openfeign.compression.request.enabled' (OnPropertyCondition)
      Matched:
         - @ConditionalOnClass found required class 'feign.Feign' (OnClassCondition)

   FeignHalAutoConfiguration:
      Did not match:
         - @ConditionalOnClass did not find required class 'org.springframework.hateoas.config.WebConverters' (OnClassCondition)

   FlywayAutoConfiguration:
      Did not match:
         - @ConditionalOnClass did not find required class 'org.flywaydb.core.Flyway' (OnClassCondition)

   FlywayEndpointAutoConfiguration:
      Did not match:
         - @ConditionalOnClass did not find required class 'org.flywaydb.core.Flyway' (OnClassCondition)

   FreeMarkerAutoConfiguration:
      Did not match:
         - @ConditionalOnClass did not find required class 'freemarker.template.Configuration' (OnClassCondition)

   GangliaMetricsExportAutoConfiguration:
      Did not match:
         - @ConditionalOnClass did not find required class 'io.micrometer.ganglia.GangliaMeterRegistry' (OnClassCondition)

   GraphQlAutoConfiguration:
      Did not match:
         - @ConditionalOnClass did not find required class 'graphql.GraphQL' (OnClassCondition)

   GraphQlObservationAutoConfiguration:
      Did not match:
         - @ConditionalOnClass did not find required class 'graphql.GraphQL' (OnClassCondition)

   GraphQlQueryByExampleAutoConfiguration:
      Did not match:
         - @ConditionalOnClass did not find required class 'graphql.GraphQL' (OnClassCondition)

   GraphQlQuerydslAutoConfiguration:
      Did not match:
         - @ConditionalOnClass did not find required class 'com.querydsl.core.Query' (OnClassCondition)

   GraphQlRSocketAutoConfiguration:
      Did not match:
         - @ConditionalOnClass did not find required class 'graphql.GraphQL' (OnClassCondition)

   GraphQlReactiveQueryByExampleAutoConfiguration:
      Did not match:
         - @ConditionalOnClass did not find required class 'graphql.GraphQL' (OnClassCondition)

   GraphQlReactiveQuerydslAutoConfiguration:
      Did not match:
         - @ConditionalOnClass did not find required class 'com.querydsl.core.Query' (OnClassCondition)

   GraphQlWebFluxAutoConfiguration:
      Did not match:
         - @ConditionalOnClass did not find required class 'graphql.GraphQL' (OnClassCondition)

   GraphQlWebFluxSecurityAutoConfiguration:
      Did not match:
         - @ConditionalOnClass did not find required class 'graphql.GraphQL' (OnClassCondition)

   GraphQlWebMvcAutoConfiguration:
      Did not match:
         - @ConditionalOnClass did not find required class 'graphql.GraphQL' (OnClassCondition)

   GraphQlWebMvcSecurityAutoConfiguration:
      Did not match:
         - @ConditionalOnClass did not find required class 'graphql.GraphQL' (OnClassCondition)

   GraphiteMetricsExportAutoConfiguration:
      Did not match:
         - @ConditionalOnClass did not find required class 'io.micrometer.graphite.GraphiteMeterRegistry' (OnClassCondition)

   GroovyTemplateAutoConfiguration:
      Did not match:
         - @ConditionalOnClass did not find required class 'groovy.text.markup.MarkupTemplateEngine' (OnClassCondition)

   GsonHttpMessageConvertersConfiguration.GsonHttpMessageConverterConfiguration:
      Did not match:
         - AnyNestedCondition 0 matched 2 did not; NestedCondition on GsonHttpMessageConvertersConfiguration.PreferGsonOrJacksonAndJsonbUnavailableCondition.JacksonJsonbUnavailable NoneNestedConditions 1 matched 1 did not; NestedCondition on GsonHttpMessageConvertersConfiguration.JacksonAndJsonbUnavailableCondition.JsonbPreferred @ConditionalOnProperty (spring.mvc.converters.preferred-json-mapper=jsonb) did not find property 'spring.mvc.converters.preferred-json-mapper'; NestedCondition on GsonHttpMessageConvertersConfiguration.JacksonAndJsonbUnavailableCondition.JacksonAvailable @ConditionalOnBean (types: org.springframework.http.converter.json.MappingJackson2HttpMessageConverter; SearchStrategy: all) found bean 'mappingJackson2HttpMessageConverter'; NestedCondition on GsonHttpMessageConvertersConfiguration.PreferGsonOrJacksonAndJsonbUnavailableCondition.GsonPreferred @ConditionalOnProperty (spring.mvc.converters.preferred-json-mapper=gson) did not find property 'spring.mvc.converters.preferred-json-mapper' (GsonHttpMessageConvertersConfiguration.PreferGsonOrJacksonAndJsonbUnavailableCondition)

   H2ConsoleAutoConfiguration:
      Did not match:
         - @ConditionalOnProperty (spring.h2.console.enabled=true) did not find property 'enabled' (OnPropertyCondition)
      Matched:
         - @ConditionalOnClass found required class 'org.h2.server.web.JakartaWebServlet' (OnClassCondition)
         - found 'session' scope (OnWebApplicationCondition)

   HazelcastAutoConfiguration:
      Did not match:
         - @ConditionalOnClass did not find required class 'com.hazelcast.core.HazelcastInstance' (OnClassCondition)

   HazelcastCacheConfiguration:
      Did not match:
         - @ConditionalOnClass did not find required class 'com.hazelcast.core.HazelcastInstance' (OnClassCondition)

   HazelcastHealthContributorAutoConfiguration:
      Did not match:
         - @ConditionalOnClass did not find required class 'com.hazelcast.core.HazelcastInstance' (OnClassCondition)

   HazelcastJpaDependencyAutoConfiguration:
      Did not match:
         - @ConditionalOnClass did not find required class 'com.hazelcast.core.HazelcastInstance' (OnClassCondition)

   HealthEndpointReactiveWebExtensionConfiguration:
      Did not match:
         - did not find reactive web application classes (OnWebApplicationCondition)

   HealthEndpointWebExtensionConfiguration.JerseyAdditionalHealthEndpointPathsConfiguration:
      Did not match:
         - @ConditionalOnClass did not find required class 'org.glassfish.jersey.server.ResourceConfig' (OnClassCondition)

   HeapDumpWebEndpointAutoConfiguration:
      Did not match:
         - @ConditionalOnAvailableEndpoint no 'management.endpoints' property marked it as exposed (OnAvailableEndpointCondition)

   HibernateMetricsAutoConfiguration:
      Did not match:
         - @ConditionalOnClass did not find required class 'org.hibernate.stat.HibernateMetrics' (OnClassCondition)

   Http2ClientFeignLoadBalancerConfiguration:
      Did not match:
         - @ConditionalOnClass did not find required class 'feign.http2client.Http2Client' (OnClassCondition)

   HttpClient5FeignLoadBalancerConfiguration:
      Did not match:
         - @ConditionalOnClass did not find required class 'feign.hc5.ApacheHttp5Client' (OnClassCondition)

   HttpExchangesAutoConfiguration:
      Did not match:
         - @ConditionalOnBean (types: org.springframework.boot.actuate.web.exchanges.HttpExchangeRepository; SearchStrategy: all) did not find any beans of type org.springframework.boot.actuate.web.exchanges.HttpExchangeRepository (OnBeanCondition)
      Matched:
         - @ConditionalOnWebApplication (required) found 'session' scope (OnWebApplicationCondition)
         - @ConditionalOnProperty (management.httpexchanges.recording.enabled) matched (OnPropertyCondition)

   HttpExchangesAutoConfiguration.ReactiveHttpExchangesConfiguration:
      Did not match:
         - did not find reactive web application classes (OnWebApplicationCondition)
         - Ancestor org.springframework.boot.actuate.autoconfigure.web.exchanges.HttpExchangesAutoConfiguration did not match (ConditionEvaluationReport.AncestorsMatchedCondition)

   HttpExchangesAutoConfiguration.ServletHttpExchangesConfiguration:
      Did not match:
         - Ancestor org.springframework.boot.actuate.autoconfigure.web.exchanges.HttpExchangesAutoConfiguration did not match (ConditionEvaluationReport.AncestorsMatchedCondition)
      Matched:
         - found 'session' scope (OnWebApplicationCondition)

   HttpExchangesEndpointAutoConfiguration:
      Did not match:
         - @ConditionalOnAvailableEndpoint no 'management.endpoints' property marked it as exposed (OnAvailableEndpointCondition)

   HttpHandlerAutoConfiguration:
      Did not match:
         - @ConditionalOnClass did not find required class 'org.springframework.web.reactive.DispatcherHandler' (OnClassCondition)

   HumioMetricsExportAutoConfiguration:
      Did not match:
         - @ConditionalOnClass did not find required class 'io.micrometer.humio.HumioMeterRegistry' (OnClassCondition)

   HypermediaAutoConfiguration:
      Did not match:
         - @ConditionalOnClass did not find required class 'org.springframework.hateoas.EntityModel' (OnClassCondition)

   InfinispanCacheConfiguration:
      Did not match:
         - @ConditionalOnClass did not find required class 'org.infinispan.spring.embedded.provider.SpringEmbeddedCacheManager' (OnClassCondition)

   InfluxDbAutoConfiguration:
      Did not match:
         - @ConditionalOnClass did not find required class 'org.influxdb.InfluxDB' (OnClassCondition)

   InfluxDbHealthContributorAutoConfiguration:
      Did not match:
         - @ConditionalOnClass did not find required class 'org.influxdb.InfluxDB' (OnClassCondition)

   InfluxMetricsExportAutoConfiguration:
      Did not match:
         - @ConditionalOnClass did not find required class 'io.micrometer.influx.InfluxMeterRegistry' (OnClassCondition)

   InfoContributorAutoConfiguration#buildInfoContributor:
      Did not match:
         - @ConditionalOnSingleCandidate (types: org.springframework.boot.info.BuildProperties; SearchStrategy: all) did not find any beans (OnBeanCondition)
      Matched:
         - @ConditionalOnEnabledInfoContributor management.info.defaults.enabled is considered true (OnEnabledInfoContributorCondition)

   InfoContributorAutoConfiguration#envInfoContributor:
      Did not match:
         - @ConditionalOnEnabledInfoContributor management.info.env.enabled is not true (OnEnabledInfoContributorCondition)

   InfoContributorAutoConfiguration#gitInfoContributor:
      Did not match:
         - @ConditionalOnSingleCandidate (types: org.springframework.boot.info.GitProperties; SearchStrategy: all) did not find any beans (OnBeanCondition)
      Matched:
         - @ConditionalOnEnabledInfoContributor management.info.defaults.enabled is considered true (OnEnabledInfoContributorCondition)

   InfoContributorAutoConfiguration#javaInfoContributor:
      Did not match:
         - @ConditionalOnEnabledInfoContributor management.info.java.enabled is not true (OnEnabledInfoContributorCondition)

   InfoContributorAutoConfiguration#osInfoContributor:
      Did not match:
         - @ConditionalOnEnabledInfoContributor management.info.os.enabled is not true (OnEnabledInfoContributorCondition)

   InfoContributorAutoConfiguration#processInfoContributor:
      Did not match:
         - @ConditionalOnEnabledInfoContributor management.info.process.enabled is not true (OnEnabledInfoContributorCondition)

   IntegrationAutoConfiguration:
      Did not match:
         - @ConditionalOnClass did not find required class 'org.springframework.integration.config.EnableIntegration' (OnClassCondition)

   IntegrationGraphEndpointAutoConfiguration:
      Did not match:
         - @ConditionalOnClass did not find required class 'org.springframework.integration.graph.IntegrationGraphServer' (OnClassCondition)

   JCacheCacheConfiguration:
      Did not match:
         - @ConditionalOnClass did not find required class 'javax.cache.Caching' (OnClassCondition)

   JacksonHttpMessageConvertersConfiguration.MappingJackson2XmlHttpMessageConverterConfiguration:
      Did not match:
         - @ConditionalOnClass did not find required class 'com.fasterxml.jackson.dataformat.xml.XmlMapper' (OnClassCondition)

   JdbcRepositoriesAutoConfiguration:
      Did not match:
         - @ConditionalOnClass did not find required class 'org.springframework.data.jdbc.repository.config.AbstractJdbcConfiguration' (OnClassCondition)

   JerseyAutoConfiguration:
      Did not match:
         - @ConditionalOnClass did not find required class 'org.glassfish.jersey.server.spring.SpringComponentProvider' (OnClassCondition)

   JerseySameManagementContextConfiguration:
      Did not match:
         - @ConditionalOnClass did not find required class 'org.glassfish.jersey.server.ResourceConfig' (OnClassCondition)

   JerseyServerMetricsAutoConfiguration:
      Did not match:
         - @ConditionalOnClass did not find required class 'org.glassfish.jersey.micrometer.server.ObservationApplicationEventListener' (OnClassCondition)

   JerseyWebEndpointManagementContextConfiguration:
      Did not match:
         - @ConditionalOnClass did not find required class 'org.glassfish.jersey.server.ResourceConfig' (OnClassCondition)

   JettyMetricsAutoConfiguration:
      Did not match:
         - @ConditionalOnClass did not find required class 'org.eclipse.jetty.server.Server' (OnClassCondition)

   JmsAutoConfiguration:
      Did not match:
         - @ConditionalOnClass did not find required class 'jakarta.jms.Message' (OnClassCondition)

   JmsHealthContributorAutoConfiguration:
      Did not match:
         - @ConditionalOnClass did not find required class 'jakarta.jms.ConnectionFactory' (OnClassCondition)

   JmxAutoConfiguration:
      Did not match:
         - @ConditionalOnProperty (spring.jmx.enabled=true) did not find property 'enabled' (OnPropertyCondition)
      Matched:
         - @ConditionalOnClass found required class 'org.springframework.jmx.export.MBeanExporter' (OnClassCondition)

   JmxEndpointAutoConfiguration:
      Did not match:
         - @ConditionalOnProperty (spring.jmx.enabled=true) did not find property 'enabled' (OnPropertyCondition)

   JmxMetricsExportAutoConfiguration:
      Did not match:
         - @ConditionalOnClass did not find required class 'io.micrometer.jmx.JmxMeterRegistry' (OnClassCondition)

   JndiConnectionFactoryAutoConfiguration:
      Did not match:
         - @ConditionalOnClass did not find required class 'org.springframework.jms.core.JmsTemplate' (OnClassCondition)

   JndiDataSourceAutoConfiguration:
      Did not match:
         - @ConditionalOnProperty (spring.datasource.jndi-name) did not find property 'jndi-name' (OnPropertyCondition)
      Matched:
         - @ConditionalOnClass found required classes 'javax.sql.DataSource', 'org.springframework.jdbc.datasource.embedded.EmbeddedDatabaseType' (OnClassCondition)

   JndiJtaConfiguration:
      Did not match:
         - @ConditionalOnJndi JNDI environment is not available (OnJndiCondition)
      Matched:
         - @ConditionalOnClass found required class 'org.springframework.transaction.jta.JtaTransactionManager' (OnClassCondition)

   JooqAutoConfiguration:
      Did not match:
         - @ConditionalOnClass did not find required class 'org.jooq.DSLContext' (OnClassCondition)

   JpaRepositoriesAutoConfiguration:
      Did not match:
         - @ConditionalOnMissingBean (types: org.springframework.data.jpa.repository.support.JpaRepositoryFactoryBean,org.springframework.data.jpa.repository.config.JpaRepositoryConfigExtension; SearchStrategy: all) found beans of type 'org.springframework.data.jpa.repository.support.JpaRepositoryFactoryBean' &projectMeetingRepository, &projectNotificationRepository, &milestoneRepository, &projectRepository, &projectDocumentRepository, &projectMemberRepository and found beans of type 'org.springframework.data.jpa.repository.config.JpaRepositoryConfigExtension' org.springframework.data.jpa.repository.config.JpaRepositoryConfigExtension#0 (OnBeanCondition)
      Matched:
         - @ConditionalOnClass found required class 'org.springframework.data.jpa.repository.JpaRepository' (OnClassCondition)
         - @ConditionalOnProperty (spring.data.jpa.repositories.enabled=true) matched (OnPropertyCondition)

   JsonbAutoConfiguration:
      Did not match:
         - @ConditionalOnClass did not find required class 'jakarta.json.bind.Jsonb' (OnClassCondition)

   JsonbHttpMessageConvertersConfiguration:
      Did not match:
         - @ConditionalOnClass did not find required class 'jakarta.json.bind.Jsonb' (OnClassCondition)

   KafkaAutoConfiguration:
      Did not match:
         - @ConditionalOnClass did not find required class 'org.springframework.kafka.core.KafkaTemplate' (OnClassCondition)

   KafkaMetricsAutoConfiguration:
      Did not match:
         - @ConditionalOnClass did not find required class 'org.springframework.kafka.core.ProducerFactory' (OnClassCondition)

   KairosMetricsExportAutoConfiguration:
      Did not match:
         - @ConditionalOnClass did not find required class 'io.micrometer.kairos.KairosMeterRegistry' (OnClassCondition)

   LdapAutoConfiguration:
      Did not match:
         - @ConditionalOnClass did not find required class 'org.springframework.ldap.core.ContextSource' (OnClassCondition)

   LdapHealthContributorAutoConfiguration:
      Did not match:
         - @ConditionalOnClass did not find required class 'org.springframework.ldap.core.LdapOperations' (OnClassCondition)

   LdapRepositoriesAutoConfiguration:
      Did not match:
         - @ConditionalOnClass did not find required class 'org.springframework.data.ldap.repository.LdapRepository' (OnClassCondition)

   LettuceMetricsAutoConfiguration:
      Did not match:
         - @ConditionalOnClass did not find required class 'io.lettuce.core.metrics.MicrometerCommandLatencyRecorder' (OnClassCondition)

   LiquibaseAutoConfiguration:
      Did not match:
         - @ConditionalOnClass did not find required class 'liquibase.change.DatabaseChange' (OnClassCondition)

   LiquibaseEndpointAutoConfiguration:
      Did not match:
         - @ConditionalOnClass did not find required class 'liquibase.integration.spring.SpringLiquibase' (OnClassCondition)

   LoadBalancerAutoConfiguration.RetryAutoConfiguration:
      Did not match:
         - @ConditionalOnClass did not find required class 'org.springframework.retry.support.RetryTemplate' (OnClassCondition)

   LoadBalancerAutoConfiguration.RetryInterceptorAutoConfiguration:
      Did not match:
         - @ConditionalOnClass did not find required class 'org.springframework.retry.support.RetryTemplate' (OnClassCondition)

   LoadBalancerBeanPostProcessorAutoConfiguration:
      Did not match:
         - @ConditionalOnClass did not find required class 'org.springframework.web.reactive.function.client.WebClient' (OnClassCondition)

   LoadBalancerCacheAutoConfiguration.CaffeineLoadBalancerCacheManagerConfiguration:
      Did not match:
         - @ConditionalOnClass did not find required class 'com.github.benmanes.caffeine.cache.Caffeine' (OnClassCondition)

   LoadBalancerEurekaAutoConfiguration#zoneConfig:
      Did not match:
         - @ConditionalOnMissingBean (types: org.springframework.cloud.loadbalancer.config.LoadBalancerZoneConfig; SearchStrategy: all) found beans of type 'org.springframework.cloud.loadbalancer.config.LoadBalancerZoneConfig' zoneConfig (OnBeanCondition)

   LoadBalancerStatsAutoConfiguration:
      Did not match:
         - @ConditionalOnProperty (spring.cloud.loadbalancer.stats.micrometer.enabled=true) did not find property 'spring.cloud.loadbalancer.stats.micrometer.enabled' (OnPropertyCondition)
      Matched:
         - @ConditionalOnClass found required class 'io.micrometer.core.instrument.MeterRegistry' (OnClassCondition)

   Log4J2MetricsAutoConfiguration:
      Did not match:
         - @ConditionalOnClass did not find required class 'org.apache.logging.log4j.core.LoggerContext' (OnClassCondition)

   LogFileWebEndpointAutoConfiguration:
      Did not match:
         - @ConditionalOnAvailableEndpoint no 'management.endpoints' property marked it as exposed (OnAvailableEndpointCondition)

   LoggersEndpointAutoConfiguration:
      Did not match:
         - @ConditionalOnAvailableEndpoint no 'management.endpoints' property marked it as exposed (OnAvailableEndpointCondition)

   MailSenderJndiConfiguration:
      Did not match:
         - @ConditionalOnProperty (spring.mail.jndi-name) did not find property 'jndi-name' (OnPropertyCondition)
      Matched:
         - @ConditionalOnClass found required class 'jakarta.mail.Session' (OnClassCondition)

   MailSenderValidatorAutoConfiguration:
      Did not match:
         - @ConditionalOnProperty (spring.mail.test-connection) did not find property 'test-connection' (OnPropertyCondition)

   ManagementContextAutoConfiguration.DifferentManagementContextConfiguration:
      Did not match:
         - Management Port actual port type (SAME) did not match required type (DIFFERENT) (OnManagementPortCondition)

   ManagementWebSecurityAutoConfiguration:
      Did not match:
         - AllNestedConditions 1 matched 1 did not; NestedCondition on DefaultWebSecurityCondition.Beans @ConditionalOnMissingBean (types: org.springframework.security.web.SecurityFilterChain; SearchStrategy: all) found beans of type 'org.springframework.security.web.SecurityFilterChain' securityFilterChain; NestedCondition on DefaultWebSecurityCondition.Classes @ConditionalOnClass found required classes 'org.springframework.security.web.SecurityFilterChain', 'org.springframework.security.config.annotation.web.builders.HttpSecurity' (DefaultWebSecurityCondition)
      Matched:
         - found 'session' scope (OnWebApplicationCondition)

   MappingsEndpointAutoConfiguration:
      Did not match:
         - @ConditionalOnAvailableEndpoint no 'management.endpoints' property marked it as exposed (OnAvailableEndpointCondition)

   MessageSourceAutoConfiguration:
      Did not match:
         - ResourceBundle did not find bundle with basename messages (MessageSourceAutoConfiguration.ResourceBundleCondition)

   MetricsAspectsAutoConfiguration:
      Did not match:
         - AnyNestedCondition 0 matched 2 did not; NestedCondition on MetricsAspectsAutoConfiguration.ObservationAnnotationsEnabledCondition.ManagementObservationsEnabledCondition @ConditionalOnProperty (management.observations.annotations.enabled=true) did not find property 'enabled'; NestedCondition on MetricsAspectsAutoConfiguration.ObservationAnnotationsEnabledCondition.MicrometerObservationsEnabledCondition @ConditionalOnProperty (micrometer.observations.annotations.enabled=true) did not find property 'enabled' (MetricsAspectsAutoConfiguration.ObservationAnnotationsEnabledCondition)
      Matched:
         - @ConditionalOnClass found required classes 'io.micrometer.core.instrument.MeterRegistry', 'org.aspectj.weaver.Advice' (OnClassCondition)

   MetricsEndpointAutoConfiguration:
      Did not match:
         - @ConditionalOnAvailableEndpoint no 'management.endpoints' property marked it as exposed (OnAvailableEndpointCondition)
      Matched:
         - @ConditionalOnClass found required class 'io.micrometer.core.annotation.Timed' (OnClassCondition)

   MicrometerTracingAutoConfiguration:
      Did not match:
         - @ConditionalOnClass did not find required class 'io.micrometer.tracing.Tracer' (OnClassCondition)

   MongoAutoConfiguration:
      Did not match:
         - @ConditionalOnClass did not find required class 'com.mongodb.client.MongoClient' (OnClassCondition)

   MongoDataAutoConfiguration:
      Did not match:
         - @ConditionalOnClass did not find required class 'com.mongodb.client.MongoClient' (OnClassCondition)

   MongoHealthContributorAutoConfiguration:
      Did not match:
         - @ConditionalOnClass did not find required class 'org.springframework.data.mongodb.core.MongoTemplate' (OnClassCondition)

   MongoMetricsAutoConfiguration:
      Did not match:
         - @ConditionalOnClass did not find required class 'com.mongodb.MongoClientSettings' (OnClassCondition)

   MongoReactiveAutoConfiguration:
      Did not match:
         - @ConditionalOnClass did not find required class 'com.mongodb.reactivestreams.client.MongoClient' (OnClassCondition)

   MongoReactiveDataAutoConfiguration:
      Did not match:
         - @ConditionalOnClass did not find required class 'com.mongodb.reactivestreams.client.MongoClient' (OnClassCondition)

   MongoReactiveHealthContributorAutoConfiguration:
      Did not match:
         - @ConditionalOnClass did not find required class 'org.springframework.data.mongodb.core.ReactiveMongoTemplate' (OnClassCondition)

   MongoReactiveRepositoriesAutoConfiguration:
      Did not match:
         - @ConditionalOnClass did not find required class 'com.mongodb.reactivestreams.client.MongoClient' (OnClassCondition)

   MongoRepositoriesAutoConfiguration:
      Did not match:
         - @ConditionalOnClass did not find required class 'com.mongodb.client.MongoClient' (OnClassCondition)

   MultipleOpenApiSupportConfiguration:
      Did not match:
         - AnyNestedCondition 0 matched 2 did not; NestedCondition on MultipleOpenApiSupportCondition.OnActuatorDifferentPort found non-matching nested conditions Management Port actual port type (SAME) did not match required type (DIFFERENT), @ConditionalOnProperty (springdoc.show-actuator) did not find property 'springdoc.show-actuator'; NestedCondition on MultipleOpenApiSupportCondition.OnMultipleOpenApiSupportCondition AnyNestedCondition 0 matched 2 did not; NestedCondition on MultipleOpenApiGroupsCondition.OnGroupConfigProperty @ConditionalOnProperty (springdoc.group-configs[0].group) did not find property 'springdoc.group-configs[0].group'; NestedCondition on MultipleOpenApiGroupsCondition.OnGroupedOpenApiBean @ConditionalOnBean (types: org.springdoc.core.models.GroupedOpenApi; SearchStrategy: all) did not find any beans of type org.springdoc.core.models.GroupedOpenApi (MultipleOpenApiSupportCondition)
      Matched:
         - found 'session' scope (OnWebApplicationCondition)
         - @ConditionalOnProperty (springdoc.api-docs.enabled) matched (OnPropertyCondition)

   MultipleOpenApiSupportConfiguration.SpringDocWebMvcActuatorDifferentConfiguration:
      Did not match:
         - Management Port actual port type (SAME) did not match required type (DIFFERENT) (OnManagementPortCondition)
         - Ancestor org.springdoc.webmvc.core.configuration.MultipleOpenApiSupportConfiguration did not match (ConditionEvaluationReport.AncestorsMatchedCondition)
      Matched:
         - @ConditionalOnClass found required class 'org.springframework.boot.actuate.endpoint.web.servlet.WebMvcEndpointHandlerMapping' (OnClassCondition)

   MustacheAutoConfiguration:
      Did not match:
         - @ConditionalOnClass did not find required class 'com.samskivert.mustache.Mustache' (OnClassCondition)

   Neo4jAutoConfiguration:
      Did not match:
         - @ConditionalOnClass did not find required class 'org.neo4j.driver.Driver' (OnClassCondition)

   Neo4jDataAutoConfiguration:
      Did not match:
         - @ConditionalOnClass did not find required class 'org.neo4j.driver.Driver' (OnClassCondition)

   Neo4jHealthContributorAutoConfiguration:
      Did not match:
         - @ConditionalOnClass did not find required class 'org.neo4j.driver.Driver' (OnClassCondition)

   Neo4jReactiveDataAutoConfiguration:
      Did not match:
         - @ConditionalOnClass did not find required class 'org.neo4j.driver.Driver' (OnClassCondition)

   Neo4jReactiveRepositoriesAutoConfiguration:
      Did not match:
         - @ConditionalOnClass did not find required class 'org.neo4j.driver.Driver' (OnClassCondition)

   Neo4jRepositoriesAutoConfiguration:
      Did not match:
         - @ConditionalOnClass did not find required class 'org.neo4j.driver.Driver' (OnClassCondition)

   NettyAutoConfiguration:
      Did not match:
         - @ConditionalOnClass did not find required class 'io.netty.util.NettyRuntime' (OnClassCondition)

   NewRelicMetricsExportAutoConfiguration:
      Did not match:
         - @ConditionalOnClass did not find required class 'io.micrometer.newrelic.NewRelicMeterRegistry' (OnClassCondition)

   NoOpMeterRegistryConfiguration:
      Did not match:
         - @ConditionalOnMissingBean (types: io.micrometer.core.instrument.MeterRegistry; SearchStrategy: all) found beans of type 'io.micrometer.core.instrument.MeterRegistry' simpleMeterRegistry (OnBeanCondition)

   NoopTracerAutoConfiguration:
      Did not match:
         - @ConditionalOnClass did not find required class 'io.micrometer.tracing.Tracer' (OnClassCondition)

   OAuth2AuthorizationServerAutoConfiguration:
      Did not match:
         - @ConditionalOnClass did not find required class 'org.springframework.security.oauth2.server.authorization.OAuth2Authorization' (OnClassCondition)

   OAuth2AuthorizationServerJwtAutoConfiguration:
      Did not match:
         - @ConditionalOnClass did not find required class 'org.springframework.security.oauth2.server.authorization.OAuth2Authorization' (OnClassCondition)

   OAuth2ClientAutoConfiguration:
      Did not match:
         - @ConditionalOnClass did not find required class 'org.springframework.security.oauth2.client.registration.ClientRegistration' (OnClassCondition)

   OAuth2LoadBalancerClientAutoConfiguration:
      Did not match:
         - @ConditionalOnProperty (spring.cloud.oauth2.load-balanced.enabled) did not find property 'spring.cloud.oauth2.load-balanced.enabled' (OnPropertyCondition)

   OAuth2ResourceServerJwtConfiguration.JwtConverterConfiguration:
      Did not match:
         - AnyNestedCondition 0 matched 3 did not; NestedCondition on OAuth2ResourceServerJwtConfiguration.JwtConverterPropertiesCondition.OnAuthoritiesClaimName @ConditionalOnProperty (spring.security.oauth2.resourceserver.jwt.authorities-claim-name) did not find property 'authorities-claim-name'; NestedCondition on OAuth2ResourceServerJwtConfiguration.JwtConverterPropertiesCondition.OnPrincipalClaimName @ConditionalOnProperty (spring.security.oauth2.resourceserver.jwt.principal-claim-name) did not find property 'principal-claim-name'; NestedCondition on OAuth2ResourceServerJwtConfiguration.JwtConverterPropertiesCondition.OnAuthorityPrefix @ConditionalOnProperty (spring.security.oauth2.resourceserver.jwt.authority-prefix) did not find property 'authority-prefix' (OAuth2ResourceServerJwtConfiguration.JwtConverterPropertiesCondition)

   OAuth2ResourceServerJwtConfiguration.JwtDecoderConfiguration:
      Did not match:
         - @ConditionalOnMissingBean (types: org.springframework.security.oauth2.jwt.JwtDecoder; SearchStrategy: all) found beans of type 'org.springframework.security.oauth2.jwt.JwtDecoder' jwtDecoder (OnBeanCondition)

   OAuth2ResourceServerJwtConfiguration.OAuth2SecurityFilterChainConfiguration:
      Did not match:
         - AllNestedConditions 1 matched 1 did not; NestedCondition on DefaultWebSecurityCondition.Beans @ConditionalOnMissingBean (types: org.springframework.security.web.SecurityFilterChain; SearchStrategy: all) found beans of type 'org.springframework.security.web.SecurityFilterChain' securityFilterChain; NestedCondition on DefaultWebSecurityCondition.Classes @ConditionalOnClass found required classes 'org.springframework.security.web.SecurityFilterChain', 'org.springframework.security.config.annotation.web.builders.HttpSecurity' (DefaultWebSecurityCondition)

   OAuth2ResourceServerOpaqueTokenConfiguration.OAuth2SecurityFilterChainConfiguration:
      Did not match:
         - AllNestedConditions 1 matched 1 did not; NestedCondition on DefaultWebSecurityCondition.Beans @ConditionalOnMissingBean (types: org.springframework.security.web.SecurityFilterChain; SearchStrategy: all) found beans of type 'org.springframework.security.web.SecurityFilterChain' securityFilterChain; NestedCondition on DefaultWebSecurityCondition.Classes @ConditionalOnClass found required classes 'org.springframework.security.web.SecurityFilterChain', 'org.springframework.security.config.annotation.web.builders.HttpSecurity' (DefaultWebSecurityCondition)

   OAuth2ResourceServerOpaqueTokenConfiguration.OpaqueTokenIntrospectionClientConfiguration#opaqueTokenIntrospector:
      Did not match:
         - @ConditionalOnProperty (spring.security.oauth2.resourceserver.opaquetoken.introspection-uri) did not find property 'spring.security.oauth2.resourceserver.opaquetoken.introspection-uri' (OnPropertyCondition)

   ObservationAutoConfiguration.MeterObservationHandlerConfiguration.TracingAndMetricsObservationHandlerConfiguration:
      Did not match:
         - @ConditionalOnBean did not find required type 'io.micrometer.tracing.Tracer' (OnBeanCondition)
         - @ConditionalOnBean (types: io.micrometer.tracing.Tracer; SearchStrategy: all) did not find any beans of type io.micrometer.tracing.Tracer (OnBeanCondition)

   ObservationAutoConfiguration.MetricsWithTracingConfiguration:
      Did not match:
         - @ConditionalOnClass did not find required class 'io.micrometer.tracing.Tracer' (OnClassCondition)

   ObservationAutoConfiguration.OnlyTracingConfiguration:
      Did not match:
         - @ConditionalOnClass did not find required class 'io.micrometer.tracing.Tracer' (OnClassCondition)

   OkHttpFeignLoadBalancerConfiguration:
      Did not match:
         - @ConditionalOnClass did not find required class 'feign.okhttp.OkHttpClient' (OnClassCondition)

   org.springframework.boot.actuate.autoconfigure.opentelemetry.OpenTelemetryAutoConfiguration:
      Did not match:
         - @ConditionalOnClass did not find required class 'io.opentelemetry.sdk.OpenTelemetrySdk' (OnClassCondition)

   org.springframework.boot.actuate.autoconfigure.tracing.OpenTelemetryAutoConfiguration:
      Did not match:
         - @ConditionalOnClass did not find required class 'io.micrometer.tracing.otel.bridge.OtelTracer' (OnClassCondition)

   OtlpAutoConfiguration:
      Did not match:
         - @ConditionalOnClass did not find required class 'io.micrometer.tracing.otel.bridge.OtelTracer' (OnClassCondition)

   OtlpMetricsExportAutoConfiguration:
      Did not match:
         - @ConditionalOnClass did not find required class 'io.micrometer.registry.otlp.OtlpMeterRegistry' (OnClassCondition)

   PauseResumeEndpointsConfiguration#pauseEndpoint:
      Did not match:
         - @ConditionalOnBean (types: org.springframework.cloud.context.restart.RestartEndpoint; SearchStrategy: all) did not find any beans of type org.springframework.cloud.context.restart.RestartEndpoint (OnBeanCondition)

   PauseResumeEndpointsConfiguration#resumeEndpoint:
      Did not match:
         - @ConditionalOnBean (types: org.springframework.cloud.context.restart.RestartEndpoint; SearchStrategy: all) did not find any beans of type org.springframework.cloud.context.restart.RestartEndpoint (OnBeanCondition)

   ProjectInfoAutoConfiguration#buildProperties:
      Did not match:
         - @ConditionalOnResource did not find resource '${spring.info.build.location:classpath:META-INF/build-info.properties}' (OnResourceCondition)

   ProjectInfoAutoConfiguration#gitProperties:
      Did not match:
         - GitResource did not find git info at classpath:git.properties (ProjectInfoAutoConfiguration.GitResourceAvailableCondition)

   PrometheusExemplarsAutoConfiguration:
      Did not match:
         - @ConditionalOnClass did not find required class 'io.micrometer.tracing.Tracer' (OnClassCondition)

   PrometheusMetricsExportAutoConfiguration:
      Did not match:
         - @ConditionalOnClass did not find required class 'io.micrometer.prometheusmetrics.PrometheusMeterRegistry' (OnClassCondition)

   PrometheusSimpleclientExemplarsAutoConfiguration:
      Did not match:
         - @ConditionalOnClass did not find required class 'io.micrometer.tracing.Tracer' (OnClassCondition)

   PrometheusSimpleclientMetricsExportAutoConfiguration:
      Did not match:
         - @ConditionalOnClass did not find required class 'io.micrometer.prometheus.PrometheusMeterRegistry' (OnClassCondition)

   PulsarAutoConfiguration:
      Did not match:
         - @ConditionalOnClass did not find required class 'org.apache.pulsar.client.api.PulsarClient' (OnClassCondition)

   PulsarReactiveAutoConfiguration:
      Did not match:
         - @ConditionalOnClass did not find required class 'org.apache.pulsar.client.api.PulsarClient' (OnClassCondition)

   QuartzAutoConfiguration:
      Did not match:
         - @ConditionalOnClass did not find required class 'org.quartz.Scheduler' (OnClassCondition)

   QuartzEndpointAutoConfiguration:
      Did not match:
         - @ConditionalOnClass did not find required class 'org.quartz.Scheduler' (OnClassCondition)

   R2dbcAutoConfiguration:
      Did not match:
         - @ConditionalOnClass did not find required class 'io.r2dbc.spi.ConnectionFactory' (OnClassCondition)

   R2dbcDataAutoConfiguration:
      Did not match:
         - @ConditionalOnClass did not find required class 'org.springframework.data.r2dbc.core.R2dbcEntityTemplate' (OnClassCondition)

   R2dbcInitializationConfiguration:
      Did not match:
         - @ConditionalOnClass did not find required classes 'io.r2dbc.spi.ConnectionFactory', 'org.springframework.r2dbc.connection.init.DatabasePopulator' (OnClassCondition)

   R2dbcObservationAutoConfiguration:
      Did not match:
         - @ConditionalOnClass did not find required class 'io.r2dbc.proxy.ProxyConnectionFactory' (OnClassCondition)

   R2dbcRepositoriesAutoConfiguration:
      Did not match:
         - @ConditionalOnClass did not find required class 'io.r2dbc.spi.ConnectionFactory' (OnClassCondition)

   R2dbcTransactionManagerAutoConfiguration:
      Did not match:
         - @ConditionalOnClass did not find required class 'org.springframework.r2dbc.connection.R2dbcTransactionManager' (OnClassCondition)

   RSocketGraphQlClientAutoConfiguration:
      Did not match:
         - @ConditionalOnClass did not find required class 'graphql.GraphQL' (OnClassCondition)

   RSocketMessagingAutoConfiguration:
      Did not match:
         - @ConditionalOnClass did not find required class 'io.rsocket.RSocket' (OnClassCondition)

   RSocketRequesterAutoConfiguration:
      Did not match:
         - @ConditionalOnClass did not find required class 'io.rsocket.RSocket' (OnClassCondition)

   RSocketSecurityAutoConfiguration:
      Did not match:
         - @ConditionalOnClass did not find required class 'org.springframework.security.rsocket.core.SecuritySocketAcceptorInterceptor' (OnClassCondition)

   RSocketServerAutoConfiguration:
      Did not match:
         - @ConditionalOnClass did not find required class 'io.rsocket.core.RSocketServer' (OnClassCondition)

   RSocketStrategiesAutoConfiguration:
      Did not match:
         - @ConditionalOnClass did not find required class 'io.netty.buffer.PooledByteBufAllocator' (OnClassCondition)

   RabbitAutoConfiguration:
      Did not match:
         - @ConditionalOnClass did not find required class 'com.rabbitmq.client.Channel' (OnClassCondition)

   RabbitHealthContributorAutoConfiguration:
      Did not match:
         - @ConditionalOnClass did not find required class 'org.springframework.amqp.rabbit.core.RabbitTemplate' (OnClassCondition)

   RabbitMetricsAutoConfiguration:
      Did not match:
         - @ConditionalOnClass did not find required class 'com.rabbitmq.client.ConnectionFactory' (OnClassCondition)

   ReactiveCloudFoundryActuatorAutoConfiguration:
      Did not match:
         - @ConditionalOnWebApplication did not find reactive web application classes (OnWebApplicationCondition)

   ReactiveCommonsClientAutoConfiguration.ReactiveDiscoveryLoadBalancerConfiguration:
      Did not match:
         - @ConditionalOnClass did not find required class 'org.springframework.web.reactive.function.client.WebClient' (OnClassCondition)

   ReactiveCompositeDiscoveryClientAutoConfiguration:
      Did not match:
         - @ConditionalOnClass did not find required class 'org.springframework.web.reactive.function.client.WebClient' (OnClassCondition)

   ReactiveElasticsearchClientAutoConfiguration:
      Did not match:
         - @ConditionalOnClass did not find required class 'co.elastic.clients.transport.ElasticsearchTransport' (OnClassCondition)

   ReactiveElasticsearchRepositoriesAutoConfiguration:
      Did not match:
         - @ConditionalOnClass did not find required class 'org.springframework.data.elasticsearch.client.elc.ReactiveElasticsearchClient' (OnClassCondition)

   ReactiveManagementContextAutoConfiguration:
      Did not match:
         - @ConditionalOnWebApplication did not find reactive web application classes (OnWebApplicationCondition)

   ReactiveManagementWebSecurityAutoConfiguration:
      Did not match:
         - @ConditionalOnWebApplication did not find reactive web application classes (OnWebApplicationCondition)

   ReactiveMultipartAutoConfiguration:
      Did not match:
         - @ConditionalOnClass did not find required class 'org.springframework.web.reactive.config.WebFluxConfigurer' (OnClassCondition)

   ReactiveOAuth2ClientAutoConfiguration:
      Did not match:
         - @ConditionalOnClass did not find required class 'org.springframework.security.oauth2.client.registration.ClientRegistration' (OnClassCondition)

   ReactiveOAuth2ResourceServerAutoConfiguration:
      Did not match:
         - @ConditionalOnWebApplication did not find reactive web application classes (OnWebApplicationCondition)

   ReactiveSecurityAutoConfiguration:
      Did not match:
         - @ConditionalOnClass did not find required class 'org.springframework.web.reactive.config.WebFluxConfigurer' (OnClassCondition)

   ReactiveUserDetailsServiceAutoConfiguration:
      Did not match:
         - AnyNestedCondition 0 matched 3 did not; NestedCondition on ReactiveUserDetailsServiceAutoConfiguration.MissingAlternativeOrUserPropertiesConfigured.PasswordConfigured @ConditionalOnProperty (spring.security.user.password) did not find property 'password'; NestedCondition on ReactiveUserDetailsServiceAutoConfiguration.MissingAlternativeOrUserPropertiesConfigured.NameConfigured @ConditionalOnProperty (spring.security.user.name) did not find property 'name'; NestedCondition on ReactiveUserDetailsServiceAutoConfiguration.MissingAlternativeOrUserPropertiesConfigured.MissingAlternative @ConditionalOnMissingClass found unwanted class 'org.springframework.security.oauth2.server.resource.introspection.ReactiveOpaqueTokenIntrospector' (ReactiveUserDetailsServiceAutoConfiguration.MissingAlternativeOrUserPropertiesConfigured)
      Matched:
         - @ConditionalOnClass found required class 'org.springframework.security.authentication.ReactiveAuthenticationManager' (OnClassCondition)

   ReactiveWebServerFactoryAutoConfiguration:
      Did not match:
         - @ConditionalOnWebApplication did not find reactive web application classes (OnWebApplicationCondition)

   ReactorLoadBalancerClientAutoConfiguration:
      Did not match:
         - @ConditionalOnClass did not find required class 'org.springframework.web.reactive.function.client.WebClient' (OnClassCondition)

   RedisAutoConfiguration:
      Did not match:
         - @ConditionalOnClass did not find required class 'org.springframework.data.redis.core.RedisOperations' (OnClassCondition)

   RedisCacheConfiguration:
      Did not match:
         - @ConditionalOnClass did not find required class 'org.springframework.data.redis.connection.RedisConnectionFactory' (OnClassCondition)

   RedisHealthContributorAutoConfiguration:
      Did not match:
         - @ConditionalOnClass did not find required class 'org.springframework.data.redis.connection.RedisConnectionFactory' (OnClassCondition)

   RedisReactiveAutoConfiguration:
      Did not match:
         - @ConditionalOnClass did not find required class 'org.springframework.data.redis.connection.ReactiveRedisConnectionFactory' (OnClassCondition)

   RedisReactiveHealthContributorAutoConfiguration:
      Did not match:
         - @ConditionalOnClass did not find required class 'org.springframework.data.redis.connection.ReactiveRedisConnectionFactory' (OnClassCondition)

   RedisRepositoriesAutoConfiguration:
      Did not match:
         - @ConditionalOnClass did not find required class 'org.springframework.data.redis.repository.configuration.EnableRedisRepositories' (OnClassCondition)

   RefreshAutoConfiguration#legacyContextRefresher:
      Did not match:
         - AnyNestedCondition 0 matched 3 did not; NestedCondition on ConditionalOnBootstrapEnabled.OnBootstrapEnabledCondition.OnBootstrapEnabled @ConditionalOnProperty (spring.cloud.bootstrap.enabled) did not find property 'spring.cloud.bootstrap.enabled'; NestedCondition on ConditionalOnBootstrapEnabled.OnBootstrapEnabledCondition.OnUseLegacyProcessingEnabled @ConditionalOnProperty (spring.config.use-legacy-processing) did not find property 'spring.config.use-legacy-processing'; NestedCondition on ConditionalOnBootstrapEnabled.OnBootstrapEnabledCondition.OnBootstrapMarkerClassPresent @ConditionalOnClass did not find required class 'org.springframework.cloud.bootstrap.marker.Marker' (ConditionalOnBootstrapEnabled.OnBootstrapEnabledCondition)

   RefreshAutoConfiguration.JpaInvokerConfiguration:
      Did not match:
         - @ConditionalOnClass did not find required class 'javax.persistence.EntityManagerFactory' (OnClassCondition)

   RefreshEndpointAutoConfiguration.RefreshEndpointConfiguration#refreshEndpoint:
      Did not match:
         - @ConditionalOnAvailableEndpoint no 'management.endpoints' property marked it as exposed (OnAvailableEndpointCondition)
      Matched:
         - @ConditionalOnBean (types: org.springframework.cloud.context.refresh.ContextRefresher; SearchStrategy: all) found bean 'configDataContextRefresher'; @ConditionalOnMissingBean (types: org.springframework.cloud.endpoint.RefreshEndpoint; SearchStrategy: all) did not find any beans (OnBeanCondition)

   RepositoryRestMvcAutoConfiguration:
      Did not match:
         - @ConditionalOnClass did not find required class 'org.springframework.data.rest.webmvc.config.RepositoryRestMvcConfiguration' (OnClassCondition)

   RestartEndpointWithIntegrationConfiguration:
      Did not match:
         - @ConditionalOnClass did not find required class 'org.springframework.integration.monitor.IntegrationMBeanExporter' (OnClassCondition)

   RestartEndpointWithoutIntegrationConfiguration#restartEndpointWithoutIntegration:
      Did not match:
         - @ConditionalOnAvailableEndpoint no property management.endpoint.restart.enabled found so using endpoint default of false (OnAvailableEndpointCondition)

   Saml2RelyingPartyAutoConfiguration:
      Did not match:
         - @ConditionalOnClass did not find required class 'org.springframework.security.saml2.provider.service.registration.RelyingPartyRegistrationRepository' (OnClassCondition)

   SbomEndpointAutoConfiguration:
      Did not match:
         - @ConditionalOnAvailableEndpoint no 'management.endpoints' property marked it as exposed (OnAvailableEndpointCondition)

   ScheduledTasksEndpointAutoConfiguration:
      Did not match:
         - @ConditionalOnAvailableEndpoint no 'management.endpoints' property marked it as exposed (OnAvailableEndpointCondition)

   SecurityDataConfiguration:
      Did not match:
         - @ConditionalOnClass did not find required class 'org.springframework.security.data.repository.query.SecurityEvaluationContextExtension' (OnClassCondition)

   SecurityRequestMatchersManagementContextConfiguration.JerseyRequestMatcherConfiguration:
      Did not match:
         - @ConditionalOnClass did not find required class 'org.glassfish.jersey.server.ResourceConfig' (OnClassCondition)

   SendGridAutoConfiguration:
      Did not match:
         - @ConditionalOnClass did not find required class 'com.sendgrid.SendGrid' (OnClassCondition)

   ServiceRegistryAutoConfiguration.ServiceRegistryEndpointConfiguration#serviceRegistryEndpoint:
      Did not match:
         - @ConditionalOnAvailableEndpoint no 'management.endpoints' property marked it as exposed (OnAvailableEndpointCondition)

   ServletEndpointManagementContextConfiguration.JerseyServletEndpointManagementContextConfiguration:
      Did not match:
         - @ConditionalOnClass did not find required class 'org.glassfish.jersey.server.ResourceConfig' (OnClassCondition)

   ServletManagementContextAutoConfiguration.ApplicationContextFilterConfiguration:
      Did not match:
         - @ConditionalOnProperty (management.server.add-application-context-header=true) did not find property 'add-application-context-header' (OnPropertyCondition)

   ServletWebServerFactoryAutoConfiguration.ForwardedHeaderFilterConfiguration:
      Did not match:
         - @ConditionalOnProperty (server.forward-headers-strategy=framework) did not find property 'server.forward-headers-strategy' (OnPropertyCondition)

   ServletWebServerFactoryConfiguration.EmbeddedJetty:
      Did not match:
         - @ConditionalOnClass did not find required classes 'org.eclipse.jetty.server.Server', 'org.eclipse.jetty.util.Loader', 'org.eclipse.jetty.ee10.webapp.WebAppContext' (OnClassCondition)

   ServletWebServerFactoryConfiguration.EmbeddedUndertow:
      Did not match:
         - @ConditionalOnClass did not find required classes 'io.undertow.Undertow', 'org.xnio.SslClientAuthMode' (OnClassCondition)

   SessionAutoConfiguration:
      Did not match:
         - @ConditionalOnClass did not find required class 'org.springframework.session.Session' (OnClassCondition)

   SessionsEndpointAutoConfiguration:
      Did not match:
         - @ConditionalOnClass did not find required class 'org.springframework.session.Session' (OnClassCondition)

   ShutdownEndpointAutoConfiguration:
      Did not match:
         - @ConditionalOnAvailableEndpoint no property management.endpoint.shutdown.enabled found so using endpoint default of false (OnAvailableEndpointCondition)

   SignalFxMetricsExportAutoConfiguration:
      Did not match:
         - @ConditionalOnClass did not find required class 'io.micrometer.signalfx.SignalFxMeterRegistry' (OnClassCondition)

   SimpleReactiveDiscoveryClientAutoConfiguration:
      Did not match:
         - @ConditionalOnClass did not find required class 'org.springframework.web.reactive.function.client.WebClient' (OnClassCondition)

   SpringApplicationAdminJmxAutoConfiguration:
      Did not match:
         - @ConditionalOnProperty (spring.application.admin.enabled=true) did not find property 'enabled' (OnPropertyCondition)

   SpringBootWebSecurityConfiguration.SecurityFilterChainConfiguration:
      Did not match:
         - AllNestedConditions 1 matched 1 did not; NestedCondition on DefaultWebSecurityCondition.Beans @ConditionalOnMissingBean (types: org.springframework.security.web.SecurityFilterChain; SearchStrategy: all) found beans of type 'org.springframework.security.web.SecurityFilterChain' securityFilterChain; NestedCondition on DefaultWebSecurityCondition.Classes @ConditionalOnClass found required classes 'org.springframework.security.web.SecurityFilterChain', 'org.springframework.security.config.annotation.web.builders.HttpSecurity' (DefaultWebSecurityCondition)

   SpringDocConfiguration#propertiesResolverForSchema:
      Did not match:
         - @ConditionalOnProperty (springdoc.api-docs.resolve-schema-properties) did not find property 'springdoc.api-docs.resolve-schema-properties' (OnPropertyCondition)

   SpringDocConfiguration#propertyCustomizingConverter:
      Did not match:
         - @ConditionalOnBean (types: org.springdoc.core.customizers.PropertyCustomizer; SearchStrategy: all) did not find any beans of type org.springdoc.core.customizers.PropertyCustomizer (OnBeanCondition)

   SpringDocConfiguration#springdocBeanFactoryPostProcessor:
      Did not match:
         - AnyNestedCondition 0 matched 2 did not; NestedCondition on CacheOrGroupedOpenApiCondition.OnCacheDisabled found non-matching nested conditions @ConditionalOnProperty (springdoc.cache.disabled) did not find property 'springdoc.cache.disabled'; NestedCondition on CacheOrGroupedOpenApiCondition.OnMultipleOpenApiSupportCondition AnyNestedCondition 0 matched 2 did not; NestedCondition on MultipleOpenApiSupportCondition.OnActuatorDifferentPort found non-matching nested conditions Management Port actual port type (SAME) did not match required type (DIFFERENT), @ConditionalOnProperty (springdoc.show-actuator) did not find property 'springdoc.show-actuator'; NestedCondition on MultipleOpenApiSupportCondition.OnMultipleOpenApiSupportCondition AnyNestedCondition 0 matched 2 did not; NestedCondition on MultipleOpenApiGroupsCondition.OnGroupConfigProperty @ConditionalOnProperty (springdoc.group-configs[0].group) did not find property 'springdoc.group-configs[0].group'; NestedCondition on MultipleOpenApiGroupsCondition.OnGroupedOpenApiBean @ConditionalOnBean (types: org.springdoc.core.models.GroupedOpenApi; SearchStrategy: all) did not find any beans of type org.springdoc.core.models.GroupedOpenApi (CacheOrGroupedOpenApiCondition)
      Matched:
         - @ConditionalOnClass found required class 'org.springframework.boot.context.properties.bind.BindResult' (OnClassCondition)

   SpringDocConfiguration#springdocBeanFactoryPostProcessor2:
      Did not match:
         - @ConditionalOnMissingClass found unwanted class 'org.springframework.boot.context.properties.bind.BindResult' (OnClassCondition)

   SpringDocConfiguration.SpringDocActuatorConfiguration:
      Did not match:
         - @ConditionalOnProperty (springdoc.show-actuator) did not find property 'springdoc.show-actuator' (OnPropertyCondition)
      Matched:
         - @ConditionalOnClass found required class 'org.springframework.boot.actuate.autoconfigure.endpoint.web.WebEndpointProperties' (OnClassCondition)

   SpringDocConfiguration.SpringDocRepositoryRestConfiguration:
      Did not match:
         - @ConditionalOnClass did not find required class 'org.springframework.data.rest.core.config.RepositoryRestConfiguration' (OnClassCondition)

   SpringDocDataRestConfiguration:
      Did not match:
         - @ConditionalOnClass did not find required class 'org.springframework.data.rest.core.config.RepositoryRestConfiguration' (OnClassCondition)

   SpringDocFunctionCatalogConfiguration:
      Did not match:
         - @ConditionalOnClass did not find required class 'org.springframework.cloud.function.web.function.FunctionEndpointInitializer' (OnClassCondition)

   SpringDocGroovyConfiguration:
      Did not match:
         - @ConditionalOnClass did not find required class 'groovy.lang.MetaClass' (OnClassCondition)

   SpringDocHateoasConfiguration:
      Did not match:
         - @ConditionalOnClass did not find required class 'org.springframework.hateoas.server.LinkRelationProvider' (OnClassCondition)

   SpringDocJacksonKotlinModuleConfiguration:
      Did not match:
         - @ConditionalOnClass did not find required class 'com.fasterxml.jackson.module.kotlin.KotlinModule' (OnClassCondition)

   SpringDocJavadocConfiguration:
      Did not match:
         - @ConditionalOnClass did not find required class 'com.github.therapi.runtimejavadoc.CommentFormatter' (OnClassCondition)

   SpringDocKotlinConfiguration:
      Did not match:
         - @ConditionalOnClass did not find required class 'kotlin.coroutines.Continuation' (OnClassCondition)

   SpringDocKotlinxConfiguration:
      Did not match:
         - @ConditionalOnClass did not find required class 'kotlinx.coroutines.flow.Flow' (OnClassCondition)

   SpringDocSecurityConfiguration.SpringDocSecurityOAuth2Configuration:
      Did not match:
         - @ConditionalOnClass did not find required class 'org.springframework.security.oauth2.server.authorization.OAuth2AuthorizationService' (OnClassCondition)

   SpringDocSecurityConfiguration.SpringSecurityLoginEndpointConfiguration#springSecurityLoginEndpointCustomiser:
      Did not match:
         - @ConditionalOnProperty (springdoc.show-login-endpoint) did not find property 'springdoc.show-login-endpoint' (OnPropertyCondition)

   SpringDocSortConfiguration#delegatingMethodParameterCustomizer:
      Did not match:
         - @ConditionalOnMissingBean (types: org.springdoc.core.customizers.DelegatingMethodParameterCustomizer; SearchStrategy: all) found beans of type 'org.springdoc.core.customizers.DelegatingMethodParameterCustomizer' delegatingMethodParameterCustomizer (OnBeanCondition)

   SpringDocWebMvcConfiguration.SpringDocWebMvcActuatorConfiguration#actuatorProvider:
      Did not match:
         - @ConditionalOnExpression (#{${springdoc.show-actuator:false} or ${springdoc.use-management-port:false}}) resulted in false (OnExpressionCondition)

   SpringDocWebMvcConfiguration.SpringDocWebMvcActuatorConfiguration#openApiActuatorResource:
      Did not match:
         - @ConditionalOnExpression (#{${springdoc.use-management-port:false} and ${springdoc.enable-default-api-docs:true}}) resulted in false (OnExpressionCondition)

   StackdriverMetricsExportAutoConfiguration:
      Did not match:
         - @ConditionalOnClass did not find required class 'io.micrometer.stackdriver.StackdriverMeterRegistry' (OnClassCondition)

   StartupEndpointAutoConfiguration:
      Did not match:
         - ApplicationStartup configured applicationStartup is of type class org.springframework.core.metrics.DefaultApplicationStartup, expected BufferingApplicationStartup. (StartupEndpointAutoConfiguration.ApplicationStartupCondition)

   StatsdMetricsExportAutoConfiguration:
      Did not match:
         - @ConditionalOnClass did not find required class 'io.micrometer.statsd.StatsdMeterRegistry' (OnClassCondition)

   SwaggerConfig#springWebProvider:
      Did not match:
         - @ConditionalOnMissingBean (types: org.springdoc.core.providers.SpringWebProvider; SearchStrategy: all) found beans of type 'org.springdoc.core.providers.SpringWebProvider' springWebProvider (OnBeanCondition)

   SwaggerConfig#swaggerUiConfigParameters:
      Did not match:
         - @ConditionalOnMissingBean (types: org.springdoc.core.properties.SwaggerUiConfigParameters; SearchStrategy: all) found beans of type 'org.springdoc.core.properties.SwaggerUiConfigParameters' org.springdoc.core.properties.SwaggerUiConfigParameters (OnBeanCondition)

   SwaggerConfig#swaggerUiHome:
      Did not match:
         - @ConditionalOnProperty (springdoc.swagger-ui.use-root-path=true) did not find property 'springdoc.swagger-ui.use-root-path' (OnPropertyCondition)

   SwaggerConfig.SwaggerActuatorWelcomeConfiguration:
      Did not match:
         - @ConditionalOnProperty (springdoc.use-management-port) did not find property 'springdoc.use-management-port' (OnPropertyCondition)
      Matched:
         - @ConditionalOnClass found required class 'org.springframework.boot.actuate.endpoint.web.servlet.WebMvcEndpointHandlerMapping' (OnClassCondition)

   TaskExecutorConfigurations.SimpleAsyncTaskExecutorBuilderConfiguration#simpleAsyncTaskExecutorBuilderVirtualThreads:
      Did not match:
         - @ConditionalOnMissingBean (types: org.springframework.boot.task.SimpleAsyncTaskExecutorBuilder; SearchStrategy: all) found beans of type 'org.springframework.boot.task.SimpleAsyncTaskExecutorBuilder' simpleAsyncTaskExecutorBuilder (OnBeanCondition)

   TaskExecutorConfigurations.TaskExecutorConfiguration#applicationTaskExecutorVirtualThreads:
      Did not match:
         - @ConditionalOnThreading did not find VIRTUAL (OnThreadingCondition)

   TaskSchedulingConfigurations.SimpleAsyncTaskSchedulerBuilderConfiguration#simpleAsyncTaskSchedulerBuilderVirtualThreads:
      Did not match:
         - @ConditionalOnMissingBean (types: org.springframework.boot.task.SimpleAsyncTaskSchedulerBuilder; SearchStrategy: all) found beans of type 'org.springframework.boot.task.SimpleAsyncTaskSchedulerBuilder' simpleAsyncTaskSchedulerBuilder (OnBeanCondition)

   TaskSchedulingConfigurations.TaskSchedulerConfiguration#taskSchedulerVirtualThreads:
      Did not match:
         - @ConditionalOnThreading did not find VIRTUAL (OnThreadingCondition)

   ThreadDumpEndpointAutoConfiguration:
      Did not match:
         - @ConditionalOnAvailableEndpoint no 'management.endpoints' property marked it as exposed (OnAvailableEndpointCondition)

   ThymeleafAutoConfiguration:
      Did not match:
         - @ConditionalOnClass did not find required class 'org.thymeleaf.spring6.SpringTemplateEngine' (OnClassCondition)

   TransactionAutoConfiguration#transactionalOperator:
      Did not match:
         - @ConditionalOnSingleCandidate (types: org.springframework.transaction.ReactiveTransactionManager; SearchStrategy: all) did not find any beans (OnBeanCondition)

   TransactionAutoConfiguration.AspectJTransactionManagementConfiguration:
      Did not match:
         - @ConditionalOnBean (types: org.springframework.transaction.aspectj.AbstractTransactionAspect; SearchStrategy: all) did not find any beans of type org.springframework.transaction.aspectj.AbstractTransactionAspect (OnBeanCondition)

   TransactionAutoConfiguration.EnableTransactionManagementConfiguration.JdkDynamicAutoProxyConfiguration:
      Did not match:
         - @ConditionalOnProperty (spring.aop.proxy-target-class=false) did not find property 'proxy-target-class' (OnPropertyCondition)

   UserDetailsServiceAutoConfiguration:
      Did not match:
         - AnyNestedCondition 0 matched 3 did not; NestedCondition on UserDetailsServiceAutoConfiguration.MissingAlternativeOrUserPropertiesConfigured.PasswordConfigured @ConditionalOnProperty (spring.security.user.password) did not find property 'password'; NestedCondition on UserDetailsServiceAutoConfiguration.MissingAlternativeOrUserPropertiesConfigured.NameConfigured @ConditionalOnProperty (spring.security.user.name) did not find property 'name'; NestedCondition on UserDetailsServiceAutoConfiguration.MissingAlternativeOrUserPropertiesConfigured.MissingAlternative @ConditionalOnMissingClass found unwanted class 'org.springframework.security.oauth2.server.resource.introspection.OpaqueTokenIntrospector' (UserDetailsServiceAutoConfiguration.MissingAlternativeOrUserPropertiesConfigured)
      Matched:
         - @ConditionalOnClass found required class 'org.springframework.security.authentication.AuthenticationManager' (OnClassCondition)

   WavefrontAutoConfiguration:
      Did not match:
         - @ConditionalOnClass did not find required class 'com.wavefront.sdk.common.application.ApplicationTags' (OnClassCondition)

   WavefrontMetricsExportAutoConfiguration:
      Did not match:
         - @ConditionalOnClass did not find required class 'com.wavefront.sdk.common.WavefrontSender' (OnClassCondition)

   WavefrontTracingAutoConfiguration:
      Did not match:
         - @ConditionalOnClass did not find required class 'com.wavefront.sdk.common.WavefrontSender' (OnClassCondition)

   WebClientAutoConfiguration:
      Did not match:
         - @ConditionalOnClass did not find required class 'org.springframework.web.reactive.function.client.WebClient' (OnClassCondition)

   WebClientObservationConfiguration:
      Did not match:
         - @ConditionalOnClass did not find required class 'org.springframework.web.reactive.function.client.WebClient' (OnClassCondition)

   WebFluxAutoConfiguration:
      Did not match:
         - @ConditionalOnClass did not find required class 'org.springframework.web.reactive.config.WebFluxConfigurer' (OnClassCondition)

   WebFluxEndpointManagementContextConfiguration:
      Did not match:
         - @ConditionalOnClass did not find required class 'org.springframework.web.reactive.DispatcherHandler' (OnClassCondition)

   WebFluxObservationAutoConfiguration:
      Did not match:
         - @ConditionalOnWebApplication did not find reactive web application classes (OnWebApplicationCondition)

   WebMvcAutoConfiguration#hiddenHttpMethodFilter:
      Did not match:
         - @ConditionalOnProperty (spring.mvc.hiddenmethod.filter.enabled) did not find property 'enabled' (OnPropertyCondition)

   WebMvcAutoConfiguration.ProblemDetailsErrorHandlingConfiguration:
      Did not match:
         - @ConditionalOnProperty (spring.mvc.problemdetails.enabled=true) did not find property 'enabled' (OnPropertyCondition)

   WebMvcAutoConfiguration.ResourceChainCustomizerConfiguration:
      Did not match:
         - @ConditionalOnEnabledResourceChain did not find class org.webjars.WebJarAssetLocator (OnEnabledResourceChainCondition)

   WebMvcAutoConfiguration.WebMvcAutoConfigurationAdapter#beanNameViewResolver:
      Did not match:
         - @ConditionalOnMissingBean (types: org.springframework.web.servlet.view.BeanNameViewResolver; SearchStrategy: all) found beans of type 'org.springframework.web.servlet.view.BeanNameViewResolver' beanNameViewResolver (OnBeanCondition)

   WebMvcEndpointManagementContextConfiguration#managementHealthEndpointWebMvcHandlerMapping:
      Did not match:
         - Management Port actual port type (SAME) did not match required type (DIFFERENT) (OnManagementPortCondition)

   WebServiceTemplateAutoConfiguration:
      Did not match:
         - @ConditionalOnClass did not find required class 'org.springframework.oxm.Marshaller' (OnClassCondition)

   WebServicesAutoConfiguration:
      Did not match:
         - @ConditionalOnClass did not find required class 'org.springframework.ws.transport.http.MessageDispatcherServlet' (OnClassCondition)

   WebSessionIdResolverAutoConfiguration:
      Did not match:
         - @ConditionalOnWebApplication did not find reactive web application classes (OnWebApplicationCondition)

   WebSocketMessagingAutoConfiguration:
      Did not match:
         - @ConditionalOnClass did not find required class 'org.springframework.web.socket.config.annotation.WebSocketMessageBrokerConfigurer' (OnClassCondition)

   WebSocketReactiveAutoConfiguration:
      Did not match:
         - @ConditionalOnWebApplication did not find reactive web application classes (OnWebApplicationCondition)

   WebSocketServletAutoConfiguration.JettyWebSocketConfiguration:
      Did not match:
         - @ConditionalOnClass did not find required class 'org.eclipse.jetty.ee10.websocket.jakarta.server.config.JakartaWebSocketServletContainerInitializer' (OnClassCondition)

   WebSocketServletAutoConfiguration.UndertowWebSocketConfiguration:
      Did not match:
         - @ConditionalOnClass did not find required class 'io.undertow.websockets.jsr.Bootstrap' (OnClassCondition)

   WritableEnvironmentEndpointAutoConfiguration:
      Did not match:
         - @ConditionalOnProperty (management.endpoint.env.post.enabled) did not find property 'management.endpoint.env.post.enabled' (OnPropertyCondition)
      Matched:
         - @ConditionalOnClass found required classes 'org.springframework.boot.actuate.env.EnvironmentEndpoint', 'org.springframework.boot.actuate.autoconfigure.env.EnvironmentEndpointProperties' (OnClassCondition)

   XADataSourceAutoConfiguration:
      Did not match:
         - @ConditionalOnBean (types: org.springframework.boot.jdbc.XADataSourceWrapper; SearchStrategy: all) did not find any beans of type org.springframework.boot.jdbc.XADataSourceWrapper (OnBeanCondition)
      Matched:
         - @ConditionalOnClass found required classes 'javax.sql.DataSource', 'jakarta.transaction.TransactionManager', 'org.springframework.jdbc.datasource.embedded.EmbeddedDatabaseType' (OnClassCondition)

   ZipkinAutoConfiguration:
      Did not match:
         - @ConditionalOnClass did not find required class 'zipkin2.reporter.Encoding' (OnClassCondition)


Exclusions:
-----------

    None


Unconditional classes:
----------------------

    org.springframework.cloud.client.ReactiveCommonsClientAutoConfiguration

    org.springframework.boot.actuate.autoconfigure.info.InfoContributorAutoConfiguration

    org.springframework.cloud.client.discovery.simple.SimpleDiscoveryClientAutoConfiguration

    org.springframework.boot.autoconfigure.context.PropertyPlaceholderAutoConfiguration

    org.springframework.boot.autoconfigure.context.LifecycleAutoConfiguration

    org.springframework.boot.actuate.autoconfigure.metrics.integration.IntegrationMetricsAutoConfiguration

    org.springframework.boot.actuate.autoconfigure.health.HealthContributorAutoConfiguration

    org.springframework.cloud.client.serviceregistry.ServiceRegistryAutoConfiguration

    org.springframework.cloud.autoconfigure.LifecycleMvcEndpointAutoConfiguration

    org.springframework.boot.autoconfigure.context.ConfigurationPropertiesAutoConfiguration

    org.springframework.boot.actuate.autoconfigure.availability.AvailabilityHealthContributorAutoConfiguration

    org.springframework.boot.autoconfigure.ssl.SslAutoConfiguration

    org.springframework.cloud.client.CommonsClientAutoConfiguration

    org.springframework.boot.actuate.autoconfigure.endpoint.EndpointAutoConfiguration

    org.springframework.cloud.commons.config.CommonsConfigAutoConfiguration

    org.springframework.cloud.netflix.eureka.config.DiscoveryClientOptionalArgsConfiguration

    org.springframework.boot.actuate.autoconfigure.web.server.ManagementContextAutoConfiguration

    org.springframework.cloud.client.loadbalancer.LoadBalancerDefaultMappingsProviderAutoConfiguration

    org.springframework.cloud.config.client.ConfigClientAutoConfiguration

    org.springframework.cloud.client.discovery.composite.CompositeDiscoveryClientAutoConfiguration

    org.springframework.boot.actuate.autoconfigure.endpoint.jackson.JacksonEndpointAutoConfiguration

    org.springdoc.core.configuration.SpringDocSpecPropertiesConfiguration

    org.springframework.boot.autoconfigure.availability.ApplicationAvailabilityAutoConfiguration

    org.springframework.boot.autoconfigure.info.ProjectInfoAutoConfiguration



2026-04-28T14:01:44.447+01:00  INFO 18332 --- [projet-service] [           main] c.m.p.ProjetServiceApplication           : Started ProjetServiceApplication in 5.776 seconds (process running for 6.002)
2026-04-28T14:01:44.469+01:00 DEBUG 18332 --- [projet-service] [           main] o.s.b.a.ApplicationAvailabilityBean      : Application availability state LivenessState changed to CORRECT
2026-04-28T14:01:44.518+01:00 DEBUG 18332 --- [projet-service] [           main] org.hibernate.SQL                        : 
    select
        p1_0.id,
        p1_0.actual_end_date,
        p1_0.ai_recommendation,
        p1_0.budget_id,
        p1_0.created_by,
        p1_0.customer_id,
        p1_0.description,
        p1_0.end_date,
        p1_0.name,
        p1_0.objectives,
        p1_0.progress,
        p1_0.project_manager_id,
        p1_0.start_date,
        p1_0.status,
        p1_0.updated_at,
        p1_0.visibility 
    from
        projects p1_0
Hibernate: 
    select
        p1_0.id,
        p1_0.actual_end_date,
        p1_0.ai_recommendation,
        p1_0.budget_id,
        p1_0.created_by,
        p1_0.customer_id,
        p1_0.description,
        p1_0.end_date,
        p1_0.name,
        p1_0.objectives,
        p1_0.progress,
        p1_0.project_manager_id,
        p1_0.start_date,
        p1_0.status,
        p1_0.updated_at,
        p1_0.visibility 
    from
        projects p1_0
2026-04-28T14:01:44.534+01:00  INFO 18332 --- [projet-service] [           main] c.m.p.service.impl.ProjectServiceImpl    : Resyncing 2 existing projects to finance-service
2026-04-28T14:01:44.632+01:00  INFO 18332 --- [projet-service] [           main] c.m.p.service.impl.ProjectServiceImpl    : Project 1 synced to finance-service
2026-04-28T14:01:44.648+01:00  INFO 18332 --- [projet-service] [           main] c.m.p.service.impl.ProjectServiceImpl    : Project 2 synced to finance-service
2026-04-28T14:01:44.656+01:00 DEBUG 18332 --- [projet-service] [           main] o.s.b.a.ApplicationAvailabilityBean      : Application availability state ReadinessState changed to ACCEPTING_TRAFFIC
2026-04-28T14:02:14.354+01:00 DEBUG 18332 --- [projet-service] [reshExecutor-%d] o.s.web.client.RestTemplate              : HTTP GET http://localhost:8761/eureka/apps/delta
2026-04-28T14:02:14.354+01:00 DEBUG 18332 --- [projet-service] [beatExecutor-%d] o.s.web.client.RestTemplate              : HTTP PUT http://localhost:8761/eureka/apps/PROJET-SERVICE/projet-service:fd9e5cf7dbe01c318970a4bcec8c970f?status=UP&lastDirtyTimestamp=1777381304357
2026-04-28T14:02:14.359+01:00 DEBUG 18332 --- [projet-service] [reshExecutor-%d] o.s.web.client.RestTemplate              : Accept=[application/json, application/*+json]
2026-04-28T14:02:14.365+01:00 DEBUG 18332 --- [projet-service] [beatExecutor-%d] o.s.web.client.RestTemplate              : Accept=[application/json, application/*+json]
2026-04-28T14:02:14.371+01:00 DEBUG 18332 --- [projet-service] [reshExecutor-%d] o.s.web.client.RestTemplate              : Response 200 OK
2026-04-28T14:02:14.371+01:00 DEBUG 18332 --- [projet-service] [beatExecutor-%d] o.s.web.client.RestTemplate              : Response 200 OK
2026-04-28T14:02:14.371+01:00 DEBUG 18332 --- [projet-service] [reshExecutor-%d] o.s.web.client.RestTemplate              : Reading to [org.springframework.cloud.netflix.eureka.http.EurekaApplications]
2026-04-28T14:02:44.374+01:00 DEBUG 18332 --- [projet-service] [beatExecutor-%d] o.s.web.client.RestTemplate              : HTTP PUT http://localhost:8761/eureka/apps/PROJET-SERVICE/projet-service:fd9e5cf7dbe01c318970a4bcec8c970f?status=UP&lastDirtyTimestamp=1777381304357
2026-04-28T14:02:44.380+01:00 DEBUG 18332 --- [projet-service] [beatExecutor-%d] o.s.web.client.RestTemplate              : Accept=[application/json, application/*+json]
2026-04-28T14:02:44.389+01:00 DEBUG 18332 --- [projet-service] [reshExecutor-%d] o.s.web.client.RestTemplate              : HTTP GET http://localhost:8761/eureka/apps/delta
2026-04-28T14:02:44.391+01:00 DEBUG 18332 --- [projet-service] [reshExecutor-%d] o.s.web.client.RestTemplate              : Accept=[application/json, application/*+json]
2026-04-28T14:02:44.394+01:00 DEBUG 18332 --- [projet-service] [beatExecutor-%d] o.s.web.client.RestTemplate              : Response 200 OK
2026-04-28T14:02:44.410+01:00 DEBUG 18332 --- [projet-service] [reshExecutor-%d] o.s.web.client.RestTemplate              : Response 200 OK
2026-04-28T14:02:44.411+01:00 DEBUG 18332 --- [projet-service] [reshExecutor-%d] o.s.web.client.RestTemplate              : Reading to [org.springframework.cloud.netflix.eureka.http.EurekaApplications]
2026-04-28T14:03:14.400+01:00 DEBUG 18332 --- [projet-service] [beatExecutor-%d] o.s.web.client.RestTemplate              : HTTP PUT http://localhost:8761/eureka/apps/PROJET-SERVICE/projet-service:fd9e5cf7dbe01c318970a4bcec8c970f?status=UP&lastDirtyTimestamp=1777381304357
2026-04-28T14:03:14.404+01:00 DEBUG 18332 --- [projet-service] [beatExecutor-%d] o.s.web.client.RestTemplate              : Accept=[application/json, application/*+json]
2026-04-28T14:03:14.421+01:00 DEBUG 18332 --- [projet-service] [beatExecutor-%d] o.s.web.client.RestTemplate              : Response 200 OK
2026-04-28T14:03:14.422+01:00 DEBUG 18332 --- [projet-service] [reshExecutor-%d] o.s.web.client.RestTemplate              : HTTP GET http://localhost:8761/eureka/apps/delta
2026-04-28T14:03:14.423+01:00 DEBUG 18332 --- [projet-service] [reshExecutor-%d] o.s.web.client.RestTemplate              : Accept=[application/json, application/*+json]
2026-04-28T14:03:14.431+01:00 DEBUG 18332 --- [projet-service] [reshExecutor-%d] o.s.web.client.RestTemplate              : Response 200 OK
2026-04-28T14:03:14.433+01:00 DEBUG 18332 --- [projet-service] [reshExecutor-%d] o.s.web.client.RestTemplate              : Reading to [org.springframework.cloud.netflix.eureka.http.EurekaApplications]
2026-04-28T14:03:44.437+01:00 DEBUG 18332 --- [projet-service] [beatExecutor-%d] o.s.web.client.RestTemplate              : HTTP PUT http://localhost:8761/eureka/apps/PROJET-SERVICE/projet-service:fd9e5cf7dbe01c318970a4bcec8c970f?status=UP&lastDirtyTimestamp=1777381304357
2026-04-28T14:03:44.442+01:00 DEBUG 18332 --- [projet-service] [beatExecutor-%d] o.s.web.client.RestTemplate              : Accept=[application/json, application/*+json]
2026-04-28T14:03:44.450+01:00 DEBUG 18332 --- [projet-service] [reshExecutor-%d] o.s.web.client.RestTemplate              : HTTP GET http://localhost:8761/eureka/apps/delta
2026-04-28T14:03:44.452+01:00 DEBUG 18332 --- [projet-service] [reshExecutor-%d] o.s.web.client.RestTemplate              : Accept=[application/json, application/*+json]
2026-04-28T14:03:44.455+01:00 DEBUG 18332 --- [projet-service] [beatExecutor-%d] o.s.web.client.RestTemplate              : Response 200 OK
2026-04-28T14:03:44.470+01:00 DEBUG 18332 --- [projet-service] [reshExecutor-%d] o.s.web.client.RestTemplate              : Response 200 OK
2026-04-28T14:03:44.471+01:00 DEBUG 18332 --- [projet-service] [reshExecutor-%d] o.s.web.client.RestTemplate              : Reading to [org.springframework.cloud.netflix.eureka.http.EurekaApplications]
2026-04-28T14:04:14.469+01:00 DEBUG 18332 --- [projet-service] [beatExecutor-%d] o.s.web.client.RestTemplate              : HTTP PUT http://localhost:8761/eureka/apps/PROJET-SERVICE/projet-service:fd9e5cf7dbe01c318970a4bcec8c970f?status=UP&lastDirtyTimestamp=1777381304357
2026-04-28T14:04:14.474+01:00 DEBUG 18332 --- [projet-service] [beatExecutor-%d] o.s.web.client.RestTemplate              : Accept=[application/json, application/*+json]
2026-04-28T14:04:14.484+01:00 DEBUG 18332 --- [projet-service] [reshExecutor-%d] o.s.web.client.RestTemplate              : HTTP GET http://localhost:8761/eureka/apps/delta
2026-04-28T14:04:14.487+01:00 DEBUG 18332 --- [projet-service] [reshExecutor-%d] o.s.web.client.RestTemplate              : Accept=[application/json, application/*+json]
2026-04-28T14:04:14.491+01:00 DEBUG 18332 --- [projet-service] [beatExecutor-%d] o.s.web.client.RestTemplate              : Response 200 OK
2026-04-28T14:04:14.503+01:00 DEBUG 18332 --- [projet-service] [reshExecutor-%d] o.s.web.client.RestTemplate              : Response 200 OK
2026-04-28T14:04:14.504+01:00 DEBUG 18332 --- [projet-service] [reshExecutor-%d] o.s.web.client.RestTemplate              : Reading to [org.springframework.cloud.netflix.eureka.http.EurekaApplications]
2026-04-28T14:04:44.500+01:00 DEBUG 18332 --- [projet-service] [beatExecutor-%d] o.s.web.client.RestTemplate              : HTTP PUT http://localhost:8761/eureka/apps/PROJET-SERVICE/projet-service:fd9e5cf7dbe01c318970a4bcec8c970f?status=UP&lastDirtyTimestamp=1777381304357
2026-04-28T14:04:44.505+01:00 DEBUG 18332 --- [projet-service] [beatExecutor-%d] o.s.web.client.RestTemplate              : Accept=[application/json, application/*+json]
2026-04-28T14:04:44.516+01:00 DEBUG 18332 --- [projet-service] [reshExecutor-%d] o.s.web.client.RestTemplate              : HTTP GET http://localhost:8761/eureka/apps/delta
2026-04-28T14:04:44.519+01:00 DEBUG 18332 --- [projet-service] [reshExecutor-%d] o.s.web.client.RestTemplate              : Accept=[application/json, application/*+json]
2026-04-28T14:04:44.521+01:00 DEBUG 18332 --- [projet-service] [beatExecutor-%d] o.s.web.client.RestTemplate              : Response 200 OK
2026-04-28T14:04:44.536+01:00 DEBUG 18332 --- [projet-service] [reshExecutor-%d] o.s.web.client.RestTemplate              : Response 200 OK
2026-04-28T14:04:44.537+01:00 DEBUG 18332 --- [projet-service] [reshExecutor-%d] o.s.web.client.RestTemplate              : Reading to [org.springframework.cloud.netflix.eureka.http.EurekaApplications]
2026-04-28T14:05:14.536+01:00 DEBUG 18332 --- [projet-service] [beatExecutor-%d] o.s.web.client.RestTemplate              : HTTP PUT http://localhost:8761/eureka/apps/PROJET-SERVICE/projet-service:fd9e5cf7dbe01c318970a4bcec8c970f?status=UP&lastDirtyTimestamp=1777381304357
2026-04-28T14:05:14.541+01:00 DEBUG 18332 --- [projet-service] [beatExecutor-%d] o.s.web.client.RestTemplate              : Accept=[application/json, application/*+json]
2026-04-28T14:05:14.551+01:00 DEBUG 18332 --- [projet-service] [reshExecutor-%d] o.s.web.client.RestTemplate              : HTTP GET http://localhost:8761/eureka/apps/delta
2026-04-28T14:05:14.552+01:00 DEBUG 18332 --- [projet-service] [reshExecutor-%d] o.s.web.client.RestTemplate              : Accept=[application/json, application/*+json]
2026-04-28T14:05:14.553+01:00 DEBUG 18332 --- [projet-service] [beatExecutor-%d] o.s.web.client.RestTemplate              : Response 200 OK
2026-04-28T14:05:14.570+01:00 DEBUG 18332 --- [projet-service] [reshExecutor-%d] o.s.web.client.RestTemplate              : Response 200 OK
2026-04-28T14:05:14.570+01:00 DEBUG 18332 --- [projet-service] [reshExecutor-%d] o.s.web.client.RestTemplate              : Reading to [org.springframework.cloud.netflix.eureka.http.EurekaApplications]
2026-04-28T14:05:44.563+01:00 DEBUG 18332 --- [projet-service] [beatExecutor-%d] o.s.web.client.RestTemplate              : HTTP PUT http://localhost:8761/eureka/apps/PROJET-SERVICE/projet-service:fd9e5cf7dbe01c318970a4bcec8c970f?status=UP&lastDirtyTimestamp=1777381304357
2026-04-28T14:05:44.568+01:00 DEBUG 18332 --- [projet-service] [beatExecutor-%d] o.s.web.client.RestTemplate              : Accept=[application/json, application/*+json]
2026-04-28T14:05:44.578+01:00 DEBUG 18332 --- [projet-service] [reshExecutor-%d] o.s.web.client.RestTemplate              : HTTP GET http://localhost:8761/eureka/apps/delta
2026-04-28T14:05:44.581+01:00 DEBUG 18332 --- [projet-service] [reshExecutor-%d] o.s.web.client.RestTemplate              : Accept=[application/json, application/*+json]
2026-04-28T14:05:44.582+01:00 DEBUG 18332 --- [projet-service] [beatExecutor-%d] o.s.web.client.RestTemplate              : Response 200 OK
2026-04-28T14:05:44.597+01:00 DEBUG 18332 --- [projet-service] [reshExecutor-%d] o.s.web.client.RestTemplate              : Response 200 OK
2026-04-28T14:05:44.598+01:00 DEBUG 18332 --- [projet-service] [reshExecutor-%d] o.s.web.client.RestTemplate              : Reading to [org.springframework.cloud.netflix.eureka.http.EurekaApplications]
2026-04-28T14:06:14.585+01:00 DEBUG 18332 --- [projet-service] [beatExecutor-%d] o.s.web.client.RestTemplate              : HTTP PUT http://localhost:8761/eureka/apps/PROJET-SERVICE/projet-service:fd9e5cf7dbe01c318970a4bcec8c970f?status=UP&lastDirtyTimestamp=1777381304357
2026-04-28T14:06:14.590+01:00 DEBUG 18332 --- [projet-service] [beatExecutor-%d] o.s.web.client.RestTemplate              : Accept=[application/json, application/*+json]
2026-04-28T14:06:14.604+01:00 DEBUG 18332 --- [projet-service] [beatExecutor-%d] o.s.web.client.RestTemplate              : Response 200 OK
2026-04-28T14:06:14.606+01:00 DEBUG 18332 --- [projet-service] [reshExecutor-%d] o.s.web.client.RestTemplate              : HTTP GET http://localhost:8761/eureka/apps/delta
2026-04-28T14:06:14.607+01:00 DEBUG 18332 --- [projet-service] [reshExecutor-%d] o.s.web.client.RestTemplate              : Accept=[application/json, application/*+json]
2026-04-28T14:06:14.617+01:00 DEBUG 18332 --- [projet-service] [reshExecutor-%d] o.s.web.client.RestTemplate              : Response 200 OK
2026-04-28T14:06:14.618+01:00 DEBUG 18332 --- [projet-service] [reshExecutor-%d] o.s.web.client.RestTemplate              : Reading to [org.springframework.cloud.netflix.eureka.http.EurekaApplications]
2026-04-28T14:06:44.172+01:00  INFO 18332 --- [projet-service] [rap-executor-%d] c.n.d.s.r.aws.ConfigClusterResolver      : Resolving eureka endpoints via configuration
2026-04-28T14:06:44.611+01:00 DEBUG 18332 --- [projet-service] [beatExecutor-%d] o.s.web.client.RestTemplate              : HTTP PUT http://localhost:8761/eureka/apps/PROJET-SERVICE/projet-service:fd9e5cf7dbe01c318970a4bcec8c970f?status=UP&lastDirtyTimestamp=1777381304357
2026-04-28T14:06:44.615+01:00 DEBUG 18332 --- [projet-service] [beatExecutor-%d] o.s.web.client.RestTemplate              : Accept=[application/json, application/*+json]
2026-04-28T14:06:44.626+01:00 DEBUG 18332 --- [projet-service] [reshExecutor-%d] o.s.web.client.RestTemplate              : HTTP GET http://localhost:8761/eureka/apps/delta
2026-04-28T14:06:44.626+01:00 DEBUG 18332 --- [projet-service] [reshExecutor-%d] o.s.web.client.RestTemplate              : Accept=[application/json, application/*+json]
2026-04-28T14:06:44.628+01:00 DEBUG 18332 --- [projet-service] [beatExecutor-%d] o.s.web.client.RestTemplate              : Response 200 OK
2026-04-28T14:06:44.643+01:00 DEBUG 18332 --- [projet-service] [reshExecutor-%d] o.s.web.client.RestTemplate              : Response 200 OK
2026-04-28T14:06:44.643+01:00 DEBUG 18332 --- [projet-service] [reshExecutor-%d] o.s.web.client.RestTemplate              : Reading to [org.springframework.cloud.netflix.eureka.http.EurekaApplications]
2026-04-28T14:07:14.643+01:00 DEBUG 18332 --- [projet-service] [beatExecutor-%d] o.s.web.client.RestTemplate              : HTTP PUT http://localhost:8761/eureka/apps/PROJET-SERVICE/projet-service:fd9e5cf7dbe01c318970a4bcec8c970f?status=UP&lastDirtyTimestamp=1777381304357
2026-04-28T14:07:14.646+01:00 DEBUG 18332 --- [projet-service] [beatExecutor-%d] o.s.web.client.RestTemplate              : Accept=[application/json, application/*+json]
2026-04-28T14:07:14.659+01:00 DEBUG 18332 --- [projet-service] [reshExecutor-%d] o.s.web.client.RestTemplate              : HTTP GET http://localhost:8761/eureka/apps/delta
2026-04-28T14:07:14.660+01:00 DEBUG 18332 --- [projet-service] [reshExecutor-%d] o.s.web.client.RestTemplate              : Accept=[application/json, application/*+json]
2026-04-28T14:07:14.661+01:00 DEBUG 18332 --- [projet-service] [beatExecutor-%d] o.s.web.client.RestTemplate              : Response 200 OK
2026-04-28T14:07:14.676+01:00 DEBUG 18332 --- [projet-service] [reshExecutor-%d] o.s.web.client.RestTemplate              : Response 200 OK
2026-04-28T14:07:14.676+01:00 DEBUG 18332 --- [projet-service] [reshExecutor-%d] o.s.web.client.RestTemplate              : Reading to [org.springframework.cloud.netflix.eureka.http.EurekaApplications]
2026-04-28T14:07:44.675+01:00 DEBUG 18332 --- [projet-service] [beatExecutor-%d] o.s.web.client.RestTemplate              : HTTP PUT http://localhost:8761/eureka/apps/PROJET-SERVICE/projet-service:fd9e5cf7dbe01c318970a4bcec8c970f?status=UP&lastDirtyTimestamp=1777381304357
2026-04-28T14:07:44.679+01:00 DEBUG 18332 --- [projet-service] [beatExecutor-%d] o.s.web.client.RestTemplate              : Accept=[application/json, application/*+json]
2026-04-28T14:07:44.691+01:00 DEBUG 18332 --- [projet-service] [reshExecutor-%d] o.s.web.client.RestTemplate              : HTTP GET http://localhost:8761/eureka/apps/delta
2026-04-28T14:07:44.691+01:00 DEBUG 18332 --- [projet-service] [reshExecutor-%d] o.s.web.client.RestTemplate              : Accept=[application/json, application/*+json]
2026-04-28T14:07:44.692+01:00 DEBUG 18332 --- [projet-service] [beatExecutor-%d] o.s.web.client.RestTemplate              : Response 200 OK
2026-04-28T14:07:44.708+01:00 DEBUG 18332 --- [projet-service] [reshExecutor-%d] o.s.web.client.RestTemplate              : Response 200 OK
2026-04-28T14:07:44.709+01:00 DEBUG 18332 --- [projet-service] [reshExecutor-%d] o.s.web.client.RestTemplate              : Reading to [org.springframework.cloud.netflix.eureka.http.EurekaApplications]
2026-04-28T14:08:14.698+01:00 DEBUG 18332 --- [projet-service] [beatExecutor-%d] o.s.web.client.RestTemplate              : HTTP PUT http://localhost:8761/eureka/apps/PROJET-SERVICE/projet-service:fd9e5cf7dbe01c318970a4bcec8c970f?status=UP&lastDirtyTimestamp=1777381304357
2026-04-28T14:08:14.704+01:00 DEBUG 18332 --- [projet-service] [beatExecutor-%d] o.s.web.client.RestTemplate              : Accept=[application/json, application/*+json]
2026-04-28T14:08:14.714+01:00 DEBUG 18332 --- [projet-service] [reshExecutor-%d] o.s.web.client.RestTemplate              : HTTP GET http://localhost:8761/eureka/apps/delta
2026-04-28T14:08:14.716+01:00 DEBUG 18332 --- [projet-service] [reshExecutor-%d] o.s.web.client.RestTemplate              : Accept=[application/json, application/*+json]
2026-04-28T14:08:14.719+01:00 DEBUG 18332 --- [projet-service] [beatExecutor-%d] o.s.web.client.RestTemplate              : Response 200 OK
2026-04-28T14:08:14.733+01:00 DEBUG 18332 --- [projet-service] [reshExecutor-%d] o.s.web.client.RestTemplate              : Response 200 OK
2026-04-28T14:08:14.734+01:00 DEBUG 18332 --- [projet-service] [reshExecutor-%d] o.s.web.client.RestTemplate              : Reading to [org.springframework.cloud.netflix.eureka.http.EurekaApplications]
2026-04-28T14:08:31.923+01:00  INFO 18332 --- [projet-service] [nio-8082-exec-2] o.a.c.c.C.[Tomcat].[localhost].[/]       : Initializing Spring DispatcherServlet 'dispatcherServlet'
2026-04-28T14:08:31.923+01:00  INFO 18332 --- [projet-service] [nio-8082-exec-2] o.s.web.servlet.DispatcherServlet        : Initializing Servlet 'dispatcherServlet'
2026-04-28T14:08:31.923+01:00 DEBUG 18332 --- [projet-service] [nio-8082-exec-2] o.s.web.servlet.DispatcherServlet        : Detected StandardServletMultipartResolver
2026-04-28T14:08:31.930+01:00 DEBUG 18332 --- [projet-service] [nio-8082-exec-2] o.s.web.servlet.DispatcherServlet        : Detected AcceptHeaderLocaleResolver
2026-04-28T14:08:31.930+01:00 DEBUG 18332 --- [projet-service] [nio-8082-exec-2] o.s.web.servlet.DispatcherServlet        : Detected FixedThemeResolver
2026-04-28T14:08:31.930+01:00 DEBUG 18332 --- [projet-service] [nio-8082-exec-2] o.s.web.servlet.DispatcherServlet        : Detected org.springframework.web.servlet.view.DefaultRequestToViewNameTranslator@25bfc73
2026-04-28T14:08:31.930+01:00 DEBUG 18332 --- [projet-service] [nio-8082-exec-2] o.s.web.servlet.DispatcherServlet        : Detected org.springframework.web.servlet.support.SessionFlashMapManager@74da1cb3
2026-04-28T14:08:31.930+01:00 DEBUG 18332 --- [projet-service] [nio-8082-exec-2] o.s.web.servlet.DispatcherServlet        : enableLoggingRequestDetails='false': request parameters and headers will be masked to prevent unsafe logging of potentially sensitive data
2026-04-28T14:08:31.930+01:00  INFO 18332 --- [projet-service] [nio-8082-exec-2] o.s.web.servlet.DispatcherServlet        : Completed initialization in 7 ms
2026-04-28T14:08:32.105+01:00 DEBUG 18332 --- [projet-service] [nio-8082-exec-4] o.s.web.servlet.DispatcherServlet        : GET "/api/project-notifications/user/3/unread", parameters={}
2026-04-28T14:08:32.106+01:00 DEBUG 18332 --- [projet-service] [nio-8082-exec-3] o.s.web.servlet.DispatcherServlet        : GET "/api/projects/dashboard?userId=3&period=30D", parameters={masked}
2026-04-28T14:08:32.110+01:00 DEBUG 18332 --- [projet-service] [nio-8082-exec-3] s.w.s.m.m.a.RequestMappingHandlerMapping : Mapped to com.microservices.projetservice.controller.ProjectController#getDashboardStats(String, String, String)
2026-04-28T14:08:32.111+01:00 DEBUG 18332 --- [projet-service] [nio-8082-exec-4] s.w.s.m.m.a.RequestMappingHandlerMapping : Mapped to com.microservices.projetservice.controller.ProjectNotificationController#getUnreadNotificationsByUserId(Long, String)
2026-04-28T14:08:32.153+01:00  INFO 18332 --- [projet-service] [nio-8082-exec-3] c.m.p.service.impl.ProjectServiceImpl    : Generating project dashboard stats for user: 3 and period: 30D
2026-04-28T14:08:32.153+01:00  INFO 18332 --- [projet-service] [nio-8082-exec-4] c.m.p.s.i.ProjectNotificationServiceImpl : Récupération des notifications non lues pour l'utilisateur: 3 demandées par: 3
2026-04-28T14:08:32.262+01:00 DEBUG 18332 --- [projet-service] [nio-8082-exec-3] o.s.w.c.HttpMessageConverterExtractor    : Reading to [com.microservices.projetservice.feign.UserDTO]
2026-04-28T14:08:32.262+01:00 DEBUG 18332 --- [projet-service] [nio-8082-exec-4] o.s.w.c.HttpMessageConverterExtractor    : Reading to [com.microservices.projetservice.feign.UserDTO]
2026-04-28T14:08:32.304+01:00 DEBUG 18332 --- [projet-service] [nio-8082-exec-4] o.s.w.c.HttpMessageConverterExtractor    : Reading to [com.microservices.projetservice.feign.UserDTO]
2026-04-28T14:08:32.304+01:00 DEBUG 18332 --- [projet-service] [nio-8082-exec-3] o.s.w.c.HttpMessageConverterExtractor    : Reading to [com.microservices.projetservice.feign.UserDTO]
2026-04-28T14:08:32.323+01:00 DEBUG 18332 --- [projet-service] [nio-8082-exec-3] o.s.w.c.HttpMessageConverterExtractor    : Reading to [com.microservices.projetservice.feign.UserDTO]
2026-04-28T14:08:32.333+01:00 DEBUG 18332 --- [projet-service] [nio-8082-exec-4] org.hibernate.SQL                        : 
    select
        pn1_0.id,
        pn1_0.created_at,
        pn1_0.is_read,
        pn1_0.message,
        pn1_0.project_id,
        pn1_0.reminder_sent,
        pn1_0.reminder_sent_at,
        pn1_0.type,
        pn1_0.user_id 
    from
        project_notifications pn1_0 
    where
        pn1_0.user_id=? 
        and pn1_0.is_read=?
Hibernate: 
    select
        pn1_0.id,
        pn1_0.created_at,
        pn1_0.is_read,
        pn1_0.message,
        pn1_0.project_id,
        pn1_0.reminder_sent,
        pn1_0.reminder_sent_at,
        pn1_0.type,
        pn1_0.user_id 
    from
        project_notifications pn1_0 
    where
        pn1_0.user_id=? 
        and pn1_0.is_read=?
2026-04-28T14:08:32.333+01:00 DEBUG 18332 --- [projet-service] [nio-8082-exec-3] org.hibernate.SQL                        : 
    select
        distinct p1_0.id,
        p1_0.actual_end_date,
        p1_0.ai_recommendation,
        p1_0.budget_id,
        p1_0.created_by,
        p1_0.customer_id,
        p1_0.description,
        p1_0.end_date,
        p1_0.name,
        p1_0.objectives,
        p1_0.progress,
        p1_0.project_manager_id,
        p1_0.start_date,
        p1_0.status,
        p1_0.updated_at,
        p1_0.visibility 
    from
        projects p1_0 
    where
        p1_0.created_by=? 
        or p1_0.project_manager_id=? 
        or exists(select
            pm1_0.id 
        from
            project_members pm1_0 
        where
            pm1_0.project_id=p1_0.id 
            and (pm1_0.user_id=? 
            or pm1_0.user_id=?) 
            and pm1_0.is_active=1)
Hibernate: 
    select
        distinct p1_0.id,
        p1_0.actual_end_date,
        p1_0.ai_recommendation,
        p1_0.budget_id,
        p1_0.created_by,
        p1_0.customer_id,
        p1_0.description,
        p1_0.end_date,
        p1_0.name,
        p1_0.objectives,
        p1_0.progress,
        p1_0.project_manager_id,
        p1_0.start_date,
        p1_0.status,
        p1_0.updated_at,
        p1_0.visibility 
    from
        projects p1_0 
    where
        p1_0.created_by=? 
        or p1_0.project_manager_id=? 
        or exists(select
            pm1_0.id 
        from
            project_members pm1_0 
        where
            pm1_0.project_id=p1_0.id 
            and (pm1_0.user_id=? 
            or pm1_0.user_id=?) 
            and pm1_0.is_active=1)
2026-04-28T14:08:32.366+01:00 DEBUG 18332 --- [projet-service] [nio-8082-exec-4] o.s.w.s.m.m.a.HttpEntityMethodProcessor  : Using 'application/json', given [application/json, text/plain, */*] and supported [application/json, application/*+json]
2026-04-28T14:08:32.368+01:00 DEBUG 18332 --- [projet-service] [nio-8082-exec-4] o.s.w.s.m.m.a.HttpEntityMethodProcessor  : Writing [[]]
2026-04-28T14:08:32.368+01:00 DEBUG 18332 --- [projet-service] [nio-8082-exec-4] o.s.web.servlet.DispatcherServlet        : Completed 200 OK
2026-04-28T14:08:32.368+01:00 DEBUG 18332 --- [projet-service] [nio-8082-exec-3] o.s.w.c.HttpMessageConverterExtractor    : Reading to [com.microservices.projetservice.feign.UserDTO]
2026-04-28T14:08:32.402+01:00 DEBUG 18332 --- [projet-service] [nio-8082-exec-3] o.s.w.c.HttpMessageConverterExtractor    : Reading to [com.microservices.projetservice.feign.UserDTO]
2026-04-28T14:08:32.418+01:00 DEBUG 18332 --- [projet-service] [nio-8082-exec-3] o.s.w.c.HttpMessageConverterExtractor    : Reading to [com.microservices.projetservice.feign.UserDTO]
2026-04-28T14:08:32.430+01:00 DEBUG 18332 --- [projet-service] [nio-8082-exec-3] org.hibernate.SQL                        : 
    select
        pm1_0.id,
        pm1_0.is_active,
        pm1_0.joined_date,
        pm1_0.project_id,
        pm1_0.role,
        pm1_0.user_id 
    from
        project_members pm1_0 
    where
        pm1_0.project_id in (?, ?)
Hibernate: 
    select
        pm1_0.id,
        pm1_0.is_active,
        pm1_0.joined_date,
        pm1_0.project_id,
        pm1_0.role,
        pm1_0.user_id 
    from
        project_members pm1_0 
    where
        pm1_0.project_id in (?, ?)
2026-04-28T14:08:32.452+01:00 DEBUG 18332 --- [projet-service] [nio-8082-exec-3] org.hibernate.SQL                        : 
    select
        m1_0.id,
        m1_0.actual_completion_date,
        m1_0.description,
        m1_0.due_date,
        m1_0.is_critical,
        m1_0.project_id,
        m1_0.status,
        m1_0.title 
    from
        milestones m1_0 
    where
        m1_0.project_id in (?, ?)
Hibernate: 
    select
        m1_0.id,
        m1_0.actual_completion_date,
        m1_0.description,
        m1_0.due_date,
        m1_0.is_critical,
        m1_0.project_id,
        m1_0.status,
        m1_0.title 
    from
        milestones m1_0 
    where
        m1_0.project_id in (?, ?)
2026-04-28T14:08:32.470+01:00 DEBUG 18332 --- [projet-service] [nio-8082-exec-3] org.hibernate.SQL                        : 
    select
        pm1_0.id,
        pm1_0.created_by,
        pm1_0.description,
        pm1_0.end_time,
        pm1_0.location,
        pm1_0.meeting_date,
        pm1_0.meeting_link,
        pm1_0.project_id,
        pm1_0.start_time,
        pm1_0.status,
        pm1_0.title 
    from
        project_meetings pm1_0 
    where
        pm1_0.project_id in (?, ?)
Hibernate: 
    select
        pm1_0.id,
        pm1_0.created_by,
        pm1_0.description,
        pm1_0.end_time,
        pm1_0.location,
        pm1_0.meeting_date,
        pm1_0.meeting_link,
        pm1_0.project_id,
        pm1_0.start_time,
        pm1_0.status,
        pm1_0.title 
    from
        project_meetings pm1_0 
    where
        pm1_0.project_id in (?, ?)
2026-04-28T14:08:32.487+01:00 DEBUG 18332 --- [projet-service] [nio-8082-exec-3] org.hibernate.SQL                        : 
    select
        pd1_0.id,
        pd1_0.description,
        pd1_0.file_url,
        pd1_0.name,
        pd1_0.project_id,
        pd1_0.type,
        pd1_0.uploaded_at,
        pd1_0.uploaded_by,
        pd1_0.version 
    from
        project_documents pd1_0 
    where
        pd1_0.project_id in (?, ?)
Hibernate: 
    select
        pd1_0.id,
        pd1_0.description,
        pd1_0.file_url,
        pd1_0.name,
        pd1_0.project_id,
        pd1_0.type,
        pd1_0.uploaded_at,
        pd1_0.uploaded_by,
        pd1_0.version 
    from
        project_documents pd1_0 
    where
        pd1_0.project_id in (?, ?)
2026-04-28T14:08:32.503+01:00 DEBUG 18332 --- [projet-service] [nio-8082-exec-3] org.hibernate.SQL                        : 
    select
        pn1_0.id,
        pn1_0.created_at,
        pn1_0.is_read,
        pn1_0.message,
        pn1_0.project_id,
        pn1_0.reminder_sent,
        pn1_0.reminder_sent_at,
        pn1_0.type,
        pn1_0.user_id 
    from
        project_notifications pn1_0 
    where
        pn1_0.project_id in (?, ?)
Hibernate: 
    select
        pn1_0.id,
        pn1_0.created_at,
        pn1_0.is_read,
        pn1_0.message,
        pn1_0.project_id,
        pn1_0.reminder_sent,
        pn1_0.reminder_sent_at,
        pn1_0.type,
        pn1_0.user_id 
    from
        project_notifications pn1_0 
    where
        pn1_0.project_id in (?, ?)
2026-04-28T14:08:32.545+01:00 DEBUG 18332 --- [projet-service] [nio-8082-exec-3] o.s.w.s.m.m.a.HttpEntityMethodProcessor  : Using 'application/json', given [application/json, text/plain, */*] and supported [application/json, application/*+json]
2026-04-28T14:08:32.567+01:00 DEBUG 18332 --- [projet-service] [nio-8082-exec-3] o.s.w.s.m.m.a.HttpEntityMethodProcessor  : Writing [ProjectDashboardStatsDTO(scope=USER, userId=3, totalProjects=2, activeProjects=2, completedProjects= (truncated)...]
2026-04-28T14:08:32.567+01:00 DEBUG 18332 --- [projet-service] [nio-8082-exec-3] o.s.web.servlet.DispatcherServlet        : Completed 200 OK
2026-04-28T14:08:42.604+01:00 DEBUG 18332 --- [projet-service] [nio-8082-exec-5] o.s.web.servlet.DispatcherServlet        : GET "/api/projects/dashboard?userId=3&period=30D", parameters={masked}
2026-04-28T14:08:42.607+01:00 DEBUG 18332 --- [projet-service] [nio-8082-exec-5] s.w.s.m.m.a.RequestMappingHandlerMapping : Mapped to com.microservices.projetservice.controller.ProjectController#getDashboardStats(String, String, String)
2026-04-28T14:08:42.604+01:00 DEBUG 18332 --- [projet-service] [nio-8082-exec-6] o.s.web.servlet.DispatcherServlet        : GET "/api/project-notifications/user/3/unread", parameters={}
2026-04-28T14:08:42.610+01:00 DEBUG 18332 --- [projet-service] [nio-8082-exec-6] s.w.s.m.m.a.RequestMappingHandlerMapping : Mapped to com.microservices.projetservice.controller.ProjectNotificationController#getUnreadNotificationsByUserId(Long, String)
2026-04-28T14:08:42.610+01:00  INFO 18332 --- [projet-service] [nio-8082-exec-5] c.m.p.service.impl.ProjectServiceImpl    : Generating project dashboard stats for user: 3 and period: 30D
2026-04-28T14:08:42.613+01:00  INFO 18332 --- [projet-service] [nio-8082-exec-6] c.m.p.s.i.ProjectNotificationServiceImpl : Récupération des notifications non lues pour l'utilisateur: 3 demandées par: 3
2026-04-28T14:08:42.645+01:00 DEBUG 18332 --- [projet-service] [nio-8082-exec-6] o.s.w.c.HttpMessageConverterExtractor    : Reading to [com.microservices.projetservice.feign.UserDTO]
2026-04-28T14:08:42.645+01:00 DEBUG 18332 --- [projet-service] [nio-8082-exec-5] o.s.w.c.HttpMessageConverterExtractor    : Reading to [com.microservices.projetservice.feign.UserDTO]
2026-04-28T14:08:42.661+01:00 DEBUG 18332 --- [projet-service] [nio-8082-exec-6] o.s.w.c.HttpMessageConverterExtractor    : Reading to [com.microservices.projetservice.feign.UserDTO]
2026-04-28T14:08:42.661+01:00 DEBUG 18332 --- [projet-service] [nio-8082-exec-5] o.s.w.c.HttpMessageConverterExtractor    : Reading to [com.microservices.projetservice.feign.UserDTO]
2026-04-28T14:08:42.674+01:00 DEBUG 18332 --- [projet-service] [nio-8082-exec-6] org.hibernate.SQL                        : 
    select
        pn1_0.id,
        pn1_0.created_at,
        pn1_0.is_read,
        pn1_0.message,
        pn1_0.project_id,
        pn1_0.reminder_sent,
        pn1_0.reminder_sent_at,
        pn1_0.type,
        pn1_0.user_id 
    from
        project_notifications pn1_0 
    where
        pn1_0.user_id=? 
        and pn1_0.is_read=?
Hibernate: 
    select
        pn1_0.id,
        pn1_0.created_at,
        pn1_0.is_read,
        pn1_0.message,
        pn1_0.project_id,
        pn1_0.reminder_sent,
        pn1_0.reminder_sent_at,
        pn1_0.type,
        pn1_0.user_id 
    from
        project_notifications pn1_0 
    where
        pn1_0.user_id=? 
        and pn1_0.is_read=?
2026-04-28T14:08:42.676+01:00 DEBUG 18332 --- [projet-service] [nio-8082-exec-6] o.s.w.s.m.m.a.HttpEntityMethodProcessor  : Using 'application/json', given [application/json, text/plain, */*] and supported [application/json, application/*+json]
2026-04-28T14:08:42.676+01:00 DEBUG 18332 --- [projet-service] [nio-8082-exec-6] o.s.w.s.m.m.a.HttpEntityMethodProcessor  : Writing [[]]
2026-04-28T14:08:42.676+01:00 DEBUG 18332 --- [projet-service] [nio-8082-exec-6] o.s.web.servlet.DispatcherServlet        : Completed 200 OK
2026-04-28T14:08:42.692+01:00 DEBUG 18332 --- [projet-service] [nio-8082-exec-5] o.s.w.c.HttpMessageConverterExtractor    : Reading to [com.microservices.projetservice.feign.UserDTO]
2026-04-28T14:08:42.695+01:00 DEBUG 18332 --- [projet-service] [nio-8082-exec-5] org.hibernate.SQL                        : 
    select
        distinct p1_0.id,
        p1_0.actual_end_date,
        p1_0.ai_recommendation,
        p1_0.budget_id,
        p1_0.created_by,
        p1_0.customer_id,
        p1_0.description,
        p1_0.end_date,
        p1_0.name,
        p1_0.objectives,
        p1_0.progress,
        p1_0.project_manager_id,
        p1_0.start_date,
        p1_0.status,
        p1_0.updated_at,
        p1_0.visibility 
    from
        projects p1_0 
    where
        p1_0.created_by=? 
        or p1_0.project_manager_id=? 
        or exists(select
            pm1_0.id 
        from
            project_members pm1_0 
        where
            pm1_0.project_id=p1_0.id 
            and (pm1_0.user_id=? 
            or pm1_0.user_id=?) 
            and pm1_0.is_active=1)
Hibernate: 
    select
        distinct p1_0.id,
        p1_0.actual_end_date,
        p1_0.ai_recommendation,
        p1_0.budget_id,
        p1_0.created_by,
        p1_0.customer_id,
        p1_0.description,
        p1_0.end_date,
        p1_0.name,
        p1_0.objectives,
        p1_0.progress,
        p1_0.project_manager_id,
        p1_0.start_date,
        p1_0.status,
        p1_0.updated_at,
        p1_0.visibility 
    from
        projects p1_0 
    where
        p1_0.created_by=? 
        or p1_0.project_manager_id=? 
        or exists(select
            pm1_0.id 
        from
            project_members pm1_0 
        where
            pm1_0.project_id=p1_0.id 
            and (pm1_0.user_id=? 
            or pm1_0.user_id=?) 
            and pm1_0.is_active=1)
2026-04-28T14:08:42.707+01:00 DEBUG 18332 --- [projet-service] [nio-8082-exec-5] o.s.w.c.HttpMessageConverterExtractor    : Reading to [com.microservices.projetservice.feign.UserDTO]
2026-04-28T14:08:42.724+01:00 DEBUG 18332 --- [projet-service] [nio-8082-exec-5] o.s.w.c.HttpMessageConverterExtractor    : Reading to [com.microservices.projetservice.feign.UserDTO]
2026-04-28T14:08:42.755+01:00 DEBUG 18332 --- [projet-service] [nio-8082-exec-5] o.s.w.c.HttpMessageConverterExtractor    : Reading to [com.microservices.projetservice.feign.UserDTO]
2026-04-28T14:08:42.755+01:00 DEBUG 18332 --- [projet-service] [nio-8082-exec-5] org.hibernate.SQL                        : 
    select
        pm1_0.id,
        pm1_0.is_active,
        pm1_0.joined_date,
        pm1_0.project_id,
        pm1_0.role,
        pm1_0.user_id 
    from
        project_members pm1_0 
    where
        pm1_0.project_id in (?, ?)
Hibernate: 
    select
        pm1_0.id,
        pm1_0.is_active,
        pm1_0.joined_date,
        pm1_0.project_id,
        pm1_0.role,
        pm1_0.user_id 
    from
        project_members pm1_0 
    where
        pm1_0.project_id in (?, ?)
2026-04-28T14:08:42.755+01:00 DEBUG 18332 --- [projet-service] [nio-8082-exec-5] org.hibernate.SQL                        : 
    select
        m1_0.id,
        m1_0.actual_completion_date,
        m1_0.description,
        m1_0.due_date,
        m1_0.is_critical,
        m1_0.project_id,
        m1_0.status,
        m1_0.title 
    from
        milestones m1_0 
    where
        m1_0.project_id in (?, ?)
Hibernate: 
    select
        m1_0.id,
        m1_0.actual_completion_date,
        m1_0.description,
        m1_0.due_date,
        m1_0.is_critical,
        m1_0.project_id,
        m1_0.status,
        m1_0.title 
    from
        milestones m1_0 
    where
        m1_0.project_id in (?, ?)
2026-04-28T14:08:42.755+01:00 DEBUG 18332 --- [projet-service] [nio-8082-exec-5] org.hibernate.SQL                        : 
    select
        pm1_0.id,
        pm1_0.created_by,
        pm1_0.description,
        pm1_0.end_time,
        pm1_0.location,
        pm1_0.meeting_date,
        pm1_0.meeting_link,
        pm1_0.project_id,
        pm1_0.start_time,
        pm1_0.status,
        pm1_0.title 
    from
        project_meetings pm1_0 
    where
        pm1_0.project_id in (?, ?)
Hibernate: 
    select
        pm1_0.id,
        pm1_0.created_by,
        pm1_0.description,
        pm1_0.end_time,
        pm1_0.location,
        pm1_0.meeting_date,
        pm1_0.meeting_link,
        pm1_0.project_id,
        pm1_0.start_time,
        pm1_0.status,
        pm1_0.title 
    from
        project_meetings pm1_0 
    where
        pm1_0.project_id in (?, ?)
2026-04-28T14:08:42.755+01:00 DEBUG 18332 --- [projet-service] [nio-8082-exec-5] org.hibernate.SQL                        : 
    select
        pd1_0.id,
        pd1_0.description,
        pd1_0.file_url,
        pd1_0.name,
        pd1_0.project_id,
        pd1_0.type,
        pd1_0.uploaded_at,
        pd1_0.uploaded_by,
        pd1_0.version 
    from
        project_documents pd1_0 
    where
        pd1_0.project_id in (?, ?)
Hibernate: 
    select
        pd1_0.id,
        pd1_0.description,
        pd1_0.file_url,
        pd1_0.name,
        pd1_0.project_id,
        pd1_0.type,
        pd1_0.uploaded_at,
        pd1_0.uploaded_by,
        pd1_0.version 
    from
        project_documents pd1_0 
    where
        pd1_0.project_id in (?, ?)
2026-04-28T14:08:42.774+01:00 DEBUG 18332 --- [projet-service] [nio-8082-exec-5] org.hibernate.SQL                        : 
    select
        pn1_0.id,
        pn1_0.created_at,
        pn1_0.is_read,
        pn1_0.message,
        pn1_0.project_id,
        pn1_0.reminder_sent,
        pn1_0.reminder_sent_at,
        pn1_0.type,
        pn1_0.user_id 
    from
        project_notifications pn1_0 
    where
        pn1_0.project_id in (?, ?)
Hibernate: 
    select
        pn1_0.id,
        pn1_0.created_at,
        pn1_0.is_read,
        pn1_0.message,
        pn1_0.project_id,
        pn1_0.reminder_sent,
        pn1_0.reminder_sent_at,
        pn1_0.type,
        pn1_0.user_id 
    from
        project_notifications pn1_0 
    where
        pn1_0.project_id in (?, ?)
2026-04-28T14:08:42.778+01:00 DEBUG 18332 --- [projet-service] [nio-8082-exec-5] o.s.w.s.m.m.a.HttpEntityMethodProcessor  : Using 'application/json', given [application/json, text/plain, */*] and supported [application/json, application/*+json]
2026-04-28T14:08:42.778+01:00 DEBUG 18332 --- [projet-service] [nio-8082-exec-5] o.s.w.s.m.m.a.HttpEntityMethodProcessor  : Writing [ProjectDashboardStatsDTO(scope=USER, userId=3, totalProjects=2, activeProjects=2, completedProjects= (truncated)...]
2026-04-28T14:08:42.780+01:00 DEBUG 18332 --- [projet-service] [nio-8082-exec-5] o.s.web.servlet.DispatcherServlet        : Completed 200 OK
2026-04-28T14:08:44.724+01:00 DEBUG 18332 --- [projet-service] [beatExecutor-%d] o.s.web.client.RestTemplate              : HTTP PUT http://localhost:8761/eureka/apps/PROJET-SERVICE/projet-service:fd9e5cf7dbe01c318970a4bcec8c970f?status=UP&lastDirtyTimestamp=1777381304357
2026-04-28T14:08:44.724+01:00 DEBUG 18332 --- [projet-service] [beatExecutor-%d] o.s.web.client.RestTemplate              : Accept=[application/json, application/*+json]
2026-04-28T14:08:44.740+01:00 DEBUG 18332 --- [projet-service] [reshExecutor-%d] o.s.web.client.RestTemplate              : HTTP GET http://localhost:8761/eureka/apps/delta
2026-04-28T14:08:44.740+01:00 DEBUG 18332 --- [projet-service] [reshExecutor-%d] o.s.web.client.RestTemplate              : Accept=[application/json, application/*+json]
2026-04-28T14:08:44.740+01:00 DEBUG 18332 --- [projet-service] [beatExecutor-%d] o.s.web.client.RestTemplate              : Response 200 OK
2026-04-28T14:08:44.758+01:00 DEBUG 18332 --- [projet-service] [reshExecutor-%d] o.s.web.client.RestTemplate              : Response 200 OK
2026-04-28T14:08:44.758+01:00 DEBUG 18332 --- [projet-service] [reshExecutor-%d] o.s.web.client.RestTemplate              : Reading to [org.springframework.cloud.netflix.eureka.http.EurekaApplications]
2026-04-28T14:09:02.636+01:00 DEBUG 18332 --- [projet-service] [nio-8082-exec-7] o.s.web.servlet.DispatcherServlet        : GET "/api/project-notifications/user/3/unread", parameters={}
2026-04-28T14:09:02.645+01:00 DEBUG 18332 --- [projet-service] [nio-8082-exec-7] s.w.s.m.m.a.RequestMappingHandlerMapping : Mapped to com.microservices.projetservice.controller.ProjectNotificationController#getUnreadNotificationsByUserId(Long, String)
2026-04-28T14:09:02.656+01:00  INFO 18332 --- [projet-service] [nio-8082-exec-7] c.m.p.s.i.ProjectNotificationServiceImpl : Récupération des notifications non lues pour l'utilisateur: 3 demandées par: 3
2026-04-28T14:09:02.727+01:00 DEBUG 18332 --- [projet-service] [nio-8082-exec-7] o.s.w.c.HttpMessageConverterExtractor    : Reading to [com.microservices.projetservice.feign.UserDTO]
2026-04-28T14:09:02.777+01:00 DEBUG 18332 --- [projet-service] [nio-8082-exec-7] o.s.w.c.HttpMessageConverterExtractor    : Reading to [com.microservices.projetservice.feign.UserDTO]
2026-04-28T14:09:02.789+01:00 DEBUG 18332 --- [projet-service] [nio-8082-exec-7] org.hibernate.SQL                        : 
    select
        pn1_0.id,
        pn1_0.created_at,
        pn1_0.is_read,
        pn1_0.message,
        pn1_0.project_id,
        pn1_0.reminder_sent,
        pn1_0.reminder_sent_at,
        pn1_0.type,
        pn1_0.user_id 
    from
        project_notifications pn1_0 
    where
        pn1_0.user_id=? 
        and pn1_0.is_read=?
Hibernate: 
    select
        pn1_0.id,
        pn1_0.created_at,
        pn1_0.is_read,
        pn1_0.message,
        pn1_0.project_id,
        pn1_0.reminder_sent,
        pn1_0.reminder_sent_at,
        pn1_0.type,
        pn1_0.user_id 
    from
        project_notifications pn1_0 
    where
        pn1_0.user_id=? 
        and pn1_0.is_read=?
2026-04-28T14:09:02.801+01:00 DEBUG 18332 --- [projet-service] [nio-8082-exec-7] o.s.w.s.m.m.a.HttpEntityMethodProcessor  : Using 'application/json', given [application/json, text/plain, */*] and supported [application/json, application/*+json]
2026-04-28T14:09:02.804+01:00 DEBUG 18332 --- [projet-service] [nio-8082-exec-7] o.s.w.s.m.m.a.HttpEntityMethodProcessor  : Writing [[]]
2026-04-28T14:09:02.810+01:00 DEBUG 18332 --- [projet-service] [nio-8082-exec-7] o.s.web.servlet.DispatcherServlet        : Completed 200 OK
2026-04-28T14:09:14.754+01:00 DEBUG 18332 --- [projet-service] [beatExecutor-%d] o.s.web.client.RestTemplate              : HTTP PUT http://localhost:8761/eureka/apps/PROJET-SERVICE/projet-service:fd9e5cf7dbe01c318970a4bcec8c970f?status=UP&lastDirtyTimestamp=1777381304357
2026-04-28T14:09:14.755+01:00 DEBUG 18332 --- [projet-service] [beatExecutor-%d] o.s.web.client.RestTemplate              : Accept=[application/json, application/*+json]
2026-04-28T14:09:14.770+01:00 DEBUG 18332 --- [projet-service] [reshExecutor-%d] o.s.web.client.RestTemplate              : HTTP GET http://localhost:8761/eureka/apps/delta
2026-04-28T14:09:14.771+01:00 DEBUG 18332 --- [projet-service] [reshExecutor-%d] o.s.web.client.RestTemplate              : Accept=[application/json, application/*+json]
2026-04-28T14:09:14.771+01:00 DEBUG 18332 --- [projet-service] [beatExecutor-%d] o.s.web.client.RestTemplate              : Response 200 OK
2026-04-28T14:09:14.787+01:00 DEBUG 18332 --- [projet-service] [reshExecutor-%d] o.s.web.client.RestTemplate              : Response 200 OK
2026-04-28T14:09:14.787+01:00 DEBUG 18332 --- [projet-service] [reshExecutor-%d] o.s.web.client.RestTemplate              : Reading to [org.springframework.cloud.netflix.eureka.http.EurekaApplications]
2026-04-28T14:09:22.966+01:00 DEBUG 18332 --- [projet-service] [nio-8082-exec-8] o.s.web.servlet.DispatcherServlet        : GET "/api/project-notifications/user/3/unread", parameters={}
2026-04-28T14:09:22.970+01:00 DEBUG 18332 --- [projet-service] [nio-8082-exec-8] s.w.s.m.m.a.RequestMappingHandlerMapping : Mapped to com.microservices.projetservice.controller.ProjectNotificationController#getUnreadNotificationsByUserId(Long, String)
2026-04-28T14:09:22.973+01:00  INFO 18332 --- [projet-service] [nio-8082-exec-8] c.m.p.s.i.ProjectNotificationServiceImpl : Récupération des notifications non lues pour l'utilisateur: 3 demandées par: 3
2026-04-28T14:09:22.982+01:00 DEBUG 18332 --- [projet-service] [nio-8082-exec-8] o.s.w.c.HttpMessageConverterExtractor    : Reading to [com.microservices.projetservice.feign.UserDTO]
2026-04-28T14:09:22.987+01:00 DEBUG 18332 --- [projet-service] [nio-8082-exec-8] o.s.w.c.HttpMessageConverterExtractor    : Reading to [com.microservices.projetservice.feign.UserDTO]
2026-04-28T14:09:22.989+01:00 DEBUG 18332 --- [projet-service] [nio-8082-exec-8] org.hibernate.SQL                        : 
    select
        pn1_0.id,
        pn1_0.created_at,
        pn1_0.is_read,
        pn1_0.message,
        pn1_0.project_id,
        pn1_0.reminder_sent,
        pn1_0.reminder_sent_at,
        pn1_0.type,
        pn1_0.user_id 
    from
        project_notifications pn1_0 
    where
        pn1_0.user_id=? 
        and pn1_0.is_read=?
Hibernate: 
    select
        pn1_0.id,
        pn1_0.created_at,
        pn1_0.is_read,
        pn1_0.message,
        pn1_0.project_id,
        pn1_0.reminder_sent,
        pn1_0.reminder_sent_at,
        pn1_0.type,
        pn1_0.user_id 
    from
        project_notifications pn1_0 
    where
        pn1_0.user_id=? 
        and pn1_0.is_read=?
2026-04-28T14:09:22.991+01:00 DEBUG 18332 --- [projet-service] [nio-8082-exec-8] o.s.w.s.m.m.a.HttpEntityMethodProcessor  : Using 'application/json', given [application/json, text/plain, */*] and supported [application/json, application/*+json]
2026-04-28T14:09:22.991+01:00 DEBUG 18332 --- [projet-service] [nio-8082-exec-8] o.s.w.s.m.m.a.HttpEntityMethodProcessor  : Writing [[]]
2026-04-28T14:09:22.991+01:00 DEBUG 18332 --- [projet-service] [nio-8082-exec-8] o.s.web.servlet.DispatcherServlet        : Completed 200 OK
2026-04-28T14:09:42.634+01:00 DEBUG 18332 --- [projet-service] [nio-8082-exec-9] o.s.web.servlet.DispatcherServlet        : GET "/api/project-notifications/user/3/unread", parameters={}
2026-04-28T14:09:42.642+01:00 DEBUG 18332 --- [projet-service] [nio-8082-exec-9] s.w.s.m.m.a.RequestMappingHandlerMapping : Mapped to com.microservices.projetservice.controller.ProjectNotificationController#getUnreadNotificationsByUserId(Long, String)
2026-04-28T14:09:42.648+01:00  INFO 18332 --- [projet-service] [nio-8082-exec-9] c.m.p.s.i.ProjectNotificationServiceImpl : Récupération des notifications non lues pour l'utilisateur: 3 demandées par: 3
2026-04-28T14:09:42.719+01:00 DEBUG 18332 --- [projet-service] [nio-8082-exec-9] o.s.w.c.HttpMessageConverterExtractor    : Reading to [com.microservices.projetservice.feign.UserDTO]
2026-04-28T14:09:42.750+01:00 DEBUG 18332 --- [projet-service] [nio-8082-exec-9] o.s.w.c.HttpMessageConverterExtractor    : Reading to [com.microservices.projetservice.feign.UserDTO]
2026-04-28T14:09:42.750+01:00 DEBUG 18332 --- [projet-service] [nio-8082-exec-9] org.hibernate.SQL                        : 
    select
        pn1_0.id,
        pn1_0.created_at,
        pn1_0.is_read,
        pn1_0.message,
        pn1_0.project_id,
        pn1_0.reminder_sent,
        pn1_0.reminder_sent_at,
        pn1_0.type,
        pn1_0.user_id 
    from
        project_notifications pn1_0 
    where
        pn1_0.user_id=? 
        and pn1_0.is_read=?
Hibernate: 
    select
        pn1_0.id,
        pn1_0.created_at,
        pn1_0.is_read,
        pn1_0.message,
        pn1_0.project_id,
        pn1_0.reminder_sent,
        pn1_0.reminder_sent_at,
        pn1_0.type,
        pn1_0.user_id 
    from
        project_notifications pn1_0 
    where
        pn1_0.user_id=? 
        and pn1_0.is_read=?
2026-04-28T14:09:42.750+01:00 DEBUG 18332 --- [projet-service] [nio-8082-exec-9] o.s.w.s.m.m.a.HttpEntityMethodProcessor  : Using 'application/json', given [application/json, text/plain, */*] and supported [application/json, application/*+json]
2026-04-28T14:09:42.750+01:00 DEBUG 18332 --- [projet-service] [nio-8082-exec-9] o.s.w.s.m.m.a.HttpEntityMethodProcessor  : Writing [[]]
2026-04-28T14:09:42.766+01:00 DEBUG 18332 --- [projet-service] [nio-8082-exec-9] o.s.web.servlet.DispatcherServlet        : Completed 200 OK
2026-04-28T14:09:44.776+01:00 DEBUG 18332 --- [projet-service] [beatExecutor-%d] o.s.web.client.RestTemplate              : HTTP PUT http://localhost:8761/eureka/apps/PROJET-SERVICE/projet-service:fd9e5cf7dbe01c318970a4bcec8c970f?status=UP&lastDirtyTimestamp=1777381304357
2026-04-28T14:09:44.778+01:00 DEBUG 18332 --- [projet-service] [beatExecutor-%d] o.s.web.client.RestTemplate              : Accept=[application/json, application/*+json]
2026-04-28T14:09:44.791+01:00 DEBUG 18332 --- [projet-service] [reshExecutor-%d] o.s.web.client.RestTemplate              : HTTP GET http://localhost:8761/eureka/apps/delta
2026-04-28T14:09:44.793+01:00 DEBUG 18332 --- [projet-service] [reshExecutor-%d] o.s.web.client.RestTemplate              : Accept=[application/json, application/*+json]
2026-04-28T14:09:44.798+01:00 DEBUG 18332 --- [projet-service] [beatExecutor-%d] o.s.web.client.RestTemplate              : Response 200 OK
2026-04-28T14:09:44.810+01:00 DEBUG 18332 --- [projet-service] [reshExecutor-%d] o.s.web.client.RestTemplate              : Response 200 OK
2026-04-28T14:09:44.810+01:00 DEBUG 18332 --- [projet-service] [reshExecutor-%d] o.s.web.client.RestTemplate              : Reading to [org.springframework.cloud.netflix.eureka.http.EurekaApplications]
2026-04-28T14:09:50.054+01:00 DEBUG 18332 --- [projet-service] [nio-8082-exec-1] o.s.web.servlet.DispatcherServlet        : GET "/api/projects/dashboard?userId=2&period=30D", parameters={masked}
2026-04-28T14:09:50.055+01:00 DEBUG 18332 --- [projet-service] [nio-8082-exec-1] s.w.s.m.m.a.RequestMappingHandlerMapping : Mapped to com.microservices.projetservice.controller.ProjectController#getDashboardStats(String, String, String)
2026-04-28T14:09:50.059+01:00  INFO 18332 --- [projet-service] [nio-8082-exec-1] c.m.p.service.impl.ProjectServiceImpl    : Generating project dashboard stats for user: 2 and period: 30D
2026-04-28T14:09:50.086+01:00 DEBUG 18332 --- [projet-service] [nio-8082-exec-1] o.s.w.c.HttpMessageConverterExtractor    : Reading to [com.microservices.projetservice.feign.UserDTO]
2026-04-28T14:09:50.086+01:00 DEBUG 18332 --- [projet-service] [nio-8082-exec-1] org.hibernate.SQL                        : 
    select
        p1_0.id,
        p1_0.actual_end_date,
        p1_0.ai_recommendation,
        p1_0.budget_id,
        p1_0.created_by,
        p1_0.customer_id,
        p1_0.description,
        p1_0.end_date,
        p1_0.name,
        p1_0.objectives,
        p1_0.progress,
        p1_0.project_manager_id,
        p1_0.start_date,
        p1_0.status,
        p1_0.updated_at,
        p1_0.visibility 
    from
        projects p1_0
Hibernate: 
    select
        p1_0.id,
        p1_0.actual_end_date,
        p1_0.ai_recommendation,
        p1_0.budget_id,
        p1_0.created_by,
        p1_0.customer_id,
        p1_0.description,
        p1_0.end_date,
        p1_0.name,
        p1_0.objectives,
        p1_0.progress,
        p1_0.project_manager_id,
        p1_0.start_date,
        p1_0.status,
        p1_0.updated_at,
        p1_0.visibility 
    from
        projects p1_0
2026-04-28T14:09:50.123+01:00 DEBUG 18332 --- [projet-service] [nio-8082-exec-1] o.s.w.c.HttpMessageConverterExtractor    : Reading to [com.microservices.projetservice.feign.UserDTO]
2026-04-28T14:09:50.126+01:00 DEBUG 18332 --- [projet-service] [nio-8082-exec-1] org.hibernate.SQL                        : 
    select
        pm1_0.id,
        pm1_0.is_active,
        pm1_0.joined_date,
        pm1_0.project_id,
        pm1_0.role,
        pm1_0.user_id 
    from
        project_members pm1_0 
    where
        pm1_0.project_id in (?, ?)
Hibernate: 
    select
        pm1_0.id,
        pm1_0.is_active,
        pm1_0.joined_date,
        pm1_0.project_id,
        pm1_0.role,
        pm1_0.user_id 
    from
        project_members pm1_0 
    where
        pm1_0.project_id in (?, ?)
2026-04-28T14:09:50.126+01:00 DEBUG 18332 --- [projet-service] [nio-8082-exec-1] org.hibernate.SQL                        : 
    select
        m1_0.id,
        m1_0.actual_completion_date,
        m1_0.description,
        m1_0.due_date,
        m1_0.is_critical,
        m1_0.project_id,
        m1_0.status,
        m1_0.title 
    from
        milestones m1_0 
    where
        m1_0.project_id in (?, ?)
Hibernate: 
    select
        m1_0.id,
        m1_0.actual_completion_date,
        m1_0.description,
        m1_0.due_date,
        m1_0.is_critical,
        m1_0.project_id,
        m1_0.status,
        m1_0.title 
    from
        milestones m1_0 
    where
        m1_0.project_id in (?, ?)
2026-04-28T14:09:50.126+01:00 DEBUG 18332 --- [projet-service] [nio-8082-exec-1] org.hibernate.SQL                        : 
    select
        pm1_0.id,
        pm1_0.created_by,
        pm1_0.description,
        pm1_0.end_time,
        pm1_0.location,
        pm1_0.meeting_date,
        pm1_0.meeting_link,
        pm1_0.project_id,
        pm1_0.start_time,
        pm1_0.status,
        pm1_0.title 
    from
        project_meetings pm1_0 
    where
        pm1_0.project_id in (?, ?)
Hibernate: 
    select
        pm1_0.id,
        pm1_0.created_by,
        pm1_0.description,
        pm1_0.end_time,
        pm1_0.location,
        pm1_0.meeting_date,
        pm1_0.meeting_link,
        pm1_0.project_id,
        pm1_0.start_time,
        pm1_0.status,
        pm1_0.title 
    from
        project_meetings pm1_0 
    where
        pm1_0.project_id in (?, ?)
2026-04-28T14:09:50.126+01:00 DEBUG 18332 --- [projet-service] [nio-8082-exec-1] org.hibernate.SQL                        : 
    select
        pd1_0.id,
        pd1_0.description,
        pd1_0.file_url,
        pd1_0.name,
        pd1_0.project_id,
        pd1_0.type,
        pd1_0.uploaded_at,
        pd1_0.uploaded_by,
        pd1_0.version 
    from
        project_documents pd1_0 
    where
        pd1_0.project_id in (?, ?)
Hibernate: 
    select
        pd1_0.id,
        pd1_0.description,
        pd1_0.file_url,
        pd1_0.name,
        pd1_0.project_id,
        pd1_0.type,
        pd1_0.uploaded_at,
        pd1_0.uploaded_by,
        pd1_0.version 
    from
        project_documents pd1_0 
    where
        pd1_0.project_id in (?, ?)
2026-04-28T14:09:50.126+01:00 DEBUG 18332 --- [projet-service] [nio-8082-exec-1] org.hibernate.SQL                        : 
    select
        pn1_0.id,
        pn1_0.created_at,
        pn1_0.is_read,
        pn1_0.message,
        pn1_0.project_id,
        pn1_0.reminder_sent,
        pn1_0.reminder_sent_at,
        pn1_0.type,
        pn1_0.user_id 
    from
        project_notifications pn1_0 
    where
        pn1_0.project_id in (?, ?)
Hibernate: 
    select
        pn1_0.id,
        pn1_0.created_at,
        pn1_0.is_read,
        pn1_0.message,
        pn1_0.project_id,
        pn1_0.reminder_sent,
        pn1_0.reminder_sent_at,
        pn1_0.type,
        pn1_0.user_id 
    from
        project_notifications pn1_0 
    where
        pn1_0.project_id in (?, ?)
2026-04-28T14:09:50.142+01:00 DEBUG 18332 --- [projet-service] [nio-8082-exec-1] o.s.w.s.m.m.a.HttpEntityMethodProcessor  : Using 'application/json', given [application/json, text/plain, */*] and supported [application/json, application/*+json]
2026-04-28T14:09:50.142+01:00 DEBUG 18332 --- [projet-service] [nio-8082-exec-1] o.s.w.s.m.m.a.HttpEntityMethodProcessor  : Writing [ProjectDashboardStatsDTO(scope=GLOBAL, userId=null, totalProjects=2, activeProjects=2, completedProj (truncated)...]
2026-04-28T14:09:50.142+01:00 DEBUG 18332 --- [projet-service] [nio-8082-exec-1] o.s.web.servlet.DispatcherServlet        : Completed 200 OK
2026-04-28T14:10:10.086+01:00 DEBUG 18332 --- [projet-service] [nio-8082-exec-2] o.s.web.servlet.DispatcherServlet        : GET "/api/project-notifications/user/2/unread", parameters={}
2026-04-28T14:10:10.105+01:00 DEBUG 18332 --- [projet-service] [nio-8082-exec-2] s.w.s.m.m.a.RequestMappingHandlerMapping : Mapped to com.microservices.projetservice.controller.ProjectNotificationController#getUnreadNotificationsByUserId(Long, String)
2026-04-28T14:10:10.116+01:00  INFO 18332 --- [projet-service] [nio-8082-exec-2] c.m.p.s.i.ProjectNotificationServiceImpl : Récupération des notifications non lues pour l'utilisateur: 2 demandées par: 2
2026-04-28T14:10:10.177+01:00 DEBUG 18332 --- [projet-service] [nio-8082-exec-2] o.s.w.c.HttpMessageConverterExtractor    : Reading to [com.microservices.projetservice.feign.UserDTO]
2026-04-28T14:10:10.177+01:00 DEBUG 18332 --- [projet-service] [nio-8082-exec-2] org.hibernate.SQL                        : 
    select
        pn1_0.id,
        pn1_0.created_at,
        pn1_0.is_read,
        pn1_0.message,
        pn1_0.project_id,
        pn1_0.reminder_sent,
        pn1_0.reminder_sent_at,
        pn1_0.type,
        pn1_0.user_id 
    from
        project_notifications pn1_0 
    where
        pn1_0.user_id=? 
        and pn1_0.is_read=?
Hibernate: 
    select
        pn1_0.id,
        pn1_0.created_at,
        pn1_0.is_read,
        pn1_0.message,
        pn1_0.project_id,
        pn1_0.reminder_sent,
        pn1_0.reminder_sent_at,
        pn1_0.type,
        pn1_0.user_id 
    from
        project_notifications pn1_0 
    where
        pn1_0.user_id=? 
        and pn1_0.is_read=?
2026-04-28T14:10:10.192+01:00 DEBUG 18332 --- [projet-service] [nio-8082-exec-2] o.s.w.s.m.m.a.HttpEntityMethodProcessor  : Using 'application/json', given [application/json, text/plain, */*] and supported [application/json, application/*+json]
2026-04-28T14:10:10.192+01:00 DEBUG 18332 --- [projet-service] [nio-8082-exec-2] o.s.w.s.m.m.a.HttpEntityMethodProcessor  : Writing [[]]
2026-04-28T14:10:10.192+01:00 DEBUG 18332 --- [projet-service] [nio-8082-exec-2] o.s.web.servlet.DispatcherServlet        : Completed 200 OK
2026-04-28T14:10:14.818+01:00 DEBUG 18332 --- [projet-service] [beatExecutor-%d] o.s.web.client.RestTemplate              : HTTP PUT http://localhost:8761/eureka/apps/PROJET-SERVICE/projet-service:fd9e5cf7dbe01c318970a4bcec8c970f?status=UP&lastDirtyTimestamp=1777381304357
2026-04-28T14:10:14.818+01:00 DEBUG 18332 --- [projet-service] [beatExecutor-%d] o.s.web.client.RestTemplate              : Accept=[application/json, application/*+json]
2026-04-28T14:10:14.835+01:00 DEBUG 18332 --- [projet-service] [reshExecutor-%d] o.s.web.client.RestTemplate              : HTTP GET http://localhost:8761/eureka/apps/delta
2026-04-28T14:10:14.843+01:00 DEBUG 18332 --- [projet-service] [reshExecutor-%d] o.s.web.client.RestTemplate              : Accept=[application/json, application/*+json]
2026-04-28T14:10:14.843+01:00 DEBUG 18332 --- [projet-service] [beatExecutor-%d] o.s.web.client.RestTemplate              : Response 200 OK
2026-04-28T14:10:14.877+01:00 DEBUG 18332 --- [projet-service] [reshExecutor-%d] o.s.web.client.RestTemplate              : Response 200 OK
2026-04-28T14:10:14.879+01:00 DEBUG 18332 --- [projet-service] [reshExecutor-%d] o.s.web.client.RestTemplate              : Reading to [org.springframework.cloud.netflix.eureka.http.EurekaApplications]
2026-04-28T14:10:30.055+01:00 DEBUG 18332 --- [projet-service] [nio-8082-exec-4] o.s.web.servlet.DispatcherServlet        : GET "/api/project-notifications/user/2/unread", parameters={}
2026-04-28T14:10:30.055+01:00 DEBUG 18332 --- [projet-service] [nio-8082-exec-4] s.w.s.m.m.a.RequestMappingHandlerMapping : Mapped to com.microservices.projetservice.controller.ProjectNotificationController#getUnreadNotificationsByUserId(Long, String)
2026-04-28T14:10:30.055+01:00  INFO 18332 --- [projet-service] [nio-8082-exec-4] c.m.p.s.i.ProjectNotificationServiceImpl : Récupération des notifications non lues pour l'utilisateur: 2 demandées par: 2
2026-04-28T14:10:30.076+01:00 DEBUG 18332 --- [projet-service] [nio-8082-exec-4] o.s.w.c.HttpMessageConverterExtractor    : Reading to [com.microservices.projetservice.feign.UserDTO]
2026-04-28T14:10:30.077+01:00 DEBUG 18332 --- [projet-service] [nio-8082-exec-4] org.hibernate.SQL                        : 
    select
        pn1_0.id,
        pn1_0.created_at,
        pn1_0.is_read,
        pn1_0.message,
        pn1_0.project_id,
        pn1_0.reminder_sent,
        pn1_0.reminder_sent_at,
        pn1_0.type,
        pn1_0.user_id 
    from
        project_notifications pn1_0 
    where
        pn1_0.user_id=? 
        and pn1_0.is_read=?
Hibernate: 
    select
        pn1_0.id,
        pn1_0.created_at,
        pn1_0.is_read,
        pn1_0.message,
        pn1_0.project_id,
        pn1_0.reminder_sent,
        pn1_0.reminder_sent_at,
        pn1_0.type,
        pn1_0.user_id 
    from
        project_notifications pn1_0 
    where
        pn1_0.user_id=? 
        and pn1_0.is_read=?
2026-04-28T14:10:30.077+01:00 DEBUG 18332 --- [projet-service] [nio-8082-exec-4] o.s.w.s.m.m.a.HttpEntityMethodProcessor  : Using 'application/json', given [application/json, text/plain, */*] and supported [application/json, application/*+json]
2026-04-28T14:10:30.077+01:00 DEBUG 18332 --- [projet-service] [nio-8082-exec-4] o.s.w.s.m.m.a.HttpEntityMethodProcessor  : Writing [[]]
2026-04-28T14:10:30.077+01:00 DEBUG 18332 --- [projet-service] [nio-8082-exec-4] o.s.web.servlet.DispatcherServlet        : Completed 200 OK
2026-04-28T14:10:44.865+01:00 DEBUG 18332 --- [projet-service] [beatExecutor-%d] o.s.web.client.RestTemplate              : HTTP PUT http://localhost:8761/eureka/apps/PROJET-SERVICE/projet-service:fd9e5cf7dbe01c318970a4bcec8c970f?status=UP&lastDirtyTimestamp=1777381304357
2026-04-28T14:10:44.871+01:00 DEBUG 18332 --- [projet-service] [beatExecutor-%d] o.s.web.client.RestTemplate              : Accept=[application/json, application/*+json]
2026-04-28T14:10:44.882+01:00 DEBUG 18332 --- [projet-service] [beatExecutor-%d] o.s.web.client.RestTemplate              : Response 200 OK
2026-04-28T14:10:44.896+01:00 DEBUG 18332 --- [projet-service] [reshExecutor-%d] o.s.web.client.RestTemplate              : HTTP GET http://localhost:8761/eureka/apps/delta
2026-04-28T14:10:44.896+01:00 DEBUG 18332 --- [projet-service] [reshExecutor-%d] o.s.web.client.RestTemplate              : Accept=[application/json, application/*+json]
2026-04-28T14:10:44.913+01:00 DEBUG 18332 --- [projet-service] [reshExecutor-%d] o.s.web.client.RestTemplate              : Response 200 OK
2026-04-28T14:10:44.913+01:00 DEBUG 18332 --- [projet-service] [reshExecutor-%d] o.s.web.client.RestTemplate              : Reading to [org.springframework.cloud.netflix.eureka.http.EurekaApplications]
2026-04-28T14:10:50.967+01:00 DEBUG 18332 --- [projet-service] [nio-8082-exec-3] o.s.web.servlet.DispatcherServlet        : GET "/api/project-notifications/user/2/unread", parameters={}
2026-04-28T14:10:50.971+01:00 DEBUG 18332 --- [projet-service] [nio-8082-exec-3] s.w.s.m.m.a.RequestMappingHandlerMapping : Mapped to com.microservices.projetservice.controller.ProjectNotificationController#getUnreadNotificationsByUserId(Long, String)
2026-04-28T14:10:50.973+01:00  INFO 18332 --- [projet-service] [nio-8082-exec-3] c.m.p.s.i.ProjectNotificationServiceImpl : Récupération des notifications non lues pour l'utilisateur: 2 demandées par: 2
2026-04-28T14:10:50.988+01:00 DEBUG 18332 --- [projet-service] [nio-8082-exec-3] o.s.w.c.HttpMessageConverterExtractor    : Reading to [com.microservices.projetservice.feign.UserDTO]
2026-04-28T14:10:50.989+01:00 DEBUG 18332 --- [projet-service] [nio-8082-exec-3] org.hibernate.SQL                        : 
    select
        pn1_0.id,
        pn1_0.created_at,
        pn1_0.is_read,
        pn1_0.message,
        pn1_0.project_id,
        pn1_0.reminder_sent,
        pn1_0.reminder_sent_at,
        pn1_0.type,
        pn1_0.user_id 
    from
        project_notifications pn1_0 
    where
        pn1_0.user_id=? 
        and pn1_0.is_read=?
Hibernate: 
    select
        pn1_0.id,
        pn1_0.created_at,
        pn1_0.is_read,
        pn1_0.message,
        pn1_0.project_id,
        pn1_0.reminder_sent,
        pn1_0.reminder_sent_at,
        pn1_0.type,
        pn1_0.user_id 
    from
        project_notifications pn1_0 
    where
        pn1_0.user_id=? 
        and pn1_0.is_read=?
2026-04-28T14:10:50.990+01:00 DEBUG 18332 --- [projet-service] [nio-8082-exec-3] o.s.w.s.m.m.a.HttpEntityMethodProcessor  : Using 'application/json', given [application/json, text/plain, */*] and supported [application/json, application/*+json]
2026-04-28T14:10:50.991+01:00 DEBUG 18332 --- [projet-service] [nio-8082-exec-3] o.s.w.s.m.m.a.HttpEntityMethodProcessor  : Writing [[]]
2026-04-28T14:10:50.991+01:00 DEBUG 18332 --- [projet-service] [nio-8082-exec-3] o.s.web.servlet.DispatcherServlet        : Completed 200 OK
2026-04-28T14:11:10.968+01:00 DEBUG 18332 --- [projet-service] [nio-8082-exec-6] o.s.web.servlet.DispatcherServlet        : GET "/api/project-notifications/user/2/unread", parameters={}
2026-04-28T14:11:10.968+01:00 DEBUG 18332 --- [projet-service] [nio-8082-exec-6] s.w.s.m.m.a.RequestMappingHandlerMapping : Mapped to com.microservices.projetservice.controller.ProjectNotificationController#getUnreadNotificationsByUserId(Long, String)
2026-04-28T14:11:10.996+01:00  INFO 18332 --- [projet-service] [nio-8082-exec-6] c.m.p.s.i.ProjectNotificationServiceImpl : Récupération des notifications non lues pour l'utilisateur: 2 demandées par: 2
2026-04-28T14:11:11.067+01:00 DEBUG 18332 --- [projet-service] [nio-8082-exec-6] o.s.w.c.HttpMessageConverterExtractor    : Reading to [com.microservices.projetservice.feign.UserDTO]
2026-04-28T14:11:11.078+01:00 DEBUG 18332 --- [projet-service] [nio-8082-exec-6] org.hibernate.SQL                        : 
    select
        pn1_0.id,
        pn1_0.created_at,
        pn1_0.is_read,
        pn1_0.message,
        pn1_0.project_id,
        pn1_0.reminder_sent,
        pn1_0.reminder_sent_at,
        pn1_0.type,
        pn1_0.user_id 
    from
        project_notifications pn1_0 
    where
        pn1_0.user_id=? 
        and pn1_0.is_read=?
Hibernate: 
    select
        pn1_0.id,
        pn1_0.created_at,
        pn1_0.is_read,
        pn1_0.message,
        pn1_0.project_id,
        pn1_0.reminder_sent,
        pn1_0.reminder_sent_at,
        pn1_0.type,
        pn1_0.user_id 
    from
        project_notifications pn1_0 
    where
        pn1_0.user_id=? 
        and pn1_0.is_read=?
2026-04-28T14:11:11.094+01:00 DEBUG 18332 --- [projet-service] [nio-8082-exec-6] o.s.w.s.m.m.a.HttpEntityMethodProcessor  : Using 'application/json', given [application/json, text/plain, */*] and supported [application/json, application/*+json]
2026-04-28T14:11:11.094+01:00 DEBUG 18332 --- [projet-service] [nio-8082-exec-6] o.s.w.s.m.m.a.HttpEntityMethodProcessor  : Writing [[]]
2026-04-28T14:11:11.094+01:00 DEBUG 18332 --- [projet-service] [nio-8082-exec-6] o.s.web.servlet.DispatcherServlet        : Completed 200 OK
2026-04-28T14:11:14.885+01:00 DEBUG 18332 --- [projet-service] [beatExecutor-%d] o.s.web.client.RestTemplate              : HTTP PUT http://localhost:8761/eureka/apps/PROJET-SERVICE/projet-service:fd9e5cf7dbe01c318970a4bcec8c970f?status=UP&lastDirtyTimestamp=1777381304357
2026-04-28T14:11:14.885+01:00 DEBUG 18332 --- [projet-service] [beatExecutor-%d] o.s.web.client.RestTemplate              : Accept=[application/json, application/*+json]
2026-04-28T14:11:14.892+01:00 DEBUG 18332 --- [projet-service] [beatExecutor-%d] o.s.web.client.RestTemplate              : Response 200 OK
2026-04-28T14:11:14.919+01:00 DEBUG 18332 --- [projet-service] [reshExecutor-%d] o.s.web.client.RestTemplate              : HTTP GET http://localhost:8761/eureka/apps/delta
2026-04-28T14:11:14.919+01:00 DEBUG 18332 --- [projet-service] [reshExecutor-%d] o.s.web.client.RestTemplate              : Accept=[application/json, application/*+json]
2026-04-28T14:11:14.926+01:00 DEBUG 18332 --- [projet-service] [reshExecutor-%d] o.s.web.client.RestTemplate              : Response 200 OK
2026-04-28T14:11:14.926+01:00 DEBUG 18332 --- [projet-service] [reshExecutor-%d] o.s.web.client.RestTemplate              : Reading to [org.springframework.cloud.netflix.eureka.http.EurekaApplications]
2026-04-28T14:11:31.315+01:00 DEBUG 18332 --- [projet-service] [nio-8082-exec-5] o.s.web.servlet.DispatcherServlet        : GET "/api/project-notifications/user/2/unread", parameters={}
2026-04-28T14:11:31.323+01:00 DEBUG 18332 --- [projet-service] [nio-8082-exec-5] s.w.s.m.m.a.RequestMappingHandlerMapping : Mapped to com.microservices.projetservice.controller.ProjectNotificationController#getUnreadNotificationsByUserId(Long, String)
2026-04-28T14:11:31.450+01:00  INFO 18332 --- [projet-service] [nio-8082-exec-5] c.m.p.s.i.ProjectNotificationServiceImpl : Récupération des notifications non lues pour l'utilisateur: 2 demandées par: 2
2026-04-28T14:11:31.847+01:00 DEBUG 18332 --- [projet-service] [nio-8082-exec-5] o.s.w.c.HttpMessageConverterExtractor    : Reading to [com.microservices.projetservice.feign.UserDTO]
2026-04-28T14:11:31.855+01:00 DEBUG 18332 --- [projet-service] [nio-8082-exec-5] org.hibernate.SQL                        : 
    select
        pn1_0.id,
        pn1_0.created_at,
        pn1_0.is_read,
        pn1_0.message,
        pn1_0.project_id,
        pn1_0.reminder_sent,
        pn1_0.reminder_sent_at,
        pn1_0.type,
        pn1_0.user_id 
    from
        project_notifications pn1_0 
    where
        pn1_0.user_id=? 
        and pn1_0.is_read=?
Hibernate: 
    select
        pn1_0.id,
        pn1_0.created_at,
        pn1_0.is_read,
        pn1_0.message,
        pn1_0.project_id,
        pn1_0.reminder_sent,
        pn1_0.reminder_sent_at,
        pn1_0.type,
        pn1_0.user_id 
    from
        project_notifications pn1_0 
    where
        pn1_0.user_id=? 
        and pn1_0.is_read=?
2026-04-28T14:11:31.860+01:00 DEBUG 18332 --- [projet-service] [nio-8082-exec-5] o.s.w.s.m.m.a.HttpEntityMethodProcessor  : Using 'application/json', given [application/json, text/plain, */*] and supported [application/json, application/*+json]
2026-04-28T14:11:31.860+01:00 DEBUG 18332 --- [projet-service] [nio-8082-exec-5] o.s.w.s.m.m.a.HttpEntityMethodProcessor  : Writing [[]]
2026-04-28T14:11:31.861+01:00 DEBUG 18332 --- [projet-service] [nio-8082-exec-5] o.s.web.servlet.DispatcherServlet        : Completed 200 OK
2026-04-28T14:11:44.195+01:00  INFO 18332 --- [projet-service] [rap-executor-%d] c.n.d.s.r.aws.ConfigClusterResolver      : Resolving eureka endpoints via configuration
2026-04-28T14:11:44.904+01:00 DEBUG 18332 --- [projet-service] [beatExecutor-%d] o.s.web.client.RestTemplate              : HTTP PUT http://localhost:8761/eureka/apps/PROJET-SERVICE/projet-service:fd9e5cf7dbe01c318970a4bcec8c970f?status=UP&lastDirtyTimestamp=1777381304357
2026-04-28T14:11:44.909+01:00 DEBUG 18332 --- [projet-service] [beatExecutor-%d] o.s.web.client.RestTemplate              : Accept=[application/json, application/*+json]
2026-04-28T14:11:44.944+01:00 DEBUG 18332 --- [projet-service] [reshExecutor-%d] o.s.web.client.RestTemplate              : HTTP GET http://localhost:8761/eureka/apps/delta
2026-04-28T14:11:44.945+01:00 DEBUG 18332 --- [projet-service] [reshExecutor-%d] o.s.web.client.RestTemplate              : Accept=[application/json, application/*+json]
2026-04-28T14:11:44.950+01:00 DEBUG 18332 --- [projet-service] [beatExecutor-%d] o.s.web.client.RestTemplate              : Response 200 OK
2026-04-28T14:11:44.971+01:00 DEBUG 18332 --- [projet-service] [reshExecutor-%d] o.s.web.client.RestTemplate              : Response 200 OK
2026-04-28T14:11:44.973+01:00 DEBUG 18332 --- [projet-service] [reshExecutor-%d] o.s.web.client.RestTemplate              : Reading to [org.springframework.cloud.netflix.eureka.http.EurekaApplications]
2026-04-28T14:12:13.004+01:00 DEBUG 18332 --- [projet-service] [nio-8082-exec-7] o.s.web.servlet.DispatcherServlet        : GET "/api/project-notifications/user/2/unread", parameters={}
2026-04-28T14:12:13.011+01:00 DEBUG 18332 --- [projet-service] [nio-8082-exec-7] s.w.s.m.m.a.RequestMappingHandlerMapping : Mapped to com.microservices.projetservice.controller.ProjectNotificationController#getUnreadNotificationsByUserId(Long, String)
2026-04-28T14:12:13.019+01:00  INFO 18332 --- [projet-service] [nio-8082-exec-7] c.m.p.s.i.ProjectNotificationServiceImpl : Récupération des notifications non lues pour l'utilisateur: 2 demandées par: 2
2026-04-28T14:12:13.049+01:00 DEBUG 18332 --- [projet-service] [nio-8082-exec-7] o.s.w.c.HttpMessageConverterExtractor    : Reading to [com.microservices.projetservice.feign.UserDTO]
2026-04-28T14:12:13.049+01:00 DEBUG 18332 --- [projet-service] [nio-8082-exec-7] org.hibernate.SQL                        : 
    select
        pn1_0.id,
        pn1_0.created_at,
        pn1_0.is_read,
        pn1_0.message,
        pn1_0.project_id,
        pn1_0.reminder_sent,
        pn1_0.reminder_sent_at,
        pn1_0.type,
        pn1_0.user_id 
    from
        project_notifications pn1_0 
    where
        pn1_0.user_id=? 
        and pn1_0.is_read=?
Hibernate: 
    select
        pn1_0.id,
        pn1_0.created_at,
        pn1_0.is_read,
        pn1_0.message,
        pn1_0.project_id,
        pn1_0.reminder_sent,
        pn1_0.reminder_sent_at,
        pn1_0.type,
        pn1_0.user_id 
    from
        project_notifications pn1_0 
    where
        pn1_0.user_id=? 
        and pn1_0.is_read=?
2026-04-28T14:12:13.066+01:00 DEBUG 18332 --- [projet-service] [nio-8082-exec-7] o.s.w.s.m.m.a.HttpEntityMethodProcessor  : Using 'application/json', given [application/json, text/plain, */*] and supported [application/json, application/*+json]
2026-04-28T14:12:13.066+01:00 DEBUG 18332 --- [projet-service] [nio-8082-exec-7] o.s.w.s.m.m.a.HttpEntityMethodProcessor  : Writing [[]]
2026-04-28T14:12:13.068+01:00 DEBUG 18332 --- [projet-service] [nio-8082-exec-7] o.s.web.servlet.DispatcherServlet        : Completed 200 OK
2026-04-28T14:12:14.953+01:00 DEBUG 18332 --- [projet-service] [beatExecutor-%d] o.s.web.client.RestTemplate              : HTTP PUT http://localhost:8761/eureka/apps/PROJET-SERVICE/projet-service:fd9e5cf7dbe01c318970a4bcec8c970f?status=UP&lastDirtyTimestamp=1777381304357
2026-04-28T14:12:14.957+01:00 DEBUG 18332 --- [projet-service] [beatExecutor-%d] o.s.web.client.RestTemplate              : Accept=[application/json, application/*+json]
2026-04-28T14:12:14.965+01:00 DEBUG 18332 --- [projet-service] [beatExecutor-%d] o.s.web.client.RestTemplate              : Response 200 OK
2026-04-28T14:12:14.993+01:00 DEBUG 18332 --- [projet-service] [reshExecutor-%d] o.s.web.client.RestTemplate              : HTTP GET http://localhost:8761/eureka/apps/delta
2026-04-28T14:12:14.996+01:00 DEBUG 18332 --- [projet-service] [reshExecutor-%d] o.s.web.client.RestTemplate              : Accept=[application/json, application/*+json]
2026-04-28T14:12:15.002+01:00 DEBUG 18332 --- [projet-service] [reshExecutor-%d] o.s.web.client.RestTemplate              : Response 200 OK
2026-04-28T14:12:15.003+01:00 DEBUG 18332 --- [projet-service] [reshExecutor-%d] o.s.web.client.RestTemplate              : Reading to [org.springframework.cloud.netflix.eureka.http.EurekaApplications]
2026-04-28T14:12:44.973+01:00 DEBUG 18332 --- [projet-service] [beatExecutor-%d] o.s.web.client.RestTemplate              : HTTP PUT http://localhost:8761/eureka/apps/PROJET-SERVICE/projet-service:fd9e5cf7dbe01c318970a4bcec8c970f?status=UP&lastDirtyTimestamp=1777381304357
2026-04-28T14:12:44.974+01:00 DEBUG 18332 --- [projet-service] [beatExecutor-%d] o.s.web.client.RestTemplate              : Accept=[application/json, application/*+json]
2026-04-28T14:12:44.987+01:00 DEBUG 18332 --- [projet-service] [beatExecutor-%d] o.s.web.client.RestTemplate              : Response 200 OK
2026-04-28T14:12:45.021+01:00 DEBUG 18332 --- [projet-service] [reshExecutor-%d] o.s.web.client.RestTemplate              : HTTP GET http://localhost:8761/eureka/apps/delta
2026-04-28T14:12:45.025+01:00 DEBUG 18332 --- [projet-service] [reshExecutor-%d] o.s.web.client.RestTemplate              : Accept=[application/json, application/*+json]
2026-04-28T14:12:45.064+01:00 DEBUG 18332 --- [projet-service] [reshExecutor-%d] o.s.web.client.RestTemplate              : Response 200 OK
2026-04-28T14:12:45.067+01:00 DEBUG 18332 --- [projet-service] [reshExecutor-%d] o.s.web.client.RestTemplate              : Reading to [org.springframework.cloud.netflix.eureka.http.EurekaApplications]
2026-04-28T14:13:13.007+01:00 DEBUG 18332 --- [projet-service] [nio-8082-exec-8] o.s.web.servlet.DispatcherServlet        : GET "/api/project-notifications/user/2/unread", parameters={}
2026-04-28T14:13:13.016+01:00 DEBUG 18332 --- [projet-service] [nio-8082-exec-8] s.w.s.m.m.a.RequestMappingHandlerMapping : Mapped to com.microservices.projetservice.controller.ProjectNotificationController#getUnreadNotificationsByUserId(Long, String)
2026-04-28T14:13:13.023+01:00  INFO 18332 --- [projet-service] [nio-8082-exec-8] c.m.p.s.i.ProjectNotificationServiceImpl : Récupération des notifications non lues pour l'utilisateur: 2 demandées par: 2
2026-04-28T14:13:13.048+01:00 DEBUG 18332 --- [projet-service] [nio-8082-exec-8] o.s.w.c.HttpMessageConverterExtractor    : Reading to [com.microservices.projetservice.feign.UserDTO]
2026-04-28T14:13:13.048+01:00 DEBUG 18332 --- [projet-service] [nio-8082-exec-8] org.hibernate.SQL                        : 
    select
        pn1_0.id,
        pn1_0.created_at,
        pn1_0.is_read,
        pn1_0.message,
        pn1_0.project_id,
        pn1_0.reminder_sent,
        pn1_0.reminder_sent_at,
        pn1_0.type,
        pn1_0.user_id 
    from
        project_notifications pn1_0 
    where
        pn1_0.user_id=? 
        and pn1_0.is_read=?
Hibernate: 
    select
        pn1_0.id,
        pn1_0.created_at,
        pn1_0.is_read,
        pn1_0.message,
        pn1_0.project_id,
        pn1_0.reminder_sent,
        pn1_0.reminder_sent_at,
        pn1_0.type,
        pn1_0.user_id 
    from
        project_notifications pn1_0 
    where
        pn1_0.user_id=? 
        and pn1_0.is_read=?
2026-04-28T14:13:13.048+01:00 DEBUG 18332 --- [projet-service] [nio-8082-exec-8] o.s.w.s.m.m.a.HttpEntityMethodProcessor  : Using 'application/json', given [application/json, text/plain, */*] and supported [application/json, application/*+json]
2026-04-28T14:13:13.048+01:00 DEBUG 18332 --- [projet-service] [nio-8082-exec-8] o.s.w.s.m.m.a.HttpEntityMethodProcessor  : Writing [[]]
2026-04-28T14:13:13.048+01:00 DEBUG 18332 --- [projet-service] [nio-8082-exec-8] o.s.web.servlet.DispatcherServlet        : Completed 200 OK
2026-04-28T14:13:14.999+01:00 DEBUG 18332 --- [projet-service] [beatExecutor-%d] o.s.web.client.RestTemplate              : HTTP PUT http://localhost:8761/eureka/apps/PROJET-SERVICE/projet-service:fd9e5cf7dbe01c318970a4bcec8c970f?status=UP&lastDirtyTimestamp=1777381304357
2026-04-28T14:13:14.999+01:00 DEBUG 18332 --- [projet-service] [beatExecutor-%d] o.s.web.client.RestTemplate              : Accept=[application/json, application/*+json]
2026-04-28T14:13:15.014+01:00 DEBUG 18332 --- [projet-service] [beatExecutor-%d] o.s.web.client.RestTemplate              : Response 200 OK
2026-04-28T14:13:15.072+01:00 DEBUG 18332 --- [projet-service] [reshExecutor-%d] o.s.web.client.RestTemplate              : HTTP GET http://localhost:8761/eureka/apps/delta
2026-04-28T14:13:15.076+01:00 DEBUG 18332 --- [projet-service] [reshExecutor-%d] o.s.web.client.RestTemplate              : Accept=[application/json, application/*+json]
2026-04-28T14:13:15.093+01:00 DEBUG 18332 --- [projet-service] [reshExecutor-%d] o.s.web.client.RestTemplate              : Response 200 OK
2026-04-28T14:13:15.095+01:00 DEBUG 18332 --- [projet-service] [reshExecutor-%d] o.s.web.client.RestTemplate              : Reading to [org.springframework.cloud.netflix.eureka.http.EurekaApplications]
2026-04-28T14:13:45.020+01:00 DEBUG 18332 --- [projet-service] [beatExecutor-%d] o.s.web.client.RestTemplate              : HTTP PUT http://localhost:8761/eureka/apps/PROJET-SERVICE/projet-service:fd9e5cf7dbe01c318970a4bcec8c970f?status=UP&lastDirtyTimestamp=1777381304357
2026-04-28T14:13:45.024+01:00 DEBUG 18332 --- [projet-service] [beatExecutor-%d] o.s.web.client.RestTemplate              : Accept=[application/json, application/*+json]
2026-04-28T14:13:45.033+01:00 DEBUG 18332 --- [projet-service] [beatExecutor-%d] o.s.web.client.RestTemplate              : Response 200 OK
2026-04-28T14:13:45.102+01:00 DEBUG 18332 --- [projet-service] [reshExecutor-%d] o.s.web.client.RestTemplate              : HTTP GET http://localhost:8761/eureka/apps/delta
2026-04-28T14:13:45.102+01:00 DEBUG 18332 --- [projet-service] [reshExecutor-%d] o.s.web.client.RestTemplate              : Accept=[application/json, application/*+json]
2026-04-28T14:13:45.113+01:00 DEBUG 18332 --- [projet-service] [reshExecutor-%d] o.s.web.client.RestTemplate              : Response 200 OK
2026-04-28T14:13:45.115+01:00 DEBUG 18332 --- [projet-service] [reshExecutor-%d] o.s.web.client.RestTemplate              : Reading to [org.springframework.cloud.netflix.eureka.http.EurekaApplications]
2026-04-28T14:14:10.998+01:00 DEBUG 18332 --- [projet-service] [nio-8082-exec-9] o.s.web.servlet.DispatcherServlet        : GET "/api/project-notifications/user/2/unread", parameters={}
2026-04-28T14:14:11.013+01:00 DEBUG 18332 --- [projet-service] [nio-8082-exec-9] s.w.s.m.m.a.RequestMappingHandlerMapping : Mapped to com.microservices.projetservice.controller.ProjectNotificationController#getUnreadNotificationsByUserId(Long, String)
2026-04-28T14:14:11.035+01:00  INFO 18332 --- [projet-service] [nio-8082-exec-9] c.m.p.s.i.ProjectNotificationServiceImpl : Récupération des notifications non lues pour l'utilisateur: 2 demandées par: 2
2026-04-28T14:14:11.098+01:00 DEBUG 18332 --- [projet-service] [nio-8082-exec-9] o.s.w.c.HttpMessageConverterExtractor    : Reading to [com.microservices.projetservice.feign.UserDTO]
2026-04-28T14:14:11.107+01:00 DEBUG 18332 --- [projet-service] [nio-8082-exec-9] org.hibernate.SQL                        : 
    select
        pn1_0.id,
        pn1_0.created_at,
        pn1_0.is_read,
        pn1_0.message,
        pn1_0.project_id,
        pn1_0.reminder_sent,
        pn1_0.reminder_sent_at,
        pn1_0.type,
        pn1_0.user_id 
    from
        project_notifications pn1_0 
    where
        pn1_0.user_id=? 
        and pn1_0.is_read=?
Hibernate: 
    select
        pn1_0.id,
        pn1_0.created_at,
        pn1_0.is_read,
        pn1_0.message,
        pn1_0.project_id,
        pn1_0.reminder_sent,
        pn1_0.reminder_sent_at,
        pn1_0.type,
        pn1_0.user_id 
    from
        project_notifications pn1_0 
    where
        pn1_0.user_id=? 
        and pn1_0.is_read=?
2026-04-28T14:14:11.112+01:00 DEBUG 18332 --- [projet-service] [nio-8082-exec-9] o.s.w.s.m.m.a.HttpEntityMethodProcessor  : Using 'application/json', given [application/json, text/plain, */*] and supported [application/json, application/*+json]
2026-04-28T14:14:11.113+01:00 DEBUG 18332 --- [projet-service] [nio-8082-exec-9] o.s.w.s.m.m.a.HttpEntityMethodProcessor  : Writing [[]]
2026-04-28T14:14:11.114+01:00 DEBUG 18332 --- [projet-service] [nio-8082-exec-9] o.s.web.servlet.DispatcherServlet        : Completed 200 OK
2026-04-28T14:14:15.054+01:00 DEBUG 18332 --- [projet-service] [beatExecutor-%d] o.s.web.client.RestTemplate              : HTTP PUT http://localhost:8761/eureka/apps/PROJET-SERVICE/projet-service:fd9e5cf7dbe01c318970a4bcec8c970f?status=UP&lastDirtyTimestamp=1777381304357
2026-04-28T14:14:15.061+01:00 DEBUG 18332 --- [projet-service] [beatExecutor-%d] o.s.web.client.RestTemplate              : Accept=[application/json, application/*+json]
2026-04-28T14:14:15.069+01:00 DEBUG 18332 --- [projet-service] [beatExecutor-%d] o.s.web.client.RestTemplate              : Response 200 OK
2026-04-28T14:14:15.129+01:00 DEBUG 18332 --- [projet-service] [reshExecutor-%d] o.s.web.client.RestTemplate              : HTTP GET http://localhost:8761/eureka/apps/delta
2026-04-28T14:14:15.130+01:00 DEBUG 18332 --- [projet-service] [reshExecutor-%d] o.s.web.client.RestTemplate              : Accept=[application/json, application/*+json]
2026-04-28T14:14:15.137+01:00 DEBUG 18332 --- [projet-service] [reshExecutor-%d] o.s.web.client.RestTemplate              : Response 200 OK
2026-04-28T14:14:15.138+01:00 DEBUG 18332 --- [projet-service] [reshExecutor-%d] o.s.web.client.RestTemplate              : Reading to [org.springframework.cloud.netflix.eureka.http.EurekaApplications]
2026-04-28T14:14:30.983+01:00 DEBUG 18332 --- [projet-service] [io-8082-exec-10] o.s.web.servlet.DispatcherServlet        : GET "/api/project-notifications/user/2/unread", parameters={}
2026-04-28T14:14:30.983+01:00 DEBUG 18332 --- [projet-service] [io-8082-exec-10] s.w.s.m.m.a.RequestMappingHandlerMapping : Mapped to com.microservices.projetservice.controller.ProjectNotificationController#getUnreadNotificationsByUserId(Long, String)
2026-04-28T14:14:31.022+01:00  INFO 18332 --- [projet-service] [io-8082-exec-10] c.m.p.s.i.ProjectNotificationServiceImpl : Récupération des notifications non lues pour l'utilisateur: 2 demandées par: 2
2026-04-28T14:14:31.077+01:00 DEBUG 18332 --- [projet-service] [io-8082-exec-10] o.s.w.c.HttpMessageConverterExtractor    : Reading to [com.microservices.projetservice.feign.UserDTO]
2026-04-28T14:14:31.092+01:00 DEBUG 18332 --- [projet-service] [io-8082-exec-10] org.hibernate.SQL                        : 
    select
        pn1_0.id,
        pn1_0.created_at,
        pn1_0.is_read,
        pn1_0.message,
        pn1_0.project_id,
        pn1_0.reminder_sent,
        pn1_0.reminder_sent_at,
        pn1_0.type,
        pn1_0.user_id 
    from
        project_notifications pn1_0 
    where
        pn1_0.user_id=? 
        and pn1_0.is_read=?
Hibernate: 
    select
        pn1_0.id,
        pn1_0.created_at,
        pn1_0.is_read,
        pn1_0.message,
        pn1_0.project_id,
        pn1_0.reminder_sent,
        pn1_0.reminder_sent_at,
        pn1_0.type,
        pn1_0.user_id 
    from
        project_notifications pn1_0 
    where
        pn1_0.user_id=? 
        and pn1_0.is_read=?
2026-04-28T14:14:31.107+01:00 DEBUG 18332 --- [projet-service] [io-8082-exec-10] o.s.w.s.m.m.a.HttpEntityMethodProcessor  : Using 'application/json', given [application/json, text/plain, */*] and supported [application/json, application/*+json]
2026-04-28T14:14:31.107+01:00 DEBUG 18332 --- [projet-service] [io-8082-exec-10] o.s.w.s.m.m.a.HttpEntityMethodProcessor  : Writing [[]]
2026-04-28T14:14:31.126+01:00 DEBUG 18332 --- [projet-service] [io-8082-exec-10] o.s.web.servlet.DispatcherServlet        : Completed 200 OK
2026-04-28T14:14:45.085+01:00 DEBUG 18332 --- [projet-service] [beatExecutor-%d] o.s.web.client.RestTemplate              : HTTP PUT http://localhost:8761/eureka/apps/PROJET-SERVICE/projet-service:fd9e5cf7dbe01c318970a4bcec8c970f?status=UP&lastDirtyTimestamp=1777381304357
2026-04-28T14:14:45.085+01:00 DEBUG 18332 --- [projet-service] [beatExecutor-%d] o.s.web.client.RestTemplate              : Accept=[application/json, application/*+json]
2026-04-28T14:14:45.096+01:00 DEBUG 18332 --- [projet-service] [beatExecutor-%d] o.s.web.client.RestTemplate              : Response 200 OK
2026-04-28T14:14:45.142+01:00 DEBUG 18332 --- [projet-service] [reshExecutor-%d] o.s.web.client.RestTemplate              : HTTP GET http://localhost:8761/eureka/apps/delta
2026-04-28T14:14:45.143+01:00 DEBUG 18332 --- [projet-service] [reshExecutor-%d] o.s.web.client.RestTemplate              : Accept=[application/json, application/*+json]
2026-04-28T14:14:45.152+01:00 DEBUG 18332 --- [projet-service] [reshExecutor-%d] o.s.web.client.RestTemplate              : Response 200 OK
2026-04-28T14:14:45.152+01:00 DEBUG 18332 --- [projet-service] [reshExecutor-%d] o.s.web.client.RestTemplate              : Reading to [org.springframework.cloud.netflix.eureka.http.EurekaApplications]
2026-04-28T14:14:50.962+01:00 DEBUG 18332 --- [projet-service] [nio-8082-exec-1] o.s.web.servlet.DispatcherServlet        : GET "/api/project-notifications/user/2/unread", parameters={}
2026-04-28T14:14:50.978+01:00 DEBUG 18332 --- [projet-service] [nio-8082-exec-1] s.w.s.m.m.a.RequestMappingHandlerMapping : Mapped to com.microservices.projetservice.controller.ProjectNotificationController#getUnreadNotificationsByUserId(Long, String)
2026-04-28T14:14:51.005+01:00  INFO 18332 --- [projet-service] [nio-8082-exec-1] c.m.p.s.i.ProjectNotificationServiceImpl : Récupération des notifications non lues pour l'utilisateur: 2 demandées par: 2
2026-04-28T14:14:51.068+01:00 DEBUG 18332 --- [projet-service] [nio-8082-exec-1] o.s.w.c.HttpMessageConverterExtractor    : Reading to [com.microservices.projetservice.feign.UserDTO]
2026-04-28T14:14:51.076+01:00 DEBUG 18332 --- [projet-service] [nio-8082-exec-1] org.hibernate.SQL                        : 
    select
        pn1_0.id,
        pn1_0.created_at,
        pn1_0.is_read,
        pn1_0.message,
        pn1_0.project_id,
        pn1_0.reminder_sent,
        pn1_0.reminder_sent_at,
        pn1_0.type,
        pn1_0.user_id 
    from
        project_notifications pn1_0 
    where
        pn1_0.user_id=? 
        and pn1_0.is_read=?
Hibernate: 
    select
        pn1_0.id,
        pn1_0.created_at,
        pn1_0.is_read,
        pn1_0.message,
        pn1_0.project_id,
        pn1_0.reminder_sent,
        pn1_0.reminder_sent_at,
        pn1_0.type,
        pn1_0.user_id 
    from
        project_notifications pn1_0 
    where
        pn1_0.user_id=? 
        and pn1_0.is_read=?
2026-04-28T14:14:51.085+01:00 DEBUG 18332 --- [projet-service] [nio-8082-exec-1] o.s.w.s.m.m.a.HttpEntityMethodProcessor  : Using 'application/json', given [application/json, text/plain, */*] and supported [application/json, application/*+json]
2026-04-28T14:14:51.087+01:00 DEBUG 18332 --- [projet-service] [nio-8082-exec-1] o.s.w.s.m.m.a.HttpEntityMethodProcessor  : Writing [[]]
2026-04-28T14:14:51.087+01:00 DEBUG 18332 --- [projet-service] [nio-8082-exec-1] o.s.web.servlet.DispatcherServlet        : Completed 200 OK
2026-04-28T14:15:10.980+01:00 DEBUG 18332 --- [projet-service] [nio-8082-exec-2] o.s.web.servlet.DispatcherServlet        : GET "/api/project-notifications/user/2/unread", parameters={}
2026-04-28T14:15:10.982+01:00 DEBUG 18332 --- [projet-service] [nio-8082-exec-2] s.w.s.m.m.a.RequestMappingHandlerMapping : Mapped to com.microservices.projetservice.controller.ProjectNotificationController#getUnreadNotificationsByUserId(Long, String)
2026-04-28T14:15:10.998+01:00  INFO 18332 --- [projet-service] [nio-8082-exec-2] c.m.p.s.i.ProjectNotificationServiceImpl : Récupération des notifications non lues pour l'utilisateur: 2 demandées par: 2
2026-04-28T14:15:11.057+01:00 DEBUG 18332 --- [projet-service] [nio-8082-exec-2] o.s.w.c.HttpMessageConverterExtractor    : Reading to [com.microservices.projetservice.feign.UserDTO]
2026-04-28T14:15:11.058+01:00 DEBUG 18332 --- [projet-service] [nio-8082-exec-2] org.hibernate.SQL                        : 
    select
        pn1_0.id,
        pn1_0.created_at,
        pn1_0.is_read,
        pn1_0.message,
        pn1_0.project_id,
        pn1_0.reminder_sent,
        pn1_0.reminder_sent_at,
        pn1_0.type,
        pn1_0.user_id 
    from
        project_notifications pn1_0 
    where
        pn1_0.user_id=? 
        and pn1_0.is_read=?
Hibernate: 
    select
        pn1_0.id,
        pn1_0.created_at,
        pn1_0.is_read,
        pn1_0.message,
        pn1_0.project_id,
        pn1_0.reminder_sent,
        pn1_0.reminder_sent_at,
        pn1_0.type,
        pn1_0.user_id 
    from
        project_notifications pn1_0 
    where
        pn1_0.user_id=? 
        and pn1_0.is_read=?
2026-04-28T14:15:11.058+01:00 DEBUG 18332 --- [projet-service] [nio-8082-exec-2] o.s.w.s.m.m.a.HttpEntityMethodProcessor  : Using 'application/json', given [application/json, text/plain, */*] and supported [application/json, application/*+json]
2026-04-28T14:15:11.058+01:00 DEBUG 18332 --- [projet-service] [nio-8082-exec-2] o.s.w.s.m.m.a.HttpEntityMethodProcessor  : Writing [[]]
2026-04-28T14:15:11.058+01:00 DEBUG 18332 --- [projet-service] [nio-8082-exec-2] o.s.web.servlet.DispatcherServlet        : Completed 200 OK
2026-04-28T14:15:15.100+01:00 DEBUG 18332 --- [projet-service] [beatExecutor-%d] o.s.web.client.RestTemplate              : HTTP PUT http://localhost:8761/eureka/apps/PROJET-SERVICE/projet-service:fd9e5cf7dbe01c318970a4bcec8c970f?status=UP&lastDirtyTimestamp=1777381304357
2026-04-28T14:15:15.100+01:00 DEBUG 18332 --- [projet-service] [beatExecutor-%d] o.s.web.client.RestTemplate              : Accept=[application/json, application/*+json]
2026-04-28T14:15:15.115+01:00 DEBUG 18332 --- [projet-service] [beatExecutor-%d] o.s.web.client.RestTemplate              : Response 200 OK
2026-04-28T14:15:15.157+01:00 DEBUG 18332 --- [projet-service] [reshExecutor-%d] o.s.web.client.RestTemplate              : HTTP GET http://localhost:8761/eureka/apps/delta
2026-04-28T14:15:15.157+01:00 DEBUG 18332 --- [projet-service] [reshExecutor-%d] o.s.web.client.RestTemplate              : Accept=[application/json, application/*+json]
2026-04-28T14:15:15.173+01:00 DEBUG 18332 --- [projet-service] [reshExecutor-%d] o.s.web.client.RestTemplate              : Response 200 OK
2026-04-28T14:15:15.173+01:00 DEBUG 18332 --- [projet-service] [reshExecutor-%d] o.s.web.client.RestTemplate              : Reading to [org.springframework.cloud.netflix.eureka.http.EurekaApplications]
2026-04-28T14:15:45.128+01:00 DEBUG 18332 --- [projet-service] [beatExecutor-%d] o.s.web.client.RestTemplate              : HTTP PUT http://localhost:8761/eureka/apps/PROJET-SERVICE/projet-service:fd9e5cf7dbe01c318970a4bcec8c970f?status=UP&lastDirtyTimestamp=1777381304357
2026-04-28T14:15:45.137+01:00 DEBUG 18332 --- [projet-service] [beatExecutor-%d] o.s.web.client.RestTemplate              : Accept=[application/json, application/*+json]
2026-04-28T14:15:45.166+01:00 DEBUG 18332 --- [projet-service] [beatExecutor-%d] o.s.web.client.RestTemplate              : Response 200 OK
2026-04-28T14:15:45.188+01:00 DEBUG 18332 --- [projet-service] [reshExecutor-%d] o.s.web.client.RestTemplate              : HTTP GET http://localhost:8761/eureka/apps/delta
2026-04-28T14:15:45.191+01:00 DEBUG 18332 --- [projet-service] [reshExecutor-%d] o.s.web.client.RestTemplate              : Accept=[application/json, application/*+json]
2026-04-28T14:15:45.210+01:00 DEBUG 18332 --- [projet-service] [reshExecutor-%d] o.s.web.client.RestTemplate              : Response 200 OK
2026-04-28T14:15:45.213+01:00 DEBUG 18332 --- [projet-service] [reshExecutor-%d] o.s.web.client.RestTemplate              : Reading to [org.springframework.cloud.netflix.eureka.http.EurekaApplications]
2026-04-28T14:16:15.180+01:00 DEBUG 18332 --- [projet-service] [beatExecutor-%d] o.s.web.client.RestTemplate              : HTTP PUT http://localhost:8761/eureka/apps/PROJET-SERVICE/projet-service:fd9e5cf7dbe01c318970a4bcec8c970f?status=UP&lastDirtyTimestamp=1777381304357
2026-04-28T14:16:15.182+01:00 DEBUG 18332 --- [projet-service] [beatExecutor-%d] o.s.web.client.RestTemplate              : Accept=[application/json, application/*+json]
2026-04-28T14:16:15.197+01:00 DEBUG 18332 --- [projet-service] [beatExecutor-%d] o.s.web.client.RestTemplate              : Response 200 OK
2026-04-28T14:16:15.227+01:00 DEBUG 18332 --- [projet-service] [reshExecutor-%d] o.s.web.client.RestTemplate              : HTTP GET http://localhost:8761/eureka/apps/delta
2026-04-28T14:16:15.229+01:00 DEBUG 18332 --- [projet-service] [reshExecutor-%d] o.s.web.client.RestTemplate              : Accept=[application/json, application/*+json]
2026-04-28T14:16:15.244+01:00 DEBUG 18332 --- [projet-service] [reshExecutor-%d] o.s.web.client.RestTemplate              : Response 200 OK
2026-04-28T14:16:15.245+01:00 DEBUG 18332 --- [projet-service] [reshExecutor-%d] o.s.web.client.RestTemplate              : Reading to [org.springframework.cloud.netflix.eureka.http.EurekaApplications]
2026-04-28T14:16:44.201+01:00  INFO 18332 --- [projet-service] [rap-executor-%d] c.n.d.s.r.aws.ConfigClusterResolver      : Resolving eureka endpoints via configuration
2026-04-28T14:16:45.198+01:00 DEBUG 18332 --- [projet-service] [beatExecutor-%d] o.s.web.client.RestTemplate              : HTTP PUT http://localhost:8761/eureka/apps/PROJET-SERVICE/projet-service:fd9e5cf7dbe01c318970a4bcec8c970f?status=UP&lastDirtyTimestamp=1777381304357
2026-04-28T14:16:45.202+01:00 DEBUG 18332 --- [projet-service] [beatExecutor-%d] o.s.web.client.RestTemplate              : Accept=[application/json, application/*+json]
2026-04-28T14:16:45.213+01:00 DEBUG 18332 --- [projet-service] [beatExecutor-%d] o.s.web.client.RestTemplate              : Response 200 OK
2026-04-28T14:16:45.250+01:00 DEBUG 18332 --- [projet-service] [reshExecutor-%d] o.s.web.client.RestTemplate              : HTTP GET http://localhost:8761/eureka/apps/delta
2026-04-28T14:16:45.250+01:00 DEBUG 18332 --- [projet-service] [reshExecutor-%d] o.s.web.client.RestTemplate              : Accept=[application/json, application/*+json]
2026-04-28T14:16:45.259+01:00 DEBUG 18332 --- [projet-service] [reshExecutor-%d] o.s.web.client.RestTemplate              : Response 200 OK
2026-04-28T14:16:45.259+01:00 DEBUG 18332 --- [projet-service] [reshExecutor-%d] o.s.web.client.RestTemplate              : Reading to [org.springframework.cloud.netflix.eureka.http.EurekaApplications]
2026-04-28T14:17:15.234+01:00 DEBUG 18332 --- [projet-service] [beatExecutor-%d] o.s.web.client.RestTemplate              : HTTP PUT http://localhost:8761/eureka/apps/PROJET-SERVICE/projet-service:fd9e5cf7dbe01c318970a4bcec8c970f?status=UP&lastDirtyTimestamp=1777381304357
2026-04-28T14:17:15.234+01:00 DEBUG 18332 --- [projet-service] [beatExecutor-%d] o.s.web.client.RestTemplate              : Accept=[application/json, application/*+json]
2026-04-28T14:17:15.250+01:00 DEBUG 18332 --- [projet-service] [beatExecutor-%d] o.s.web.client.RestTemplate              : Response 200 OK
2026-04-28T14:17:15.266+01:00 DEBUG 18332 --- [projet-service] [reshExecutor-%d] o.s.web.client.RestTemplate              : HTTP GET http://localhost:8761/eureka/apps/delta
2026-04-28T14:17:15.269+01:00 DEBUG 18332 --- [projet-service] [reshExecutor-%d] o.s.web.client.RestTemplate              : Accept=[application/json, application/*+json]
2026-04-28T14:17:15.285+01:00 DEBUG 18332 --- [projet-service] [reshExecutor-%d] o.s.web.client.RestTemplate              : Response 200 OK
2026-04-28T14:17:15.287+01:00 DEBUG 18332 --- [projet-service] [reshExecutor-%d] o.s.web.client.RestTemplate              : Reading to [org.springframework.cloud.netflix.eureka.http.EurekaApplications]
2026-04-28T14:17:45.259+01:00 DEBUG 18332 --- [projet-service] [beatExecutor-%d] o.s.web.client.RestTemplate              : HTTP PUT http://localhost:8761/eureka/apps/PROJET-SERVICE/projet-service:fd9e5cf7dbe01c318970a4bcec8c970f?status=UP&lastDirtyTimestamp=1777381304357
2026-04-28T14:17:45.259+01:00 DEBUG 18332 --- [projet-service] [beatExecutor-%d] o.s.web.client.RestTemplate              : Accept=[application/json, application/*+json]
2026-04-28T14:17:45.277+01:00 DEBUG 18332 --- [projet-service] [beatExecutor-%d] o.s.web.client.RestTemplate              : Response 200 OK
2026-04-28T14:17:45.307+01:00 DEBUG 18332 --- [projet-service] [reshExecutor-%d] o.s.web.client.RestTemplate              : HTTP GET http://localhost:8761/eureka/apps/delta
2026-04-28T14:17:45.308+01:00 DEBUG 18332 --- [projet-service] [reshExecutor-%d] o.s.web.client.RestTemplate              : Accept=[application/json, application/*+json]
2026-04-28T14:17:45.324+01:00 DEBUG 18332 --- [projet-service] [reshExecutor-%d] o.s.web.client.RestTemplate              : Response 200 OK
2026-04-28T14:17:45.324+01:00 DEBUG 18332 --- [projet-service] [reshExecutor-%d] o.s.web.client.RestTemplate              : Reading to [org.springframework.cloud.netflix.eureka.http.EurekaApplications]
2026-04-28T14:18:15.286+01:00 DEBUG 18332 --- [projet-service] [beatExecutor-%d] o.s.web.client.RestTemplate              : HTTP PUT http://localhost:8761/eureka/apps/PROJET-SERVICE/projet-service:fd9e5cf7dbe01c318970a4bcec8c970f?status=UP&lastDirtyTimestamp=1777381304357
2026-04-28T14:18:15.291+01:00 DEBUG 18332 --- [projet-service] [beatExecutor-%d] o.s.web.client.RestTemplate              : Accept=[application/json, application/*+json]
2026-04-28T14:18:15.306+01:00 DEBUG 18332 --- [projet-service] [beatExecutor-%d] o.s.web.client.RestTemplate              : Response 200 OK
2026-04-28T14:18:15.332+01:00 DEBUG 18332 --- [projet-service] [reshExecutor-%d] o.s.web.client.RestTemplate              : HTTP GET http://localhost:8761/eureka/apps/delta
2026-04-28T14:18:15.335+01:00 DEBUG 18332 --- [projet-service] [reshExecutor-%d] o.s.web.client.RestTemplate              : Accept=[application/json, application/*+json]
2026-04-28T14:18:15.353+01:00 DEBUG 18332 --- [projet-service] [reshExecutor-%d] o.s.web.client.RestTemplate              : Response 200 OK
2026-04-28T14:18:15.355+01:00 DEBUG 18332 --- [projet-service] [reshExecutor-%d] o.s.web.client.RestTemplate              : Reading to [org.springframework.cloud.netflix.eureka.http.EurekaApplications]
2026-04-28T14:18:45.312+01:00 DEBUG 18332 --- [projet-service] [beatExecutor-%d] o.s.web.client.RestTemplate              : HTTP PUT http://localhost:8761/eureka/apps/PROJET-SERVICE/projet-service:fd9e5cf7dbe01c318970a4bcec8c970f?status=UP&lastDirtyTimestamp=1777381304357
2026-04-28T14:18:45.316+01:00 DEBUG 18332 --- [projet-service] [beatExecutor-%d] o.s.web.client.RestTemplate              : Accept=[application/json, application/*+json]
2026-04-28T14:18:45.329+01:00 DEBUG 18332 --- [projet-service] [beatExecutor-%d] o.s.web.client.RestTemplate              : Response 200 OK
2026-04-28T14:18:45.364+01:00 DEBUG 18332 --- [projet-service] [reshExecutor-%d] o.s.web.client.RestTemplate              : HTTP GET http://localhost:8761/eureka/apps/delta
2026-04-28T14:18:45.364+01:00 DEBUG 18332 --- [projet-service] [reshExecutor-%d] o.s.web.client.RestTemplate              : Accept=[application/json, application/*+json]
2026-04-28T14:18:45.380+01:00 DEBUG 18332 --- [projet-service] [reshExecutor-%d] o.s.web.client.RestTemplate              : Response 200 OK
2026-04-28T14:18:45.380+01:00 DEBUG 18332 --- [projet-service] [reshExecutor-%d] o.s.web.client.RestTemplate              : Reading to [org.springframework.cloud.netflix.eureka.http.EurekaApplications]
2026-04-28T14:19:15.336+01:00 DEBUG 18332 --- [projet-service] [beatExecutor-%d] o.s.web.client.RestTemplate              : HTTP PUT http://localhost:8761/eureka/apps/PROJET-SERVICE/projet-service:fd9e5cf7dbe01c318970a4bcec8c970f?status=UP&lastDirtyTimestamp=1777381304357
2026-04-28T14:19:15.336+01:00 DEBUG 18332 --- [projet-service] [beatExecutor-%d] o.s.web.client.RestTemplate              : Accept=[application/json, application/*+json]
2026-04-28T14:19:15.352+01:00 DEBUG 18332 --- [projet-service] [beatExecutor-%d] o.s.web.client.RestTemplate              : Response 200 OK
2026-04-28T14:19:15.400+01:00 DEBUG 18332 --- [projet-service] [reshExecutor-%d] o.s.web.client.RestTemplate              : HTTP GET http://localhost:8761/eureka/apps/delta
2026-04-28T14:19:15.400+01:00 DEBUG 18332 --- [projet-service] [reshExecutor-%d] o.s.web.client.RestTemplate              : Accept=[application/json, application/*+json]
2026-04-28T14:19:15.418+01:00 DEBUG 18332 --- [projet-service] [reshExecutor-%d] o.s.web.client.RestTemplate              : Response 200 OK
2026-04-28T14:19:15.418+01:00 DEBUG 18332 --- [projet-service] [reshExecutor-%d] o.s.web.client.RestTemplate              : Reading to [org.springframework.cloud.netflix.eureka.http.EurekaApplications]
2026-04-28T14:19:45.383+01:00 DEBUG 18332 --- [projet-service] [beatExecutor-%d] o.s.web.client.RestTemplate              : HTTP PUT http://localhost:8761/eureka/apps/PROJET-SERVICE/projet-service:fd9e5cf7dbe01c318970a4bcec8c970f?status=UP&lastDirtyTimestamp=1777381304357
2026-04-28T14:19:45.399+01:00 DEBUG 18332 --- [projet-service] [beatExecutor-%d] o.s.web.client.RestTemplate              : Accept=[application/json, application/*+json]
2026-04-28T14:19:45.399+01:00 DEBUG 18332 --- [projet-service] [beatExecutor-%d] o.s.web.client.RestTemplate              : Response 200 OK
2026-04-28T14:19:45.431+01:00 DEBUG 18332 --- [projet-service] [reshExecutor-%d] o.s.web.client.RestTemplate              : HTTP GET http://localhost:8761/eureka/apps/delta
2026-04-28T14:19:45.431+01:00 DEBUG 18332 --- [projet-service] [reshExecutor-%d] o.s.web.client.RestTemplate              : Accept=[application/json, application/*+json]
2026-04-28T14:19:45.447+01:00 DEBUG 18332 --- [projet-service] [reshExecutor-%d] o.s.web.client.RestTemplate              : Response 200 OK
2026-04-28T14:19:45.447+01:00 DEBUG 18332 --- [projet-service] [reshExecutor-%d] o.s.web.client.RestTemplate              : Reading to [org.springframework.cloud.netflix.eureka.http.EurekaApplications]
2026-04-28T14:20:15.417+01:00 DEBUG 18332 --- [projet-service] [beatExecutor-%d] o.s.web.client.RestTemplate              : HTTP PUT http://localhost:8761/eureka/apps/PROJET-SERVICE/projet-service:fd9e5cf7dbe01c318970a4bcec8c970f?status=UP&lastDirtyTimestamp=1777381304357
2026-04-28T14:20:15.420+01:00 DEBUG 18332 --- [projet-service] [beatExecutor-%d] o.s.web.client.RestTemplate              : Accept=[application/json, application/*+json]
2026-04-28T14:20:15.438+01:00 DEBUG 18332 --- [projet-service] [beatExecutor-%d] o.s.web.client.RestTemplate              : Response 200 OK
2026-04-28T14:20:15.470+01:00 DEBUG 18332 --- [projet-service] [reshExecutor-%d] o.s.web.client.RestTemplate              : HTTP GET http://localhost:8761/eureka/apps/delta
2026-04-28T14:20:15.470+01:00 DEBUG 18332 --- [projet-service] [reshExecutor-%d] o.s.web.client.RestTemplate              : Accept=[application/json, application/*+json]
2026-04-28T14:20:15.485+01:00 DEBUG 18332 --- [projet-service] [reshExecutor-%d] o.s.web.client.RestTemplate              : Response 200 OK
2026-04-28T14:20:15.485+01:00 DEBUG 18332 --- [projet-service] [reshExecutor-%d] o.s.web.client.RestTemplate              : Reading to [org.springframework.cloud.netflix.eureka.http.EurekaApplications]
2026-04-28T14:20:45.451+01:00 DEBUG 18332 --- [projet-service] [beatExecutor-%d] o.s.web.client.RestTemplate              : HTTP PUT http://localhost:8761/eureka/apps/PROJET-SERVICE/projet-service:fd9e5cf7dbe01c318970a4bcec8c970f?status=UP&lastDirtyTimestamp=1777381304357
2026-04-28T14:20:45.451+01:00 DEBUG 18332 --- [projet-service] [beatExecutor-%d] o.s.web.client.RestTemplate              : Accept=[application/json, application/*+json]
2026-04-28T14:20:45.467+01:00 DEBUG 18332 --- [projet-service] [beatExecutor-%d] o.s.web.client.RestTemplate              : Response 200 OK
2026-04-28T14:20:45.500+01:00 DEBUG 18332 --- [projet-service] [reshExecutor-%d] o.s.web.client.RestTemplate              : HTTP GET http://localhost:8761/eureka/apps/delta
2026-04-28T14:20:45.500+01:00 DEBUG 18332 --- [projet-service] [reshExecutor-%d] o.s.web.client.RestTemplate              : Accept=[application/json, application/*+json]
2026-04-28T14:20:45.532+01:00 DEBUG 18332 --- [projet-service] [reshExecutor-%d] o.s.web.client.RestTemplate              : Response 200 OK
2026-04-28T14:20:45.532+01:00 DEBUG 18332 --- [projet-service] [reshExecutor-%d] o.s.web.client.RestTemplate              : Reading to [org.springframework.cloud.netflix.eureka.http.EurekaApplications]
2026-04-28T14:21:15.486+01:00 DEBUG 18332 --- [projet-service] [beatExecutor-%d] o.s.web.client.RestTemplate              : HTTP PUT http://localhost:8761/eureka/apps/PROJET-SERVICE/projet-service:fd9e5cf7dbe01c318970a4bcec8c970f?status=UP&lastDirtyTimestamp=1777381304357
2026-04-28T14:21:15.486+01:00 DEBUG 18332 --- [projet-service] [beatExecutor-%d] o.s.web.client.RestTemplate              : Accept=[application/json, application/*+json]
2026-04-28T14:21:15.502+01:00 DEBUG 18332 --- [projet-service] [beatExecutor-%d] o.s.web.client.RestTemplate              : Response 200 OK
2026-04-28T14:21:15.550+01:00 DEBUG 18332 --- [projet-service] [reshExecutor-%d] o.s.web.client.RestTemplate              : HTTP GET http://localhost:8761/eureka/apps/delta
2026-04-28T14:21:15.550+01:00 DEBUG 18332 --- [projet-service] [reshExecutor-%d] o.s.web.client.RestTemplate              : Accept=[application/json, application/*+json]
2026-04-28T14:21:15.566+01:00 DEBUG 18332 --- [projet-service] [reshExecutor-%d] o.s.web.client.RestTemplate              : Response 200 OK
2026-04-28T14:21:15.566+01:00 DEBUG 18332 --- [projet-service] [reshExecutor-%d] o.s.web.client.RestTemplate              : Reading to [org.springframework.cloud.netflix.eureka.http.EurekaApplications]
2026-04-28T14:21:44.221+01:00  INFO 18332 --- [projet-service] [rap-executor-%d] c.n.d.s.r.aws.ConfigClusterResolver      : Resolving eureka endpoints via configuration
2026-04-28T14:21:45.522+01:00 DEBUG 18332 --- [projet-service] [beatExecutor-%d] o.s.web.client.RestTemplate              : HTTP PUT http://localhost:8761/eureka/apps/PROJET-SERVICE/projet-service:fd9e5cf7dbe01c318970a4bcec8c970f?status=UP&lastDirtyTimestamp=1777381304357
2026-04-28T14:21:45.528+01:00 DEBUG 18332 --- [projet-service] [beatExecutor-%d] o.s.web.client.RestTemplate              : Accept=[application/json, application/*+json]
2026-04-28T14:21:45.538+01:00 DEBUG 18332 --- [projet-service] [beatExecutor-%d] o.s.web.client.RestTemplate              : Response 200 OK
2026-04-28T14:21:45.585+01:00 DEBUG 18332 --- [projet-service] [reshExecutor-%d] o.s.web.client.RestTemplate              : HTTP GET http://localhost:8761/eureka/apps/delta
2026-04-28T14:21:45.585+01:00 DEBUG 18332 --- [projet-service] [reshExecutor-%d] o.s.web.client.RestTemplate              : Accept=[application/json, application/*+json]
2026-04-28T14:21:45.601+01:00 DEBUG 18332 --- [projet-service] [reshExecutor-%d] o.s.web.client.RestTemplate              : Response 200 OK
2026-04-28T14:21:45.601+01:00 DEBUG 18332 --- [projet-service] [reshExecutor-%d] o.s.web.client.RestTemplate              : Reading to [org.springframework.cloud.netflix.eureka.http.EurekaApplications]
2026-04-28T14:22:15.558+01:00 DEBUG 18332 --- [projet-service] [beatExecutor-%d] o.s.web.client.RestTemplate              : HTTP PUT http://localhost:8761/eureka/apps/PROJET-SERVICE/projet-service:fd9e5cf7dbe01c318970a4bcec8c970f?status=UP&lastDirtyTimestamp=1777381304357
2026-04-28T14:22:15.562+01:00 DEBUG 18332 --- [projet-service] [beatExecutor-%d] o.s.web.client.RestTemplate              : Accept=[application/json, application/*+json]
2026-04-28T14:22:15.575+01:00 DEBUG 18332 --- [projet-service] [beatExecutor-%d] o.s.web.client.RestTemplate              : Response 200 OK
2026-04-28T14:22:15.619+01:00 DEBUG 18332 --- [projet-service] [reshExecutor-%d] o.s.web.client.RestTemplate              : HTTP GET http://localhost:8761/eureka/apps/delta
2026-04-28T14:22:15.620+01:00 DEBUG 18332 --- [projet-service] [reshExecutor-%d] o.s.web.client.RestTemplate              : Accept=[application/json, application/*+json]
2026-04-28T14:22:15.636+01:00 DEBUG 18332 --- [projet-service] [reshExecutor-%d] o.s.web.client.RestTemplate              : Response 200 OK
2026-04-28T14:22:15.636+01:00 DEBUG 18332 --- [projet-service] [reshExecutor-%d] o.s.web.client.RestTemplate              : Reading to [org.springframework.cloud.netflix.eureka.http.EurekaApplications]
2026-04-28T14:22:45.583+01:00 DEBUG 18332 --- [projet-service] [beatExecutor-%d] o.s.web.client.RestTemplate              : HTTP PUT http://localhost:8761/eureka/apps/PROJET-SERVICE/projet-service:fd9e5cf7dbe01c318970a4bcec8c970f?status=UP&lastDirtyTimestamp=1777381304357
2026-04-28T14:22:45.586+01:00 DEBUG 18332 --- [projet-service] [beatExecutor-%d] o.s.web.client.RestTemplate              : Accept=[application/json, application/*+json]
2026-04-28T14:22:45.600+01:00 DEBUG 18332 --- [projet-service] [beatExecutor-%d] o.s.web.client.RestTemplate              : Response 200 OK
2026-04-28T14:22:45.646+01:00 DEBUG 18332 --- [projet-service] [reshExecutor-%d] o.s.web.client.RestTemplate              : HTTP GET http://localhost:8761/eureka/apps/delta
2026-04-28T14:22:45.647+01:00 DEBUG 18332 --- [projet-service] [reshExecutor-%d] o.s.web.client.RestTemplate              : Accept=[application/json, application/*+json]
2026-04-28T14:22:45.663+01:00 DEBUG 18332 --- [projet-service] [reshExecutor-%d] o.s.web.client.RestTemplate              : Response 200 OK
2026-04-28T14:22:45.664+01:00 DEBUG 18332 --- [projet-service] [reshExecutor-%d] o.s.web.client.RestTemplate              : Reading to [org.springframework.cloud.netflix.eureka.http.EurekaApplications]
2026-04-28T14:23:15.615+01:00 DEBUG 18332 --- [projet-service] [beatExecutor-%d] o.s.web.client.RestTemplate              : HTTP PUT http://localhost:8761/eureka/apps/PROJET-SERVICE/projet-service:fd9e5cf7dbe01c318970a4bcec8c970f?status=UP&lastDirtyTimestamp=1777381304357
2026-04-28T14:23:15.619+01:00 DEBUG 18332 --- [projet-service] [beatExecutor-%d] o.s.web.client.RestTemplate              : Accept=[application/json, application/*+json]
2026-04-28T14:23:15.632+01:00 DEBUG 18332 --- [projet-service] [beatExecutor-%d] o.s.web.client.RestTemplate              : Response 200 OK
2026-04-28T14:23:15.678+01:00 DEBUG 18332 --- [projet-service] [reshExecutor-%d] o.s.web.client.RestTemplate              : HTTP GET http://localhost:8761/eureka/apps/delta
2026-04-28T14:23:15.679+01:00 DEBUG 18332 --- [projet-service] [reshExecutor-%d] o.s.web.client.RestTemplate              : Accept=[application/json, application/*+json]
2026-04-28T14:23:15.695+01:00 DEBUG 18332 --- [projet-service] [reshExecutor-%d] o.s.web.client.RestTemplate              : Response 200 OK
2026-04-28T14:23:15.695+01:00 DEBUG 18332 --- [projet-service] [reshExecutor-%d] o.s.web.client.RestTemplate              : Reading to [org.springframework.cloud.netflix.eureka.http.EurekaApplications]
2026-04-28T14:23:45.637+01:00 DEBUG 18332 --- [projet-service] [beatExecutor-%d] o.s.web.client.RestTemplate              : HTTP PUT http://localhost:8761/eureka/apps/PROJET-SERVICE/projet-service:fd9e5cf7dbe01c318970a4bcec8c970f?status=UP&lastDirtyTimestamp=1777381304357
2026-04-28T14:23:45.641+01:00 DEBUG 18332 --- [projet-service] [beatExecutor-%d] o.s.web.client.RestTemplate              : Accept=[application/json, application/*+json]
2026-04-28T14:23:45.654+01:00 DEBUG 18332 --- [projet-service] [beatExecutor-%d] o.s.web.client.RestTemplate              : Response 200 OK
2026-04-28T14:23:45.700+01:00 DEBUG 18332 --- [projet-service] [reshExecutor-%d] o.s.web.client.RestTemplate              : HTTP GET http://localhost:8761/eureka/apps/delta
2026-04-28T14:23:45.702+01:00 DEBUG 18332 --- [projet-service] [reshExecutor-%d] o.s.web.client.RestTemplate              : Accept=[application/json, application/*+json]
2026-04-28T14:23:45.717+01:00 DEBUG 18332 --- [projet-service] [reshExecutor-%d] o.s.web.client.RestTemplate              : Response 200 OK
2026-04-28T14:23:45.718+01:00 DEBUG 18332 --- [projet-service] [reshExecutor-%d] o.s.web.client.RestTemplate              : Reading to [org.springframework.cloud.netflix.eureka.http.EurekaApplications]
2026-04-28T14:24:15.660+01:00 DEBUG 18332 --- [projet-service] [beatExecutor-%d] o.s.web.client.RestTemplate              : HTTP PUT http://localhost:8761/eureka/apps/PROJET-SERVICE/projet-service:fd9e5cf7dbe01c318970a4bcec8c970f?status=UP&lastDirtyTimestamp=1777381304357
2026-04-28T14:24:15.664+01:00 DEBUG 18332 --- [projet-service] [beatExecutor-%d] o.s.web.client.RestTemplate              : Accept=[application/json, application/*+json]
2026-04-28T14:24:15.675+01:00 DEBUG 18332 --- [projet-service] [beatExecutor-%d] o.s.web.client.RestTemplate              : Response 200 OK
2026-04-28T14:24:15.723+01:00 DEBUG 18332 --- [projet-service] [reshExecutor-%d] o.s.web.client.RestTemplate              : HTTP GET http://localhost:8761/eureka/apps/delta
2026-04-28T14:24:15.724+01:00 DEBUG 18332 --- [projet-service] [reshExecutor-%d] o.s.web.client.RestTemplate              : Accept=[application/json, application/*+json]
2026-04-28T14:24:15.739+01:00 DEBUG 18332 --- [projet-service] [reshExecutor-%d] o.s.web.client.RestTemplate              : Response 200 OK
2026-04-28T14:24:15.740+01:00 DEBUG 18332 --- [projet-service] [reshExecutor-%d] o.s.web.client.RestTemplate              : Reading to [org.springframework.cloud.netflix.eureka.http.EurekaApplications]
2026-04-28T14:24:45.685+01:00 DEBUG 18332 --- [projet-service] [beatExecutor-%d] o.s.web.client.RestTemplate              : HTTP PUT http://localhost:8761/eureka/apps/PROJET-SERVICE/projet-service:fd9e5cf7dbe01c318970a4bcec8c970f?status=UP&lastDirtyTimestamp=1777381304357
2026-04-28T14:24:45.691+01:00 DEBUG 18332 --- [projet-service] [beatExecutor-%d] o.s.web.client.RestTemplate              : Accept=[application/json, application/*+json]
2026-04-28T14:24:45.704+01:00 DEBUG 18332 --- [projet-service] [beatExecutor-%d] o.s.web.client.RestTemplate              : Response 200 OK
2026-04-28T14:24:45.745+01:00 DEBUG 18332 --- [projet-service] [reshExecutor-%d] o.s.web.client.RestTemplate              : HTTP GET http://localhost:8761/eureka/apps/delta
2026-04-28T14:24:45.746+01:00 DEBUG 18332 --- [projet-service] [reshExecutor-%d] o.s.web.client.RestTemplate              : Accept=[application/json, application/*+json]
2026-04-28T14:24:45.763+01:00 DEBUG 18332 --- [projet-service] [reshExecutor-%d] o.s.web.client.RestTemplate              : Response 200 OK
2026-04-28T14:24:45.763+01:00 DEBUG 18332 --- [projet-service] [reshExecutor-%d] o.s.web.client.RestTemplate              : Reading to [org.springframework.cloud.netflix.eureka.http.EurekaApplications]
2026-04-28T14:25:15.722+01:00 DEBUG 18332 --- [projet-service] [beatExecutor-%d] o.s.web.client.RestTemplate              : HTTP PUT http://localhost:8761/eureka/apps/PROJET-SERVICE/projet-service:fd9e5cf7dbe01c318970a4bcec8c970f?status=UP&lastDirtyTimestamp=1777381304357
2026-04-28T14:25:15.723+01:00 DEBUG 18332 --- [projet-service] [beatExecutor-%d] o.s.web.client.RestTemplate              : Accept=[application/json, application/*+json]
2026-04-28T14:25:15.739+01:00 DEBUG 18332 --- [projet-service] [beatExecutor-%d] o.s.web.client.RestTemplate              : Response 200 OK
2026-04-28T14:25:15.770+01:00 DEBUG 18332 --- [projet-service] [reshExecutor-%d] o.s.web.client.RestTemplate              : HTTP GET http://localhost:8761/eureka/apps/delta
2026-04-28T14:25:15.771+01:00 DEBUG 18332 --- [projet-service] [reshExecutor-%d] o.s.web.client.RestTemplate              : Accept=[application/json, application/*+json]
2026-04-28T14:25:15.786+01:00 DEBUG 18332 --- [projet-service] [reshExecutor-%d] o.s.web.client.RestTemplate              : Response 200 OK
2026-04-28T14:25:15.786+01:00 DEBUG 18332 --- [projet-service] [reshExecutor-%d] o.s.web.client.RestTemplate              : Reading to [org.springframework.cloud.netflix.eureka.http.EurekaApplications]
2026-04-28T14:25:45.754+01:00 DEBUG 18332 --- [projet-service] [beatExecutor-%d] o.s.web.client.RestTemplate              : HTTP PUT http://localhost:8761/eureka/apps/PROJET-SERVICE/projet-service:fd9e5cf7dbe01c318970a4bcec8c970f?status=UP&lastDirtyTimestamp=1777381304357
2026-04-28T14:25:45.759+01:00 DEBUG 18332 --- [projet-service] [beatExecutor-%d] o.s.web.client.RestTemplate              : Accept=[application/json, application/*+json]
2026-04-28T14:25:45.773+01:00 DEBUG 18332 --- [projet-service] [beatExecutor-%d] o.s.web.client.RestTemplate              : Response 200 OK
2026-04-28T14:25:45.819+01:00 DEBUG 18332 --- [projet-service] [reshExecutor-%d] o.s.web.client.RestTemplate              : HTTP GET http://localhost:8761/eureka/apps/delta
2026-04-28T14:25:45.832+01:00 DEBUG 18332 --- [projet-service] [reshExecutor-%d] o.s.web.client.RestTemplate              : Accept=[application/json, application/*+json]
2026-04-28T14:25:45.840+01:00 DEBUG 18332 --- [projet-service] [reshExecutor-%d] o.s.web.client.RestTemplate              : Response 200 OK
2026-04-28T14:25:45.840+01:00 DEBUG 18332 --- [projet-service] [reshExecutor-%d] o.s.web.client.RestTemplate              : Reading to [org.springframework.cloud.netflix.eureka.http.EurekaApplications]
2026-04-28T14:26:15.789+01:00 DEBUG 18332 --- [projet-service] [beatExecutor-%d] o.s.web.client.RestTemplate              : HTTP PUT http://localhost:8761/eureka/apps/PROJET-SERVICE/projet-service:fd9e5cf7dbe01c318970a4bcec8c970f?status=UP&lastDirtyTimestamp=1777381304357
2026-04-28T14:26:15.794+01:00 DEBUG 18332 --- [projet-service] [beatExecutor-%d] o.s.web.client.RestTemplate              : Accept=[application/json, application/*+json]
2026-04-28T14:26:15.812+01:00 DEBUG 18332 --- [projet-service] [beatExecutor-%d] o.s.web.client.RestTemplate              : Response 200 OK
2026-04-28T14:26:15.851+01:00 DEBUG 18332 --- [projet-service] [reshExecutor-%d] o.s.web.client.RestTemplate              : HTTP GET http://localhost:8761/eureka/apps/delta
2026-04-28T14:26:15.967+01:00 DEBUG 18332 --- [projet-service] [reshExecutor-%d] o.s.web.client.RestTemplate              : Accept=[application/json, application/*+json]
2026-04-28T14:26:15.978+01:00 DEBUG 18332 --- [projet-service] [reshExecutor-%d] o.s.web.client.RestTemplate              : Response 200 OK
2026-04-28T14:26:15.978+01:00 DEBUG 18332 --- [projet-service] [reshExecutor-%d] o.s.web.client.RestTemplate              : Reading to [org.springframework.cloud.netflix.eureka.http.EurekaApplications]
2026-04-28T14:26:44.234+01:00  INFO 18332 --- [projet-service] [rap-executor-%d] c.n.d.s.r.aws.ConfigClusterResolver      : Resolving eureka endpoints via configuration
2026-04-28T14:26:45.827+01:00 DEBUG 18332 --- [projet-service] [beatExecutor-%d] o.s.web.client.RestTemplate              : HTTP PUT http://localhost:8761/eureka/apps/PROJET-SERVICE/projet-service:fd9e5cf7dbe01c318970a4bcec8c970f?status=UP&lastDirtyTimestamp=1777381304357
2026-04-28T14:26:45.833+01:00 DEBUG 18332 --- [projet-service] [beatExecutor-%d] o.s.web.client.RestTemplate              : Accept=[application/json, application/*+json]
2026-04-28T14:26:45.846+01:00 DEBUG 18332 --- [projet-service] [beatExecutor-%d] o.s.web.client.RestTemplate              : Response 200 OK
2026-04-28T14:26:45.984+01:00 DEBUG 18332 --- [projet-service] [reshExecutor-%d] o.s.web.client.RestTemplate              : HTTP GET http://localhost:8761/eureka/apps/delta
2026-04-28T14:26:45.989+01:00 DEBUG 18332 --- [projet-service] [reshExecutor-%d] o.s.web.client.RestTemplate              : Accept=[application/json, application/*+json]
2026-04-28T14:26:46.003+01:00 DEBUG 18332 --- [projet-service] [reshExecutor-%d] o.s.web.client.RestTemplate              : Response 200 OK
2026-04-28T14:26:46.004+01:00 DEBUG 18332 --- [projet-service] [reshExecutor-%d] o.s.web.client.RestTemplate              : Reading to [org.springframework.cloud.netflix.eureka.http.EurekaApplications]
2026-04-28T14:27:15.863+01:00 DEBUG 18332 --- [projet-service] [beatExecutor-%d] o.s.web.client.RestTemplate              : HTTP PUT http://localhost:8761/eureka/apps/PROJET-SERVICE/projet-service:fd9e5cf7dbe01c318970a4bcec8c970f?status=UP&lastDirtyTimestamp=1777381304357
2026-04-28T14:27:15.864+01:00 DEBUG 18332 --- [projet-service] [beatExecutor-%d] o.s.web.client.RestTemplate              : Accept=[application/json, application/*+json]
2026-04-28T14:27:15.875+01:00 DEBUG 18332 --- [projet-service] [beatExecutor-%d] o.s.web.client.RestTemplate              : Response 200 OK
2026-04-28T14:27:16.017+01:00 DEBUG 18332 --- [projet-service] [reshExecutor-%d] o.s.web.client.RestTemplate              : HTTP GET http://localhost:8761/eureka/apps/delta
2026-04-28T14:27:16.018+01:00 DEBUG 18332 --- [projet-service] [reshExecutor-%d] o.s.web.client.RestTemplate              : Accept=[application/json, application/*+json]
2026-04-28T14:27:16.032+01:00 DEBUG 18332 --- [projet-service] [reshExecutor-%d] o.s.web.client.RestTemplate              : Response 200 OK
2026-04-28T14:27:16.032+01:00 DEBUG 18332 --- [projet-service] [reshExecutor-%d] o.s.web.client.RestTemplate              : Reading to [org.springframework.cloud.netflix.eureka.http.EurekaApplications]
2026-04-28T14:27:45.886+01:00 DEBUG 18332 --- [projet-service] [beatExecutor-%d] o.s.web.client.RestTemplate              : HTTP PUT http://localhost:8761/eureka/apps/PROJET-SERVICE/projet-service:fd9e5cf7dbe01c318970a4bcec8c970f?status=UP&lastDirtyTimestamp=1777381304357
2026-04-28T14:27:45.891+01:00 DEBUG 18332 --- [projet-service] [beatExecutor-%d] o.s.web.client.RestTemplate              : Accept=[application/json, application/*+json]
2026-04-28T14:27:45.905+01:00 DEBUG 18332 --- [projet-service] [beatExecutor-%d] o.s.web.client.RestTemplate              : Response 200 OK
2026-04-28T14:27:46.040+01:00 DEBUG 18332 --- [projet-service] [reshExecutor-%d] o.s.web.client.RestTemplate              : HTTP GET http://localhost:8761/eureka/apps/delta
2026-04-28T14:27:46.042+01:00 DEBUG 18332 --- [projet-service] [reshExecutor-%d] o.s.web.client.RestTemplate              : Accept=[application/json, application/*+json]
2026-04-28T14:27:46.060+01:00 DEBUG 18332 --- [projet-service] [reshExecutor-%d] o.s.web.client.RestTemplate              : Response 200 OK
2026-04-28T14:27:46.063+01:00 DEBUG 18332 --- [projet-service] [reshExecutor-%d] o.s.web.client.RestTemplate              : Reading to [org.springframework.cloud.netflix.eureka.http.EurekaApplications]
2026-04-28T14:28:15.923+01:00 DEBUG 18332 --- [projet-service] [beatExecutor-%d] o.s.web.client.RestTemplate              : HTTP PUT http://localhost:8761/eureka/apps/PROJET-SERVICE/projet-service:fd9e5cf7dbe01c318970a4bcec8c970f?status=UP&lastDirtyTimestamp=1777381304357
2026-04-28T14:28:15.926+01:00 DEBUG 18332 --- [projet-service] [beatExecutor-%d] o.s.web.client.RestTemplate              : Accept=[application/json, application/*+json]
2026-04-28T14:28:15.939+01:00 DEBUG 18332 --- [projet-service] [beatExecutor-%d] o.s.web.client.RestTemplate              : Response 200 OK
2026-04-28T14:28:16.079+01:00 DEBUG 18332 --- [projet-service] [reshExecutor-%d] o.s.web.client.RestTemplate              : HTTP GET http://localhost:8761/eureka/apps/delta
2026-04-28T14:28:16.080+01:00 DEBUG 18332 --- [projet-service] [reshExecutor-%d] o.s.web.client.RestTemplate              : Accept=[application/json, application/*+json]
2026-04-28T14:28:16.096+01:00 DEBUG 18332 --- [projet-service] [reshExecutor-%d] o.s.web.client.RestTemplate              : Response 200 OK
2026-04-28T14:28:16.096+01:00 DEBUG 18332 --- [projet-service] [reshExecutor-%d] o.s.web.client.RestTemplate              : Reading to [org.springframework.cloud.netflix.eureka.http.EurekaApplications]
2026-04-28T14:28:32.513+01:00 DEBUG 18332 --- [projet-service] [nio-8082-exec-4] o.s.web.servlet.DispatcherServlet        : GET "/api/projects/dashboard?userId=2&period=30D", parameters={masked}
2026-04-28T14:28:32.514+01:00 DEBUG 18332 --- [projet-service] [nio-8082-exec-4] s.w.s.m.m.a.RequestMappingHandlerMapping : Mapped to com.microservices.projetservice.controller.ProjectController#getDashboardStats(String, String, String)
2026-04-28T14:28:32.532+01:00  WARN 18332 --- [projet-service] [nio-8082-exec-4] com.zaxxer.hikari.pool.PoolBase          : HikariPool-1 - Failed to validate connection com.mysql.cj.jdbc.ConnectionImpl@6329a5b9 (No operations allowed after connection closed.). Possibly consider using a shorter maxLifetime value.
2026-04-28T14:28:32.535+01:00  WARN 18332 --- [projet-service] [nio-8082-exec-4] com.zaxxer.hikari.pool.PoolBase          : HikariPool-1 - Failed to validate connection com.mysql.cj.jdbc.ConnectionImpl@67448144 (No operations allowed after connection closed.). Possibly consider using a shorter maxLifetime value.
2026-04-28T14:28:32.535+01:00  WARN 18332 --- [projet-service] [nio-8082-exec-4] com.zaxxer.hikari.pool.PoolBase          : HikariPool-1 - Failed to validate connection com.mysql.cj.jdbc.ConnectionImpl@1c80a7e7 (No operations allowed after connection closed.). Possibly consider using a shorter maxLifetime value.
2026-04-28T14:28:32.536+01:00  WARN 18332 --- [projet-service] [nio-8082-exec-4] com.zaxxer.hikari.pool.PoolBase          : HikariPool-1 - Failed to validate connection com.mysql.cj.jdbc.ConnectionImpl@7c303560 (No operations allowed after connection closed.). Possibly consider using a shorter maxLifetime value.
2026-04-28T14:28:32.536+01:00  WARN 18332 --- [projet-service] [nio-8082-exec-4] com.zaxxer.hikari.pool.PoolBase          : HikariPool-1 - Failed to validate connection com.mysql.cj.jdbc.ConnectionImpl@3d0be2f4 (No operations allowed after connection closed.). Possibly consider using a shorter maxLifetime value.
2026-04-28T14:28:32.538+01:00  WARN 18332 --- [projet-service] [nio-8082-exec-4] com.zaxxer.hikari.pool.PoolBase          : HikariPool-1 - Failed to validate connection com.mysql.cj.jdbc.ConnectionImpl@7e061ab0 (No operations allowed after connection closed.). Possibly consider using a shorter maxLifetime value.
2026-04-28T14:28:32.539+01:00  WARN 18332 --- [projet-service] [nio-8082-exec-4] com.zaxxer.hikari.pool.PoolBase          : HikariPool-1 - Failed to validate connection com.mysql.cj.jdbc.ConnectionImpl@67202508 (No operations allowed after connection closed.). Possibly consider using a shorter maxLifetime value.
2026-04-28T14:28:32.539+01:00  WARN 18332 --- [projet-service] [nio-8082-exec-4] com.zaxxer.hikari.pool.PoolBase          : HikariPool-1 - Failed to validate connection com.mysql.cj.jdbc.ConnectionImpl@1ac687b9 (No operations allowed after connection closed.). Possibly consider using a shorter maxLifetime value.
2026-04-28T14:28:32.540+01:00  WARN 18332 --- [projet-service] [nio-8082-exec-4] com.zaxxer.hikari.pool.PoolBase          : HikariPool-1 - Failed to validate connection com.mysql.cj.jdbc.ConnectionImpl@7838da57 (No operations allowed after connection closed.). Possibly consider using a shorter maxLifetime value.
2026-04-28T14:28:32.542+01:00  WARN 18332 --- [projet-service] [nio-8082-exec-4] com.zaxxer.hikari.pool.PoolBase          : HikariPool-1 - Failed to validate connection com.mysql.cj.jdbc.ConnectionImpl@36258c7a (No operations allowed after connection closed.). Possibly consider using a shorter maxLifetime value.
2026-04-28T14:28:32.543+01:00  INFO 18332 --- [projet-service] [nio-8082-exec-4] c.m.p.service.impl.ProjectServiceImpl    : Generating project dashboard stats for user: 2 and period: 30D
2026-04-28T14:28:32.557+01:00 DEBUG 18332 --- [projet-service] [nio-8082-exec-4] o.s.w.c.HttpMessageConverterExtractor    : Reading to [com.microservices.projetservice.feign.UserDTO]
2026-04-28T14:28:32.560+01:00 DEBUG 18332 --- [projet-service] [nio-8082-exec-4] org.hibernate.SQL                        : 
    select
        p1_0.id,
        p1_0.actual_end_date,
        p1_0.ai_recommendation,
        p1_0.budget_id,
        p1_0.created_by,
        p1_0.customer_id,
        p1_0.description,
        p1_0.end_date,
        p1_0.name,
        p1_0.objectives,
        p1_0.progress,
        p1_0.project_manager_id,
        p1_0.start_date,
        p1_0.status,
        p1_0.updated_at,
        p1_0.visibility 
    from
        projects p1_0
Hibernate: 
    select
        p1_0.id,
        p1_0.actual_end_date,
        p1_0.ai_recommendation,
        p1_0.budget_id,
        p1_0.created_by,
        p1_0.customer_id,
        p1_0.description,
        p1_0.end_date,
        p1_0.name,
        p1_0.objectives,
        p1_0.progress,
        p1_0.project_manager_id,
        p1_0.start_date,
        p1_0.status,
        p1_0.updated_at,
        p1_0.visibility 
    from
        projects p1_0
2026-04-28T14:28:32.574+01:00 DEBUG 18332 --- [projet-service] [nio-8082-exec-4] o.s.w.c.HttpMessageConverterExtractor    : Reading to [com.microservices.projetservice.feign.UserDTO]
2026-04-28T14:28:32.575+01:00 DEBUG 18332 --- [projet-service] [nio-8082-exec-4] org.hibernate.SQL                        : 
    select
        pm1_0.id,
        pm1_0.is_active,
        pm1_0.joined_date,
        pm1_0.project_id,
        pm1_0.role,
        pm1_0.user_id 
    from
        project_members pm1_0 
    where
        pm1_0.project_id in (?, ?)
Hibernate: 
    select
        pm1_0.id,
        pm1_0.is_active,
        pm1_0.joined_date,
        pm1_0.project_id,
        pm1_0.role,
        pm1_0.user_id 
    from
        project_members pm1_0 
    where
        pm1_0.project_id in (?, ?)
2026-04-28T14:28:32.582+01:00 DEBUG 18332 --- [projet-service] [nio-8082-exec-4] org.hibernate.SQL                        : 
    select
        m1_0.id,
        m1_0.actual_completion_date,
        m1_0.description,
        m1_0.due_date,
        m1_0.is_critical,
        m1_0.project_id,
        m1_0.status,
        m1_0.title 
    from
        milestones m1_0 
    where
        m1_0.project_id in (?, ?)
Hibernate: 
    select
        m1_0.id,
        m1_0.actual_completion_date,
        m1_0.description,
        m1_0.due_date,
        m1_0.is_critical,
        m1_0.project_id,
        m1_0.status,
        m1_0.title 
    from
        milestones m1_0 
    where
        m1_0.project_id in (?, ?)
2026-04-28T14:28:32.587+01:00 DEBUG 18332 --- [projet-service] [nio-8082-exec-4] org.hibernate.SQL                        : 
    select
        pm1_0.id,
        pm1_0.created_by,
        pm1_0.description,
        pm1_0.end_time,
        pm1_0.location,
        pm1_0.meeting_date,
        pm1_0.meeting_link,
        pm1_0.project_id,
        pm1_0.start_time,
        pm1_0.status,
        pm1_0.title 
    from
        project_meetings pm1_0 
    where
        pm1_0.project_id in (?, ?)
Hibernate: 
    select
        pm1_0.id,
        pm1_0.created_by,
        pm1_0.description,
        pm1_0.end_time,
        pm1_0.location,
        pm1_0.meeting_date,
        pm1_0.meeting_link,
        pm1_0.project_id,
        pm1_0.start_time,
        pm1_0.status,
        pm1_0.title 
    from
        project_meetings pm1_0 
    where
        pm1_0.project_id in (?, ?)
2026-04-28T14:28:32.594+01:00 DEBUG 18332 --- [projet-service] [nio-8082-exec-4] org.hibernate.SQL                        : 
    select
        pd1_0.id,
        pd1_0.description,
        pd1_0.file_url,
        pd1_0.name,
        pd1_0.project_id,
        pd1_0.type,
        pd1_0.uploaded_at,
        pd1_0.uploaded_by,
        pd1_0.version 
    from
        project_documents pd1_0 
    where
        pd1_0.project_id in (?, ?)
Hibernate: 
    select
        pd1_0.id,
        pd1_0.description,
        pd1_0.file_url,
        pd1_0.name,
        pd1_0.project_id,
        pd1_0.type,
        pd1_0.uploaded_at,
        pd1_0.uploaded_by,
        pd1_0.version 
    from
        project_documents pd1_0 
    where
        pd1_0.project_id in (?, ?)
2026-04-28T14:28:32.600+01:00 DEBUG 18332 --- [projet-service] [nio-8082-exec-4] org.hibernate.SQL                        : 
    select
        pn1_0.id,
        pn1_0.created_at,
        pn1_0.is_read,
        pn1_0.message,
        pn1_0.project_id,
        pn1_0.reminder_sent,
        pn1_0.reminder_sent_at,
        pn1_0.type,
        pn1_0.user_id 
    from
        project_notifications pn1_0 
    where
        pn1_0.project_id in (?, ?)
Hibernate: 
    select
        pn1_0.id,
        pn1_0.created_at,
        pn1_0.is_read,
        pn1_0.message,
        pn1_0.project_id,
        pn1_0.reminder_sent,
        pn1_0.reminder_sent_at,
        pn1_0.type,
        pn1_0.user_id 
    from
        project_notifications pn1_0 
    where
        pn1_0.project_id in (?, ?)
2026-04-28T14:28:32.607+01:00 DEBUG 18332 --- [projet-service] [nio-8082-exec-4] o.s.w.s.m.m.a.HttpEntityMethodProcessor  : Using 'application/json', given [application/json, text/plain, */*] and supported [application/json, application/*+json]
2026-04-28T14:28:32.608+01:00 DEBUG 18332 --- [projet-service] [nio-8082-exec-4] o.s.w.s.m.m.a.HttpEntityMethodProcessor  : Writing [ProjectDashboardStatsDTO(scope=GLOBAL, userId=null, totalProjects=2, activeProjects=2, completedProj (truncated)...]
2026-04-28T14:28:32.609+01:00 DEBUG 18332 --- [projet-service] [nio-8082-exec-4] o.s.web.servlet.DispatcherServlet        : Completed 200 OK
2026-04-28T14:28:45.948+01:00 DEBUG 18332 --- [projet-service] [beatExecutor-%d] o.s.web.client.RestTemplate              : HTTP PUT http://localhost:8761/eureka/apps/PROJET-SERVICE/projet-service:fd9e5cf7dbe01c318970a4bcec8c970f?status=UP&lastDirtyTimestamp=1777381304357
2026-04-28T14:28:45.952+01:00 DEBUG 18332 --- [projet-service] [beatExecutor-%d] o.s.web.client.RestTemplate              : Accept=[application/json, application/*+json]
2026-04-28T14:28:45.965+01:00 DEBUG 18332 --- [projet-service] [beatExecutor-%d] o.s.web.client.RestTemplate              : Response 200 OK
2026-04-28T14:28:46.104+01:00 DEBUG 18332 --- [projet-service] [reshExecutor-%d] o.s.web.client.RestTemplate              : HTTP GET http://localhost:8761/eureka/apps/delta
2026-04-28T14:28:46.107+01:00 DEBUG 18332 --- [projet-service] [reshExecutor-%d] o.s.web.client.RestTemplate              : Accept=[application/json, application/*+json]
2026-04-28T14:28:46.120+01:00 DEBUG 18332 --- [projet-service] [reshExecutor-%d] o.s.web.client.RestTemplate              : Response 200 OK
2026-04-28T14:28:46.120+01:00 DEBUG 18332 --- [projet-service] [reshExecutor-%d] o.s.web.client.RestTemplate              : Reading to [org.springframework.cloud.netflix.eureka.http.EurekaApplications]
2026-04-28T14:28:52.962+01:00 DEBUG 18332 --- [projet-service] [nio-8082-exec-6] o.s.web.servlet.DispatcherServlet        : GET "/api/project-notifications/user/2/unread", parameters={}
2026-04-28T14:28:52.963+01:00 DEBUG 18332 --- [projet-service] [nio-8082-exec-6] s.w.s.m.m.a.RequestMappingHandlerMapping : Mapped to com.microservices.projetservice.controller.ProjectNotificationController#getUnreadNotificationsByUserId(Long, String)
2026-04-28T14:28:52.966+01:00  INFO 18332 --- [projet-service] [nio-8082-exec-6] c.m.p.s.i.ProjectNotificationServiceImpl : Récupération des notifications non lues pour l'utilisateur: 2 demandées par: 2
2026-04-28T14:28:52.973+01:00 DEBUG 18332 --- [projet-service] [nio-8082-exec-6] o.s.w.c.HttpMessageConverterExtractor    : Reading to [com.microservices.projetservice.feign.UserDTO]
2026-04-28T14:28:52.976+01:00 DEBUG 18332 --- [projet-service] [nio-8082-exec-6] org.hibernate.SQL                        : 
    select
        pn1_0.id,
        pn1_0.created_at,
        pn1_0.is_read,
        pn1_0.message,
        pn1_0.project_id,
        pn1_0.reminder_sent,
        pn1_0.reminder_sent_at,
        pn1_0.type,
        pn1_0.user_id 
    from
        project_notifications pn1_0 
    where
        pn1_0.user_id=? 
        and pn1_0.is_read=?
Hibernate: 
    select
        pn1_0.id,
        pn1_0.created_at,
        pn1_0.is_read,
        pn1_0.message,
        pn1_0.project_id,
        pn1_0.reminder_sent,
        pn1_0.reminder_sent_at,
        pn1_0.type,
        pn1_0.user_id 
    from
        project_notifications pn1_0 
    where
        pn1_0.user_id=? 
        and pn1_0.is_read=?
2026-04-28T14:28:52.978+01:00 DEBUG 18332 --- [projet-service] [nio-8082-exec-6] o.s.w.s.m.m.a.HttpEntityMethodProcessor  : Using 'application/json', given [application/json, text/plain, */*] and supported [application/json, application/*+json]
2026-04-28T14:28:52.978+01:00 DEBUG 18332 --- [projet-service] [nio-8082-exec-6] o.s.w.s.m.m.a.HttpEntityMethodProcessor  : Writing [[]]
2026-04-28T14:28:52.979+01:00 DEBUG 18332 --- [projet-service] [nio-8082-exec-6] o.s.web.servlet.DispatcherServlet        : Completed 200 OK
2026-04-28T14:29:12.973+01:00 DEBUG 18332 --- [projet-service] [nio-8082-exec-5] o.s.web.servlet.DispatcherServlet        : GET "/api/project-notifications/user/2/unread", parameters={}
2026-04-28T14:29:12.978+01:00 DEBUG 18332 --- [projet-service] [nio-8082-exec-5] s.w.s.m.m.a.RequestMappingHandlerMapping : Mapped to com.microservices.projetservice.controller.ProjectNotificationController#getUnreadNotificationsByUserId(Long, String)
2026-04-28T14:29:12.980+01:00  INFO 18332 --- [projet-service] [nio-8082-exec-5] c.m.p.s.i.ProjectNotificationServiceImpl : Récupération des notifications non lues pour l'utilisateur: 2 demandées par: 2
2026-04-28T14:29:12.989+01:00 DEBUG 18332 --- [projet-service] [nio-8082-exec-5] o.s.w.c.HttpMessageConverterExtractor    : Reading to [com.microservices.projetservice.feign.UserDTO]
2026-04-28T14:29:12.991+01:00 DEBUG 18332 --- [projet-service] [nio-8082-exec-5] org.hibernate.SQL                        : 
    select
        pn1_0.id,
        pn1_0.created_at,
        pn1_0.is_read,
        pn1_0.message,
        pn1_0.project_id,
        pn1_0.reminder_sent,
        pn1_0.reminder_sent_at,
        pn1_0.type,
        pn1_0.user_id 
    from
        project_notifications pn1_0 
    where
        pn1_0.user_id=? 
        and pn1_0.is_read=?
Hibernate: 
    select
        pn1_0.id,
        pn1_0.created_at,
        pn1_0.is_read,
        pn1_0.message,
        pn1_0.project_id,
        pn1_0.reminder_sent,
        pn1_0.reminder_sent_at,
        pn1_0.type,
        pn1_0.user_id 
    from
        project_notifications pn1_0 
    where
        pn1_0.user_id=? 
        and pn1_0.is_read=?
2026-04-28T14:29:12.993+01:00 DEBUG 18332 --- [projet-service] [nio-8082-exec-5] o.s.w.s.m.m.a.HttpEntityMethodProcessor  : Using 'application/json', given [application/json, text/plain, */*] and supported [application/json, application/*+json]
2026-04-28T14:29:12.993+01:00 DEBUG 18332 --- [projet-service] [nio-8082-exec-5] o.s.w.s.m.m.a.HttpEntityMethodProcessor  : Writing [[]]
2026-04-28T14:29:12.993+01:00 DEBUG 18332 --- [projet-service] [nio-8082-exec-5] o.s.web.servlet.DispatcherServlet        : Completed 200 OK
2026-04-28T14:29:15.974+01:00 DEBUG 18332 --- [projet-service] [beatExecutor-%d] o.s.web.client.RestTemplate              : HTTP PUT http://localhost:8761/eureka/apps/PROJET-SERVICE/projet-service:fd9e5cf7dbe01c318970a4bcec8c970f?status=UP&lastDirtyTimestamp=1777381304357
2026-04-28T14:29:15.975+01:00 DEBUG 18332 --- [projet-service] [beatExecutor-%d] o.s.web.client.RestTemplate              : Accept=[application/json, application/*+json]
2026-04-28T14:29:15.993+01:00 DEBUG 18332 --- [projet-service] [beatExecutor-%d] o.s.web.client.RestTemplate              : Response 200 OK
2026-04-28T14:29:16.130+01:00 DEBUG 18332 --- [projet-service] [reshExecutor-%d] o.s.web.client.RestTemplate              : HTTP GET http://localhost:8761/eureka/apps/delta
2026-04-28T14:29:16.131+01:00 DEBUG 18332 --- [projet-service] [reshExecutor-%d] o.s.web.client.RestTemplate              : Accept=[application/json, application/*+json]
2026-04-28T14:29:16.147+01:00 DEBUG 18332 --- [projet-service] [reshExecutor-%d] o.s.web.client.RestTemplate              : Response 200 OK
2026-04-28T14:29:16.147+01:00 DEBUG 18332 --- [projet-service] [reshExecutor-%d] o.s.web.client.RestTemplate              : Reading to [org.springframework.cloud.netflix.eureka.http.EurekaApplications]
2026-04-28T14:29:32.964+01:00 DEBUG 18332 --- [projet-service] [nio-8082-exec-7] o.s.web.servlet.DispatcherServlet        : GET "/api/project-notifications/user/2/unread", parameters={}
2026-04-28T14:29:32.965+01:00 DEBUG 18332 --- [projet-service] [nio-8082-exec-7] s.w.s.m.m.a.RequestMappingHandlerMapping : Mapped to com.microservices.projetservice.controller.ProjectNotificationController#getUnreadNotificationsByUserId(Long, String)
2026-04-28T14:29:32.968+01:00  INFO 18332 --- [projet-service] [nio-8082-exec-7] c.m.p.s.i.ProjectNotificationServiceImpl : Récupération des notifications non lues pour l'utilisateur: 2 demandées par: 2
2026-04-28T14:29:32.997+01:00 DEBUG 18332 --- [projet-service] [nio-8082-exec-7] o.s.w.c.HttpMessageConverterExtractor    : Reading to [com.microservices.projetservice.feign.UserDTO]
2026-04-28T14:29:32.998+01:00 DEBUG 18332 --- [projet-service] [nio-8082-exec-7] org.hibernate.SQL                        : 
    select
        pn1_0.id,
        pn1_0.created_at,
        pn1_0.is_read,
        pn1_0.message,
        pn1_0.project_id,
        pn1_0.reminder_sent,
        pn1_0.reminder_sent_at,
        pn1_0.type,
        pn1_0.user_id 
    from
        project_notifications pn1_0 
    where
        pn1_0.user_id=? 
        and pn1_0.is_read=?
Hibernate: 
    select
        pn1_0.id,
        pn1_0.created_at,
        pn1_0.is_read,
        pn1_0.message,
        pn1_0.project_id,
        pn1_0.reminder_sent,
        pn1_0.reminder_sent_at,
        pn1_0.type,
        pn1_0.user_id 
    from
        project_notifications pn1_0 
    where
        pn1_0.user_id=? 
        and pn1_0.is_read=?
2026-04-28T14:29:33.000+01:00 DEBUG 18332 --- [projet-service] [nio-8082-exec-7] o.s.w.s.m.m.a.HttpEntityMethodProcessor  : Using 'application/json', given [application/json, text/plain, */*] and supported [application/json, application/*+json]
2026-04-28T14:29:33.000+01:00 DEBUG 18332 --- [projet-service] [nio-8082-exec-7] o.s.w.s.m.m.a.HttpEntityMethodProcessor  : Writing [[]]
2026-04-28T14:29:33.001+01:00 DEBUG 18332 --- [projet-service] [nio-8082-exec-7] o.s.web.servlet.DispatcherServlet        : Completed 200 OK
2026-04-28T14:29:46.006+01:00 DEBUG 18332 --- [projet-service] [beatExecutor-%d] o.s.web.client.RestTemplate              : HTTP PUT http://localhost:8761/eureka/apps/PROJET-SERVICE/projet-service:fd9e5cf7dbe01c318970a4bcec8c970f?status=UP&lastDirtyTimestamp=1777381304357
2026-04-28T14:29:46.010+01:00 DEBUG 18332 --- [projet-service] [beatExecutor-%d] o.s.web.client.RestTemplate              : Accept=[application/json, application/*+json]
2026-04-28T14:29:46.023+01:00 DEBUG 18332 --- [projet-service] [beatExecutor-%d] o.s.web.client.RestTemplate              : Response 200 OK
2026-04-28T14:29:46.165+01:00 DEBUG 18332 --- [projet-service] [reshExecutor-%d] o.s.web.client.RestTemplate              : HTTP GET http://localhost:8761/eureka/apps/delta
2026-04-28T14:29:46.170+01:00 DEBUG 18332 --- [projet-service] [reshExecutor-%d] o.s.web.client.RestTemplate              : Accept=[application/json, application/*+json]
2026-04-28T14:29:46.182+01:00 DEBUG 18332 --- [projet-service] [reshExecutor-%d] o.s.web.client.RestTemplate              : Response 200 OK
2026-04-28T14:29:46.185+01:00 DEBUG 18332 --- [projet-service] [reshExecutor-%d] o.s.web.client.RestTemplate              : Reading to [org.springframework.cloud.netflix.eureka.http.EurekaApplications]
2026-04-28T14:29:52.999+01:00 DEBUG 18332 --- [projet-service] [nio-8082-exec-8] o.s.web.servlet.DispatcherServlet        : GET "/api/project-notifications/user/2/unread", parameters={}
2026-04-28T14:29:53.004+01:00 DEBUG 18332 --- [projet-service] [nio-8082-exec-8] s.w.s.m.m.a.RequestMappingHandlerMapping : Mapped to com.microservices.projetservice.controller.ProjectNotificationController#getUnreadNotificationsByUserId(Long, String)
2026-04-28T14:29:53.014+01:00  INFO 18332 --- [projet-service] [nio-8082-exec-8] c.m.p.s.i.ProjectNotificationServiceImpl : Récupération des notifications non lues pour l'utilisateur: 2 demandées par: 2
2026-04-28T14:29:53.054+01:00 DEBUG 18332 --- [projet-service] [nio-8082-exec-8] o.s.w.c.HttpMessageConverterExtractor    : Reading to [com.microservices.projetservice.feign.UserDTO]
2026-04-28T14:29:53.055+01:00 DEBUG 18332 --- [projet-service] [nio-8082-exec-8] org.hibernate.SQL                        : 
    select
        pn1_0.id,
        pn1_0.created_at,
        pn1_0.is_read,
        pn1_0.message,
        pn1_0.project_id,
        pn1_0.reminder_sent,
        pn1_0.reminder_sent_at,
        pn1_0.type,
        pn1_0.user_id 
    from
        project_notifications pn1_0 
    where
        pn1_0.user_id=? 
        and pn1_0.is_read=?
Hibernate: 
    select
        pn1_0.id,
        pn1_0.created_at,
        pn1_0.is_read,
        pn1_0.message,
        pn1_0.project_id,
        pn1_0.reminder_sent,
        pn1_0.reminder_sent_at,
        pn1_0.type,
        pn1_0.user_id 
    from
        project_notifications pn1_0 
    where
        pn1_0.user_id=? 
        and pn1_0.is_read=?
2026-04-28T14:29:53.065+01:00 DEBUG 18332 --- [projet-service] [nio-8082-exec-8] o.s.w.s.m.m.a.HttpEntityMethodProcessor  : Using 'application/json', given [application/json, text/plain, */*] and supported [application/json, application/*+json]
2026-04-28T14:29:53.066+01:00 DEBUG 18332 --- [projet-service] [nio-8082-exec-8] o.s.w.s.m.m.a.HttpEntityMethodProcessor  : Writing [[]]
2026-04-28T14:29:53.067+01:00 DEBUG 18332 --- [projet-service] [nio-8082-exec-8] o.s.web.servlet.DispatcherServlet        : Completed 200 OK
PS C:\Users\MSI\Downloads\integration\integration\backend\projet-service> 