[INFO] Scanning for projects...
[INFO] 
[INFO] ---------------------< tn.scalers:qualite-service >---------------------
[INFO] Building qualite-service 0.0.1-SNAPSHOT
[INFO]   from pom.xml
[INFO] --------------------------------[ jar ]---------------------------------
[INFO] 
[INFO] >>> spring-boot:3.5.13:run (default-cli) > test-compile @ qualite-service >>>
[INFO] 
[INFO] --- resources:3.3.1:resources (default-resources) @ qualite-service ---
[INFO] Copying 1 resource from src\main\resources to target\classes
[INFO] Copying 2 resources from src\main\resources to target\classes
[INFO] 
[INFO] --- compiler:3.14.1:compile (default-compile) @ qualite-service ---
[INFO] Nothing to compile - all classes are up to date.
[INFO] 
[INFO] --- resources:3.3.1:testResources (default-testResources) @ qualite-service ---
[INFO] skip non existing resourceDirectory C:\Users\MSI\Downloads\integration\integration\backend\qualite-service\src\test\resources
[INFO] 
[INFO] --- compiler:3.14.1:testCompile (default-testCompile) @ qualite-service ---
[INFO] Nothing to compile - all classes are up to date.
[INFO] 
[INFO] <<< spring-boot:3.5.13:run (default-cli) < test-compile @ qualite-service <<<
[INFO] 
[INFO] 
[INFO] --- spring-boot:3.5.13:run (default-cli) @ qualite-service ---
[INFO] Attaching agents: []

  .   ____          _            __ _ _
 /\\ / ___'_ __ _ _(_)_ __  __ _ \ \ \ \
( ( )\___ | '_ | '_| | '_ \/ _` | \ \ \ \
 \\/  ___)| |_)| | | | | || (_| |  ) ) ) )
  '  |____| .__|_| |_|_| |_\__, | / / / /
 =========|_|==============|___/=/_/_/_/

 :: Spring Boot ::               (v3.5.13)

2026-04-28T13:20:13.932+01:00  INFO 22216 --- [qualite-service] [  restartedMain] t.s.q.QualiteServiceApplication          : Starting QualiteServiceApplication using Java 17.0.12 with PID 22216 (C:\Users\MSI\Downloads\integration\integration\backend\qualite-service\target\classes started by MSI in C:\Users\MSI\Downloads\integration\integration\backend\qualite-service)
2026-04-28T13:20:13.934+01:00  INFO 22216 --- [qualite-service] [  restartedMain] t.s.q.QualiteServiceApplication          : No active profile set, falling back to 1 default profile: "default"
2026-04-28T13:20:13.934+01:00 DEBUG 22216 --- [qualite-service] [  restartedMain] o.s.boot.SpringApplication               : Loading source class tn.scalers.qualitymanagementservice.QualiteServiceApplication
2026-04-28T13:20:13.963+01:00 DEBUG 22216 --- [qualite-service] [  restartedMain] o.s.b.devtools.restart.ChangeableUrls    : Matching URLs for reloading : [file:/C:/Users/MSI/Downloads/integration/integration/backend/qualite-service/target/classes/]
2026-04-28T13:20:13.963+01:00 DEBUG 22216 --- [qualite-service] [  restartedMain] o.s.b.d.settings.DevToolsSettings        : Included patterns for restart : []
2026-04-28T13:20:13.964+01:00 DEBUG 22216 --- [qualite-service] [  restartedMain] o.s.b.d.settings.DevToolsSettings        : Excluded patterns for restart : [/spring-boot-starter-[\w-]+/, /spring-boot/(bin|build|out)/, /spring-boot-starter/(bin|build|out)/, /spring-boot-devtools/(bin|build|out)/, /spring-boot-actuator/(bin|build|out)/, /spring-boot-autoconfigure/(bin|build|out)/]
2026-04-28T13:20:13.964+01:00  INFO 22216 --- [qualite-service] [  restartedMain] .e.DevToolsPropertyDefaultsPostProcessor : Devtools property defaults active! Set 'spring.devtools.add-properties' to 'false' to disable
2026-04-28T13:20:13.964+01:00  INFO 22216 --- [qualite-service] [  restartedMain] .e.DevToolsPropertyDefaultsPostProcessor : For additional web related logging consider setting the 'logging.level.web' property to 'DEBUG'
2026-04-28T13:20:13.964+01:00 DEBUG 22216 --- [qualite-service] [  restartedMain] ConfigServletWebServerApplicationContext : Refreshing org.springframework.boot.web.servlet.context.AnnotationConfigServletWebServerApplicationContext@30b16c59
2026-04-28T13:20:14.483+01:00  INFO 22216 --- [qualite-service] [  restartedMain] .s.d.r.c.RepositoryConfigurationDelegate : Bootstrapping Spring Data JPA repositories in DEFAULT mode.
2026-04-28T13:20:14.498+01:00 DEBUG 22216 --- [qualite-service] [  restartedMain] o.s.b.a.AutoConfigurationPackages        : @EnableAutoConfiguration was declared on a class in the package 'tn.scalers.qualitymanagementservice'. Automatic @Repository and @Entity scanning is enabled.
2026-04-28T13:20:14.605+01:00  INFO 22216 --- [qualite-service] [  restartedMain] .s.d.r.c.RepositoryConfigurationDelegate : Finished Spring Data repository scanning in 113 ms. Found 11 JPA repository interfaces.
2026-04-28T13:20:14.783+01:00  INFO 22216 --- [qualite-service] [  restartedMain] o.s.cloud.context.scope.GenericScope     : BeanFactory id=8922d046-23a9-3666-9355-10a24e96184a
2026-04-28T13:20:15.075+01:00 DEBUG 22216 --- [qualite-service] [  restartedMain] .s.b.w.e.t.TomcatServletWebServerFactory : Code archive: C:\Users\MSI\.m2\repository\org\springframework\boot\spring-boot\3.5.13\spring-boot-3.5.13.jar
2026-04-28T13:20:15.076+01:00 DEBUG 22216 --- [qualite-service] [  restartedMain] .s.b.w.e.t.TomcatServletWebServerFactory : Code archive: C:\Users\MSI\.m2\repository\org\springframework\boot\spring-boot\3.5.13\spring-boot-3.5.13.jar
2026-04-28T13:20:15.078+01:00 DEBUG 22216 --- [qualite-service] [  restartedMain] .s.b.w.e.t.TomcatServletWebServerFactory : None of the document roots [src/main/webapp, public, static] point to a directory and will be ignored.
2026-04-28T13:20:15.149+01:00  INFO 22216 --- [qualite-service] [  restartedMain] o.s.b.w.embedded.tomcat.TomcatWebServer  : Tomcat initialized with port 8092 (http)
2026-04-28T13:20:15.159+01:00  INFO 22216 --- [qualite-service] [  restartedMain] o.apache.catalina.core.StandardService   : Starting service [Tomcat]
2026-04-28T13:20:15.160+01:00  INFO 22216 --- [qualite-service] [  restartedMain] o.apache.catalina.core.StandardEngine    : Starting Servlet engine: [Apache Tomcat/10.1.53]
2026-04-28T13:20:15.192+01:00  INFO 22216 --- [qualite-service] [  restartedMain] o.a.c.c.C.[Tomcat].[localhost].[/]       : Initializing Spring embedded WebApplicationContext
2026-04-28T13:20:15.192+01:00 DEBUG 22216 --- [qualite-service] [  restartedMain] w.s.c.ServletWebServerApplicationContext : Published root WebApplicationContext as ServletContext attribute with name [org.springframework.web.context.WebApplicationContext.ROOT]
2026-04-28T13:20:15.192+01:00  INFO 22216 --- [qualite-service] [  restartedMain] w.s.c.ServletWebServerApplicationContext : Root WebApplicationContext: initialization completed in 1228 ms
2026-04-28T13:20:15.207+01:00 DEBUG 22216 --- [qualite-service] [  restartedMain] o.s.b.w.s.ServletContextInitializerBeans : Mapping filters: springSecurityFilterChain urls=[/*] order=-100, characterEncodingFilter urls=[/*] order=-2147483648, formContentFilter urls=[/*] order=-9900, requestContextFilter urls=[/*] order=-105
2026-04-28T13:20:15.207+01:00 DEBUG 22216 --- [qualite-service] [  restartedMain] o.s.b.w.s.ServletContextInitializerBeans : Mapping servlets: dispatcherServlet urls=[/], h2Console urls=[/h2-console/*]
2026-04-28T13:20:15.221+01:00 DEBUG 22216 --- [qualite-service] [  restartedMain] o.s.b.w.s.f.OrderedRequestContextFilter  : Filter 'requestContextFilter' configured for use
2026-04-28T13:20:15.223+01:00 DEBUG 22216 --- [qualite-service] [  restartedMain] s.b.w.s.f.OrderedCharacterEncodingFilter : Filter 'characterEncodingFilter' configured for use
2026-04-28T13:20:15.224+01:00 DEBUG 22216 --- [qualite-service] [  restartedMain] .DelegatingFilterProxyRegistrationBean$1 : Filter 'springSecurityFilterChain' configured for use
2026-04-28T13:20:15.224+01:00 DEBUG 22216 --- [qualite-service] [  restartedMain] o.s.b.w.s.f.OrderedFormContentFilter     : Filter 'formContentFilter' configured for use
2026-04-28T13:20:15.299+01:00  INFO 22216 --- [qualite-service] [  restartedMain] o.hibernate.jpa.internal.util.LogHelper  : HHH000204: Processing PersistenceUnitInfo [name: default]
2026-04-28T13:20:15.331+01:00  INFO 22216 --- [qualite-service] [  restartedMain] org.hibernate.Version                    : HHH000412: Hibernate ORM core version 6.6.45.Final
2026-04-28T13:20:15.351+01:00  INFO 22216 --- [qualite-service] [  restartedMain] o.h.c.internal.RegionFactoryInitiator    : HHH000026: Second-level cache disabled
2026-04-28T13:20:15.510+01:00  INFO 22216 --- [qualite-service] [  restartedMain] o.s.o.j.p.SpringPersistenceUnitInfo      : No LoadTimeWeaver setup: ignoring JPA class transformer
2026-04-28T13:20:15.530+01:00  INFO 22216 --- [qualite-service] [  restartedMain] com.zaxxer.hikari.HikariDataSource       : HikariPool-1 - Starting...
2026-04-28T13:20:19.780+01:00  INFO 22216 --- [qualite-service] [  restartedMain] com.zaxxer.hikari.pool.HikariPool        : HikariPool-1 - Added connection conn1: url=jdbc:h2:file:./data/qualite-service user=SA
2026-04-28T13:20:19.783+01:00  INFO 22216 --- [qualite-service] [  restartedMain] com.zaxxer.hikari.HikariDataSource       : HikariPool-1 - Start completed.
2026-04-28T13:20:19.798+01:00  WARN 22216 --- [qualite-service] [  restartedMain] org.hibernate.orm.deprecation            : HHH90000025: H2Dialect does not need to be specified explicitly using 'hibernate.dialect' (remove the property setting and it will be selected by default)
2026-04-28T13:20:19.810+01:00  INFO 22216 --- [qualite-service] [  restartedMain] org.hibernate.orm.connections.pooling    : HHH10001005: Database info:
	Database JDBC URL [Connecting through datasource 'HikariDataSource (HikariPool-1)']
	Database driver: undefined/unknown
	Database version: 2.3.232
	Autocommit mode: undefined/unknown
	Isolation level: undefined/unknown
	Minimum pool size: undefined/unknown
	Maximum pool size: undefined/unknown
2026-04-28T13:20:20.448+01:00  INFO 22216 --- [qualite-service] [  restartedMain] o.h.e.t.j.p.i.JtaPlatformInitiator       : HHH000489: No JTA platform available (set 'hibernate.transaction.jta.platform' to enable JTA platform integration)
2026-04-28T13:20:20.488+01:00  INFO 22216 --- [qualite-service] [  restartedMain] j.LocalContainerEntityManagerFactoryBean : Initialized JPA EntityManagerFactory for persistence unit 'default'
2026-04-28T13:20:20.885+01:00  INFO 22216 --- [qualite-service] [  restartedMain] o.s.d.j.r.query.QueryEnhancerFactory     : Hibernate is in classpath; If applicable, HQL parser will be used.
2026-04-28T13:20:21.475+01:00  INFO 22216 --- [qualite-service] [  restartedMain] t.s.q.service.OnnxPredictionService      : Loaded ONNX category model from category_model.onnx. Input: input STRING TensorInfo(javaType=STRING,onnxType=ONNX_TENSOR_ELEMENT_DATA_TYPE_STRING,shape=[-1, 1]). Outputs: {output_label=STRING TensorInfo(javaType=STRING,onnxType=ONNX_TENSOR_ELEMENT_DATA_TYPE_STRING,shape=[-1]), output_probability=SequenceInfo}
2026-04-28T13:20:21.500+01:00  INFO 22216 --- [qualite-service] [  restartedMain] t.s.q.service.OnnxPredictionService      : Loaded ONNX priority model from priority_model.onnx. Input: input STRING TensorInfo(javaType=STRING,onnxType=ONNX_TENSOR_ELEMENT_DATA_TYPE_STRING,shape=[-1, 1]). Outputs: {output_label=STRING TensorInfo(javaType=STRING,onnxType=ONNX_TENSOR_ELEMENT_DATA_TYPE_STRING,shape=[-1]), output_probability=SequenceInfo}
2026-04-28T13:20:21.501+01:00  INFO 22216 --- [qualite-service] [  restartedMain] t.s.q.service.OnnxPredictionService      : ONNX prediction models loaded successfully.
2026-04-28T13:20:21.566+01:00  WARN 22216 --- [qualite-service] [  restartedMain] JpaBaseConfiguration$JpaWebConfiguration : spring.jpa.open-in-view is enabled by default. Therefore, database queries may be performed during view rendering. Explicitly configure spring.jpa.open-in-view to disable this warning
2026-04-28T13:20:21.586+01:00  WARN 22216 --- [qualite-service] [  restartedMain] .s.s.UserDetailsServiceAutoConfiguration : 

Using generated security password: ee3a282c-c252-4636-8530-b44d5081dbe6

This generated password is for development use only. Your security configuration must be updated before running your application in production.

2026-04-28T13:20:21.591+01:00  INFO 22216 --- [qualite-service] [  restartedMain] r$InitializeUserDetailsManagerConfigurer : Global AuthenticationManager configured with UserDetailsService bean with name inMemoryUserDetailsManager
2026-04-28T13:20:21.703+01:00 DEBUG 22216 --- [qualite-service] [  restartedMain] s.w.s.m.m.a.RequestMappingHandlerMapping : 105 mappings in 'requestMappingHandlerMapping'
2026-04-28T13:20:21.723+01:00 DEBUG 22216 --- [qualite-service] [  restartedMain] o.s.w.s.handler.SimpleUrlHandlerMapping  : Patterns [/webjars/**, /**] in 'resourceHandlerMapping'
2026-04-28T13:20:21.794+01:00 DEBUG 22216 --- [qualite-service] [  restartedMain] s.w.s.m.m.a.RequestMappingHandlerAdapter : ControllerAdvice beans: 0 @ModelAttribute, 0 @InitBinder, 1 RequestBodyAdvice, 1 ResponseBodyAdvice
2026-04-28T13:20:21.830+01:00 DEBUG 22216 --- [qualite-service] [  restartedMain] .m.m.a.ExceptionHandlerExceptionResolver : ControllerAdvice beans: 1 @ExceptionHandler, 1 ResponseBodyAdvice
2026-04-28T13:20:21.888+01:00  INFO 22216 --- [qualite-service] [  restartedMain] o.s.b.a.h2.H2ConsoleAutoConfiguration    : H2 console available at '/h2-console'. Database available at 'jdbc:h2:file:./data/qualite-service'
2026-04-28T13:20:21.968+01:00 DEBUG 22216 --- [qualite-service] [  restartedMain] o.s.b.d.livereload.LiveReloadServer      : Starting live reload server on port 35729
2026-04-28T13:20:21.972+01:00  INFO 22216 --- [qualite-service] [  restartedMain] o.s.b.d.a.OptionalLiveReloadServer       : LiveReload server is running on port 35729
2026-04-28T13:20:22.145+01:00  INFO 22216 --- [qualite-service] [  restartedMain] DiscoveryClientOptionalArgsConfiguration : Eureka HTTP Client uses RestTemplate.
2026-04-28T13:20:22.173+01:00  WARN 22216 --- [qualite-service] [  restartedMain] iguration$LoadBalancerCaffeineWarnLogger : Spring Cloud LoadBalancer is currently working with the default cache. While this cache implementation is useful for development and tests, it's recommended to use Caffeine cache in production.You can switch to using Caffeine cache, by adding it and org.springframework.cache.caffeine.CaffeineCacheManager to the classpath.
2026-04-28T13:20:22.192+01:00  INFO 22216 --- [qualite-service] [  restartedMain] o.s.c.n.eureka.InstanceInfoFactory       : Setting initial instance status as: STARTING
2026-04-28T13:20:22.211+01:00  INFO 22216 --- [qualite-service] [  restartedMain] com.netflix.discovery.DiscoveryClient    : Initializing Eureka in region us-east-1
2026-04-28T13:20:22.214+01:00  INFO 22216 --- [qualite-service] [  restartedMain] c.n.d.s.r.aws.ConfigClusterResolver      : Resolving eureka endpoints via configuration
2026-04-28T13:20:22.221+01:00  INFO 22216 --- [qualite-service] [  restartedMain] com.netflix.discovery.DiscoveryClient    : Disable delta property : false
2026-04-28T13:20:22.221+01:00  INFO 22216 --- [qualite-service] [  restartedMain] com.netflix.discovery.DiscoveryClient    : Single vip registry refresh property : null
2026-04-28T13:20:22.221+01:00  INFO 22216 --- [qualite-service] [  restartedMain] com.netflix.discovery.DiscoveryClient    : Force full registry fetch : false
2026-04-28T13:20:22.222+01:00  INFO 22216 --- [qualite-service] [  restartedMain] com.netflix.discovery.DiscoveryClient    : Application is null : false
2026-04-28T13:20:22.222+01:00  INFO 22216 --- [qualite-service] [  restartedMain] com.netflix.discovery.DiscoveryClient    : Registered Applications size is zero : true
2026-04-28T13:20:22.222+01:00  INFO 22216 --- [qualite-service] [  restartedMain] com.netflix.discovery.DiscoveryClient    : Application version is -1: true
2026-04-28T13:20:22.222+01:00  INFO 22216 --- [qualite-service] [  restartedMain] com.netflix.discovery.DiscoveryClient    : Getting all instance registry info from the eureka server
2026-04-28T13:20:22.252+01:00 DEBUG 22216 --- [qualite-service] [  restartedMain] o.s.web.client.RestTemplate              : HTTP GET http://localhost:8761/eureka/apps/
2026-04-28T13:20:22.346+01:00 DEBUG 22216 --- [qualite-service] [  restartedMain] o.s.web.client.RestTemplate              : Accept=[application/json, application/*+json]
2026-04-28T13:20:22.384+01:00 DEBUG 22216 --- [qualite-service] [  restartedMain] o.s.web.client.RestTemplate              : Response 200 OK
2026-04-28T13:20:22.388+01:00 DEBUG 22216 --- [qualite-service] [  restartedMain] o.s.web.client.RestTemplate              : Reading to [org.springframework.cloud.netflix.eureka.http.EurekaApplications]
2026-04-28T13:20:22.405+01:00  INFO 22216 --- [qualite-service] [  restartedMain] com.netflix.discovery.DiscoveryClient    : The response status is 200
2026-04-28T13:20:22.407+01:00  INFO 22216 --- [qualite-service] [  restartedMain] com.netflix.discovery.DiscoveryClient    : Starting heartbeat executor: renew interval is: 30
2026-04-28T13:20:22.408+01:00  INFO 22216 --- [qualite-service] [  restartedMain] c.n.discovery.InstanceInfoReplicator     : InstanceInfoReplicator onDemand update allowed rate per min is 4
2026-04-28T13:20:22.410+01:00  INFO 22216 --- [qualite-service] [  restartedMain] com.netflix.discovery.DiscoveryClient    : Discovery Client initialized at timestamp 1777378822409 with initial instances count: 0
2026-04-28T13:20:22.411+01:00  INFO 22216 --- [qualite-service] [  restartedMain] o.s.c.n.e.s.EurekaServiceRegistry        : Registering application QUALITE-SERVICE with eureka with status UP
2026-04-28T13:20:22.412+01:00  INFO 22216 --- [qualite-service] [  restartedMain] com.netflix.discovery.DiscoveryClient    : Saw local status change event StatusChangeEvent [timestamp=1777378822412, current=UP, previous=STARTING]
2026-04-28T13:20:22.413+01:00  INFO 22216 --- [qualite-service] [foReplicator-%d] com.netflix.discovery.DiscoveryClient    : DiscoveryClient_QUALITE-SERVICE/LANGIR:qualite-service:8092: registering service...
2026-04-28T13:20:22.416+01:00 DEBUG 22216 --- [qualite-service] [foReplicator-%d] o.s.web.client.RestTemplate              : HTTP POST http://localhost:8761/eureka/apps/QUALITE-SERVICE
2026-04-28T13:20:22.417+01:00 DEBUG 22216 --- [qualite-service] [foReplicator-%d] o.s.web.client.RestTemplate              : Accept=[application/json, application/*+json]
2026-04-28T13:20:22.426+01:00  INFO 22216 --- [qualite-service] [  restartedMain] o.s.b.w.embedded.tomcat.TomcatWebServer  : Tomcat started on port 8092 (http) with context path '/'
2026-04-28T13:20:22.427+01:00  INFO 22216 --- [qualite-service] [  restartedMain] .s.c.n.e.s.EurekaAutoServiceRegistration : Updating port to 8092
2026-04-28T13:20:22.428+01:00 DEBUG 22216 --- [qualite-service] [foReplicator-%d] o.s.web.client.RestTemplate              : Writing [InstanceInfo [instanceId = LANGIR:qualite-service:8092, appName = QUALITE-SERVICE, hostName = LANGIR, status = UP, ipAddr = 172.20.10.2, port = 8092, securePort = 443, dataCenterInfo = com.netflix.appinfo.MyDataCenterInfo@5beee011] as "application/json"
2026-04-28T13:20:22.442+01:00 DEBUG 22216 --- [qualite-service] [foReplicator-%d] o.s.web.client.RestTemplate              : Response 204 NO_CONTENT
2026-04-28T13:20:22.442+01:00  INFO 22216 --- [qualite-service] [foReplicator-%d] com.netflix.discovery.DiscoveryClient    : DiscoveryClient_QUALITE-SERVICE/LANGIR:qualite-service:8092 - registration status: 204
2026-04-28T13:20:22.514+01:00 DEBUG 22216 --- [qualite-service] [  restartedMain] .s.b.a.l.ConditionEvaluationReportLogger : 


============================
CONDITIONS EVALUATION REPORT
============================


Positive matches:
-----------------

   AopAutoConfiguration matched:
      - @ConditionalOnBooleanProperty (spring.aop.auto=true) matched (OnPropertyCondition)

   AopAutoConfiguration.AspectJAutoProxyingConfiguration matched:
      - @ConditionalOnClass found required class 'org.aspectj.weaver.Advice' (OnClassCondition)

   AopAutoConfiguration.AspectJAutoProxyingConfiguration.CglibAutoProxyConfiguration matched:
      - @ConditionalOnBooleanProperty (spring.aop.proxy-target-class=true) matched (OnPropertyCondition)

   ApplicationAvailabilityAutoConfiguration#applicationAvailability matched:
      - @ConditionalOnMissingBean (types: org.springframework.boot.availability.ApplicationAvailability; SearchStrategy: all) did not find any beans (OnBeanCondition)

   AutoServiceRegistrationAutoConfiguration matched:
      - @ConditionalOnProperty (spring.cloud.service-registry.auto-registration.enabled) matched (OnPropertyCondition)

   AutoServiceRegistrationConfiguration matched:
      - @ConditionalOnProperty (spring.cloud.service-registry.auto-registration.enabled) matched (OnPropertyCondition)

   BlockingLoadBalancerClientAutoConfiguration matched:
      - @ConditionalOnProperty (spring.cloud.loadbalancer.enabled=true) matched (OnPropertyCondition)
      - AnyNestedCondition 2 matched 0 did not; NestedCondition on BlockingRestClassesPresentCondition.RestClientPresent @ConditionalOnClass found required class 'org.springframework.web.client.RestClient'; NestedCondition on BlockingRestClassesPresentCondition.RestTemplatePresent @ConditionalOnClass found required class 'org.springframework.web.client.RestTemplate' (BlockingRestClassesPresentCondition)

   BlockingLoadBalancerClientAutoConfiguration#blockingLoadBalancerClient matched:
      - @ConditionalOnBean (types: org.springframework.cloud.loadbalancer.support.LoadBalancerClientFactory; SearchStrategy: all) found bean 'loadBalancerClientFactory'; @ConditionalOnMissingBean (types: org.springframework.cloud.client.loadbalancer.LoadBalancerClient; SearchStrategy: all) did not find any beans (OnBeanCondition)

   BlockingLoadBalancerClientAutoConfiguration#loadBalancerServiceInstanceCookieTransformer matched:
      - @ConditionalOnBean (types: org.springframework.cloud.loadbalancer.support.LoadBalancerClientFactory; SearchStrategy: all) found bean 'loadBalancerClientFactory'; @ConditionalOnMissingBean (types: org.springframework.cloud.loadbalancer.core.LoadBalancerServiceInstanceCookieTransformer; SearchStrategy: all) did not find any beans (OnBeanCondition)

   BlockingLoadBalancerClientAutoConfiguration#xForwarderHeadersTransformer matched:
      - @ConditionalOnBean (types: org.springframework.cloud.loadbalancer.support.LoadBalancerClientFactory; SearchStrategy: all) found bean 'loadBalancerClientFactory'; @ConditionalOnMissingBean (types: org.springframework.cloud.loadbalancer.blocking.XForwardedHeadersTransformer; SearchStrategy: all) did not find any beans (OnBeanCondition)

   org.springframework.boot.autoconfigure.http.client.reactive.ClientHttpConnectorAutoConfiguration matched:
      - @ConditionalOnClass found required classes 'org.springframework.http.client.reactive.ClientHttpConnector', 'reactor.core.publisher.Mono' (OnClassCondition)
      - Detected ClientHttpConnectorBuilder (ConditionalOnClientHttpConnectorBuilderDetection)

   ClientHttpConnectorAutoConfiguration#clientHttpConnector matched:
      - @ConditionalOnMissingBean (types: org.springframework.http.client.reactive.ClientHttpConnector; SearchStrategy: all) did not find any beans (OnBeanCondition)

   ClientHttpConnectorAutoConfiguration#clientHttpConnectorBuilder matched:
      - @ConditionalOnMissingBean (types: org.springframework.boot.http.client.reactive.ClientHttpConnectorBuilder<?>; SearchStrategy: all) did not find any beans (OnBeanCondition)

   ClientHttpConnectorAutoConfiguration#clientHttpConnectorSettings matched:
      - @ConditionalOnMissingBean (types: org.springframework.boot.http.client.reactive.ClientHttpConnectorSettings; SearchStrategy: all) did not find any beans (OnBeanCondition)

   CompatibilityVerifierAutoConfiguration matched:
      - @ConditionalOnProperty (spring.cloud.compatibility-verifier.enabled) matched (OnPropertyCondition)

   ConfigurationPropertiesRebinderAutoConfiguration matched:
      - @ConditionalOnBean (types: org.springframework.boot.context.properties.ConfigurationPropertiesBindingPostProcessor; SearchStrategy: all) found bean 'org.springframework.boot.context.properties.ConfigurationPropertiesBindingPostProcessor' (OnBeanCondition)

   ConfigurationPropertiesRebinderAutoConfiguration#configurationPropertiesBeans matched:
      - @ConditionalOnMissingBean (types: org.springframework.cloud.context.properties.ConfigurationPropertiesBeans; SearchStrategy: current) did not find any beans (OnBeanCondition)

   ConfigurationPropertiesRebinderAutoConfiguration#configurationPropertiesRebinder matched:
      - @ConditionalOnMissingBean (types: org.springframework.cloud.context.properties.ConfigurationPropertiesRebinder; SearchStrategy: current) did not find any beans (OnBeanCondition)

   DataSourceAutoConfiguration matched:
      - @ConditionalOnClass found required classes 'javax.sql.DataSource', 'org.springframework.jdbc.datasource.embedded.EmbeddedDatabaseType' (OnClassCondition)
      - @ConditionalOnMissingBean (types: io.r2dbc.spi.ConnectionFactory; SearchStrategy: all) did not find any beans (OnBeanCondition)

   DataSourceAutoConfiguration.PooledDataSourceConfiguration matched:
      - AnyNestedCondition 1 matched 1 did not; NestedCondition on DataSourceAutoConfiguration.PooledDataSourceCondition.PooledDataSourceAvailable PooledDataSource found supported DataSource; NestedCondition on DataSourceAutoConfiguration.PooledDataSourceCondition.ExplicitType @ConditionalOnProperty (spring.datasource.type) did not find property 'spring.datasource.type' (DataSourceAutoConfiguration.PooledDataSourceCondition)
      - @ConditionalOnMissingBean (types: javax.sql.DataSource,javax.sql.XADataSource; SearchStrategy: all) did not find any beans (OnBeanCondition)

   DataSourceAutoConfiguration.PooledDataSourceConfiguration#jdbcConnectionDetails matched:
      - @ConditionalOnMissingBean (types: org.springframework.boot.autoconfigure.jdbc.JdbcConnectionDetails; SearchStrategy: all) did not find any beans (OnBeanCondition)

   DataSourceConfiguration.Hikari matched:
      - @ConditionalOnClass found required class 'com.zaxxer.hikari.HikariDataSource' (OnClassCondition)
      - @ConditionalOnProperty (spring.datasource.type=com.zaxxer.hikari.HikariDataSource) matched (OnPropertyCondition)
      - @ConditionalOnMissingBean (types: javax.sql.DataSource; SearchStrategy: all) did not find any beans (OnBeanCondition)

   DataSourceInitializationConfiguration matched:
      - @ConditionalOnClass found required class 'org.springframework.jdbc.datasource.init.DatabasePopulator' (OnClassCondition)
      - @ConditionalOnSingleCandidate (types: javax.sql.DataSource; SearchStrategy: all) found a single bean 'dataSource'; @ConditionalOnMissingBean (types: org.springframework.boot.autoconfigure.sql.init.SqlDataSourceScriptDatabaseInitializer,org.springframework.boot.autoconfigure.sql.init.SqlR2dbcScriptDatabaseInitializer; SearchStrategy: all) did not find any beans (OnBeanCondition)

   DataSourcePoolMetadataProvidersConfiguration.HikariPoolDataSourceMetadataProviderConfiguration matched:
      - @ConditionalOnClass found required class 'com.zaxxer.hikari.HikariDataSource' (OnClassCondition)

   DataSourceTransactionManagerAutoConfiguration matched:
      - @ConditionalOnClass found required classes 'javax.sql.DataSource', 'org.springframework.jdbc.core.JdbcTemplate', 'org.springframework.transaction.TransactionManager' (OnClassCondition)

   DataSourceTransactionManagerAutoConfiguration.JdbcTransactionManagerConfiguration matched:
      - @ConditionalOnSingleCandidate (types: javax.sql.DataSource; SearchStrategy: all) found a single bean 'dataSource' (OnBeanCondition)

   DevToolsDataSourceAutoConfiguration matched:
      - @ConditionalOnClass found required class 'javax.sql.DataSource' (OnClassCondition)
      - Devtools devtools enabled. (OnEnabledDevToolsCondition)
      - DevTools DataSource Condition found auto-configured DataSource (DevToolsDataSourceAutoConfiguration.DevToolsDataSourceCondition)

   DevToolsDataSourceAutoConfiguration.DatabaseShutdownExecutorEntityManagerFactoryDependsOnPostProcessor matched:
      - @ConditionalOnClass found required class 'org.springframework.orm.jpa.LocalContainerEntityManagerFactoryBean' (OnClassCondition)
      - @ConditionalOnBean (types: org.springframework.orm.jpa.AbstractEntityManagerFactoryBean; SearchStrategy: all) found bean '&entityManagerFactory' (OnBeanCondition)

   DiscoveryClientOptionalArgsConfiguration.RestTemplateConfiguration matched:
      - AllNestedConditions 4 matched 0 did not; NestedCondition on DiscoveryClientOptionalArgsConfiguration.OnRestTemplatePresentAndEnabledCondition.OnRestClientDisabled @ConditionalOnProperty (eureka.client.restclient.enabled=false) matched; NestedCondition on DiscoveryClientOptionalArgsConfiguration.OnRestTemplatePresentAndEnabledCondition.OnWebClientDisabled @ConditionalOnProperty (eureka.client.webclient.enabled=false) matched; NestedCondition on DiscoveryClientOptionalArgsConfiguration.OnRestTemplatePresentAndEnabledCondition.OnJerseyClientNotPresentOrNotEnabled AnyNestedCondition 1 matched 1 did not; NestedCondition on DiscoveryClientOptionalArgsConfiguration.OnJerseyClientNotPresentOrNotEnabledCondition.OnJerseyClientDisabled @ConditionalOnProperty (eureka.client.jersey.enabled=false) did not find property 'eureka.client.jersey.enabled'; NestedCondition on DiscoveryClientOptionalArgsConfiguration.OnJerseyClientNotPresentOrNotEnabledCondition.OnJerseyClientMissing @ConditionalOnMissingClass did not find unwanted class 'org.glassfish.jersey.client.JerseyClient'; NestedCondition on DiscoveryClientOptionalArgsConfiguration.OnRestTemplatePresentAndEnabledCondition.OnRestTemplatePresent @ConditionalOnClass found required class 'org.springframework.web.client.RestTemplate' (DiscoveryClientOptionalArgsConfiguration.OnRestTemplatePresentAndEnabledCondition)

   DiscoveryClientOptionalArgsConfiguration.RestTemplateConfiguration#defaultEurekaClientHttpRequestFactorySupplier matched:
      - @ConditionalOnMissingBean (types: org.springframework.cloud.netflix.eureka.http.EurekaClientHttpRequestFactorySupplier; SearchStrategy: all) did not find any beans (OnBeanCondition)

   DiscoveryClientOptionalArgsConfiguration.RestTemplateConfiguration#restTemplateDiscoveryClientOptionalArgs matched:
      - @ConditionalOnMissingBean (types: com.netflix.discovery.AbstractDiscoveryClientOptionalArgs; SearchStrategy: current) did not find any beans (OnBeanCondition)

   DiscoveryClientOptionalArgsConfiguration.RestTemplateConfiguration#restTemplateTransportClientFactories matched:
      - @ConditionalOnMissingBean (types: com.netflix.discovery.shared.transport.jersey.TransportClientFactories; SearchStrategy: current) did not find any beans (OnBeanCondition)

   DispatcherServletAutoConfiguration matched:
      - @ConditionalOnClass found required class 'org.springframework.web.servlet.DispatcherServlet' (OnClassCondition)
      - found 'session' scope (OnWebApplicationCondition)

   DispatcherServletAutoConfiguration.DispatcherServletConfiguration matched:
      - @ConditionalOnClass found required class 'jakarta.servlet.ServletRegistration' (OnClassCondition)
      - Default DispatcherServlet did not find dispatcher servlet beans (DispatcherServletAutoConfiguration.DefaultDispatcherServletCondition)

   DispatcherServletAutoConfiguration.DispatcherServletRegistrationConfiguration matched:
      - @ConditionalOnClass found required class 'jakarta.servlet.ServletRegistration' (OnClassCondition)
      - DispatcherServlet Registration did not find servlet registration bean (DispatcherServletAutoConfiguration.DispatcherServletRegistrationCondition)

   DispatcherServletAutoConfiguration.DispatcherServletRegistrationConfiguration#dispatcherServletRegistration matched:
      - @ConditionalOnBean (names: dispatcherServlet types: org.springframework.web.servlet.DispatcherServlet; SearchStrategy: all) found bean 'dispatcherServlet' (OnBeanCondition)

   EmbeddedWebServerFactoryCustomizerAutoConfiguration matched:
      - @ConditionalOnWebApplication (required) found 'session' scope (OnWebApplicationCondition)
      - @ConditionalOnWarDeployment the application is not deployed as a WAR file. (OnWarDeploymentCondition)

   EmbeddedWebServerFactoryCustomizerAutoConfiguration.TomcatWebServerFactoryCustomizerConfiguration matched:
      - @ConditionalOnClass found required classes 'org.apache.catalina.startup.Tomcat', 'org.apache.coyote.UpgradeProtocol' (OnClassCondition)

   ErrorMvcAutoConfiguration matched:
      - @ConditionalOnClass found required classes 'jakarta.servlet.Servlet', 'org.springframework.web.servlet.DispatcherServlet' (OnClassCondition)
      - found 'session' scope (OnWebApplicationCondition)

   ErrorMvcAutoConfiguration#basicErrorController matched:
      - @ConditionalOnMissingBean (types: org.springframework.boot.web.servlet.error.ErrorController; SearchStrategy: current) did not find any beans (OnBeanCondition)

   ErrorMvcAutoConfiguration#errorAttributes matched:
      - @ConditionalOnMissingBean (types: org.springframework.boot.web.servlet.error.ErrorAttributes; SearchStrategy: current) did not find any beans (OnBeanCondition)

   ErrorMvcAutoConfiguration.DefaultErrorViewResolverConfiguration#conventionErrorViewResolver matched:
      - @ConditionalOnBean (types: org.springframework.web.servlet.DispatcherServlet; SearchStrategy: all) found bean 'dispatcherServlet'; @ConditionalOnMissingBean (types: org.springframework.boot.autoconfigure.web.servlet.error.ErrorViewResolver; SearchStrategy: all) did not find any beans (OnBeanCondition)

   ErrorMvcAutoConfiguration.WhitelabelErrorViewConfiguration matched:
      - @ConditionalOnBooleanProperty (server.error.whitelabel.enabled=true) matched (OnPropertyCondition)
      - ErrorTemplate Missing did not find error template view (ErrorMvcAutoConfiguration.ErrorTemplateMissingCondition)

   ErrorMvcAutoConfiguration.WhitelabelErrorViewConfiguration#beanNameViewResolver matched:
      - @ConditionalOnMissingBean (types: org.springframework.web.servlet.view.BeanNameViewResolver; SearchStrategy: all) did not find any beans (OnBeanCondition)

   ErrorMvcAutoConfiguration.WhitelabelErrorViewConfiguration#defaultErrorView matched:
      - @ConditionalOnMissingBean (names: error; SearchStrategy: all) did not find any beans (OnBeanCondition)

   EurekaClientAutoConfiguration matched:
      - @ConditionalOnClass found required class 'com.netflix.discovery.EurekaClientConfig' (OnClassCondition)
      - @ConditionalOnProperty (eureka.client.enabled) matched; @ConditionalOnProperty (spring.cloud.discovery.enabled) matched (OnPropertyCondition)

   EurekaClientAutoConfiguration#eurekaAutoServiceRegistration matched:
      - @ConditionalOnProperty (spring.cloud.service-registry.auto-registration.enabled) matched (OnPropertyCondition)
      - @ConditionalOnBean (types: org.springframework.cloud.client.serviceregistry.AutoServiceRegistrationProperties; SearchStrategy: all) found bean 'spring.cloud.service-registry.auto-registration-org.springframework.cloud.client.serviceregistry.AutoServiceRegistrationProperties' (OnBeanCondition)

   EurekaClientAutoConfiguration#eurekaClientConfigBean matched:
      - @ConditionalOnMissingBean (types: com.netflix.discovery.EurekaClientConfig; SearchStrategy: current) did not find any beans (OnBeanCondition)

   EurekaClientAutoConfiguration#eurekaInstanceConfigBean matched:
      - @ConditionalOnMissingBean (types: com.netflix.appinfo.EurekaInstanceConfig; SearchStrategy: current) did not find any beans (OnBeanCondition)

   EurekaClientAutoConfiguration#serviceManagementMetadataProvider matched:
      - @ConditionalOnMissingBean (types: org.springframework.cloud.netflix.eureka.metadata.ManagementMetadataProvider; SearchStrategy: all) did not find any beans (OnBeanCondition)

   EurekaClientAutoConfiguration.RefreshableEurekaClientConfiguration matched:
      - @ConditionalOnClass found required class 'org.springframework.cloud.context.scope.refresh.RefreshScope' (OnClassCondition)
      - @ConditionalOnProperty (eureka.client.refresh.enable=true) matched (OnPropertyCondition)
      - @ConditionalOnBean (types: org.springframework.cloud.autoconfigure.RefreshAutoConfiguration; SearchStrategy: all) found bean 'org.springframework.cloud.autoconfigure.RefreshAutoConfiguration' (OnBeanCondition)

   EurekaClientAutoConfiguration.RefreshableEurekaClientConfiguration#eurekaApplicationInfoManager matched:
      - @ConditionalOnMissingBean (types: com.netflix.appinfo.ApplicationInfoManager; SearchStrategy: current) did not find any beans (OnBeanCondition)

   EurekaClientAutoConfiguration.RefreshableEurekaClientConfiguration#eurekaClient matched:
      - @ConditionalOnMissingBean (types: com.netflix.discovery.EurekaClient; SearchStrategy: current) did not find any beans (OnBeanCondition)

   EurekaClientAutoConfiguration.RefreshableEurekaClientConfiguration#eurekaRegistration matched:
      - @ConditionalOnProperty (spring.cloud.service-registry.auto-registration.enabled) matched (OnPropertyCondition)
      - @ConditionalOnBean (types: org.springframework.cloud.client.serviceregistry.AutoServiceRegistrationProperties; SearchStrategy: all) found bean 'spring.cloud.service-registry.auto-registration-org.springframework.cloud.client.serviceregistry.AutoServiceRegistrationProperties' (OnBeanCondition)

   EurekaDiscoveryClientConfiguration matched:
      - @ConditionalOnClass found required class 'com.netflix.discovery.EurekaClientConfig' (OnClassCondition)
      - @ConditionalOnProperty (eureka.client.enabled) matched; @ConditionalOnProperty (spring.cloud.discovery.enabled) matched; @ConditionalOnProperty (spring.cloud.discovery.blocking.enabled) matched (OnPropertyCondition)

   EurekaDiscoveryClientConfiguration#discoveryClient matched:
      - @ConditionalOnMissingBean (types: org.springframework.cloud.netflix.eureka.EurekaDiscoveryClient; SearchStrategy: all) did not find any beans (OnBeanCondition)

   EurekaDiscoveryClientConfiguration.EurekaClientConfigurationRefresher matched:
      - @ConditionalOnClass found required class 'org.springframework.cloud.context.scope.refresh.RefreshScopeRefreshedEvent' (OnClassCondition)

   GenericCacheConfiguration matched:
      - Cache org.springframework.boot.autoconfigure.cache.GenericCacheConfiguration automatic cache type (CacheCondition)

   GsonAutoConfiguration matched:
      - @ConditionalOnClass found required class 'com.google.gson.Gson' (OnClassCondition)

   GsonAutoConfiguration#gson matched:
      - @ConditionalOnMissingBean (types: com.google.gson.Gson; SearchStrategy: all) did not find any beans (OnBeanCondition)

   GsonAutoConfiguration#gsonBuilder matched:
      - @ConditionalOnMissingBean (types: com.google.gson.GsonBuilder; SearchStrategy: all) did not find any beans (OnBeanCondition)

   GsonHttpMessageConvertersConfiguration matched:
      - @ConditionalOnClass found required class 'com.google.gson.Gson' (OnClassCondition)

   H2ConsoleAutoConfiguration matched:
      - @ConditionalOnClass found required class 'org.h2.server.web.JakartaWebServlet' (OnClassCondition)
      - found 'session' scope (OnWebApplicationCondition)
      - @ConditionalOnBooleanProperty (spring.h2.console.enabled=true) matched (OnPropertyCondition)

   HibernateJpaAutoConfiguration matched:
      - @ConditionalOnClass found required classes 'org.springframework.orm.jpa.LocalContainerEntityManagerFactoryBean', 'jakarta.persistence.EntityManager', 'org.hibernate.engine.spi.SessionImplementor' (OnClassCondition)

   HibernateJpaConfiguration matched:
      - @ConditionalOnSingleCandidate (types: javax.sql.DataSource; SearchStrategy: all) found a single bean 'dataSource' (OnBeanCondition)

   HttpClientAutoConfiguration matched:
      - @ConditionalOnClass found required class 'org.springframework.http.client.ClientHttpRequestFactory' (OnClassCondition)
      - NoneNestedConditions 0 matched 1 did not; NestedCondition on NotReactiveWebApplicationCondition.ReactiveWebApplication did not find reactive web application classes (NotReactiveWebApplicationCondition)

   HttpClientAutoConfiguration#clientHttpRequestFactoryBuilder matched:
      - @ConditionalOnMissingBean (types: org.springframework.boot.http.client.ClientHttpRequestFactoryBuilder<?>; SearchStrategy: all) did not find any beans (OnBeanCondition)

   HttpClientAutoConfiguration#clientHttpRequestFactorySettings matched:
      - @ConditionalOnMissingBean (types: org.springframework.boot.http.client.ClientHttpRequestFactorySettings; SearchStrategy: all) did not find any beans (OnBeanCondition)

   HttpEncodingAutoConfiguration matched:
      - @ConditionalOnClass found required class 'org.springframework.web.filter.CharacterEncodingFilter' (OnClassCondition)
      - found 'session' scope (OnWebApplicationCondition)
      - @ConditionalOnBooleanProperty (server.servlet.encoding.enabled=true) matched (OnPropertyCondition)

   HttpEncodingAutoConfiguration#characterEncodingFilter matched:
      - @ConditionalOnMissingBean (types: org.springframework.web.filter.CharacterEncodingFilter; SearchStrategy: all) did not find any beans (OnBeanCondition)

   HttpMessageConvertersAutoConfiguration matched:
      - @ConditionalOnClass found required class 'org.springframework.http.converter.HttpMessageConverter' (OnClassCondition)
      - NoneNestedConditions 0 matched 1 did not; NestedCondition on HttpMessageConvertersAutoConfiguration.NotReactiveWebApplicationCondition.ReactiveWebApplication did not find reactive web application classes (HttpMessageConvertersAutoConfiguration.NotReactiveWebApplicationCondition)

   HttpMessageConvertersAutoConfiguration#messageConverters matched:
      - @ConditionalOnMissingBean (types: org.springframework.boot.autoconfigure.http.HttpMessageConverters; SearchStrategy: all) did not find any beans (OnBeanCondition)

   HttpMessageConvertersAutoConfiguration.StringHttpMessageConverterConfiguration matched:
      - @ConditionalOnClass found required class 'org.springframework.http.converter.StringHttpMessageConverter' (OnClassCondition)

   HttpMessageConvertersAutoConfiguration.StringHttpMessageConverterConfiguration#stringHttpMessageConverter matched:
      - @ConditionalOnMissingBean (types: org.springframework.http.converter.StringHttpMessageConverter; SearchStrategy: all) did not find any beans (OnBeanCondition)

   JacksonAutoConfiguration matched:
      - @ConditionalOnClass found required class 'com.fasterxml.jackson.databind.ObjectMapper' (OnClassCondition)

   JacksonAutoConfiguration.Jackson2ObjectMapperBuilderCustomizerConfiguration matched:
      - @ConditionalOnClass found required class 'org.springframework.http.converter.json.Jackson2ObjectMapperBuilder' (OnClassCondition)

   JacksonAutoConfiguration.JacksonObjectMapperBuilderConfiguration matched:
      - @ConditionalOnClass found required class 'org.springframework.http.converter.json.Jackson2ObjectMapperBuilder' (OnClassCondition)

   JacksonAutoConfiguration.JacksonObjectMapperBuilderConfiguration#jacksonObjectMapperBuilder matched:
      - @ConditionalOnMissingBean (types: org.springframework.http.converter.json.Jackson2ObjectMapperBuilder; SearchStrategy: all) did not find any beans (OnBeanCondition)

   JacksonAutoConfiguration.JacksonObjectMapperConfiguration matched:
      - @ConditionalOnClass found required class 'org.springframework.http.converter.json.Jackson2ObjectMapperBuilder' (OnClassCondition)

   JacksonAutoConfiguration.JacksonObjectMapperConfiguration#jacksonObjectMapper matched:
      - @ConditionalOnMissingBean (types: com.fasterxml.jackson.databind.ObjectMapper; SearchStrategy: all) did not find any beans (OnBeanCondition)

   JacksonAutoConfiguration.ParameterNamesModuleConfiguration matched:
      - @ConditionalOnClass found required class 'com.fasterxml.jackson.module.paramnames.ParameterNamesModule' (OnClassCondition)

   JacksonAutoConfiguration.ParameterNamesModuleConfiguration#parameterNamesModule matched:
      - @ConditionalOnMissingBean (types: com.fasterxml.jackson.module.paramnames.ParameterNamesModule; SearchStrategy: all) did not find any beans (OnBeanCondition)

   JacksonHttpMessageConvertersConfiguration.MappingJackson2HttpMessageConverterConfiguration matched:
      - @ConditionalOnClass found required class 'com.fasterxml.jackson.databind.ObjectMapper' (OnClassCondition)
      - @ConditionalOnPreferredJsonMapper JACKSON no property was configured and Jackson is the default (OnPreferredJsonMapperCondition)
      - @ConditionalOnBean (types: com.fasterxml.jackson.databind.ObjectMapper; SearchStrategy: all) found bean 'jacksonObjectMapper' (OnBeanCondition)

   JacksonHttpMessageConvertersConfiguration.MappingJackson2HttpMessageConverterConfiguration#mappingJackson2HttpMessageConverter matched:
      - @ConditionalOnMissingBean (types: org.springframework.http.converter.json.MappingJackson2HttpMessageConverter ignored: org.springframework.hateoas.server.mvc.TypeConstrainedMappingJackson2HttpMessageConverter,org.springframework.data.rest.webmvc.alps.AlpsJsonHttpMessageConverter; SearchStrategy: all) did not find any beans (OnBeanCondition)

   JdbcClientAutoConfiguration matched:
      - @ConditionalOnSingleCandidate (types: org.springframework.jdbc.core.namedparam.NamedParameterJdbcTemplate; SearchStrategy: all) found a single bean 'namedParameterJdbcTemplate'; @ConditionalOnMissingBean (types: org.springframework.jdbc.core.simple.JdbcClient; SearchStrategy: all) did not find any beans (OnBeanCondition)

   JdbcTemplateAutoConfiguration matched:
      - @ConditionalOnClass found required classes 'javax.sql.DataSource', 'org.springframework.jdbc.core.JdbcTemplate' (OnClassCondition)
      - @ConditionalOnSingleCandidate (types: javax.sql.DataSource; SearchStrategy: all) found a single bean 'dataSource' (OnBeanCondition)

   JdbcTemplateConfiguration matched:
      - @ConditionalOnMissingBean (types: org.springframework.jdbc.core.JdbcOperations; SearchStrategy: all) did not find any beans (OnBeanCondition)

   JpaBaseConfiguration#entityManagerFactory matched:
      - @ConditionalOnMissingBean (types: org.springframework.orm.jpa.LocalContainerEntityManagerFactoryBean,jakarta.persistence.EntityManagerFactory; SearchStrategy: all) did not find any beans (OnBeanCondition)

   JpaBaseConfiguration#entityManagerFactoryBuilder matched:
      - @ConditionalOnMissingBean (types: org.springframework.boot.orm.jpa.EntityManagerFactoryBuilder; SearchStrategy: all) did not find any beans (OnBeanCondition)

   JpaBaseConfiguration#jpaVendorAdapter matched:
      - @ConditionalOnMissingBean (types: org.springframework.orm.jpa.JpaVendorAdapter; SearchStrategy: all) did not find any beans (OnBeanCondition)

   JpaBaseConfiguration#transactionManager matched:
      - @ConditionalOnMissingBean (types: org.springframework.transaction.TransactionManager; SearchStrategy: all) did not find any beans (OnBeanCondition)

   JpaBaseConfiguration.JpaWebConfiguration matched:
      - @ConditionalOnClass found required class 'org.springframework.web.servlet.config.annotation.WebMvcConfigurer' (OnClassCondition)
      - found 'session' scope (OnWebApplicationCondition)
      - @ConditionalOnBooleanProperty (spring.jpa.open-in-view=true) matched (OnPropertyCondition)
      - @ConditionalOnMissingBean (types: org.springframework.orm.jpa.support.OpenEntityManagerInViewInterceptor,org.springframework.orm.jpa.support.OpenEntityManagerInViewFilter; SearchStrategy: all) did not find any beans (OnBeanCondition)

   JpaBaseConfiguration.PersistenceManagedTypesConfiguration matched:
      - @ConditionalOnMissingBean (types: org.springframework.orm.jpa.LocalContainerEntityManagerFactoryBean,jakarta.persistence.EntityManagerFactory; SearchStrategy: all) did not find any beans (OnBeanCondition)

   JpaBaseConfiguration.PersistenceManagedTypesConfiguration#persistenceManagedTypes matched:
      - @ConditionalOnMissingBean (types: org.springframework.orm.jpa.persistenceunit.PersistenceManagedTypes; SearchStrategy: all) did not find any beans (OnBeanCondition)

   JpaRepositoriesAutoConfiguration matched:
      - @ConditionalOnClass found required class 'org.springframework.data.jpa.repository.JpaRepository' (OnClassCondition)
      - @ConditionalOnBooleanProperty (spring.data.jpa.repositories.enabled=true) matched (OnPropertyCondition)
      - @ConditionalOnBean (types: javax.sql.DataSource; SearchStrategy: all) found bean 'dataSource'; @ConditionalOnMissingBean (types: org.springframework.data.jpa.repository.support.JpaRepositoryFactoryBean,org.springframework.data.jpa.repository.config.JpaRepositoryConfigExtension; SearchStrategy: all) did not find any beans (OnBeanCondition)

   JtaAutoConfiguration matched:
      - @ConditionalOnClass found required class 'jakarta.transaction.Transaction' (OnClassCondition)
      - @ConditionalOnBooleanProperty (spring.jta.enabled=true) matched (OnPropertyCondition)

   LifecycleAutoConfiguration#defaultLifecycleProcessor matched:
      - @ConditionalOnMissingBean (names: lifecycleProcessor; SearchStrategy: current) did not find any beans (OnBeanCondition)

   LifecycleMvcEndpointAutoConfiguration#environmentManager matched:
      - @ConditionalOnMissingBean (types: org.springframework.cloud.context.environment.EnvironmentManager; SearchStrategy: all) did not find any beans (OnBeanCondition)

   org.springframework.cloud.client.loadbalancer.LoadBalancerAutoConfiguration matched:
      - AnyNestedCondition 2 matched 0 did not; NestedCondition on BlockingRestClassesPresentCondition.RestClientPresent @ConditionalOnClass found required class 'org.springframework.web.client.RestClient'; NestedCondition on BlockingRestClassesPresentCondition.RestTemplatePresent @ConditionalOnClass found required class 'org.springframework.web.client.RestTemplate' (BlockingRestClassesPresentCondition)
      - @ConditionalOnBean (types: org.springframework.cloud.client.loadbalancer.LoadBalancerClient; SearchStrategy: all) found bean 'blockingLoadBalancerClient' (OnBeanCondition)

   org.springframework.cloud.loadbalancer.config.LoadBalancerAutoConfiguration matched:
      - @ConditionalOnProperty (spring.cloud.loadbalancer.enabled=true) matched (OnPropertyCondition)

   LoadBalancerAutoConfiguration#loadBalancerClientFactory matched:
      - @ConditionalOnMissingBean (types: org.springframework.cloud.loadbalancer.support.LoadBalancerClientFactory; SearchStrategy: all) did not find any beans (OnBeanCondition)

   LoadBalancerAutoConfiguration#loadBalancerRequestFactory matched:
      - @ConditionalOnMissingBean (types: org.springframework.cloud.client.loadbalancer.LoadBalancerRequestFactory; SearchStrategy: all) did not find any beans (OnBeanCondition)

   LoadBalancerAutoConfiguration#zoneConfig matched:
      - @ConditionalOnMissingBean (types: org.springframework.cloud.loadbalancer.config.LoadBalancerZoneConfig; SearchStrategy: all) did not find any beans (OnBeanCondition)

   LoadBalancerAutoConfiguration.DeferringLoadBalancerInterceptorConfig#deferringLoadBalancerInterceptor matched:
      - @ConditionalOnMissingBean (types: org.springframework.cloud.client.loadbalancer.DeferringLoadBalancerInterceptor; SearchStrategy: all) did not find any beans (OnBeanCondition)

   LoadBalancerAutoConfiguration.DeferringLoadBalancerInterceptorConfig#lbRestClientPostProcessor matched:
      - @ConditionalOnBean (types: org.springframework.cloud.client.loadbalancer.DeferringLoadBalancerInterceptor; SearchStrategy: all) found bean 'deferringLoadBalancerInterceptor'; @ConditionalOnMissingBean (types: org.springframework.cloud.client.loadbalancer.LoadBalancerRestClientBuilderBeanPostProcessor; SearchStrategy: all) did not find any beans (OnBeanCondition)

   LoadBalancerAutoConfiguration.DeferringLoadBalancerInterceptorConfig#lbRestTemplateBuilderPostProcessor matched:
      - @ConditionalOnBean (types: org.springframework.cloud.client.loadbalancer.DeferringLoadBalancerInterceptor; SearchStrategy: all) found bean 'deferringLoadBalancerInterceptor'; @ConditionalOnMissingBean (types: org.springframework.cloud.client.loadbalancer.LoadBalancerRestTemplateBuilderBeanPostProcessor; SearchStrategy: all) did not find any beans (OnBeanCondition)

   LoadBalancerAutoConfiguration.LoadBalancerInterceptorConfig matched:
      - AnyNestedCondition 1 matched 1 did not; NestedCondition on LoadBalancerAutoConfiguration.RetryMissingOrDisabledCondition.RetryDisabled @ConditionalOnProperty (spring.cloud.loadbalancer.retry.enabled=false) did not find property 'spring.cloud.loadbalancer.retry.enabled'; NestedCondition on LoadBalancerAutoConfiguration.RetryMissingOrDisabledCondition.RetryTemplateMissing @ConditionalOnMissingClass did not find unwanted class 'org.springframework.retry.support.RetryTemplate' (LoadBalancerAutoConfiguration.RetryMissingOrDisabledCondition)

   LoadBalancerAutoConfiguration.LoadBalancerInterceptorConfig#restTemplateCustomizer matched:
      - @ConditionalOnMissingBean (types: org.springframework.cloud.client.loadbalancer.RestTemplateCustomizer; SearchStrategy: all) did not find any beans (OnBeanCondition)

   LoadBalancerCacheAutoConfiguration matched:
      - @ConditionalOnClass found required classes 'org.springframework.cache.CacheManager', 'org.springframework.boot.autoconfigure.cache.CacheAutoConfiguration' (OnClassCondition)
      - AllNestedConditions 2 matched 0 did not; NestedCondition on LoadBalancerCacheAutoConfiguration.OnLoadBalancerCachingEnabledCondition.LoadBalancerCacheEnabled @ConditionalOnProperty (spring.cloud.loadbalancer.cache.enabled) matched; NestedCondition on LoadBalancerCacheAutoConfiguration.OnLoadBalancerCachingEnabledCondition.LoadBalancerEnabled @ConditionalOnProperty (spring.cloud.loadbalancer.enabled=true) matched (LoadBalancerCacheAutoConfiguration.OnLoadBalancerCachingEnabledCondition)

   LoadBalancerCacheAutoConfiguration.DefaultLoadBalancerCacheManagerConfiguration matched:
      - @ConditionalOnClass found required class 'com.stoyanr.evictor.ConcurrentMapWithTimedEviction' (OnClassCondition)
      - AnyNestedCondition 1 matched 1 did not; NestedCondition on LoadBalancerCacheAutoConfiguration.OnCaffeineCacheMissingCondition.CaffeineCacheManagerClassMissing @ConditionalOnMissingClass found unwanted class 'org.springframework.cache.caffeine.CaffeineCacheManager'; NestedCondition on LoadBalancerCacheAutoConfiguration.OnCaffeineCacheMissingCondition.CaffeineClassMissing @ConditionalOnMissingClass did not find unwanted class 'com.github.benmanes.caffeine.cache.Caffeine' (LoadBalancerCacheAutoConfiguration.OnCaffeineCacheMissingCondition)

   LoadBalancerCacheAutoConfiguration.DefaultLoadBalancerCacheManagerConfiguration#defaultLoadBalancerCacheManager matched:
      - @ConditionalOnMissingBean (types: org.springframework.cloud.loadbalancer.cache.LoadBalancerCacheManager; SearchStrategy: all) did not find any beans (OnBeanCondition)

   LoadBalancerCacheAutoConfiguration.LoadBalancerCacheManagerWarnConfiguration matched:
      - AnyNestedCondition 1 matched 1 did not; NestedCondition on LoadBalancerCacheAutoConfiguration.OnCaffeineCacheMissingCondition.CaffeineCacheManagerClassMissing @ConditionalOnMissingClass found unwanted class 'org.springframework.cache.caffeine.CaffeineCacheManager'; NestedCondition on LoadBalancerCacheAutoConfiguration.OnCaffeineCacheMissingCondition.CaffeineClassMissing @ConditionalOnMissingClass did not find unwanted class 'com.github.benmanes.caffeine.cache.Caffeine' (LoadBalancerCacheAutoConfiguration.OnCaffeineCacheMissingCondition)

   LoadBalancerEurekaAutoConfiguration matched:
      - @ConditionalOnClass found required class 'org.springframework.cloud.loadbalancer.annotation.LoadBalancerClientConfigurationRegistrar' (OnClassCondition)
      - @ConditionalOnProperty (eureka.client.enabled) matched (OnPropertyCondition)

   LoadBalancerEurekaAutoConfiguration#eurekaLoadBalancerProperties matched:
      - @ConditionalOnMissingBean (types: org.springframework.cloud.netflix.eureka.loadbalancer.EurekaLoadBalancerProperties; SearchStrategy: all) did not find any beans (OnBeanCondition)

   LocalDevToolsAutoConfiguration matched:
      - Initialized Restarter Condition available and initialized (OnInitializedRestarterCondition)

   LocalDevToolsAutoConfiguration.LiveReloadConfiguration matched:
      - @ConditionalOnBooleanProperty (spring.devtools.livereload.enabled=true) matched (OnPropertyCondition)

   LocalDevToolsAutoConfiguration.LiveReloadConfiguration#liveReloadServer matched:
      - @ConditionalOnMissingBean (types: org.springframework.boot.devtools.livereload.LiveReloadServer; SearchStrategy: all) did not find any beans (OnBeanCondition)

   LocalDevToolsAutoConfiguration.RestartConfiguration matched:
      - @ConditionalOnBooleanProperty (spring.devtools.restart.enabled=true) matched (OnPropertyCondition)

   LocalDevToolsAutoConfiguration.RestartConfiguration#classPathFileSystemWatcher matched:
      - @ConditionalOnMissingBean (types: org.springframework.boot.devtools.classpath.ClassPathFileSystemWatcher; SearchStrategy: all) did not find any beans (OnBeanCondition)

   LocalDevToolsAutoConfiguration.RestartConfiguration#classPathRestartStrategy matched:
      - @ConditionalOnMissingBean (types: org.springframework.boot.devtools.classpath.ClassPathRestartStrategy; SearchStrategy: all) did not find any beans (OnBeanCondition)

   LocalDevToolsAutoConfiguration.RestartConfiguration#conditionEvaluationDeltaLoggingListener matched:
      - @ConditionalOnBooleanProperty (spring.devtools.restart.log-condition-evaluation-delta=true) matched (OnPropertyCondition)

   MultipartAutoConfiguration matched:
      - @ConditionalOnClass found required classes 'jakarta.servlet.Servlet', 'org.springframework.web.multipart.support.StandardServletMultipartResolver', 'jakarta.servlet.MultipartConfigElement' (OnClassCondition)
      - found 'session' scope (OnWebApplicationCondition)
      - @ConditionalOnBooleanProperty (spring.servlet.multipart.enabled=true) matched (OnPropertyCondition)

   MultipartAutoConfiguration#multipartConfigElement matched:
      - @ConditionalOnMissingBean (types: jakarta.servlet.MultipartConfigElement; SearchStrategy: all) did not find any beans (OnBeanCondition)

   MultipartAutoConfiguration#multipartResolver matched:
      - @ConditionalOnMissingBean (types: org.springframework.web.multipart.MultipartResolver; SearchStrategy: all) did not find any beans (OnBeanCondition)

   NamedParameterJdbcTemplateConfiguration matched:
      - @ConditionalOnSingleCandidate (types: org.springframework.jdbc.core.JdbcTemplate; SearchStrategy: all) found a single bean 'jdbcTemplate'; @ConditionalOnMissingBean (types: org.springframework.jdbc.core.namedparam.NamedParameterJdbcOperations; SearchStrategy: all) did not find any beans (OnBeanCondition)

   NoOpCacheConfiguration matched:
      - Cache org.springframework.boot.autoconfigure.cache.NoOpCacheConfiguration automatic cache type (CacheCondition)

   PersistenceExceptionTranslationAutoConfiguration matched:
      - @ConditionalOnClass found required class 'org.springframework.dao.annotation.PersistenceExceptionTranslationPostProcessor' (OnClassCondition)

   PersistenceExceptionTranslationAutoConfiguration#persistenceExceptionTranslationPostProcessor matched:
      - @ConditionalOnBooleanProperty (spring.dao.exceptiontranslation.enabled=true) matched (OnPropertyCondition)
      - @ConditionalOnMissingBean (types: org.springframework.dao.annotation.PersistenceExceptionTranslationPostProcessor; SearchStrategy: all) did not find any beans (OnBeanCondition)

   PropertyPlaceholderAutoConfiguration#propertySourcesPlaceholderConfigurer matched:
      - @ConditionalOnMissingBean (types: org.springframework.context.support.PropertySourcesPlaceholderConfigurer; SearchStrategy: current) did not find any beans (OnBeanCondition)

   ReactorAutoConfiguration matched:
      - @ConditionalOnClass found required class 'reactor.core.publisher.Hooks' (OnClassCondition)

   RefreshAutoConfiguration matched:
      - @ConditionalOnClass found required class 'org.springframework.cloud.context.scope.refresh.RefreshScope' (OnClassCondition)
      - @ConditionalOnProperty (spring.cloud.refresh.enabled) matched (OnPropertyCondition)

   RefreshAutoConfiguration#configDataContextRefresher matched:
      - @ConditionalOnMissingBean (types: org.springframework.cloud.context.refresh.ConfigDataContextRefresher; SearchStrategy: all) did not find any beans (OnBeanCondition)
      - NoneNestedConditions 0 matched 3 did not; NestedCondition on ConditionalOnBootstrapDisabled.OnBootstrapDisabledCondition.OnBootstrapEnabled @ConditionalOnProperty (spring.cloud.bootstrap.enabled) did not find property 'spring.cloud.bootstrap.enabled'; NestedCondition on ConditionalOnBootstrapDisabled.OnBootstrapDisabledCondition.OnUseLegacyProcessingEnabled @ConditionalOnProperty (spring.config.use-legacy-processing) did not find property 'spring.config.use-legacy-processing'; NestedCondition on ConditionalOnBootstrapDisabled.OnBootstrapDisabledCondition.OnBootstrapMarkerClassPresent @ConditionalOnClass did not find required class 'org.springframework.cloud.bootstrap.marker.Marker' (ConditionalOnBootstrapDisabled.OnBootstrapDisabledCondition)

   RefreshAutoConfiguration#loggingRebinder matched:
      - @ConditionalOnMissingBean (types: org.springframework.cloud.logging.LoggingRebinder; SearchStrategy: all) did not find any beans (OnBeanCondition)

   RefreshAutoConfiguration#refreshScope matched:
      - @ConditionalOnMissingBean (types: org.springframework.cloud.context.scope.refresh.RefreshScope; SearchStrategy: all) did not find any beans (OnBeanCondition)

   RefreshAutoConfiguration#refreshScopeLifecycle matched:
      - @ConditionalOnProperty (spring.cloud.refresh.on-restart.enabled) matched (OnPropertyCondition)

   ResourceServerTokenRelayAutoConfiguration matched:
      - @ConditionalOnClass found required class 'org.springframework.web.servlet.config.annotation.WebMvcConfigurer' (OnClassCondition)
      - found 'session' scope (OnWebApplicationCondition)
      - @ConditionalOnProperty (spring.cloud.mvc.token-relay.enabled) matched (OnPropertyCondition)

   RestClientAutoConfiguration matched:
      - @ConditionalOnClass found required class 'org.springframework.web.client.RestClient' (OnClassCondition)
      - AnyNestedCondition 1 matched 1 did not; NestedCondition on NotReactiveWebApplicationOrVirtualThreadsExecutorEnabledCondition.VirtualThreadsExecutorEnabled found non-matching nested conditions @ConditionalOnThreading did not find VIRTUAL; NestedCondition on NotReactiveWebApplicationOrVirtualThreadsExecutorEnabledCondition.NotReactiveWebApplication NoneNestedConditions 0 matched 1 did not; NestedCondition on NotReactiveWebApplicationCondition.ReactiveWebApplication did not find reactive web application classes (NotReactiveWebApplicationOrVirtualThreadsExecutorEnabledCondition)

   RestClientAutoConfiguration#httpMessageConvertersRestClientCustomizer matched:
      - @ConditionalOnMissingBean (types: org.springframework.boot.autoconfigure.web.client.HttpMessageConvertersRestClientCustomizer; SearchStrategy: all) did not find any beans (OnBeanCondition)

   RestClientAutoConfiguration#restClientBuilder matched:
      - @ConditionalOnMissingBean (types: org.springframework.web.client.RestClient$Builder; SearchStrategy: all) did not find any beans (OnBeanCondition)

   RestClientAutoConfiguration#restClientBuilderConfigurer matched:
      - @ConditionalOnMissingBean (types: org.springframework.boot.autoconfigure.web.client.RestClientBuilderConfigurer; SearchStrategy: all) did not find any beans (OnBeanCondition)

   RestClientAutoConfiguration#restClientSsl matched:
      - @ConditionalOnBean (types: org.springframework.boot.ssl.SslBundles; SearchStrategy: all) found bean 'sslBundleRegistry'; @ConditionalOnMissingBean (types: org.springframework.boot.autoconfigure.web.client.RestClientSsl; SearchStrategy: all) did not find any beans (OnBeanCondition)

   RestTemplateAutoConfiguration matched:
      - @ConditionalOnClass found required class 'org.springframework.web.client.RestTemplate' (OnClassCondition)
      - NoneNestedConditions 0 matched 1 did not; NestedCondition on NotReactiveWebApplicationCondition.ReactiveWebApplication did not find reactive web application classes (NotReactiveWebApplicationCondition)

   RestTemplateAutoConfiguration#restTemplateBuilder matched:
      - @ConditionalOnMissingBean (types: org.springframework.boot.web.client.RestTemplateBuilder; SearchStrategy: all) did not find any beans (OnBeanCondition)

   SecurityAutoConfiguration matched:
      - @ConditionalOnClass found required class 'org.springframework.security.authentication.DefaultAuthenticationEventPublisher' (OnClassCondition)

   SecurityAutoConfiguration#authenticationEventPublisher matched:
      - @ConditionalOnMissingBean (types: org.springframework.security.authentication.AuthenticationEventPublisher; SearchStrategy: all) did not find any beans (OnBeanCondition)

   SecurityFilterAutoConfiguration matched:
      - @ConditionalOnClass found required classes 'org.springframework.security.web.context.AbstractSecurityWebApplicationInitializer', 'org.springframework.security.config.http.SessionCreationPolicy' (OnClassCondition)
      - found 'session' scope (OnWebApplicationCondition)

   SecurityFilterAutoConfiguration#securityFilterChainRegistration matched:
      - @ConditionalOnBean (names: springSecurityFilterChain; SearchStrategy: all) found bean 'springSecurityFilterChain' (OnBeanCondition)

   ServletWebServerFactoryAutoConfiguration matched:
      - @ConditionalOnClass found required class 'jakarta.servlet.ServletRequest' (OnClassCondition)
      - found 'session' scope (OnWebApplicationCondition)

   ServletWebServerFactoryAutoConfiguration.TomcatConfiguration matched:
      - @ConditionalOnClass found required class 'org.apache.catalina.startup.Tomcat' (OnClassCondition)

   ServletWebServerFactoryConfiguration.EmbeddedTomcat matched:
      - @ConditionalOnClass found required classes 'jakarta.servlet.Servlet', 'org.apache.catalina.startup.Tomcat', 'org.apache.coyote.UpgradeProtocol' (OnClassCondition)
      - @ConditionalOnMissingBean (types: org.springframework.boot.web.servlet.server.ServletWebServerFactory; SearchStrategy: current) did not find any beans (OnBeanCondition)

   SimpleCacheConfiguration matched:
      - Cache org.springframework.boot.autoconfigure.cache.SimpleCacheConfiguration automatic cache type (CacheCondition)

   SimpleDiscoveryClientAutoConfiguration#simpleDiscoveryProperties matched:
      - @ConditionalOnMissingBean (types: org.springframework.cloud.client.discovery.simple.SimpleDiscoveryProperties; SearchStrategy: all) did not find any beans (OnBeanCondition)

   SpringBootWebSecurityConfiguration matched:
      - found 'session' scope (OnWebApplicationCondition)

   SpringBootWebSecurityConfiguration.WebSecurityEnablerConfiguration matched:
      - @ConditionalOnClass found required class 'org.springframework.security.config.annotation.web.configuration.EnableWebSecurity' (OnClassCondition)
      - @ConditionalOnMissingBean (names: springSecurityFilterChain; SearchStrategy: all) did not find any beans (OnBeanCondition)

   SpringDataWebAutoConfiguration matched:
      - @ConditionalOnClass found required classes 'org.springframework.data.web.PageableHandlerMethodArgumentResolver', 'org.springframework.web.servlet.config.annotation.WebMvcConfigurer' (OnClassCondition)
      - found 'session' scope (OnWebApplicationCondition)
      - @ConditionalOnMissingBean (types: org.springframework.data.web.PageableHandlerMethodArgumentResolver; SearchStrategy: all) did not find any beans (OnBeanCondition)

   SpringDataWebAutoConfiguration#pageableCustomizer matched:
      - @ConditionalOnMissingBean (types: org.springframework.data.web.config.PageableHandlerMethodArgumentResolverCustomizer; SearchStrategy: all) did not find any beans (OnBeanCondition)

   SpringDataWebAutoConfiguration#sortCustomizer matched:
      - @ConditionalOnMissingBean (types: org.springframework.data.web.config.SortHandlerMethodArgumentResolverCustomizer; SearchStrategy: all) did not find any beans (OnBeanCondition)

   SpringDataWebAutoConfiguration#springDataWebSettings matched:
      - @ConditionalOnMissingBean (types: org.springframework.data.web.config.SpringDataWebSettings; SearchStrategy: all) did not find any beans (OnBeanCondition)

   SqlInitializationAutoConfiguration matched:
      - @ConditionalOnBooleanProperty (spring.sql.init.enabled=true) matched (OnPropertyCondition)
      - NoneNestedConditions 0 matched 1 did not; NestedCondition on SqlInitializationAutoConfiguration.SqlInitializationModeCondition.ModeIsNever @ConditionalOnProperty (spring.sql.init.mode=never) did not find property 'spring.sql.init.mode' (SqlInitializationAutoConfiguration.SqlInitializationModeCondition)

   SslAutoConfiguration#sslBundleRegistry matched:
      - @ConditionalOnMissingBean (types: org.springframework.boot.ssl.SslBundleRegistry,org.springframework.boot.ssl.SslBundles; SearchStrategy: all) did not find any beans (OnBeanCondition)

   TaskExecutionAutoConfiguration matched:
      - @ConditionalOnClass found required class 'org.springframework.scheduling.concurrent.ThreadPoolTaskExecutor' (OnClassCondition)

   TaskExecutorConfigurations.AsyncConfigurerConfiguration matched:
      - @ConditionalOnMissingBean (types: org.springframework.scheduling.annotation.AsyncConfigurer; SearchStrategy: all) did not find any beans (OnBeanCondition)

   TaskExecutorConfigurations.AsyncConfigurerConfiguration#applicationTaskExecutorAsyncConfigurer matched:
      - @ConditionalOnMissingBean (types: org.springframework.scheduling.annotation.AsyncConfigurer; SearchStrategy: all) did not find any beans (OnBeanCondition)

   TaskExecutorConfigurations.SimpleAsyncTaskExecutorBuilderConfiguration#simpleAsyncTaskExecutorBuilder matched:
      - @ConditionalOnMissingBean (types: org.springframework.boot.task.SimpleAsyncTaskExecutorBuilder; SearchStrategy: all) did not find any beans (OnBeanCondition)
      - @ConditionalOnThreading found PLATFORM (OnThreadingCondition)

   TaskExecutorConfigurations.TaskExecutorConfiguration matched:
      - AnyNestedCondition 1 matched 1 did not; NestedCondition on TaskExecutorConfigurations.OnExecutorCondition.ModelCondition @ConditionalOnProperty (spring.task.execution.mode=force) did not find property 'spring.task.execution.mode'; NestedCondition on TaskExecutorConfigurations.OnExecutorCondition.ExecutorBeanCondition @ConditionalOnMissingBean (types: java.util.concurrent.Executor; SearchStrategy: all) did not find any beans (TaskExecutorConfigurations.OnExecutorCondition)

   TaskExecutorConfigurations.TaskExecutorConfiguration#applicationTaskExecutor matched:
      - @ConditionalOnThreading found PLATFORM (OnThreadingCondition)

   TaskExecutorConfigurations.ThreadPoolTaskExecutorBuilderConfiguration#threadPoolTaskExecutorBuilder matched:
      - @ConditionalOnMissingBean (types: org.springframework.boot.task.ThreadPoolTaskExecutorBuilder; SearchStrategy: all) did not find any beans (OnBeanCondition)

   TaskSchedulingAutoConfiguration matched:
      - @ConditionalOnClass found required class 'org.springframework.scheduling.concurrent.ThreadPoolTaskScheduler' (OnClassCondition)

   TaskSchedulingConfigurations.SimpleAsyncTaskSchedulerBuilderConfiguration#simpleAsyncTaskSchedulerBuilder matched:
      - @ConditionalOnMissingBean (types: org.springframework.boot.task.SimpleAsyncTaskSchedulerBuilder; SearchStrategy: all) did not find any beans (OnBeanCondition)
      - @ConditionalOnThreading found PLATFORM (OnThreadingCondition)

   TaskSchedulingConfigurations.ThreadPoolTaskSchedulerBuilderConfiguration#threadPoolTaskSchedulerBuilder matched:
      - @ConditionalOnMissingBean (types: org.springframework.boot.task.ThreadPoolTaskSchedulerBuilder; SearchStrategy: all) did not find any beans (OnBeanCondition)

   TransactionAutoConfiguration matched:
      - @ConditionalOnClass found required class 'org.springframework.transaction.PlatformTransactionManager' (OnClassCondition)

   TransactionAutoConfiguration.EnableTransactionManagementConfiguration matched:
      - @ConditionalOnBean (types: org.springframework.transaction.TransactionManager; SearchStrategy: all) found bean 'transactionManager'; @ConditionalOnMissingBean (types: org.springframework.transaction.annotation.AbstractTransactionManagementConfiguration; SearchStrategy: all) did not find any beans (OnBeanCondition)

   TransactionAutoConfiguration.EnableTransactionManagementConfiguration.CglibAutoProxyConfiguration matched:
      - @ConditionalOnBooleanProperty (spring.aop.proxy-target-class=true) matched (OnPropertyCondition)

   TransactionAutoConfiguration.TransactionTemplateConfiguration matched:
      - @ConditionalOnSingleCandidate (types: org.springframework.transaction.PlatformTransactionManager; SearchStrategy: all) found a single bean 'transactionManager' (OnBeanCondition)

   TransactionAutoConfiguration.TransactionTemplateConfiguration#transactionTemplate matched:
      - @ConditionalOnMissingBean (types: org.springframework.transaction.support.TransactionOperations; SearchStrategy: all) did not find any beans (OnBeanCondition)

   TransactionManagerCustomizationAutoConfiguration matched:
      - @ConditionalOnClass found required class 'org.springframework.transaction.PlatformTransactionManager' (OnClassCondition)

   TransactionManagerCustomizationAutoConfiguration#platformTransactionManagerCustomizers matched:
      - @ConditionalOnMissingBean (types: org.springframework.boot.autoconfigure.transaction.TransactionManagerCustomizers; SearchStrategy: all) did not find any beans (OnBeanCondition)

   UserDetailsServiceAutoConfiguration matched:
      - @ConditionalOnClass found required class 'org.springframework.security.authentication.AuthenticationManager' (OnClassCondition)
      - found 'session' scope (OnWebApplicationCondition)
      - AnyNestedCondition 1 matched 2 did not; NestedCondition on UserDetailsServiceAutoConfiguration.MissingAlternativeOrUserPropertiesConfigured.PasswordConfigured @ConditionalOnProperty (spring.security.user.password) did not find property 'spring.security.user.password'; NestedCondition on UserDetailsServiceAutoConfiguration.MissingAlternativeOrUserPropertiesConfigured.NameConfigured @ConditionalOnProperty (spring.security.user.name) did not find property 'spring.security.user.name'; NestedCondition on UserDetailsServiceAutoConfiguration.MissingAlternativeOrUserPropertiesConfigured.MissingAlternative @ConditionalOnMissingClass did not find unwanted classes 'org.springframework.security.oauth2.client.registration.ClientRegistrationRepository', 'org.springframework.security.oauth2.server.resource.introspection.OpaqueTokenIntrospector', 'org.springframework.security.saml2.provider.service.registration.RelyingPartyRegistrationRepository' (UserDetailsServiceAutoConfiguration.MissingAlternativeOrUserPropertiesConfigured)
      - @ConditionalOnBean (types: org.springframework.security.config.ObjectPostProcessor; SearchStrategy: all) found beans 'objectPostProcessor', 'webAuthorizationManagerPostProcessor', 'filterChainDecoratorPostProcessor', 'authenticationManagerPostProcessor'; @ConditionalOnMissingBean (types: org.springframework.security.authentication.AuthenticationManager,org.springframework.security.authentication.AuthenticationProvider,org.springframework.security.core.userdetails.UserDetailsService,org.springframework.security.authentication.AuthenticationManagerResolver,org.springframework.security.oauth2.jwt.JwtDecoder; SearchStrategy: all) did not find any beans (OnBeanCondition)

   UtilAutoConfiguration matched:
      - @ConditionalOnProperty (spring.cloud.util.enabled) matched (OnPropertyCondition)

   UtilAutoConfiguration#inetUtils matched:
      - @ConditionalOnMissingBean (types: org.springframework.cloud.commons.util.InetUtils; SearchStrategy: all) did not find any beans (OnBeanCondition)

   ValidationAutoConfiguration matched:
      - @ConditionalOnClass found required class 'jakarta.validation.executable.ExecutableValidator' (OnClassCondition)
      - @ConditionalOnResource found location classpath:META-INF/services/jakarta.validation.spi.ValidationProvider (OnResourceCondition)

   ValidationAutoConfiguration#defaultValidator matched:
      - @ConditionalOnMissingBean (types: jakarta.validation.Validator; SearchStrategy: all) did not find any beans (OnBeanCondition)

   ValidationAutoConfiguration#methodValidationPostProcessor matched:
      - @ConditionalOnMissingBean (types: org.springframework.validation.beanvalidation.MethodValidationPostProcessor; SearchStrategy: current) did not find any beans (OnBeanCondition)

   WebMvcAutoConfiguration matched:
      - @ConditionalOnClass found required classes 'jakarta.servlet.Servlet', 'org.springframework.web.servlet.DispatcherServlet', 'org.springframework.web.servlet.config.annotation.WebMvcConfigurer' (OnClassCondition)
      - found 'session' scope (OnWebApplicationCondition)
      - @ConditionalOnMissingBean (types: org.springframework.web.servlet.config.annotation.WebMvcConfigurationSupport; SearchStrategy: all) did not find any beans (OnBeanCondition)

   WebMvcAutoConfiguration#formContentFilter matched:
      - @ConditionalOnBooleanProperty (spring.mvc.formcontent.filter.enabled=true) matched (OnPropertyCondition)
      - @ConditionalOnMissingBean (types: org.springframework.web.filter.FormContentFilter; SearchStrategy: all) did not find any beans (OnBeanCondition)

   WebMvcAutoConfiguration.EnableWebMvcConfiguration#flashMapManager matched:
      - @ConditionalOnMissingBean (names: flashMapManager; SearchStrategy: all) did not find any beans (OnBeanCondition)

   WebMvcAutoConfiguration.EnableWebMvcConfiguration#localeResolver matched:
      - @ConditionalOnMissingBean (names: localeResolver; SearchStrategy: all) did not find any beans (OnBeanCondition)

   WebMvcAutoConfiguration.EnableWebMvcConfiguration#themeResolver matched:
      - @ConditionalOnMissingBean (names: themeResolver; SearchStrategy: all) did not find any beans (OnBeanCondition)

   WebMvcAutoConfiguration.EnableWebMvcConfiguration#viewNameTranslator matched:
      - @ConditionalOnMissingBean (names: viewNameTranslator; SearchStrategy: all) did not find any beans (OnBeanCondition)

   WebMvcAutoConfiguration.WebMvcAutoConfigurationAdapter#defaultViewResolver matched:
      - @ConditionalOnMissingBean (types: org.springframework.web.servlet.view.InternalResourceViewResolver; SearchStrategy: all) did not find any beans (OnBeanCondition)

   WebMvcAutoConfiguration.WebMvcAutoConfigurationAdapter#requestContextFilter matched:
      - @ConditionalOnMissingBean (types: org.springframework.web.context.request.RequestContextListener,org.springframework.web.filter.RequestContextFilter; SearchStrategy: all) did not find any beans (OnBeanCondition)

   WebMvcAutoConfiguration.WebMvcAutoConfigurationAdapter#viewResolver matched:
      - @ConditionalOnBean (types: org.springframework.web.servlet.ViewResolver; SearchStrategy: all) found beans 'defaultViewResolver', 'beanNameViewResolver', 'mvcViewResolver'; @ConditionalOnMissingBean (names: viewResolver types: org.springframework.web.servlet.view.ContentNegotiatingViewResolver; SearchStrategy: all) did not find any beans (OnBeanCondition)

   WebSocketServletAutoConfiguration matched:
      - @ConditionalOnClass found required classes 'jakarta.servlet.Servlet', 'jakarta.websocket.server.ServerContainer' (OnClassCondition)
      - found 'session' scope (OnWebApplicationCondition)

   WebSocketServletAutoConfiguration.TomcatWebSocketConfiguration matched:
      - @ConditionalOnClass found required classes 'org.apache.catalina.startup.Tomcat', 'org.apache.tomcat.websocket.server.WsSci' (OnClassCondition)

   WebSocketServletAutoConfiguration.TomcatWebSocketConfiguration#websocketServletWebServerCustomizer matched:
      - @ConditionalOnMissingBean (names: websocketServletWebServerCustomizer; SearchStrategy: all) did not find any beans (OnBeanCondition)


Negative matches:
-----------------

   ActiveMQAutoConfiguration:
      Did not match:
         - @ConditionalOnClass did not find required class 'jakarta.jms.ConnectionFactory' (OnClassCondition)

   AopAutoConfiguration.AspectJAutoProxyingConfiguration.JdkDynamicAutoProxyConfiguration:
      Did not match:
         - @ConditionalOnBooleanProperty (spring.aop.proxy-target-class=false) did not find property 'spring.aop.proxy-target-class' (OnPropertyCondition)

   AopAutoConfiguration.ClassProxyingConfiguration:
      Did not match:
         - @ConditionalOnMissingClass found unwanted class 'org.aspectj.weaver.Advice' (OnClassCondition)

   ArtemisAutoConfiguration:
      Did not match:
         - @ConditionalOnClass did not find required class 'jakarta.jms.ConnectionFactory' (OnClassCondition)

   BatchAutoConfiguration:
      Did not match:
         - @ConditionalOnClass did not find required class 'org.springframework.batch.core.launch.JobLauncher' (OnClassCondition)

   BlockingLoadBalancerClientAutoConfiguration.BlockingLoadBalancerRetryConfig:
      Did not match:
         - @ConditionalOnClass did not find required class 'org.springframework.retry.support.RetryTemplate' (OnClassCondition)

   Cache2kCacheConfiguration:
      Did not match:
         - @ConditionalOnClass did not find required class 'org.cache2k.Cache2kBuilder' (OnClassCondition)

   CacheAutoConfiguration:
      Did not match:
         - @ConditionalOnBean (types: org.springframework.cache.interceptor.CacheAspectSupport; SearchStrategy: all) did not find any beans of type org.springframework.cache.interceptor.CacheAspectSupport (OnBeanCondition)
      Matched:
         - @ConditionalOnClass found required class 'org.springframework.cache.CacheManager' (OnClassCondition)

   CacheAutoConfiguration.CacheManagerEntityManagerFactoryDependsOnPostProcessor:
      Did not match:
         - Ancestor org.springframework.boot.autoconfigure.cache.CacheAutoConfiguration did not match (ConditionEvaluationReport.AncestorsMatchedCondition)
      Matched:
         - @ConditionalOnClass found required class 'org.springframework.orm.jpa.LocalContainerEntityManagerFactoryBean' (OnClassCondition)

   CaffeineCacheConfiguration:
      Did not match:
         - @ConditionalOnClass did not find required class 'com.github.benmanes.caffeine.cache.Caffeine' (OnClassCondition)

   CassandraAutoConfiguration:
      Did not match:
         - @ConditionalOnClass did not find required class 'com.datastax.oss.driver.api.core.CqlSession' (OnClassCondition)

   CassandraDataAutoConfiguration:
      Did not match:
         - @ConditionalOnClass did not find required class 'com.datastax.oss.driver.api.core.CqlSession' (OnClassCondition)

   CassandraReactiveDataAutoConfiguration:
      Did not match:
         - @ConditionalOnClass did not find required class 'com.datastax.oss.driver.api.core.CqlSession' (OnClassCondition)

   CassandraReactiveRepositoriesAutoConfiguration:
      Did not match:
         - @ConditionalOnClass did not find required class 'org.springframework.data.cassandra.ReactiveSession' (OnClassCondition)

   CassandraRepositoriesAutoConfiguration:
      Did not match:
         - @ConditionalOnClass did not find required class 'com.datastax.oss.driver.api.core.CqlSession' (OnClassCondition)

   org.springframework.boot.autoconfigure.web.reactive.function.client.ClientHttpConnectorAutoConfiguration:
      Did not match:
         - @ConditionalOnClass did not find required class 'org.springframework.web.reactive.function.client.WebClient' (OnClassCondition)

   ClientHttpConnectorAutoConfiguration.ReactorNetty:
      Did not match:
         - @ConditionalOnClass did not find required class 'reactor.netty.http.client.HttpClient' (OnClassCondition)

   CloudHypermediaAutoConfiguration:
      Did not match:
         - @ConditionalOnClass did not find required class 'org.springframework.hateoas.Link' (OnClassCondition)

   CodecsAutoConfiguration:
      Did not match:
         - @ConditionalOnClass did not find required class 'org.springframework.web.reactive.function.client.WebClient' (OnClassCondition)

   CommonsClientAutoConfiguration.ActuatorConfiguration:
      Did not match:
         - @ConditionalOnClass did not find required class 'org.springframework.boot.actuate.endpoint.annotation.Endpoint' (OnClassCondition)

   CommonsClientAutoConfiguration.DiscoveryLoadBalancerConfiguration:
      Did not match:
         - @ConditionalOnClass did not find required class 'org.springframework.boot.actuate.health.HealthIndicator' (OnClassCondition)

   CouchbaseAutoConfiguration:
      Did not match:
         - @ConditionalOnClass did not find required class 'com.couchbase.client.java.Cluster' (OnClassCondition)

   CouchbaseCacheConfiguration:
      Did not match:
         - @ConditionalOnClass did not find required class 'com.couchbase.client.java.Cluster' (OnClassCondition)

   CouchbaseDataAutoConfiguration:
      Did not match:
         - @ConditionalOnClass did not find required class 'com.couchbase.client.java.Bucket' (OnClassCondition)

   CouchbaseReactiveDataAutoConfiguration:
      Did not match:
         - @ConditionalOnClass did not find required class 'com.couchbase.client.java.Cluster' (OnClassCondition)

   CouchbaseReactiveRepositoriesAutoConfiguration:
      Did not match:
         - @ConditionalOnClass did not find required class 'com.couchbase.client.java.Cluster' (OnClassCondition)

   CouchbaseRepositoriesAutoConfiguration:
      Did not match:
         - @ConditionalOnClass did not find required class 'com.couchbase.client.java.Bucket' (OnClassCondition)

   DataSourceAutoConfiguration.EmbeddedDatabaseConfiguration:
      Did not match:
         - EmbeddedDataSource spring.datasource.url is set (DataSourceAutoConfiguration.EmbeddedDatabaseCondition)

   DataSourceCheckpointRestoreConfiguration:
      Did not match:
         - @ConditionalOnClass did not find required class 'org.crac.Resource' (OnClassCondition)

   DataSourceConfiguration.Dbcp2:
      Did not match:
         - @ConditionalOnClass did not find required class 'org.apache.commons.dbcp2.BasicDataSource' (OnClassCondition)

   DataSourceConfiguration.Generic:
      Did not match:
         - @ConditionalOnProperty (spring.datasource.type) did not find property 'spring.datasource.type' (OnPropertyCondition)

   DataSourceConfiguration.OracleUcp:
      Did not match:
         - @ConditionalOnClass did not find required classes 'oracle.ucp.jdbc.PoolDataSourceImpl', 'oracle.jdbc.OracleConnection' (OnClassCondition)

   DataSourceConfiguration.Tomcat:
      Did not match:
         - @ConditionalOnClass did not find required class 'org.apache.tomcat.jdbc.pool.DataSource' (OnClassCondition)

   DataSourceJmxConfiguration:
      Did not match:
         - @ConditionalOnBooleanProperty (spring.jmx.enabled=true) did not find property 'spring.jmx.enabled' (OnPropertyCondition)

   DataSourcePoolMetadataProvidersConfiguration.CommonsDbcp2PoolDataSourceMetadataProviderConfiguration:
      Did not match:
         - @ConditionalOnClass did not find required class 'org.apache.commons.dbcp2.BasicDataSource' (OnClassCondition)

   DataSourcePoolMetadataProvidersConfiguration.OracleUcpPoolDataSourceMetadataProviderConfiguration:
      Did not match:
         - @ConditionalOnClass did not find required classes 'oracle.ucp.jdbc.PoolDataSource', 'oracle.jdbc.OracleConnection' (OnClassCondition)

   DataSourcePoolMetadataProvidersConfiguration.TomcatDataSourcePoolMetadataProviderConfiguration:
      Did not match:
         - @ConditionalOnClass did not find required class 'org.apache.tomcat.jdbc.pool.DataSource' (OnClassCondition)

   DataSourceTransactionManagerAutoConfiguration.JdbcTransactionManagerConfiguration#transactionManager:
      Did not match:
         - @ConditionalOnMissingBean (types: org.springframework.transaction.TransactionManager; SearchStrategy: all) found beans of type 'org.springframework.transaction.TransactionManager' transactionManager (OnBeanCondition)

   DevToolsR2dbcAutoConfiguration:
      Did not match:
         - @ConditionalOnClass did not find required class 'io.r2dbc.spi.ConnectionFactory' (OnClassCondition)

   DiscoveryClientOptionalArgsConfiguration.DiscoveryClientOptionalArgsTlsConfiguration:
      Did not match:
         - AllNestedConditions 1 matched 1 did not; NestedCondition on DiscoveryClientOptionalArgsConfiguration.OnJerseyClientPresentAndEnabledCondition.OnJerseyClientEnabled @ConditionalOnProperty (eureka.client.jersey.enabled) matched; NestedCondition on DiscoveryClientOptionalArgsConfiguration.OnJerseyClientPresentAndEnabledCondition.OnJerseyClientPresent @ConditionalOnClass did not find required class 'org.glassfish.jersey.client.JerseyClient' (DiscoveryClientOptionalArgsConfiguration.OnJerseyClientPresentAndEnabledCondition)

   DiscoveryClientOptionalArgsConfiguration.RestClientConfiguration:
      Did not match:
         - AllNestedConditions 3 matched 1 did not; NestedCondition on DiscoveryClientOptionalArgsConfiguration.OnRestClientPresentAndEnabledCondition.OnRestClientEnabled @ConditionalOnProperty (eureka.client.restclient.enabled=true) did not find property 'restclient.enabled'; NestedCondition on DiscoveryClientOptionalArgsConfiguration.OnRestClientPresentAndEnabledCondition.OnWebClientDisabled @ConditionalOnProperty (eureka.client.webclient.enabled=false) matched; NestedCondition on DiscoveryClientOptionalArgsConfiguration.OnRestClientPresentAndEnabledCondition.OnJerseyClientNotPresentOrNotEnabled AnyNestedCondition 1 matched 1 did not; NestedCondition on DiscoveryClientOptionalArgsConfiguration.OnJerseyClientNotPresentOrNotEnabledCondition.OnJerseyClientDisabled @ConditionalOnProperty (eureka.client.jersey.enabled=false) did not find property 'eureka.client.jersey.enabled'; NestedCondition on DiscoveryClientOptionalArgsConfiguration.OnJerseyClientNotPresentOrNotEnabledCondition.OnJerseyClientMissing @ConditionalOnMissingClass did not find unwanted class 'org.glassfish.jersey.client.JerseyClient'; NestedCondition on DiscoveryClientOptionalArgsConfiguration.OnRestClientPresentAndEnabledCondition.OnRestClientPresent @ConditionalOnClass found required class 'org.springframework.web.client.RestClient' (DiscoveryClientOptionalArgsConfiguration.OnRestClientPresentAndEnabledCondition)

   DiscoveryClientOptionalArgsConfiguration.WebClientConfiguration:
      Did not match:
         - @ConditionalOnClass did not find required class 'org.springframework.web.reactive.function.client.WebClient' (OnClassCondition)

   DiscoveryClientOptionalArgsConfiguration.WebClientNotFoundConfiguration:
      Did not match:
         - @ConditionalOnProperty (eureka.client.webclient.enabled=true) did not find property 'webclient.enabled' (OnPropertyCondition)
      Matched:
         - @ConditionalOnMissingClass did not find unwanted class 'org.springframework.web.reactive.function.client.WebClient' (OnClassCondition)

   DispatcherServletAutoConfiguration.DispatcherServletConfiguration#multipartResolver:
      Did not match:
         - @ConditionalOnBean (types: org.springframework.web.multipart.MultipartResolver; SearchStrategy: all) did not find any beans of type org.springframework.web.multipart.MultipartResolver (OnBeanCondition)

   ElasticsearchClientAutoConfiguration:
      Did not match:
         - @ConditionalOnClass did not find required class 'co.elastic.clients.elasticsearch.ElasticsearchClient' (OnClassCondition)

   ElasticsearchDataAutoConfiguration:
      Did not match:
         - @ConditionalOnClass did not find required class 'org.springframework.data.elasticsearch.client.elc.ElasticsearchTemplate' (OnClassCondition)

   ElasticsearchRepositoriesAutoConfiguration:
      Did not match:
         - @ConditionalOnClass did not find required class 'org.springframework.data.elasticsearch.repository.ElasticsearchRepository' (OnClassCondition)

   ElasticsearchRestClientAutoConfiguration:
      Did not match:
         - @ConditionalOnClass did not find required class 'org.elasticsearch.client.RestClientBuilder' (OnClassCondition)

   EmbeddedLdapAutoConfiguration:
      Did not match:
         - @ConditionalOnClass did not find required class 'com.unboundid.ldap.listener.InMemoryDirectoryServer' (OnClassCondition)

   EmbeddedWebServerFactoryCustomizerAutoConfiguration.JettyWebServerFactoryCustomizerConfiguration:
      Did not match:
         - @ConditionalOnClass did not find required classes 'org.eclipse.jetty.server.Server', 'org.eclipse.jetty.util.Loader', 'org.eclipse.jetty.ee10.webapp.WebAppContext' (OnClassCondition)

   EmbeddedWebServerFactoryCustomizerAutoConfiguration.NettyWebServerFactoryCustomizerConfiguration:
      Did not match:
         - @ConditionalOnClass did not find required class 'reactor.netty.http.server.HttpServer' (OnClassCondition)

   EmbeddedWebServerFactoryCustomizerAutoConfiguration.TomcatWebServerFactoryCustomizerConfiguration#tomcatVirtualThreadsProtocolHandlerCustomizer:
      Did not match:
         - @ConditionalOnThreading did not find VIRTUAL (OnThreadingCondition)

   EmbeddedWebServerFactoryCustomizerAutoConfiguration.UndertowWebServerFactoryCustomizerConfiguration:
      Did not match:
         - @ConditionalOnClass did not find required classes 'io.undertow.Undertow', 'org.xnio.SslClientAuthMode' (OnClassCondition)

   ErrorWebFluxAutoConfiguration:
      Did not match:
         - @ConditionalOnClass did not find required class 'org.springframework.web.reactive.config.WebFluxConfigurer' (OnClassCondition)

   EurekaClientAutoConfiguration.EurekaClientConfiguration:
      Did not match:
         - AnyNestedCondition 0 matched 3 did not; NestedCondition on EurekaClientAutoConfiguration.OnMissingRefreshScopeCondition.OnPropertyDisabled @ConditionalOnProperty (eureka.client.refresh.enable=false) did not find property 'eureka.client.refresh.enable'; NestedCondition on EurekaClientAutoConfiguration.OnMissingRefreshScopeCondition.MissingScope @ConditionalOnMissingBean (types: org.springframework.cloud.autoconfigure.RefreshAutoConfiguration; SearchStrategy: all) found beans of type 'org.springframework.cloud.autoconfigure.RefreshAutoConfiguration' org.springframework.cloud.autoconfigure.RefreshAutoConfiguration; NestedCondition on EurekaClientAutoConfiguration.OnMissingRefreshScopeCondition.MissingClass @ConditionalOnMissingClass found unwanted class 'org.springframework.cloud.context.scope.refresh.RefreshScope' (EurekaClientAutoConfiguration.OnMissingRefreshScopeCondition)

   EurekaClientAutoConfiguration.EurekaHealthIndicatorConfiguration:
      Did not match:
         - @ConditionalOnClass did not find required class 'org.springframework.boot.actuate.health.Health' (OnClassCondition)

   EurekaClientConfigServerAutoConfiguration:
      Did not match:
         - @ConditionalOnClass did not find required class 'org.springframework.cloud.config.server.config.ConfigServerProperties' (OnClassCondition)

   EurekaDiscoveryClientConfiguration.EurekaHealthCheckHandlerConfiguration:
      Did not match:
         - @ConditionalOnProperty (eureka.client.healthcheck.enabled) did not find property 'eureka.client.healthcheck.enabled' (OnPropertyCondition)

   EurekaReactiveDiscoveryClientConfiguration:
      Did not match:
         - @ConditionalOnClass did not find required class 'org.springframework.web.reactive.function.client.WebClient' (OnClassCondition)

   FlywayAutoConfiguration:
      Did not match:
         - @ConditionalOnClass did not find required class 'org.flywaydb.core.Flyway' (OnClassCondition)

   FreeMarkerAutoConfiguration:
      Did not match:
         - @ConditionalOnClass did not find required class 'freemarker.template.Configuration' (OnClassCondition)

   GraphQlAutoConfiguration:
      Did not match:
         - @ConditionalOnClass did not find required class 'graphql.GraphQL' (OnClassCondition)

   GraphQlQueryByExampleAutoConfiguration:
      Did not match:
         - @ConditionalOnClass did not find required class 'graphql.GraphQL' (OnClassCondition)

   GraphQlQuerydslAutoConfiguration:
      Did not match:
         - @ConditionalOnClass did not find required class 'com.querydsl.core.Query' (OnClassCondition)

   GraphQlRSocketAutoConfiguration:
      Did not match:
         - @ConditionalOnClass did not find required class 'graphql.GraphQL' (OnClassCondition)

   GraphQlReactiveQueryByExampleAutoConfiguration:
      Did not match:
         - @ConditionalOnClass did not find required class 'graphql.GraphQL' (OnClassCondition)

   GraphQlReactiveQuerydslAutoConfiguration:
      Did not match:
         - @ConditionalOnClass did not find required class 'com.querydsl.core.Query' (OnClassCondition)

   GraphQlWebFluxAutoConfiguration:
      Did not match:
         - @ConditionalOnClass did not find required class 'graphql.GraphQL' (OnClassCondition)

   GraphQlWebFluxSecurityAutoConfiguration:
      Did not match:
         - @ConditionalOnClass did not find required class 'graphql.GraphQL' (OnClassCondition)

   GraphQlWebMvcAutoConfiguration:
      Did not match:
         - @ConditionalOnClass did not find required class 'graphql.GraphQL' (OnClassCondition)

   GraphQlWebMvcSecurityAutoConfiguration:
      Did not match:
         - @ConditionalOnClass did not find required class 'graphql.GraphQL' (OnClassCondition)

   GroovyTemplateAutoConfiguration:
      Did not match:
         - @ConditionalOnClass did not find required class 'groovy.text.markup.MarkupTemplateEngine' (OnClassCondition)

   GsonHttpMessageConvertersConfiguration.GsonHttpMessageConverterConfiguration:
      Did not match:
         - AnyNestedCondition 0 matched 2 did not; NestedCondition on GsonHttpMessageConvertersConfiguration.PreferGsonOrJacksonAndJsonbUnavailableCondition.JacksonJsonbUnavailable NoneNestedConditions 1 matched 1 did not; NestedCondition on GsonHttpMessageConvertersConfiguration.JacksonAndJsonbUnavailableCondition.JsonbPreferred @ConditionalOnPreferredJsonMapper JSONB no property was configured and Jackson is the default; NestedCondition on GsonHttpMessageConvertersConfiguration.JacksonAndJsonbUnavailableCondition.JacksonAvailable @ConditionalOnBean (types: org.springframework.http.converter.json.MappingJackson2HttpMessageConverter; SearchStrategy: all) found bean 'mappingJackson2HttpMessageConverter'; NestedCondition on GsonHttpMessageConvertersConfiguration.PreferGsonOrJacksonAndJsonbUnavailableCondition.GsonPreferred @ConditionalOnPreferredJsonMapper GSON no property was configured and Jackson is the default (GsonHttpMessageConvertersConfiguration.PreferGsonOrJacksonAndJsonbUnavailableCondition)

   HazelcastAutoConfiguration:
      Did not match:
         - @ConditionalOnClass did not find required class 'com.hazelcast.core.HazelcastInstance' (OnClassCondition)

   HazelcastCacheConfiguration:
      Did not match:
         - @ConditionalOnClass did not find required class 'com.hazelcast.core.HazelcastInstance' (OnClassCondition)

   HazelcastJpaDependencyAutoConfiguration:
      Did not match:
         - @ConditionalOnClass did not find required class 'com.hazelcast.core.HazelcastInstance' (OnClassCondition)

   HttpHandlerAutoConfiguration:
      Did not match:
         - @ConditionalOnClass did not find required class 'org.springframework.web.reactive.DispatcherHandler' (OnClassCondition)

   HypermediaAutoConfiguration:
      Did not match:
         - @ConditionalOnClass did not find required class 'org.springframework.hateoas.EntityModel' (OnClassCondition)

   InfinispanCacheConfiguration:
      Did not match:
         - @ConditionalOnClass did not find required class 'org.infinispan.spring.embedded.provider.SpringEmbeddedCacheManager' (OnClassCondition)

   IntegrationAutoConfiguration:
      Did not match:
         - @ConditionalOnClass did not find required class 'org.springframework.integration.config.EnableIntegration' (OnClassCondition)

   JCacheCacheConfiguration:
      Did not match:
         - @ConditionalOnClass did not find required class 'javax.cache.Caching' (OnClassCondition)

   JacksonHttpMessageConvertersConfiguration.MappingJackson2XmlHttpMessageConverterConfiguration:
      Did not match:
         - @ConditionalOnClass did not find required class 'com.fasterxml.jackson.dataformat.xml.XmlMapper' (OnClassCondition)

   JdbcRepositoriesAutoConfiguration:
      Did not match:
         - @ConditionalOnClass did not find required class 'org.springframework.data.jdbc.repository.config.AbstractJdbcConfiguration' (OnClassCondition)

   JerseyAutoConfiguration:
      Did not match:
         - @ConditionalOnClass did not find required class 'org.glassfish.jersey.server.spring.SpringComponentProvider' (OnClassCondition)

   JmsAutoConfiguration:
      Did not match:
         - @ConditionalOnClass did not find required class 'jakarta.jms.Message' (OnClassCondition)

   JmxAutoConfiguration:
      Did not match:
         - @ConditionalOnBooleanProperty (spring.jmx.enabled=true) did not find property 'spring.jmx.enabled' (OnPropertyCondition)
      Matched:
         - @ConditionalOnClass found required class 'org.springframework.jmx.export.MBeanExporter' (OnClassCondition)

   JndiConnectionFactoryAutoConfiguration:
      Did not match:
         - @ConditionalOnClass did not find required class 'org.springframework.jms.core.JmsTemplate' (OnClassCondition)

   JndiDataSourceAutoConfiguration:
      Did not match:
         - @ConditionalOnProperty (spring.datasource.jndi-name) did not find property 'spring.datasource.jndi-name' (OnPropertyCondition)
      Matched:
         - @ConditionalOnClass found required classes 'javax.sql.DataSource', 'org.springframework.jdbc.datasource.embedded.EmbeddedDatabaseType' (OnClassCondition)

   JndiJtaConfiguration:
      Did not match:
         - @ConditionalOnJndi JNDI environment is not available (OnJndiCondition)
      Matched:
         - @ConditionalOnClass found required class 'org.springframework.transaction.jta.JtaTransactionManager' (OnClassCondition)

   JooqAutoConfiguration:
      Did not match:
         - @ConditionalOnClass did not find required class 'org.jooq.DSLContext' (OnClassCondition)

   JpaRepositoriesAutoConfiguration#entityManagerFactoryBootstrapExecutorCustomizer:
      Did not match:
         - AnyNestedCondition 0 matched 2 did not; NestedCondition on JpaRepositoriesAutoConfiguration.BootstrapExecutorCondition.LazyBootstrapMode @ConditionalOnProperty (spring.data.jpa.repositories.bootstrap-mode=lazy) did not find property 'spring.data.jpa.repositories.bootstrap-mode'; NestedCondition on JpaRepositoriesAutoConfiguration.BootstrapExecutorCondition.DeferredBootstrapMode @ConditionalOnProperty (spring.data.jpa.repositories.bootstrap-mode=deferred) did not find property 'spring.data.jpa.repositories.bootstrap-mode' (JpaRepositoriesAutoConfiguration.BootstrapExecutorCondition)

   JsonbAutoConfiguration:
      Did not match:
         - @ConditionalOnClass did not find required class 'jakarta.json.bind.Jsonb' (OnClassCondition)

   JsonbHttpMessageConvertersConfiguration:
      Did not match:
         - @ConditionalOnClass did not find required class 'jakarta.json.bind.Jsonb' (OnClassCondition)

   KafkaAutoConfiguration:
      Did not match:
         - @ConditionalOnClass did not find required class 'org.springframework.kafka.core.KafkaTemplate' (OnClassCondition)

   LdapAutoConfiguration:
      Did not match:
         - @ConditionalOnClass did not find required class 'org.springframework.ldap.core.ContextSource' (OnClassCondition)

   LdapRepositoriesAutoConfiguration:
      Did not match:
         - @ConditionalOnClass did not find required class 'org.springframework.data.ldap.repository.LdapRepository' (OnClassCondition)

   LiquibaseAutoConfiguration:
      Did not match:
         - @ConditionalOnClass did not find required class 'liquibase.change.DatabaseChange' (OnClassCondition)

   LoadBalancerAutoConfiguration.RetryAutoConfiguration:
      Did not match:
         - @ConditionalOnClass did not find required class 'org.springframework.retry.support.RetryTemplate' (OnClassCondition)

   LoadBalancerAutoConfiguration.RetryInterceptorAutoConfiguration:
      Did not match:
         - @ConditionalOnClass did not find required class 'org.springframework.retry.support.RetryTemplate' (OnClassCondition)

   LoadBalancerBeanPostProcessorAutoConfiguration:
      Did not match:
         - @ConditionalOnClass did not find required class 'org.springframework.web.reactive.function.client.WebClient' (OnClassCondition)

   LoadBalancerCacheAutoConfiguration.CaffeineLoadBalancerCacheManagerConfiguration:
      Did not match:
         - @ConditionalOnClass did not find required class 'com.github.benmanes.caffeine.cache.Caffeine' (OnClassCondition)

   LoadBalancerEurekaAutoConfiguration#zoneConfig:
      Did not match:
         - @ConditionalOnMissingBean (types: org.springframework.cloud.loadbalancer.config.LoadBalancerZoneConfig; SearchStrategy: all) found beans of type 'org.springframework.cloud.loadbalancer.config.LoadBalancerZoneConfig' zoneConfig (OnBeanCondition)

   LoadBalancerStatsAutoConfiguration:
      Did not match:
         - @ConditionalOnClass did not find required class 'io.micrometer.core.instrument.MeterRegistry' (OnClassCondition)

   MailSenderAutoConfiguration:
      Did not match:
         - @ConditionalOnClass did not find required class 'jakarta.mail.internet.MimeMessage' (OnClassCondition)

   MailSenderValidatorAutoConfiguration:
      Did not match:
         - @ConditionalOnBooleanProperty (spring.mail.test-connection=true) did not find property 'spring.mail.test-connection' (OnPropertyCondition)

   MessageSourceAutoConfiguration:
      Did not match:
         - ResourceBundle did not find bundle with basename messages (MessageSourceAutoConfiguration.ResourceBundleCondition)

   MongoAutoConfiguration:
      Did not match:
         - @ConditionalOnClass did not find required class 'com.mongodb.client.MongoClient' (OnClassCondition)

   MongoDataAutoConfiguration:
      Did not match:
         - @ConditionalOnClass did not find required class 'com.mongodb.client.MongoClient' (OnClassCondition)

   MongoReactiveAutoConfiguration:
      Did not match:
         - @ConditionalOnClass did not find required class 'com.mongodb.reactivestreams.client.MongoClient' (OnClassCondition)

   MongoReactiveDataAutoConfiguration:
      Did not match:
         - @ConditionalOnClass did not find required class 'com.mongodb.reactivestreams.client.MongoClient' (OnClassCondition)

   MongoReactiveRepositoriesAutoConfiguration:
      Did not match:
         - @ConditionalOnClass did not find required class 'com.mongodb.reactivestreams.client.MongoClient' (OnClassCondition)

   MongoRepositoriesAutoConfiguration:
      Did not match:
         - @ConditionalOnClass did not find required class 'com.mongodb.client.MongoClient' (OnClassCondition)

   MustacheAutoConfiguration:
      Did not match:
         - @ConditionalOnClass did not find required class 'com.samskivert.mustache.Mustache' (OnClassCondition)

   Neo4jAutoConfiguration:
      Did not match:
         - @ConditionalOnClass did not find required class 'org.neo4j.driver.Driver' (OnClassCondition)

   Neo4jDataAutoConfiguration:
      Did not match:
         - @ConditionalOnClass did not find required class 'org.neo4j.driver.Driver' (OnClassCondition)

   Neo4jReactiveDataAutoConfiguration:
      Did not match:
         - @ConditionalOnClass did not find required class 'org.neo4j.driver.Driver' (OnClassCondition)

   Neo4jReactiveRepositoriesAutoConfiguration:
      Did not match:
         - @ConditionalOnClass did not find required class 'org.neo4j.driver.Driver' (OnClassCondition)

   Neo4jRepositoriesAutoConfiguration:
      Did not match:
         - @ConditionalOnClass did not find required class 'org.neo4j.driver.Driver' (OnClassCondition)

   NettyAutoConfiguration:
      Did not match:
         - @ConditionalOnClass did not find required class 'io.netty.util.NettyRuntime' (OnClassCondition)

   OAuth2AuthorizationServerAutoConfiguration:
      Did not match:
         - @ConditionalOnClass did not find required class 'org.springframework.security.oauth2.server.authorization.OAuth2Authorization' (OnClassCondition)

   OAuth2AuthorizationServerJwtAutoConfiguration:
      Did not match:
         - @ConditionalOnClass did not find required class 'com.nimbusds.jose.jwk.source.JWKSource' (OnClassCondition)

   OAuth2ClientAutoConfiguration:
      Did not match:
         - @ConditionalOnClass did not find required class 'org.springframework.security.oauth2.client.registration.ClientRegistration' (OnClassCondition)

   OAuth2ClientWebSecurityAutoConfiguration:
      Did not match:
         - @ConditionalOnClass did not find required class 'org.springframework.security.oauth2.client.web.OAuth2AuthorizedClientRepository' (OnClassCondition)

   OAuth2LoadBalancerClientAutoConfiguration:
      Did not match:
         - @ConditionalOnProperty (spring.cloud.oauth2.load-balanced.enabled) did not find property 'spring.cloud.oauth2.load-balanced.enabled' (OnPropertyCondition)

   OAuth2ResourceServerAutoConfiguration:
      Did not match:
         - @ConditionalOnClass did not find required class 'org.springframework.security.oauth2.server.resource.authentication.BearerTokenAuthenticationToken' (OnClassCondition)

   ProjectInfoAutoConfiguration#buildProperties:
      Did not match:
         - @ConditionalOnResource did not find resource '${spring.info.build.location:classpath:META-INF/build-info.properties}' (OnResourceCondition)

   ProjectInfoAutoConfiguration#gitProperties:
      Did not match:
         - GitResource did not find git info at classpath:git.properties (ProjectInfoAutoConfiguration.GitResourceAvailableCondition)

   PulsarAutoConfiguration:
      Did not match:
         - @ConditionalOnClass did not find required class 'org.apache.pulsar.client.api.PulsarClient' (OnClassCondition)

   PulsarReactiveAutoConfiguration:
      Did not match:
         - @ConditionalOnClass did not find required class 'org.apache.pulsar.client.api.PulsarClient' (OnClassCondition)

   QuartzAutoConfiguration:
      Did not match:
         - @ConditionalOnClass did not find required class 'org.quartz.Scheduler' (OnClassCondition)

   R2dbcAutoConfiguration:
      Did not match:
         - @ConditionalOnClass did not find required class 'io.r2dbc.spi.ConnectionFactory' (OnClassCondition)

   R2dbcDataAutoConfiguration:
      Did not match:
         - @ConditionalOnClass did not find required class 'org.springframework.data.r2dbc.core.R2dbcEntityTemplate' (OnClassCondition)

   R2dbcInitializationConfiguration:
      Did not match:
         - @ConditionalOnClass did not find required classes 'io.r2dbc.spi.ConnectionFactory', 'org.springframework.r2dbc.connection.init.DatabasePopulator' (OnClassCondition)

   R2dbcProxyAutoConfiguration:
      Did not match:
         - @ConditionalOnClass did not find required class 'io.r2dbc.proxy.ProxyConnectionFactory' (OnClassCondition)

   R2dbcRepositoriesAutoConfiguration:
      Did not match:
         - @ConditionalOnClass did not find required class 'io.r2dbc.spi.ConnectionFactory' (OnClassCondition)

   R2dbcTransactionManagerAutoConfiguration:
      Did not match:
         - @ConditionalOnClass did not find required class 'org.springframework.r2dbc.connection.R2dbcTransactionManager' (OnClassCondition)

   RSocketGraphQlClientAutoConfiguration:
      Did not match:
         - @ConditionalOnClass did not find required class 'graphql.GraphQL' (OnClassCondition)

   RSocketMessagingAutoConfiguration:
      Did not match:
         - @ConditionalOnClass did not find required class 'io.rsocket.RSocket' (OnClassCondition)

   RSocketRequesterAutoConfiguration:
      Did not match:
         - @ConditionalOnClass did not find required class 'io.rsocket.RSocket' (OnClassCondition)

   RSocketSecurityAutoConfiguration:
      Did not match:
         - @ConditionalOnClass did not find required class 'org.springframework.security.rsocket.core.SecuritySocketAcceptorInterceptor' (OnClassCondition)

   RSocketServerAutoConfiguration:
      Did not match:
         - @ConditionalOnClass did not find required class 'io.rsocket.core.RSocketServer' (OnClassCondition)

   RSocketStrategiesAutoConfiguration:
      Did not match:
         - @ConditionalOnClass did not find required class 'io.netty.buffer.PooledByteBufAllocator' (OnClassCondition)

   RabbitAutoConfiguration:
      Did not match:
         - @ConditionalOnClass did not find required class 'com.rabbitmq.client.Channel' (OnClassCondition)

   ReactiveCommonsClientAutoConfiguration.ReactiveDiscoveryLoadBalancerConfiguration:
      Did not match:
         - @ConditionalOnClass did not find required classes 'org.springframework.boot.actuate.health.ReactiveHealthIndicator', 'org.springframework.web.reactive.function.client.WebClient' (OnClassCondition)

   ReactiveCompositeDiscoveryClientAutoConfiguration:
      Did not match:
         - @ConditionalOnClass did not find required class 'org.springframework.web.reactive.function.client.WebClient' (OnClassCondition)

   ReactiveElasticsearchClientAutoConfiguration:
      Did not match:
         - @ConditionalOnClass did not find required class 'co.elastic.clients.transport.ElasticsearchTransport' (OnClassCondition)

   ReactiveElasticsearchRepositoriesAutoConfiguration:
      Did not match:
         - @ConditionalOnClass did not find required class 'org.springframework.data.elasticsearch.client.elc.ReactiveElasticsearchClient' (OnClassCondition)

   ReactiveMultipartAutoConfiguration:
      Did not match:
         - @ConditionalOnClass did not find required class 'org.springframework.web.reactive.config.WebFluxConfigurer' (OnClassCondition)

   ReactiveOAuth2ClientAutoConfiguration:
      Did not match:
         - @ConditionalOnClass did not find required class 'org.springframework.security.oauth2.client.registration.ClientRegistration' (OnClassCondition)

   ReactiveOAuth2ClientWebSecurityAutoConfiguration:
      Did not match:
         - @ConditionalOnClass did not find required class 'org.springframework.security.oauth2.client.web.server.ServerOAuth2AuthorizedClientRepository' (OnClassCondition)

   ReactiveOAuth2ResourceServerAutoConfiguration:
      Did not match:
         - @ConditionalOnWebApplication did not find reactive web application classes (OnWebApplicationCondition)

   ReactiveSecurityAutoConfiguration:
      Did not match:
         - @ConditionalOnClass did not find required class 'org.springframework.web.reactive.config.WebFluxConfigurer' (OnClassCondition)

   ReactiveUserDetailsServiceAutoConfiguration:
      Did not match:
         - AnyNestedCondition 0 matched 2 did not; NestedCondition on ReactiveUserDetailsServiceAutoConfiguration.RSocketEnabledOrReactiveWebApplication.ReactiveWebApplicationCondition did not find reactive web application classes; NestedCondition on ReactiveUserDetailsServiceAutoConfiguration.RSocketEnabledOrReactiveWebApplication.RSocketSecurityEnabledCondition @ConditionalOnBean (types: org.springframework.messaging.rsocket.annotation.support.RSocketMessageHandler; SearchStrategy: all) did not find any beans of type org.springframework.messaging.rsocket.annotation.support.RSocketMessageHandler (ReactiveUserDetailsServiceAutoConfiguration.RSocketEnabledOrReactiveWebApplication)
      Matched:
         - @ConditionalOnClass found required class 'org.springframework.security.authentication.ReactiveAuthenticationManager' (OnClassCondition)
         - AnyNestedCondition 1 matched 2 did not; NestedCondition on ReactiveUserDetailsServiceAutoConfiguration.MissingAlternativeOrUserPropertiesConfigured.PasswordConfigured @ConditionalOnProperty (spring.security.user.password) did not find property 'spring.security.user.password'; NestedCondition on ReactiveUserDetailsServiceAutoConfiguration.MissingAlternativeOrUserPropertiesConfigured.NameConfigured @ConditionalOnProperty (spring.security.user.name) did not find property 'spring.security.user.name'; NestedCondition on ReactiveUserDetailsServiceAutoConfiguration.MissingAlternativeOrUserPropertiesConfigured.MissingAlternative @ConditionalOnMissingClass did not find unwanted classes 'org.springframework.security.oauth2.client.registration.ClientRegistrationRepository', 'org.springframework.security.oauth2.server.resource.introspection.ReactiveOpaqueTokenIntrospector' (ReactiveUserDetailsServiceAutoConfiguration.MissingAlternativeOrUserPropertiesConfigured)

   ReactiveWebServerFactoryAutoConfiguration:
      Did not match:
         - @ConditionalOnWebApplication did not find reactive web application classes (OnWebApplicationCondition)

   ReactorLoadBalancerClientAutoConfiguration:
      Did not match:
         - @ConditionalOnClass did not find required class 'org.springframework.web.reactive.function.client.WebClient' (OnClassCondition)

   RedisAutoConfiguration:
      Did not match:
         - @ConditionalOnClass did not find required class 'org.springframework.data.redis.core.RedisOperations' (OnClassCondition)

   RedisCacheConfiguration:
      Did not match:
         - @ConditionalOnClass did not find required class 'org.springframework.data.redis.connection.RedisConnectionFactory' (OnClassCondition)

   RedisReactiveAutoConfiguration:
      Did not match:
         - @ConditionalOnClass did not find required class 'org.springframework.data.redis.connection.ReactiveRedisConnectionFactory' (OnClassCondition)

   RedisRepositoriesAutoConfiguration:
      Did not match:
         - @ConditionalOnClass did not find required class 'org.springframework.data.redis.repository.configuration.EnableRedisRepositories' (OnClassCondition)

   RefreshAutoConfiguration#legacyContextRefresher:
      Did not match:
         - AnyNestedCondition 0 matched 3 did not; NestedCondition on ConditionalOnBootstrapEnabled.OnBootstrapEnabledCondition.OnBootstrapEnabled @ConditionalOnProperty (spring.cloud.bootstrap.enabled) did not find property 'spring.cloud.bootstrap.enabled'; NestedCondition on ConditionalOnBootstrapEnabled.OnBootstrapEnabledCondition.OnUseLegacyProcessingEnabled @ConditionalOnProperty (spring.config.use-legacy-processing) did not find property 'spring.config.use-legacy-processing'; NestedCondition on ConditionalOnBootstrapEnabled.OnBootstrapEnabledCondition.OnBootstrapMarkerClassPresent @ConditionalOnClass did not find required class 'org.springframework.cloud.bootstrap.marker.Marker' (ConditionalOnBootstrapEnabled.OnBootstrapEnabledCondition)

   RefreshEndpointAutoConfiguration:
      Did not match:
         - @ConditionalOnClass did not find required class 'org.springframework.boot.actuate.autoconfigure.endpoint.EndpointAutoConfiguration' (OnClassCondition)

   RemoteDevToolsAutoConfiguration:
      Did not match:
         - @ConditionalOnProperty (spring.devtools.remote.secret) did not find property 'spring.devtools.remote.secret' (OnPropertyCondition)
      Matched:
         - @ConditionalOnClass found required classes 'jakarta.servlet.Filter', 'org.springframework.http.server.ServerHttpRequest' (OnClassCondition)

   RepositoryRestMvcAutoConfiguration:
      Did not match:
         - @ConditionalOnClass did not find required class 'org.springframework.data.rest.webmvc.config.RepositoryRestMvcConfiguration' (OnClassCondition)

   Saml2RelyingPartyAutoConfiguration:
      Did not match:
         - @ConditionalOnClass did not find required class 'org.springframework.security.saml2.provider.service.registration.RelyingPartyRegistrationRepository' (OnClassCondition)

   SecurityDataConfiguration:
      Did not match:
         - @ConditionalOnClass did not find required class 'org.springframework.security.data.repository.query.SecurityEvaluationContextExtension' (OnClassCondition)

   SendGridAutoConfiguration:
      Did not match:
         - @ConditionalOnClass did not find required class 'com.sendgrid.SendGrid' (OnClassCondition)

   ServiceRegistryAutoConfiguration.ServiceRegistryEndpointConfiguration:
      Did not match:
         - @ConditionalOnClass did not find required class 'org.springframework.boot.actuate.endpoint.annotation.Endpoint' (OnClassCondition)

   ServletWebServerFactoryAutoConfiguration.ForwardedHeaderFilterConfiguration:
      Did not match:
         - @ConditionalOnProperty (server.forward-headers-strategy=framework) did not find property 'server.forward-headers-strategy' (OnPropertyCondition)

   ServletWebServerFactoryConfiguration.EmbeddedJetty:
      Did not match:
         - @ConditionalOnClass did not find required classes 'org.eclipse.jetty.server.Server', 'org.eclipse.jetty.util.Loader', 'org.eclipse.jetty.ee10.webapp.WebAppContext' (OnClassCondition)

   ServletWebServerFactoryConfiguration.EmbeddedUndertow:
      Did not match:
         - @ConditionalOnClass did not find required classes 'io.undertow.Undertow', 'org.xnio.SslClientAuthMode' (OnClassCondition)

   SessionAutoConfiguration:
      Did not match:
         - @ConditionalOnClass did not find required class 'org.springframework.session.Session' (OnClassCondition)

   SimpleReactiveDiscoveryClientAutoConfiguration:
      Did not match:
         - @ConditionalOnClass did not find required class 'org.springframework.web.reactive.function.client.WebClient' (OnClassCondition)

   SpringApplicationAdminJmxAutoConfiguration:
      Did not match:
         - @ConditionalOnBooleanProperty (spring.application.admin.enabled=true) did not find property 'spring.application.admin.enabled' (OnPropertyCondition)

   SpringBootWebSecurityConfiguration.SecurityFilterChainConfiguration:
      Did not match:
         - AllNestedConditions 1 matched 1 did not; NestedCondition on DefaultWebSecurityCondition.Beans @ConditionalOnMissingBean (types: org.springframework.security.web.SecurityFilterChain; SearchStrategy: all) found beans of type 'org.springframework.security.web.SecurityFilterChain' securityFilterChain; NestedCondition on DefaultWebSecurityCondition.Classes @ConditionalOnClass found required classes 'org.springframework.security.web.SecurityFilterChain', 'org.springframework.security.config.annotation.web.builders.HttpSecurity' (DefaultWebSecurityCondition)

   TaskExecutorConfigurations.SimpleAsyncTaskExecutorBuilderConfiguration#simpleAsyncTaskExecutorBuilderVirtualThreads:
      Did not match:
         - @ConditionalOnMissingBean (types: org.springframework.boot.task.SimpleAsyncTaskExecutorBuilder; SearchStrategy: all) found beans of type 'org.springframework.boot.task.SimpleAsyncTaskExecutorBuilder' simpleAsyncTaskExecutorBuilder (OnBeanCondition)

   TaskExecutorConfigurations.TaskExecutorConfiguration#applicationTaskExecutorVirtualThreads:
      Did not match:
         - @ConditionalOnThreading did not find VIRTUAL (OnThreadingCondition)

   TaskSchedulingAutoConfiguration#scheduledBeanLazyInitializationExcludeFilter:
      Did not match:
         - @ConditionalOnBean (names: org.springframework.context.annotation.internalScheduledAnnotationProcessor; SearchStrategy: all) did not find any beans named org.springframework.context.annotation.internalScheduledAnnotationProcessor (OnBeanCondition)

   TaskSchedulingConfigurations.SimpleAsyncTaskSchedulerBuilderConfiguration#simpleAsyncTaskSchedulerBuilderVirtualThreads:
      Did not match:
         - @ConditionalOnMissingBean (types: org.springframework.boot.task.SimpleAsyncTaskSchedulerBuilder; SearchStrategy: all) found beans of type 'org.springframework.boot.task.SimpleAsyncTaskSchedulerBuilder' simpleAsyncTaskSchedulerBuilder (OnBeanCondition)

   TaskSchedulingConfigurations.TaskSchedulerConfiguration:
      Did not match:
         - @ConditionalOnBean (names: org.springframework.context.annotation.internalScheduledAnnotationProcessor; SearchStrategy: all) did not find any beans named org.springframework.context.annotation.internalScheduledAnnotationProcessor (OnBeanCondition)

   ThymeleafAutoConfiguration:
      Did not match:
         - @ConditionalOnClass did not find required class 'org.thymeleaf.spring6.SpringTemplateEngine' (OnClassCondition)

   TransactionAutoConfiguration#transactionalOperator:
      Did not match:
         - @ConditionalOnSingleCandidate (types: org.springframework.transaction.ReactiveTransactionManager; SearchStrategy: all) did not find any beans (OnBeanCondition)

   TransactionAutoConfiguration.AspectJTransactionManagementConfiguration:
      Did not match:
         - @ConditionalOnBean (types: org.springframework.transaction.aspectj.AbstractTransactionAspect; SearchStrategy: all) did not find any beans of type org.springframework.transaction.aspectj.AbstractTransactionAspect (OnBeanCondition)

   TransactionAutoConfiguration.EnableTransactionManagementConfiguration.JdkDynamicAutoProxyConfiguration:
      Did not match:
         - @ConditionalOnBooleanProperty (spring.aop.proxy-target-class=false) did not find property 'spring.aop.proxy-target-class' (OnPropertyCondition)

   WebClientAutoConfiguration:
      Did not match:
         - @ConditionalOnClass did not find required class 'org.springframework.web.reactive.function.client.WebClient' (OnClassCondition)

   WebFluxAutoConfiguration:
      Did not match:
         - @ConditionalOnClass did not find required class 'org.springframework.web.reactive.config.WebFluxConfigurer' (OnClassCondition)

   WebMvcAutoConfiguration#hiddenHttpMethodFilter:
      Did not match:
         - @ConditionalOnBooleanProperty (spring.mvc.hiddenmethod.filter.enabled=true) did not find property 'spring.mvc.hiddenmethod.filter.enabled' (OnPropertyCondition)

   WebMvcAutoConfiguration.ProblemDetailsErrorHandlingConfiguration:
      Did not match:
         - @ConditionalOnBooleanProperty (spring.mvc.problemdetails.enabled=true) did not find property 'spring.mvc.problemdetails.enabled' (OnPropertyCondition)

   WebMvcAutoConfiguration.ResourceChainCustomizerConfiguration:
      Did not match:
         - @ConditionalOnEnabledResourceChain did not find class org.webjars.WebJarVersionLocator (OnEnabledResourceChainCondition)

   WebMvcAutoConfiguration.WebMvcAutoConfigurationAdapter#beanNameViewResolver:
      Did not match:
         - @ConditionalOnMissingBean (types: org.springframework.web.servlet.view.BeanNameViewResolver; SearchStrategy: all) found beans of type 'org.springframework.web.servlet.view.BeanNameViewResolver' beanNameViewResolver (OnBeanCondition)

   WebServiceTemplateAutoConfiguration:
      Did not match:
         - @ConditionalOnClass did not find required class 'org.springframework.oxm.Marshaller' (OnClassCondition)

   WebServicesAutoConfiguration:
      Did not match:
         - @ConditionalOnClass did not find required class 'org.springframework.ws.transport.http.MessageDispatcherServlet' (OnClassCondition)

   WebSessionIdResolverAutoConfiguration:
      Did not match:
         - @ConditionalOnWebApplication did not find reactive web application classes (OnWebApplicationCondition)

   WebSocketMessagingAutoConfiguration:
      Did not match:
         - @ConditionalOnClass did not find required class 'org.springframework.web.socket.config.annotation.DelegatingWebSocketMessageBrokerConfiguration' (OnClassCondition)

   WebSocketReactiveAutoConfiguration:
      Did not match:
         - @ConditionalOnWebApplication did not find reactive web application classes (OnWebApplicationCondition)

   WebSocketServletAutoConfiguration.JettyWebSocketConfiguration:
      Did not match:
         - @ConditionalOnClass did not find required class 'org.eclipse.jetty.ee10.websocket.jakarta.server.config.JakartaWebSocketServletContainerInitializer' (OnClassCondition)

   WebSocketServletAutoConfiguration.UndertowWebSocketConfiguration:
      Did not match:
         - @ConditionalOnClass did not find required class 'io.undertow.websockets.jsr.Bootstrap' (OnClassCondition)

   WritableEnvironmentEndpointAutoConfiguration:
      Did not match:
         - @ConditionalOnClass did not find required class 'org.springframework.boot.actuate.autoconfigure.env.EnvironmentEndpointProperties' (OnClassCondition)

   XADataSourceAutoConfiguration:
      Did not match:
         - @ConditionalOnBean (types: org.springframework.boot.jdbc.XADataSourceWrapper; SearchStrategy: all) did not find any beans of type org.springframework.boot.jdbc.XADataSourceWrapper (OnBeanCondition)
      Matched:
         - @ConditionalOnClass found required classes 'javax.sql.DataSource', 'jakarta.transaction.TransactionManager', 'org.springframework.jdbc.datasource.embedded.EmbeddedDatabaseType' (OnClassCondition)


Exclusions:
-----------

    None


Unconditional classes:
----------------------

    org.springframework.boot.autoconfigure.context.ConfigurationPropertiesAutoConfiguration

    org.springframework.cloud.client.ReactiveCommonsClientAutoConfiguration

    org.springframework.boot.autoconfigure.ssl.SslAutoConfiguration

    org.springframework.boot.autoconfigure.context.PropertyPlaceholderAutoConfiguration

    org.springframework.cloud.client.discovery.simple.SimpleDiscoveryClientAutoConfiguration

    org.springframework.boot.autoconfigure.context.LifecycleAutoConfiguration

    org.springframework.cloud.client.CommonsClientAutoConfiguration

    org.springframework.cloud.commons.config.CommonsConfigAutoConfiguration

    org.springframework.cloud.netflix.eureka.config.DiscoveryClientOptionalArgsConfiguration

    org.springframework.cloud.client.loadbalancer.LoadBalancerDefaultMappingsProviderAutoConfiguration

    org.springframework.cloud.client.discovery.composite.CompositeDiscoveryClientAutoConfiguration

    org.springframework.cloud.client.serviceregistry.ServiceRegistryAutoConfiguration

    org.springframework.cloud.autoconfigure.LifecycleMvcEndpointAutoConfiguration

    org.springframework.boot.autoconfigure.availability.ApplicationAvailabilityAutoConfiguration

    org.springframework.boot.autoconfigure.info.ProjectInfoAutoConfiguration



2026-04-28T13:20:22.518+01:00  INFO 22216 --- [qualite-service] [  restartedMain] t.s.q.QualiteServiceApplication          : Started QualiteServiceApplication in 8.897 seconds (process running for 9.217)
2026-04-28T13:20:22.519+01:00 DEBUG 22216 --- [qualite-service] [  restartedMain] o.s.b.a.ApplicationAvailabilityBean      : Application availability state LivenessState changed to CORRECT
2026-04-28T13:20:22.522+01:00  INFO 22216 --- [qualite-service] [  restartedMain] t.s.q.c.QualityModuleDataInitializer     : QualityModuleDataInitializer is in safe mode. No project or quality data will be created, deleted, or reset at startup.
2026-04-28T13:20:22.522+01:00 DEBUG 22216 --- [qualite-service] [  restartedMain] o.s.boot.devtools.restart.Restarter      : Creating new Restarter for thread Thread[main,5,main]
2026-04-28T13:20:22.522+01:00 DEBUG 22216 --- [qualite-service] [  restartedMain] o.s.boot.devtools.restart.Restarter      : Immediately restarting application
2026-04-28T13:20:22.524+01:00 DEBUG 22216 --- [qualite-service] [  restartedMain] o.s.boot.devtools.restart.Restarter      : Starting application tn.scalers.qualitymanagementservice.QualiteServiceApplication with URLs [file:/C:/Users/MSI/Downloads/integration/integration/backend/qualite-service/target/classes/]
2026-04-28T13:20:22.525+01:00 DEBUG 22216 --- [qualite-service] [  restartedMain] o.s.b.a.ApplicationAvailabilityBean      : Application availability state ReadinessState changed to ACCEPTING_TRAFFIC
2026-04-28T13:20:52.408+01:00  INFO 22216 --- [qualite-service] [reshExecutor-%d] com.netflix.discovery.DiscoveryClient    : Disable delta property : false
2026-04-28T13:20:52.412+01:00  INFO 22216 --- [qualite-service] [reshExecutor-%d] com.netflix.discovery.DiscoveryClient    : Single vip registry refresh property : null
2026-04-28T13:20:52.413+01:00  INFO 22216 --- [qualite-service] [reshExecutor-%d] com.netflix.discovery.DiscoveryClient    : Force full registry fetch : false
2026-04-28T13:20:52.413+01:00 DEBUG 22216 --- [qualite-service] [beatExecutor-%d] o.s.web.client.RestTemplate              : HTTP PUT http://localhost:8761/eureka/apps/QUALITE-SERVICE/LANGIR:qualite-service:8092?status=UP&lastDirtyTimestamp=1777378822412
2026-04-28T13:20:52.414+01:00  INFO 22216 --- [qualite-service] [reshExecutor-%d] com.netflix.discovery.DiscoveryClient    : Application is null : false
2026-04-28T13:20:52.416+01:00  INFO 22216 --- [qualite-service] [reshExecutor-%d] com.netflix.discovery.DiscoveryClient    : Registered Applications size is zero : true
2026-04-28T13:20:52.417+01:00  INFO 22216 --- [qualite-service] [reshExecutor-%d] com.netflix.discovery.DiscoveryClient    : Application version is -1: false
2026-04-28T13:20:52.417+01:00  INFO 22216 --- [qualite-service] [reshExecutor-%d] com.netflix.discovery.DiscoveryClient    : Getting all instance registry info from the eureka server
2026-04-28T13:20:52.418+01:00 DEBUG 22216 --- [qualite-service] [reshExecutor-%d] o.s.web.client.RestTemplate              : HTTP GET http://localhost:8761/eureka/apps/
2026-04-28T13:20:52.420+01:00 DEBUG 22216 --- [qualite-service] [reshExecutor-%d] o.s.web.client.RestTemplate              : Accept=[application/json, application/*+json]
2026-04-28T13:20:52.421+01:00 DEBUG 22216 --- [qualite-service] [beatExecutor-%d] o.s.web.client.RestTemplate              : Accept=[application/json, application/*+json]
2026-04-28T13:20:52.424+01:00 DEBUG 22216 --- [qualite-service] [reshExecutor-%d] o.s.web.client.RestTemplate              : Response 200 OK
2026-04-28T13:20:52.424+01:00 DEBUG 22216 --- [qualite-service] [reshExecutor-%d] o.s.web.client.RestTemplate              : Reading to [org.springframework.cloud.netflix.eureka.http.EurekaApplications]
2026-04-28T13:20:52.425+01:00 DEBUG 22216 --- [qualite-service] [beatExecutor-%d] o.s.web.client.RestTemplate              : Response 200 OK
2026-04-28T13:20:52.430+01:00  INFO 22216 --- [qualite-service] [reshExecutor-%d] com.netflix.discovery.DiscoveryClient    : The response status is 200
2026-04-28T13:21:22.426+01:00 DEBUG 22216 --- [qualite-service] [beatExecutor-%d] o.s.web.client.RestTemplate              : HTTP PUT http://localhost:8761/eureka/apps/QUALITE-SERVICE/LANGIR:qualite-service:8092?status=UP&lastDirtyTimestamp=1777378822412
2026-04-28T13:21:22.432+01:00 DEBUG 22216 --- [qualite-service] [beatExecutor-%d] o.s.web.client.RestTemplate              : Accept=[application/json, application/*+json]
2026-04-28T13:21:22.435+01:00 DEBUG 22216 --- [qualite-service] [reshExecutor-%d] o.s.web.client.RestTemplate              : HTTP GET http://localhost:8761/eureka/apps/delta
2026-04-28T13:21:22.437+01:00 DEBUG 22216 --- [qualite-service] [reshExecutor-%d] o.s.web.client.RestTemplate              : Accept=[application/json, application/*+json]
2026-04-28T13:21:22.444+01:00 DEBUG 22216 --- [qualite-service] [beatExecutor-%d] o.s.web.client.RestTemplate              : Response 200 OK
2026-04-28T13:21:22.448+01:00 DEBUG 22216 --- [qualite-service] [reshExecutor-%d] o.s.web.client.RestTemplate              : Response 200 OK
2026-04-28T13:21:22.449+01:00 DEBUG 22216 --- [qualite-service] [reshExecutor-%d] o.s.web.client.RestTemplate              : Reading to [org.springframework.cloud.netflix.eureka.http.EurekaApplications]
2026-04-28T13:21:52.447+01:00 DEBUG 22216 --- [qualite-service] [beatExecutor-%d] o.s.web.client.RestTemplate              : HTTP PUT http://localhost:8761/eureka/apps/QUALITE-SERVICE/LANGIR:qualite-service:8092?status=UP&lastDirtyTimestamp=1777378822412
2026-04-28T13:21:52.448+01:00 DEBUG 22216 --- [qualite-service] [beatExecutor-%d] o.s.web.client.RestTemplate              : Accept=[application/json, application/*+json]
2026-04-28T13:21:52.452+01:00 DEBUG 22216 --- [qualite-service] [beatExecutor-%d] o.s.web.client.RestTemplate              : Response 200 OK
2026-04-28T13:21:52.463+01:00 DEBUG 22216 --- [qualite-service] [reshExecutor-%d] o.s.web.client.RestTemplate              : HTTP GET http://localhost:8761/eureka/apps/delta
2026-04-28T13:21:52.463+01:00 DEBUG 22216 --- [qualite-service] [reshExecutor-%d] o.s.web.client.RestTemplate              : Accept=[application/json, application/*+json]
2026-04-28T13:21:52.468+01:00 DEBUG 22216 --- [qualite-service] [reshExecutor-%d] o.s.web.client.RestTemplate              : Response 200 OK
2026-04-28T13:21:52.468+01:00 DEBUG 22216 --- [qualite-service] [reshExecutor-%d] o.s.web.client.RestTemplate              : Reading to [org.springframework.cloud.netflix.eureka.http.EurekaApplications]
2026-04-28T13:22:22.453+01:00 DEBUG 22216 --- [qualite-service] [beatExecutor-%d] o.s.web.client.RestTemplate              : HTTP PUT http://localhost:8761/eureka/apps/QUALITE-SERVICE/LANGIR:qualite-service:8092?status=UP&lastDirtyTimestamp=1777378822412
2026-04-28T13:22:22.458+01:00 DEBUG 22216 --- [qualite-service] [beatExecutor-%d] o.s.web.client.RestTemplate              : Accept=[application/json, application/*+json]
2026-04-28T13:22:22.462+01:00 DEBUG 22216 --- [qualite-service] [beatExecutor-%d] o.s.web.client.RestTemplate              : Response 200 OK
2026-04-28T13:22:22.472+01:00 DEBUG 22216 --- [qualite-service] [reshExecutor-%d] o.s.web.client.RestTemplate              : HTTP GET http://localhost:8761/eureka/apps/delta
2026-04-28T13:22:22.473+01:00 DEBUG 22216 --- [qualite-service] [reshExecutor-%d] o.s.web.client.RestTemplate              : Accept=[application/json, application/*+json]
2026-04-28T13:22:22.480+01:00 DEBUG 22216 --- [qualite-service] [reshExecutor-%d] o.s.web.client.RestTemplate              : Response 200 OK
2026-04-28T13:22:22.481+01:00 DEBUG 22216 --- [qualite-service] [reshExecutor-%d] o.s.web.client.RestTemplate              : Reading to [org.springframework.cloud.netflix.eureka.http.EurekaApplications]
2026-04-28T13:22:52.471+01:00 DEBUG 22216 --- [qualite-service] [beatExecutor-%d] o.s.web.client.RestTemplate              : HTTP PUT http://localhost:8761/eureka/apps/QUALITE-SERVICE/LANGIR:qualite-service:8092?status=UP&lastDirtyTimestamp=1777378822412
2026-04-28T13:22:52.480+01:00 DEBUG 22216 --- [qualite-service] [beatExecutor-%d] o.s.web.client.RestTemplate              : Accept=[application/json, application/*+json]
2026-04-28T13:22:52.486+01:00 DEBUG 22216 --- [qualite-service] [reshExecutor-%d] o.s.web.client.RestTemplate              : HTTP GET http://localhost:8761/eureka/apps/delta
2026-04-28T13:22:52.486+01:00 DEBUG 22216 --- [qualite-service] [reshExecutor-%d] o.s.web.client.RestTemplate              : Accept=[application/json, application/*+json]
2026-04-28T13:22:52.507+01:00 DEBUG 22216 --- [qualite-service] [reshExecutor-%d] o.s.web.client.RestTemplate              : Response 200 OK
2026-04-28T13:22:52.508+01:00 DEBUG 22216 --- [qualite-service] [beatExecutor-%d] o.s.web.client.RestTemplate              : Response 200 OK
2026-04-28T13:22:52.509+01:00 DEBUG 22216 --- [qualite-service] [reshExecutor-%d] o.s.web.client.RestTemplate              : Reading to [org.springframework.cloud.netflix.eureka.http.EurekaApplications]
2026-04-28T13:23:22.512+01:00 DEBUG 22216 --- [qualite-service] [beatExecutor-%d] o.s.web.client.RestTemplate              : HTTP PUT http://localhost:8761/eureka/apps/QUALITE-SERVICE/LANGIR:qualite-service:8092?status=UP&lastDirtyTimestamp=1777378822412
2026-04-28T13:23:22.512+01:00 DEBUG 22216 --- [qualite-service] [beatExecutor-%d] o.s.web.client.RestTemplate              : Accept=[application/json, application/*+json]
2026-04-28T13:23:22.518+01:00 DEBUG 22216 --- [qualite-service] [reshExecutor-%d] o.s.web.client.RestTemplate              : HTTP GET http://localhost:8761/eureka/apps/delta
2026-04-28T13:23:22.519+01:00 DEBUG 22216 --- [qualite-service] [reshExecutor-%d] o.s.web.client.RestTemplate              : Accept=[application/json, application/*+json]
2026-04-28T13:23:22.519+01:00 DEBUG 22216 --- [qualite-service] [beatExecutor-%d] o.s.web.client.RestTemplate              : Response 200 OK
2026-04-28T13:23:22.526+01:00 DEBUG 22216 --- [qualite-service] [reshExecutor-%d] o.s.web.client.RestTemplate              : Response 200 OK
2026-04-28T13:23:22.526+01:00 DEBUG 22216 --- [qualite-service] [reshExecutor-%d] o.s.web.client.RestTemplate              : Reading to [org.springframework.cloud.netflix.eureka.http.EurekaApplications]
2026-04-28T13:23:52.524+01:00 DEBUG 22216 --- [qualite-service] [beatExecutor-%d] o.s.web.client.RestTemplate              : HTTP PUT http://localhost:8761/eureka/apps/QUALITE-SERVICE/LANGIR:qualite-service:8092?status=UP&lastDirtyTimestamp=1777378822412
2026-04-28T13:23:52.530+01:00 DEBUG 22216 --- [qualite-service] [beatExecutor-%d] o.s.web.client.RestTemplate              : Accept=[application/json, application/*+json]
2026-04-28T13:23:52.539+01:00 DEBUG 22216 --- [qualite-service] [reshExecutor-%d] o.s.web.client.RestTemplate              : HTTP GET http://localhost:8761/eureka/apps/delta
2026-04-28T13:23:52.539+01:00 DEBUG 22216 --- [qualite-service] [reshExecutor-%d] o.s.web.client.RestTemplate              : Accept=[application/json, application/*+json]
2026-04-28T13:23:52.539+01:00 DEBUG 22216 --- [qualite-service] [beatExecutor-%d] o.s.web.client.RestTemplate              : Response 200 OK
2026-04-28T13:23:52.555+01:00 DEBUG 22216 --- [qualite-service] [reshExecutor-%d] o.s.web.client.RestTemplate              : Response 200 OK
2026-04-28T13:23:52.555+01:00 DEBUG 22216 --- [qualite-service] [reshExecutor-%d] o.s.web.client.RestTemplate              : Reading to [org.springframework.cloud.netflix.eureka.http.EurekaApplications]
2026-04-28T13:24:22.556+01:00 DEBUG 22216 --- [qualite-service] [beatExecutor-%d] o.s.web.client.RestTemplate              : HTTP PUT http://localhost:8761/eureka/apps/QUALITE-SERVICE/LANGIR:qualite-service:8092?status=UP&lastDirtyTimestamp=1777378822412
2026-04-28T13:24:22.563+01:00 DEBUG 22216 --- [qualite-service] [beatExecutor-%d] o.s.web.client.RestTemplate              : Accept=[application/json, application/*+json]
2026-04-28T13:24:22.584+01:00 DEBUG 22216 --- [qualite-service] [reshExecutor-%d] o.s.web.client.RestTemplate              : HTTP GET http://localhost:8761/eureka/apps/delta
2026-04-28T13:24:22.584+01:00 DEBUG 22216 --- [qualite-service] [reshExecutor-%d] o.s.web.client.RestTemplate              : Accept=[application/json, application/*+json]
2026-04-28T13:24:22.600+01:00 DEBUG 22216 --- [qualite-service] [beatExecutor-%d] o.s.web.client.RestTemplate              : Response 200 OK
2026-04-28T13:24:22.600+01:00 DEBUG 22216 --- [qualite-service] [reshExecutor-%d] o.s.web.client.RestTemplate              : Response 200 OK
2026-04-28T13:24:22.616+01:00 DEBUG 22216 --- [qualite-service] [reshExecutor-%d] o.s.web.client.RestTemplate              : Reading to [org.springframework.cloud.netflix.eureka.http.EurekaApplications]
2026-04-28T13:24:52.608+01:00 DEBUG 22216 --- [qualite-service] [beatExecutor-%d] o.s.web.client.RestTemplate              : HTTP PUT http://localhost:8761/eureka/apps/QUALITE-SERVICE/LANGIR:qualite-service:8092?status=UP&lastDirtyTimestamp=1777378822412
2026-04-28T13:24:52.608+01:00 DEBUG 22216 --- [qualite-service] [beatExecutor-%d] o.s.web.client.RestTemplate              : Accept=[application/json, application/*+json]
2026-04-28T13:24:52.624+01:00 DEBUG 22216 --- [qualite-service] [beatExecutor-%d] o.s.web.client.RestTemplate              : Response 200 OK
2026-04-28T13:24:52.624+01:00 DEBUG 22216 --- [qualite-service] [reshExecutor-%d] o.s.web.client.RestTemplate              : HTTP GET http://localhost:8761/eureka/apps/delta
2026-04-28T13:24:52.624+01:00 DEBUG 22216 --- [qualite-service] [reshExecutor-%d] o.s.web.client.RestTemplate              : Accept=[application/json, application/*+json]
2026-04-28T13:24:52.642+01:00 DEBUG 22216 --- [qualite-service] [reshExecutor-%d] o.s.web.client.RestTemplate              : Response 200 OK
2026-04-28T13:24:52.644+01:00 DEBUG 22216 --- [qualite-service] [reshExecutor-%d] o.s.web.client.RestTemplate              : Reading to [org.springframework.cloud.netflix.eureka.http.EurekaApplications]
2026-04-28T13:25:22.225+01:00  INFO 22216 --- [qualite-service] [rap-executor-%d] c.n.d.s.r.aws.ConfigClusterResolver      : Resolving eureka endpoints via configuration
2026-04-28T13:25:22.636+01:00 DEBUG 22216 --- [qualite-service] [beatExecutor-%d] o.s.web.client.RestTemplate              : HTTP PUT http://localhost:8761/eureka/apps/QUALITE-SERVICE/LANGIR:qualite-service:8092?status=UP&lastDirtyTimestamp=1777378822412
2026-04-28T13:25:22.637+01:00 DEBUG 22216 --- [qualite-service] [beatExecutor-%d] o.s.web.client.RestTemplate              : Accept=[application/json, application/*+json]
2026-04-28T13:25:22.648+01:00 DEBUG 22216 --- [qualite-service] [reshExecutor-%d] o.s.web.client.RestTemplate              : HTTP GET http://localhost:8761/eureka/apps/delta
2026-04-28T13:25:22.651+01:00 DEBUG 22216 --- [qualite-service] [reshExecutor-%d] o.s.web.client.RestTemplate              : Accept=[application/json, application/*+json]
2026-04-28T13:25:22.659+01:00 DEBUG 22216 --- [qualite-service] [beatExecutor-%d] o.s.web.client.RestTemplate              : Response 200 OK
2026-04-28T13:25:22.671+01:00 DEBUG 22216 --- [qualite-service] [reshExecutor-%d] o.s.web.client.RestTemplate              : Response 200 OK
2026-04-28T13:25:22.672+01:00 DEBUG 22216 --- [qualite-service] [reshExecutor-%d] o.s.web.client.RestTemplate              : Reading to [org.springframework.cloud.netflix.eureka.http.EurekaApplications]
2026-04-28T13:25:52.673+01:00 DEBUG 22216 --- [qualite-service] [beatExecutor-%d] o.s.web.client.RestTemplate              : HTTP PUT http://localhost:8761/eureka/apps/QUALITE-SERVICE/LANGIR:qualite-service:8092?status=UP&lastDirtyTimestamp=1777378822412
2026-04-28T13:25:52.675+01:00 DEBUG 22216 --- [qualite-service] [beatExecutor-%d] o.s.web.client.RestTemplate              : Accept=[application/json, application/*+json]
2026-04-28T13:25:52.689+01:00 DEBUG 22216 --- [qualite-service] [reshExecutor-%d] o.s.web.client.RestTemplate              : HTTP GET http://localhost:8761/eureka/apps/delta
2026-04-28T13:25:52.691+01:00 DEBUG 22216 --- [qualite-service] [reshExecutor-%d] o.s.web.client.RestTemplate              : Accept=[application/json, application/*+json]
2026-04-28T13:25:52.693+01:00 DEBUG 22216 --- [qualite-service] [beatExecutor-%d] o.s.web.client.RestTemplate              : Response 200 OK
2026-04-28T13:25:52.707+01:00 DEBUG 22216 --- [qualite-service] [reshExecutor-%d] o.s.web.client.RestTemplate              : Response 200 OK
2026-04-28T13:25:52.708+01:00 DEBUG 22216 --- [qualite-service] [reshExecutor-%d] o.s.web.client.RestTemplate              : Reading to [org.springframework.cloud.netflix.eureka.http.EurekaApplications]
2026-04-28T13:26:22.712+01:00 DEBUG 22216 --- [qualite-service] [beatExecutor-%d] o.s.web.client.RestTemplate              : HTTP PUT http://localhost:8761/eureka/apps/QUALITE-SERVICE/LANGIR:qualite-service:8092?status=UP&lastDirtyTimestamp=1777378822412
2026-04-28T13:26:22.714+01:00 DEBUG 22216 --- [qualite-service] [reshExecutor-%d] o.s.web.client.RestTemplate              : HTTP GET http://localhost:8761/eureka/apps/delta
2026-04-28T13:26:22.723+01:00 DEBUG 22216 --- [qualite-service] [reshExecutor-%d] o.s.web.client.RestTemplate              : Accept=[application/json, application/*+json]
2026-04-28T13:26:22.716+01:00 DEBUG 22216 --- [qualite-service] [beatExecutor-%d] o.s.web.client.RestTemplate              : Accept=[application/json, application/*+json]
2026-04-28T13:26:22.747+01:00 DEBUG 22216 --- [qualite-service] [beatExecutor-%d] o.s.web.client.RestTemplate              : Response 200 OK
2026-04-28T13:26:22.747+01:00 DEBUG 22216 --- [qualite-service] [reshExecutor-%d] o.s.web.client.RestTemplate              : Response 200 OK
2026-04-28T13:26:22.751+01:00 DEBUG 22216 --- [qualite-service] [reshExecutor-%d] o.s.web.client.RestTemplate              : Reading to [org.springframework.cloud.netflix.eureka.http.EurekaApplications]
2026-04-28T13:26:52.759+01:00 DEBUG 22216 --- [qualite-service] [beatExecutor-%d] o.s.web.client.RestTemplate              : HTTP PUT http://localhost:8761/eureka/apps/QUALITE-SERVICE/LANGIR:qualite-service:8092?status=UP&lastDirtyTimestamp=1777378822412
2026-04-28T13:26:52.760+01:00 DEBUG 22216 --- [qualite-service] [beatExecutor-%d] o.s.web.client.RestTemplate              : Accept=[application/json, application/*+json]
2026-04-28T13:26:52.759+01:00 DEBUG 22216 --- [qualite-service] [reshExecutor-%d] o.s.web.client.RestTemplate              : HTTP GET http://localhost:8761/eureka/apps/delta
2026-04-28T13:26:52.761+01:00 DEBUG 22216 --- [qualite-service] [reshExecutor-%d] o.s.web.client.RestTemplate              : Accept=[application/json, application/*+json]
2026-04-28T13:26:52.789+01:00 DEBUG 22216 --- [qualite-service] [reshExecutor-%d] o.s.web.client.RestTemplate              : Response 200 OK
2026-04-28T13:26:52.791+01:00 DEBUG 22216 --- [qualite-service] [reshExecutor-%d] o.s.web.client.RestTemplate              : Reading to [org.springframework.cloud.netflix.eureka.http.EurekaApplications]
2026-04-28T13:26:52.790+01:00 DEBUG 22216 --- [qualite-service] [beatExecutor-%d] o.s.web.client.RestTemplate              : Response 200 OK
2026-04-28T13:27:22.803+01:00 DEBUG 22216 --- [qualite-service] [reshExecutor-%d] o.s.web.client.RestTemplate              : HTTP GET http://localhost:8761/eureka/apps/delta
2026-04-28T13:27:22.804+01:00 DEBUG 22216 --- [qualite-service] [reshExecutor-%d] o.s.web.client.RestTemplate              : Accept=[application/json, application/*+json]
2026-04-28T13:27:22.815+01:00 DEBUG 22216 --- [qualite-service] [beatExecutor-%d] o.s.web.client.RestTemplate              : HTTP PUT http://localhost:8761/eureka/apps/QUALITE-SERVICE/LANGIR:qualite-service:8092?status=UP&lastDirtyTimestamp=1777378822412
2026-04-28T13:27:22.817+01:00 DEBUG 22216 --- [qualite-service] [beatExecutor-%d] o.s.web.client.RestTemplate              : Accept=[application/json, application/*+json]
2026-04-28T13:27:22.819+01:00 DEBUG 22216 --- [qualite-service] [reshExecutor-%d] o.s.web.client.RestTemplate              : Response 200 OK
2026-04-28T13:27:22.820+01:00 DEBUG 22216 --- [qualite-service] [reshExecutor-%d] o.s.web.client.RestTemplate              : Reading to [org.springframework.cloud.netflix.eureka.http.EurekaApplications]
2026-04-28T13:27:22.833+01:00 DEBUG 22216 --- [qualite-service] [beatExecutor-%d] o.s.web.client.RestTemplate              : Response 200 OK
2026-04-28T13:27:52.831+01:00 DEBUG 22216 --- [qualite-service] [reshExecutor-%d] o.s.web.client.RestTemplate              : HTTP GET http://localhost:8761/eureka/apps/delta
2026-04-28T13:27:52.835+01:00 DEBUG 22216 --- [qualite-service] [reshExecutor-%d] o.s.web.client.RestTemplate              : Accept=[application/json, application/*+json]
2026-04-28T13:27:52.846+01:00 DEBUG 22216 --- [qualite-service] [beatExecutor-%d] o.s.web.client.RestTemplate              : HTTP PUT http://localhost:8761/eureka/apps/QUALITE-SERVICE/LANGIR:qualite-service:8092?status=UP&lastDirtyTimestamp=1777378822412
2026-04-28T13:27:52.852+01:00 DEBUG 22216 --- [qualite-service] [beatExecutor-%d] o.s.web.client.RestTemplate              : Accept=[application/json, application/*+json]
2026-04-28T13:27:52.857+01:00 DEBUG 22216 --- [qualite-service] [reshExecutor-%d] o.s.web.client.RestTemplate              : Response 200 OK
2026-04-28T13:27:52.860+01:00 DEBUG 22216 --- [qualite-service] [reshExecutor-%d] o.s.web.client.RestTemplate              : Reading to [org.springframework.cloud.netflix.eureka.http.EurekaApplications]
2026-04-28T13:27:52.896+01:00 DEBUG 22216 --- [qualite-service] [beatExecutor-%d] o.s.web.client.RestTemplate              : Response 200 OK
2026-04-28T13:28:22.902+01:00 DEBUG 22216 --- [qualite-service] [reshExecutor-%d] o.s.web.client.RestTemplate              : HTTP GET http://localhost:8761/eureka/apps/delta
2026-04-28T13:28:22.903+01:00 DEBUG 22216 --- [qualite-service] [beatExecutor-%d] o.s.web.client.RestTemplate              : HTTP PUT http://localhost:8761/eureka/apps/QUALITE-SERVICE/LANGIR:qualite-service:8092?status=UP&lastDirtyTimestamp=1777378822412
2026-04-28T13:28:22.906+01:00 DEBUG 22216 --- [qualite-service] [reshExecutor-%d] o.s.web.client.RestTemplate              : Accept=[application/json, application/*+json]
2026-04-28T13:28:22.907+01:00 DEBUG 22216 --- [qualite-service] [beatExecutor-%d] o.s.web.client.RestTemplate              : Accept=[application/json, application/*+json]
2026-04-28T13:28:22.925+01:00 DEBUG 22216 --- [qualite-service] [beatExecutor-%d] o.s.web.client.RestTemplate              : Response 200 OK
2026-04-28T13:28:22.927+01:00 DEBUG 22216 --- [qualite-service] [reshExecutor-%d] o.s.web.client.RestTemplate              : Response 200 OK
2026-04-28T13:28:22.930+01:00 DEBUG 22216 --- [qualite-service] [reshExecutor-%d] o.s.web.client.RestTemplate              : Reading to [org.springframework.cloud.netflix.eureka.http.EurekaApplications]
2026-04-28T13:28:52.946+01:00 DEBUG 22216 --- [qualite-service] [beatExecutor-%d] o.s.web.client.RestTemplate              : HTTP PUT http://localhost:8761/eureka/apps/QUALITE-SERVICE/LANGIR:qualite-service:8092?status=UP&lastDirtyTimestamp=1777378822412
2026-04-28T13:28:52.946+01:00 DEBUG 22216 --- [qualite-service] [reshExecutor-%d] o.s.web.client.RestTemplate              : HTTP GET http://localhost:8761/eureka/apps/delta
2026-04-28T13:28:52.951+01:00 DEBUG 22216 --- [qualite-service] [beatExecutor-%d] o.s.web.client.RestTemplate              : Accept=[application/json, application/*+json]
2026-04-28T13:28:52.951+01:00 DEBUG 22216 --- [qualite-service] [reshExecutor-%d] o.s.web.client.RestTemplate              : Accept=[application/json, application/*+json]
2026-04-28T13:28:52.968+01:00 DEBUG 22216 --- [qualite-service] [reshExecutor-%d] o.s.web.client.RestTemplate              : Response 200 OK
2026-04-28T13:28:52.968+01:00 DEBUG 22216 --- [qualite-service] [beatExecutor-%d] o.s.web.client.RestTemplate              : Response 200 OK
2026-04-28T13:28:52.970+01:00 DEBUG 22216 --- [qualite-service] [reshExecutor-%d] o.s.web.client.RestTemplate              : Reading to [org.springframework.cloud.netflix.eureka.http.EurekaApplications]
2026-04-28T13:29:22.972+01:00 DEBUG 22216 --- [qualite-service] [beatExecutor-%d] o.s.web.client.RestTemplate              : HTTP PUT http://localhost:8761/eureka/apps/QUALITE-SERVICE/LANGIR:qualite-service:8092?status=UP&lastDirtyTimestamp=1777378822412
2026-04-28T13:29:22.972+01:00 DEBUG 22216 --- [qualite-service] [reshExecutor-%d] o.s.web.client.RestTemplate              : HTTP GET http://localhost:8761/eureka/apps/delta
2026-04-28T13:29:22.975+01:00 DEBUG 22216 --- [qualite-service] [beatExecutor-%d] o.s.web.client.RestTemplate              : Accept=[application/json, application/*+json]
2026-04-28T13:29:22.978+01:00 DEBUG 22216 --- [qualite-service] [reshExecutor-%d] o.s.web.client.RestTemplate              : Accept=[application/json, application/*+json]
2026-04-28T13:29:22.994+01:00 DEBUG 22216 --- [qualite-service] [reshExecutor-%d] o.s.web.client.RestTemplate              : Response 200 OK
2026-04-28T13:29:22.994+01:00 DEBUG 22216 --- [qualite-service] [beatExecutor-%d] o.s.web.client.RestTemplate              : Response 200 OK
2026-04-28T13:29:22.996+01:00 DEBUG 22216 --- [qualite-service] [reshExecutor-%d] o.s.web.client.RestTemplate              : Reading to [org.springframework.cloud.netflix.eureka.http.EurekaApplications]
2026-04-28T13:29:53.013+01:00 DEBUG 22216 --- [qualite-service] [reshExecutor-%d] o.s.web.client.RestTemplate              : HTTP GET http://localhost:8761/eureka/apps/delta
2026-04-28T13:29:53.014+01:00 DEBUG 22216 --- [qualite-service] [beatExecutor-%d] o.s.web.client.RestTemplate              : HTTP PUT http://localhost:8761/eureka/apps/QUALITE-SERVICE/LANGIR:qualite-service:8092?status=UP&lastDirtyTimestamp=1777378822412
2026-04-28T13:29:53.019+01:00 DEBUG 22216 --- [qualite-service] [reshExecutor-%d] o.s.web.client.RestTemplate              : Accept=[application/json, application/*+json]
2026-04-28T13:29:53.022+01:00 DEBUG 22216 --- [qualite-service] [beatExecutor-%d] o.s.web.client.RestTemplate              : Accept=[application/json, application/*+json]
2026-04-28T13:29:53.051+01:00 DEBUG 22216 --- [qualite-service] [beatExecutor-%d] o.s.web.client.RestTemplate              : Response 200 OK
2026-04-28T13:29:53.051+01:00 DEBUG 22216 --- [qualite-service] [reshExecutor-%d] o.s.web.client.RestTemplate              : Response 200 OK
2026-04-28T13:29:53.055+01:00 DEBUG 22216 --- [qualite-service] [reshExecutor-%d] o.s.web.client.RestTemplate              : Reading to [org.springframework.cloud.netflix.eureka.http.EurekaApplications]
2026-04-28T13:30:22.242+01:00  INFO 22216 --- [qualite-service] [rap-executor-%d] c.n.d.s.r.aws.ConfigClusterResolver      : Resolving eureka endpoints via configuration
2026-04-28T13:30:23.056+01:00 DEBUG 22216 --- [qualite-service] [beatExecutor-%d] o.s.web.client.RestTemplate              : HTTP PUT http://localhost:8761/eureka/apps/QUALITE-SERVICE/LANGIR:qualite-service:8092?status=UP&lastDirtyTimestamp=1777378822412
2026-04-28T13:30:23.059+01:00 DEBUG 22216 --- [qualite-service] [beatExecutor-%d] o.s.web.client.RestTemplate              : Accept=[application/json, application/*+json]
2026-04-28T13:30:23.069+01:00 DEBUG 22216 --- [qualite-service] [reshExecutor-%d] o.s.web.client.RestTemplate              : HTTP GET http://localhost:8761/eureka/apps/delta
2026-04-28T13:30:23.069+01:00 DEBUG 22216 --- [qualite-service] [reshExecutor-%d] o.s.web.client.RestTemplate              : Accept=[application/json, application/*+json]
2026-04-28T13:30:23.069+01:00 DEBUG 22216 --- [qualite-service] [beatExecutor-%d] o.s.web.client.RestTemplate              : Response 200 OK
2026-04-28T13:30:23.085+01:00 DEBUG 22216 --- [qualite-service] [reshExecutor-%d] o.s.web.client.RestTemplate              : Response 200 OK
2026-04-28T13:30:23.085+01:00 DEBUG 22216 --- [qualite-service] [reshExecutor-%d] o.s.web.client.RestTemplate              : Reading to [org.springframework.cloud.netflix.eureka.http.EurekaApplications]
2026-04-28T13:30:53.077+01:00 DEBUG 22216 --- [qualite-service] [beatExecutor-%d] o.s.web.client.RestTemplate              : HTTP PUT http://localhost:8761/eureka/apps/QUALITE-SERVICE/LANGIR:qualite-service:8092?status=UP&lastDirtyTimestamp=1777378822412
2026-04-28T13:30:53.080+01:00 DEBUG 22216 --- [qualite-service] [beatExecutor-%d] o.s.web.client.RestTemplate              : Accept=[application/json, application/*+json]
2026-04-28T13:30:53.084+01:00 DEBUG 22216 --- [qualite-service] [beatExecutor-%d] o.s.web.client.RestTemplate              : Response 200 OK
2026-04-28T13:30:53.098+01:00 DEBUG 22216 --- [qualite-service] [reshExecutor-%d] o.s.web.client.RestTemplate              : HTTP GET http://localhost:8761/eureka/apps/delta
2026-04-28T13:30:53.098+01:00 DEBUG 22216 --- [qualite-service] [reshExecutor-%d] o.s.web.client.RestTemplate              : Accept=[application/json, application/*+json]
2026-04-28T13:30:53.101+01:00 DEBUG 22216 --- [qualite-service] [reshExecutor-%d] o.s.web.client.RestTemplate              : Response 200 OK
2026-04-28T13:30:53.101+01:00 DEBUG 22216 --- [qualite-service] [reshExecutor-%d] o.s.web.client.RestTemplate              : Reading to [org.springframework.cloud.netflix.eureka.http.EurekaApplications]
2026-04-28T13:31:23.098+01:00 DEBUG 22216 --- [qualite-service] [beatExecutor-%d] o.s.web.client.RestTemplate              : HTTP PUT http://localhost:8761/eureka/apps/QUALITE-SERVICE/LANGIR:qualite-service:8092?status=UP&lastDirtyTimestamp=1777378822412
2026-04-28T13:31:23.106+01:00 DEBUG 22216 --- [qualite-service] [reshExecutor-%d] o.s.web.client.RestTemplate              : HTTP GET http://localhost:8761/eureka/apps/delta
2026-04-28T13:31:23.109+01:00 DEBUG 22216 --- [qualite-service] [reshExecutor-%d] o.s.web.client.RestTemplate              : Accept=[application/json, application/*+json]
2026-04-28T13:31:23.109+01:00 DEBUG 22216 --- [qualite-service] [beatExecutor-%d] o.s.web.client.RestTemplate              : Accept=[application/json, application/*+json]
2026-04-28T13:31:23.127+01:00 DEBUG 22216 --- [qualite-service] [beatExecutor-%d] o.s.web.client.RestTemplate              : Response 200 OK
2026-04-28T13:31:23.129+01:00 DEBUG 22216 --- [qualite-service] [reshExecutor-%d] o.s.web.client.RestTemplate              : Response 200 OK
2026-04-28T13:31:23.130+01:00 DEBUG 22216 --- [qualite-service] [reshExecutor-%d] o.s.web.client.RestTemplate              : Reading to [org.springframework.cloud.netflix.eureka.http.EurekaApplications]
2026-04-28T13:31:53.143+01:00 DEBUG 22216 --- [qualite-service] [reshExecutor-%d] o.s.web.client.RestTemplate              : HTTP GET http://localhost:8761/eureka/apps/delta
2026-04-28T13:31:53.143+01:00 DEBUG 22216 --- [qualite-service] [beatExecutor-%d] o.s.web.client.RestTemplate              : HTTP PUT http://localhost:8761/eureka/apps/QUALITE-SERVICE/LANGIR:qualite-service:8092?status=UP&lastDirtyTimestamp=1777378822412
2026-04-28T13:31:53.145+01:00 DEBUG 22216 --- [qualite-service] [reshExecutor-%d] o.s.web.client.RestTemplate              : Accept=[application/json, application/*+json]
2026-04-28T13:31:53.145+01:00 DEBUG 22216 --- [qualite-service] [beatExecutor-%d] o.s.web.client.RestTemplate              : Accept=[application/json, application/*+json]
2026-04-28T13:31:53.149+01:00 DEBUG 22216 --- [qualite-service] [reshExecutor-%d] o.s.web.client.RestTemplate              : Response 200 OK
2026-04-28T13:31:53.149+01:00 DEBUG 22216 --- [qualite-service] [beatExecutor-%d] o.s.web.client.RestTemplate              : Response 200 OK
2026-04-28T13:31:53.150+01:00 DEBUG 22216 --- [qualite-service] [reshExecutor-%d] o.s.web.client.RestTemplate              : Reading to [org.springframework.cloud.netflix.eureka.http.EurekaApplications]
2026-04-28T13:32:23.152+01:00 DEBUG 22216 --- [qualite-service] [reshExecutor-%d] o.s.web.client.RestTemplate              : HTTP GET http://localhost:8761/eureka/apps/delta
2026-04-28T13:32:23.153+01:00 DEBUG 22216 --- [qualite-service] [beatExecutor-%d] o.s.web.client.RestTemplate              : HTTP PUT http://localhost:8761/eureka/apps/QUALITE-SERVICE/LANGIR:qualite-service:8092?status=UP&lastDirtyTimestamp=1777378822412
2026-04-28T13:32:23.157+01:00 DEBUG 22216 --- [qualite-service] [reshExecutor-%d] o.s.web.client.RestTemplate              : Accept=[application/json, application/*+json]
2026-04-28T13:32:23.158+01:00 DEBUG 22216 --- [qualite-service] [beatExecutor-%d] o.s.web.client.RestTemplate              : Accept=[application/json, application/*+json]
2026-04-28T13:32:23.167+01:00 DEBUG 22216 --- [qualite-service] [beatExecutor-%d] o.s.web.client.RestTemplate              : Response 200 OK
2026-04-28T13:32:23.167+01:00 DEBUG 22216 --- [qualite-service] [reshExecutor-%d] o.s.web.client.RestTemplate              : Response 200 OK
2026-04-28T13:32:23.169+01:00 DEBUG 22216 --- [qualite-service] [reshExecutor-%d] o.s.web.client.RestTemplate              : Reading to [org.springframework.cloud.netflix.eureka.http.EurekaApplications]
2026-04-28T13:32:53.172+01:00 DEBUG 22216 --- [qualite-service] [reshExecutor-%d] o.s.web.client.RestTemplate              : HTTP GET http://localhost:8761/eureka/apps/delta
2026-04-28T13:32:53.172+01:00 DEBUG 22216 --- [qualite-service] [beatExecutor-%d] o.s.web.client.RestTemplate              : HTTP PUT http://localhost:8761/eureka/apps/QUALITE-SERVICE/LANGIR:qualite-service:8092?status=UP&lastDirtyTimestamp=1777378822412
2026-04-28T13:32:53.176+01:00 DEBUG 22216 --- [qualite-service] [reshExecutor-%d] o.s.web.client.RestTemplate              : Accept=[application/json, application/*+json]
2026-04-28T13:32:53.177+01:00 DEBUG 22216 --- [qualite-service] [beatExecutor-%d] o.s.web.client.RestTemplate              : Accept=[application/json, application/*+json]
2026-04-28T13:32:53.183+01:00 DEBUG 22216 --- [qualite-service] [reshExecutor-%d] o.s.web.client.RestTemplate              : Response 200 OK
2026-04-28T13:32:53.184+01:00 DEBUG 22216 --- [qualite-service] [beatExecutor-%d] o.s.web.client.RestTemplate              : Response 200 OK
2026-04-28T13:32:53.184+01:00 DEBUG 22216 --- [qualite-service] [reshExecutor-%d] o.s.web.client.RestTemplate              : Reading to [org.springframework.cloud.netflix.eureka.http.EurekaApplications]
2026-04-28T13:33:23.186+01:00 DEBUG 22216 --- [qualite-service] [beatExecutor-%d] o.s.web.client.RestTemplate              : HTTP PUT http://localhost:8761/eureka/apps/QUALITE-SERVICE/LANGIR:qualite-service:8092?status=UP&lastDirtyTimestamp=1777378822412
2026-04-28T13:33:23.186+01:00 DEBUG 22216 --- [qualite-service] [reshExecutor-%d] o.s.web.client.RestTemplate              : HTTP GET http://localhost:8761/eureka/apps/delta
2026-04-28T13:33:23.190+01:00 DEBUG 22216 --- [qualite-service] [beatExecutor-%d] o.s.web.client.RestTemplate              : Accept=[application/json, application/*+json]
2026-04-28T13:33:23.191+01:00 DEBUG 22216 --- [qualite-service] [reshExecutor-%d] o.s.web.client.RestTemplate              : Accept=[application/json, application/*+json]
2026-04-28T13:33:23.198+01:00 DEBUG 22216 --- [qualite-service] [beatExecutor-%d] o.s.web.client.RestTemplate              : Response 200 OK
2026-04-28T13:33:23.199+01:00 DEBUG 22216 --- [qualite-service] [reshExecutor-%d] o.s.web.client.RestTemplate              : Response 200 OK
2026-04-28T13:33:23.202+01:00 DEBUG 22216 --- [qualite-service] [reshExecutor-%d] o.s.web.client.RestTemplate              : Reading to [org.springframework.cloud.netflix.eureka.http.EurekaApplications]
2026-04-28T13:33:53.204+01:00 DEBUG 22216 --- [qualite-service] [reshExecutor-%d] o.s.web.client.RestTemplate              : HTTP GET http://localhost:8761/eureka/apps/delta
2026-04-28T13:33:53.210+01:00 DEBUG 22216 --- [qualite-service] [reshExecutor-%d] o.s.web.client.RestTemplate              : Accept=[application/json, application/*+json]
2026-04-28T13:33:53.220+01:00 DEBUG 22216 --- [qualite-service] [reshExecutor-%d] o.s.web.client.RestTemplate              : Response 200 OK
2026-04-28T13:33:53.222+01:00 DEBUG 22216 --- [qualite-service] [reshExecutor-%d] o.s.web.client.RestTemplate              : Reading to [org.springframework.cloud.netflix.eureka.http.EurekaApplications]
2026-04-28T13:33:53.228+01:00 DEBUG 22216 --- [qualite-service] [beatExecutor-%d] o.s.web.client.RestTemplate              : HTTP PUT http://localhost:8761/eureka/apps/QUALITE-SERVICE/LANGIR:qualite-service:8092?status=UP&lastDirtyTimestamp=1777378822412
2026-04-28T13:33:53.252+01:00 DEBUG 22216 --- [qualite-service] [beatExecutor-%d] o.s.web.client.RestTemplate              : Accept=[application/json, application/*+json]
2026-04-28T13:33:53.262+01:00 DEBUG 22216 --- [qualite-service] [beatExecutor-%d] o.s.web.client.RestTemplate              : Response 200 OK
2026-04-28T13:34:23.258+01:00 DEBUG 22216 --- [qualite-service] [reshExecutor-%d] o.s.web.client.RestTemplate              : HTTP GET http://localhost:8761/eureka/apps/delta
2026-04-28T13:34:23.270+01:00 DEBUG 22216 --- [qualite-service] [beatExecutor-%d] o.s.web.client.RestTemplate              : HTTP PUT http://localhost:8761/eureka/apps/QUALITE-SERVICE/LANGIR:qualite-service:8092?status=UP&lastDirtyTimestamp=1777378822412
2026-04-28T13:34:23.276+01:00 DEBUG 22216 --- [qualite-service] [beatExecutor-%d] o.s.web.client.RestTemplate              : Accept=[application/json, application/*+json]
2026-04-28T13:34:23.294+01:00 DEBUG 22216 --- [qualite-service] [beatExecutor-%d] o.s.web.client.RestTemplate              : Response 200 OK
2026-04-28T13:34:23.309+01:00 DEBUG 22216 --- [qualite-service] [reshExecutor-%d] o.s.web.client.RestTemplate              : Accept=[application/json, application/*+json]
2026-04-28T13:34:23.337+01:00 DEBUG 22216 --- [qualite-service] [reshExecutor-%d] o.s.web.client.RestTemplate              : Response 200 OK
2026-04-28T13:34:23.341+01:00 DEBUG 22216 --- [qualite-service] [reshExecutor-%d] o.s.web.client.RestTemplate              : Reading to [org.springframework.cloud.netflix.eureka.http.EurekaApplications]
2026-04-28T13:34:53.304+01:00 DEBUG 22216 --- [qualite-service] [beatExecutor-%d] o.s.web.client.RestTemplate              : HTTP PUT http://localhost:8761/eureka/apps/QUALITE-SERVICE/LANGIR:qualite-service:8092?status=UP&lastDirtyTimestamp=1777378822412
2026-04-28T13:34:53.304+01:00 DEBUG 22216 --- [qualite-service] [beatExecutor-%d] o.s.web.client.RestTemplate              : Accept=[application/json, application/*+json]
2026-04-28T13:34:53.324+01:00 DEBUG 22216 --- [qualite-service] [beatExecutor-%d] o.s.web.client.RestTemplate              : Response 200 OK
2026-04-28T13:34:53.358+01:00 DEBUG 22216 --- [qualite-service] [reshExecutor-%d] o.s.web.client.RestTemplate              : HTTP GET http://localhost:8761/eureka/apps/delta
2026-04-28T13:34:53.358+01:00 DEBUG 22216 --- [qualite-service] [reshExecutor-%d] o.s.web.client.RestTemplate              : Accept=[application/json, application/*+json]
2026-04-28T13:34:53.370+01:00 DEBUG 22216 --- [qualite-service] [reshExecutor-%d] o.s.web.client.RestTemplate              : Response 200 OK
2026-04-28T13:34:53.370+01:00 DEBUG 22216 --- [qualite-service] [reshExecutor-%d] o.s.web.client.RestTemplate              : Reading to [org.springframework.cloud.netflix.eureka.http.EurekaApplications]
2026-04-28T13:35:22.248+01:00  INFO 22216 --- [qualite-service] [rap-executor-%d] c.n.d.s.r.aws.ConfigClusterResolver      : Resolving eureka endpoints via configuration
2026-04-28T13:35:23.352+01:00 DEBUG 22216 --- [qualite-service] [beatExecutor-%d] o.s.web.client.RestTemplate              : HTTP PUT http://localhost:8761/eureka/apps/QUALITE-SERVICE/LANGIR:qualite-service:8092?status=UP&lastDirtyTimestamp=1777378822412
2026-04-28T13:35:23.352+01:00 DEBUG 22216 --- [qualite-service] [beatExecutor-%d] o.s.web.client.RestTemplate              : Accept=[application/json, application/*+json]
2026-04-28T13:35:23.367+01:00 DEBUG 22216 --- [qualite-service] [beatExecutor-%d] o.s.web.client.RestTemplate              : Response 200 OK
2026-04-28T13:35:23.391+01:00 DEBUG 22216 --- [qualite-service] [reshExecutor-%d] o.s.web.client.RestTemplate              : HTTP GET http://localhost:8761/eureka/apps/delta
2026-04-28T13:35:23.391+01:00 DEBUG 22216 --- [qualite-service] [reshExecutor-%d] o.s.web.client.RestTemplate              : Accept=[application/json, application/*+json]
2026-04-28T13:35:23.407+01:00 DEBUG 22216 --- [qualite-service] [reshExecutor-%d] o.s.web.client.RestTemplate              : Response 200 OK
2026-04-28T13:35:23.407+01:00 DEBUG 22216 --- [qualite-service] [reshExecutor-%d] o.s.web.client.RestTemplate              : Reading to [org.springframework.cloud.netflix.eureka.http.EurekaApplications]
2026-04-28T13:35:53.384+01:00 DEBUG 22216 --- [qualite-service] [beatExecutor-%d] o.s.web.client.RestTemplate              : HTTP PUT http://localhost:8761/eureka/apps/QUALITE-SERVICE/LANGIR:qualite-service:8092?status=UP&lastDirtyTimestamp=1777378822412
2026-04-28T13:35:53.387+01:00 DEBUG 22216 --- [qualite-service] [beatExecutor-%d] o.s.web.client.RestTemplate              : Accept=[application/json, application/*+json]
2026-04-28T13:35:53.402+01:00 DEBUG 22216 --- [qualite-service] [beatExecutor-%d] o.s.web.client.RestTemplate              : Response 200 OK
2026-04-28T13:35:53.440+01:00 DEBUG 22216 --- [qualite-service] [reshExecutor-%d] o.s.web.client.RestTemplate              : HTTP GET http://localhost:8761/eureka/apps/delta
2026-04-28T13:35:53.440+01:00 DEBUG 22216 --- [qualite-service] [reshExecutor-%d] o.s.web.client.RestTemplate              : Accept=[application/json, application/*+json]
2026-04-28T13:35:53.462+01:00 DEBUG 22216 --- [qualite-service] [reshExecutor-%d] o.s.web.client.RestTemplate              : Response 200 OK
2026-04-28T13:35:53.464+01:00 DEBUG 22216 --- [qualite-service] [reshExecutor-%d] o.s.web.client.RestTemplate              : Reading to [org.springframework.cloud.netflix.eureka.http.EurekaApplications]
2026-04-28T13:36:23.418+01:00 DEBUG 22216 --- [qualite-service] [beatExecutor-%d] o.s.web.client.RestTemplate              : HTTP PUT http://localhost:8761/eureka/apps/QUALITE-SERVICE/LANGIR:qualite-service:8092?status=UP&lastDirtyTimestamp=1777378822412
2026-04-28T13:36:23.423+01:00 DEBUG 22216 --- [qualite-service] [beatExecutor-%d] o.s.web.client.RestTemplate              : Accept=[application/json, application/*+json]
2026-04-28T13:36:23.429+01:00 DEBUG 22216 --- [qualite-service] [beatExecutor-%d] o.s.web.client.RestTemplate              : Response 200 OK
2026-04-28T13:36:23.469+01:00 DEBUG 22216 --- [qualite-service] [reshExecutor-%d] o.s.web.client.RestTemplate              : HTTP GET http://localhost:8761/eureka/apps/delta
2026-04-28T13:36:23.473+01:00 DEBUG 22216 --- [qualite-service] [reshExecutor-%d] o.s.web.client.RestTemplate              : Accept=[application/json, application/*+json]
2026-04-28T13:36:23.484+01:00 DEBUG 22216 --- [qualite-service] [reshExecutor-%d] o.s.web.client.RestTemplate              : Response 200 OK
2026-04-28T13:36:23.486+01:00 DEBUG 22216 --- [qualite-service] [reshExecutor-%d] o.s.web.client.RestTemplate              : Reading to [org.springframework.cloud.netflix.eureka.http.EurekaApplications]
2026-04-28T13:36:53.433+01:00 DEBUG 22216 --- [qualite-service] [beatExecutor-%d] o.s.web.client.RestTemplate              : HTTP PUT http://localhost:8761/eureka/apps/QUALITE-SERVICE/LANGIR:qualite-service:8092?status=UP&lastDirtyTimestamp=1777378822412
2026-04-28T13:36:53.436+01:00 DEBUG 22216 --- [qualite-service] [beatExecutor-%d] o.s.web.client.RestTemplate              : Accept=[application/json, application/*+json]
2026-04-28T13:36:53.439+01:00 DEBUG 22216 --- [qualite-service] [beatExecutor-%d] o.s.web.client.RestTemplate              : Response 200 OK
2026-04-28T13:36:53.493+01:00 DEBUG 22216 --- [qualite-service] [reshExecutor-%d] o.s.web.client.RestTemplate              : HTTP GET http://localhost:8761/eureka/apps/delta
2026-04-28T13:36:53.494+01:00 DEBUG 22216 --- [qualite-service] [reshExecutor-%d] o.s.web.client.RestTemplate              : Accept=[application/json, application/*+json]
2026-04-28T13:36:53.497+01:00 DEBUG 22216 --- [qualite-service] [reshExecutor-%d] o.s.web.client.RestTemplate              : Response 200 OK
2026-04-28T13:36:53.497+01:00 DEBUG 22216 --- [qualite-service] [reshExecutor-%d] o.s.web.client.RestTemplate              : Reading to [org.springframework.cloud.netflix.eureka.http.EurekaApplications]
2026-04-28T13:37:23.441+01:00 DEBUG 22216 --- [qualite-service] [beatExecutor-%d] o.s.web.client.RestTemplate              : HTTP PUT http://localhost:8761/eureka/apps/QUALITE-SERVICE/LANGIR:qualite-service:8092?status=UP&lastDirtyTimestamp=1777378822412
2026-04-28T13:37:23.447+01:00 DEBUG 22216 --- [qualite-service] [beatExecutor-%d] o.s.web.client.RestTemplate              : Accept=[application/json, application/*+json]
2026-04-28T13:37:23.457+01:00 DEBUG 22216 --- [qualite-service] [beatExecutor-%d] o.s.web.client.RestTemplate              : Response 200 OK
2026-04-28T13:37:23.499+01:00 DEBUG 22216 --- [qualite-service] [reshExecutor-%d] o.s.web.client.RestTemplate              : HTTP GET http://localhost:8761/eureka/apps/delta
2026-04-28T13:37:23.503+01:00 DEBUG 22216 --- [qualite-service] [reshExecutor-%d] o.s.web.client.RestTemplate              : Accept=[application/json, application/*+json]
2026-04-28T13:37:23.510+01:00 DEBUG 22216 --- [qualite-service] [reshExecutor-%d] o.s.web.client.RestTemplate              : Response 200 OK
2026-04-28T13:37:23.511+01:00 DEBUG 22216 --- [qualite-service] [reshExecutor-%d] o.s.web.client.RestTemplate              : Reading to [org.springframework.cloud.netflix.eureka.http.EurekaApplications]
2026-04-28T13:37:53.461+01:00 DEBUG 22216 --- [qualite-service] [beatExecutor-%d] o.s.web.client.RestTemplate              : HTTP PUT http://localhost:8761/eureka/apps/QUALITE-SERVICE/LANGIR:qualite-service:8092?status=UP&lastDirtyTimestamp=1777378822412
2026-04-28T13:37:53.466+01:00 DEBUG 22216 --- [qualite-service] [beatExecutor-%d] o.s.web.client.RestTemplate              : Accept=[application/json, application/*+json]
2026-04-28T13:37:53.477+01:00 DEBUG 22216 --- [qualite-service] [beatExecutor-%d] o.s.web.client.RestTemplate              : Response 200 OK
2026-04-28T13:37:53.516+01:00 DEBUG 22216 --- [qualite-service] [reshExecutor-%d] o.s.web.client.RestTemplate              : HTTP GET http://localhost:8761/eureka/apps/delta
2026-04-28T13:37:53.517+01:00 DEBUG 22216 --- [qualite-service] [reshExecutor-%d] o.s.web.client.RestTemplate              : Accept=[application/json, application/*+json]
2026-04-28T13:37:53.522+01:00 DEBUG 22216 --- [qualite-service] [reshExecutor-%d] o.s.web.client.RestTemplate              : Response 200 OK
2026-04-28T13:37:53.522+01:00 DEBUG 22216 --- [qualite-service] [reshExecutor-%d] o.s.web.client.RestTemplate              : Reading to [org.springframework.cloud.netflix.eureka.http.EurekaApplications]
2026-04-28T13:38:23.480+01:00 DEBUG 22216 --- [qualite-service] [beatExecutor-%d] o.s.web.client.RestTemplate              : HTTP PUT http://localhost:8761/eureka/apps/QUALITE-SERVICE/LANGIR:qualite-service:8092?status=UP&lastDirtyTimestamp=1777378822412
2026-04-28T13:38:23.482+01:00 DEBUG 22216 --- [qualite-service] [beatExecutor-%d] o.s.web.client.RestTemplate              : Accept=[application/json, application/*+json]
2026-04-28T13:38:23.486+01:00 DEBUG 22216 --- [qualite-service] [beatExecutor-%d] o.s.web.client.RestTemplate              : Response 200 OK
2026-04-28T13:38:23.524+01:00 DEBUG 22216 --- [qualite-service] [reshExecutor-%d] o.s.web.client.RestTemplate              : HTTP GET http://localhost:8761/eureka/apps/delta
2026-04-28T13:38:23.535+01:00 DEBUG 22216 --- [qualite-service] [reshExecutor-%d] o.s.web.client.RestTemplate              : Accept=[application/json, application/*+json]
2026-04-28T13:38:23.540+01:00 DEBUG 22216 --- [qualite-service] [reshExecutor-%d] o.s.web.client.RestTemplate              : Response 200 OK
2026-04-28T13:38:23.541+01:00 DEBUG 22216 --- [qualite-service] [reshExecutor-%d] o.s.web.client.RestTemplate              : Reading to [org.springframework.cloud.netflix.eureka.http.EurekaApplications]
2026-04-28T13:38:53.495+01:00 DEBUG 22216 --- [qualite-service] [beatExecutor-%d] o.s.web.client.RestTemplate              : HTTP PUT http://localhost:8761/eureka/apps/QUALITE-SERVICE/LANGIR:qualite-service:8092?status=UP&lastDirtyTimestamp=1777378822412
2026-04-28T13:38:53.500+01:00 DEBUG 22216 --- [qualite-service] [beatExecutor-%d] o.s.web.client.RestTemplate              : Accept=[application/json, application/*+json]
2026-04-28T13:38:53.514+01:00 DEBUG 22216 --- [qualite-service] [beatExecutor-%d] o.s.web.client.RestTemplate              : Response 200 OK
2026-04-28T13:38:53.559+01:00 DEBUG 22216 --- [qualite-service] [reshExecutor-%d] o.s.web.client.RestTemplate              : HTTP GET http://localhost:8761/eureka/apps/delta
2026-04-28T13:38:53.563+01:00 DEBUG 22216 --- [qualite-service] [reshExecutor-%d] o.s.web.client.RestTemplate              : Accept=[application/json, application/*+json]
2026-04-28T13:38:53.579+01:00 DEBUG 22216 --- [qualite-service] [reshExecutor-%d] o.s.web.client.RestTemplate              : Response 200 OK
2026-04-28T13:38:53.583+01:00 DEBUG 22216 --- [qualite-service] [reshExecutor-%d] o.s.web.client.RestTemplate              : Reading to [org.springframework.cloud.netflix.eureka.http.EurekaApplications]
2026-04-28T13:39:23.525+01:00 DEBUG 22216 --- [qualite-service] [beatExecutor-%d] o.s.web.client.RestTemplate              : HTTP PUT http://localhost:8761/eureka/apps/QUALITE-SERVICE/LANGIR:qualite-service:8092?status=UP&lastDirtyTimestamp=1777378822412
2026-04-28T13:39:23.528+01:00 DEBUG 22216 --- [qualite-service] [beatExecutor-%d] o.s.web.client.RestTemplate              : Accept=[application/json, application/*+json]
2026-04-28T13:39:23.533+01:00 DEBUG 22216 --- [qualite-service] [beatExecutor-%d] o.s.web.client.RestTemplate              : Response 200 OK
2026-04-28T13:39:23.589+01:00 DEBUG 22216 --- [qualite-service] [reshExecutor-%d] o.s.web.client.RestTemplate              : HTTP GET http://localhost:8761/eureka/apps/delta
2026-04-28T13:39:23.592+01:00 DEBUG 22216 --- [qualite-service] [reshExecutor-%d] o.s.web.client.RestTemplate              : Accept=[application/json, application/*+json]
2026-04-28T13:39:23.597+01:00 DEBUG 22216 --- [qualite-service] [reshExecutor-%d] o.s.web.client.RestTemplate              : Response 200 OK
2026-04-28T13:39:23.599+01:00 DEBUG 22216 --- [qualite-service] [reshExecutor-%d] o.s.web.client.RestTemplate              : Reading to [org.springframework.cloud.netflix.eureka.http.EurekaApplications]
2026-04-28T13:39:53.536+01:00 DEBUG 22216 --- [qualite-service] [beatExecutor-%d] o.s.web.client.RestTemplate              : HTTP PUT http://localhost:8761/eureka/apps/QUALITE-SERVICE/LANGIR:qualite-service:8092?status=UP&lastDirtyTimestamp=1777378822412
2026-04-28T13:39:53.540+01:00 DEBUG 22216 --- [qualite-service] [beatExecutor-%d] o.s.web.client.RestTemplate              : Accept=[application/json, application/*+json]
2026-04-28T13:39:53.547+01:00 DEBUG 22216 --- [qualite-service] [beatExecutor-%d] o.s.web.client.RestTemplate              : Response 200 OK
2026-04-28T13:39:53.602+01:00 DEBUG 22216 --- [qualite-service] [reshExecutor-%d] o.s.web.client.RestTemplate              : HTTP GET http://localhost:8761/eureka/apps/delta
2026-04-28T13:39:53.605+01:00 DEBUG 22216 --- [qualite-service] [reshExecutor-%d] o.s.web.client.RestTemplate              : Accept=[application/json, application/*+json]
2026-04-28T13:39:53.617+01:00 DEBUG 22216 --- [qualite-service] [reshExecutor-%d] o.s.web.client.RestTemplate              : Response 200 OK
2026-04-28T13:39:53.619+01:00 DEBUG 22216 --- [qualite-service] [reshExecutor-%d] o.s.web.client.RestTemplate              : Reading to [org.springframework.cloud.netflix.eureka.http.EurekaApplications]
2026-04-28T13:40:22.270+01:00  INFO 22216 --- [qualite-service] [rap-executor-%d] c.n.d.s.r.aws.ConfigClusterResolver      : Resolving eureka endpoints via configuration
2026-04-28T13:40:23.550+01:00 DEBUG 22216 --- [qualite-service] [beatExecutor-%d] o.s.web.client.RestTemplate              : HTTP PUT http://localhost:8761/eureka/apps/QUALITE-SERVICE/LANGIR:qualite-service:8092?status=UP&lastDirtyTimestamp=1777378822412
2026-04-28T13:40:23.554+01:00 DEBUG 22216 --- [qualite-service] [beatExecutor-%d] o.s.web.client.RestTemplate              : Accept=[application/json, application/*+json]
2026-04-28T13:40:23.559+01:00 DEBUG 22216 --- [qualite-service] [beatExecutor-%d] o.s.web.client.RestTemplate              : Response 200 OK
2026-04-28T13:40:23.624+01:00 DEBUG 22216 --- [qualite-service] [reshExecutor-%d] o.s.web.client.RestTemplate              : HTTP GET http://localhost:8761/eureka/apps/delta
2026-04-28T13:40:23.627+01:00 DEBUG 22216 --- [qualite-service] [reshExecutor-%d] o.s.web.client.RestTemplate              : Accept=[application/json, application/*+json]
2026-04-28T13:40:23.634+01:00 DEBUG 22216 --- [qualite-service] [reshExecutor-%d] o.s.web.client.RestTemplate              : Response 200 OK
2026-04-28T13:40:23.635+01:00 DEBUG 22216 --- [qualite-service] [reshExecutor-%d] o.s.web.client.RestTemplate              : Reading to [org.springframework.cloud.netflix.eureka.http.EurekaApplications]
2026-04-28T13:40:53.568+01:00 DEBUG 22216 --- [qualite-service] [beatExecutor-%d] o.s.web.client.RestTemplate              : HTTP PUT http://localhost:8761/eureka/apps/QUALITE-SERVICE/LANGIR:qualite-service:8092?status=UP&lastDirtyTimestamp=1777378822412
2026-04-28T13:40:53.579+01:00 DEBUG 22216 --- [qualite-service] [beatExecutor-%d] o.s.web.client.RestTemplate              : Accept=[application/json, application/*+json]
2026-04-28T13:40:53.593+01:00 DEBUG 22216 --- [qualite-service] [beatExecutor-%d] o.s.web.client.RestTemplate              : Response 200 OK
2026-04-28T13:40:53.648+01:00 DEBUG 22216 --- [qualite-service] [reshExecutor-%d] o.s.web.client.RestTemplate              : HTTP GET http://localhost:8761/eureka/apps/delta
2026-04-28T13:40:53.648+01:00 DEBUG 22216 --- [qualite-service] [reshExecutor-%d] o.s.web.client.RestTemplate              : Accept=[application/json, application/*+json]
2026-04-28T13:40:53.664+01:00 DEBUG 22216 --- [qualite-service] [reshExecutor-%d] o.s.web.client.RestTemplate              : Response 200 OK
2026-04-28T13:40:53.669+01:00 DEBUG 22216 --- [qualite-service] [reshExecutor-%d] o.s.web.client.RestTemplate              : Reading to [org.springframework.cloud.netflix.eureka.http.EurekaApplications]
2026-04-28T13:41:23.613+01:00 DEBUG 22216 --- [qualite-service] [beatExecutor-%d] o.s.web.client.RestTemplate              : HTTP PUT http://localhost:8761/eureka/apps/QUALITE-SERVICE/LANGIR:qualite-service:8092?status=UP&lastDirtyTimestamp=1777378822412
2026-04-28T13:41:23.614+01:00 DEBUG 22216 --- [qualite-service] [beatExecutor-%d] o.s.web.client.RestTemplate              : Accept=[application/json, application/*+json]
2026-04-28T13:41:23.640+01:00 DEBUG 22216 --- [qualite-service] [beatExecutor-%d] o.s.web.client.RestTemplate              : Response 200 OK
2026-04-28T13:41:23.679+01:00 DEBUG 22216 --- [qualite-service] [reshExecutor-%d] o.s.web.client.RestTemplate              : HTTP GET http://localhost:8761/eureka/apps/delta
2026-04-28T13:41:23.681+01:00 DEBUG 22216 --- [qualite-service] [reshExecutor-%d] o.s.web.client.RestTemplate              : Accept=[application/json, application/*+json]
2026-04-28T13:41:23.700+01:00 DEBUG 22216 --- [qualite-service] [reshExecutor-%d] o.s.web.client.RestTemplate              : Response 200 OK
2026-04-28T13:41:23.703+01:00 DEBUG 22216 --- [qualite-service] [reshExecutor-%d] o.s.web.client.RestTemplate              : Reading to [org.springframework.cloud.netflix.eureka.http.EurekaApplications]
2026-04-28T13:41:53.647+01:00 DEBUG 22216 --- [qualite-service] [beatExecutor-%d] o.s.web.client.RestTemplate              : HTTP PUT http://localhost:8761/eureka/apps/QUALITE-SERVICE/LANGIR:qualite-service:8092?status=UP&lastDirtyTimestamp=1777378822412
2026-04-28T13:41:53.653+01:00 DEBUG 22216 --- [qualite-service] [beatExecutor-%d] o.s.web.client.RestTemplate              : Accept=[application/json, application/*+json]
2026-04-28T13:41:53.664+01:00 DEBUG 22216 --- [qualite-service] [beatExecutor-%d] o.s.web.client.RestTemplate              : Response 200 OK
2026-04-28T13:41:53.710+01:00 DEBUG 22216 --- [qualite-service] [reshExecutor-%d] o.s.web.client.RestTemplate              : HTTP GET http://localhost:8761/eureka/apps/delta
2026-04-28T13:41:53.710+01:00 DEBUG 22216 --- [qualite-service] [reshExecutor-%d] o.s.web.client.RestTemplate              : Accept=[application/json, application/*+json]
2026-04-28T13:41:53.726+01:00 DEBUG 22216 --- [qualite-service] [reshExecutor-%d] o.s.web.client.RestTemplate              : Response 200 OK
2026-04-28T13:41:53.726+01:00 DEBUG 22216 --- [qualite-service] [reshExecutor-%d] o.s.web.client.RestTemplate              : Reading to [org.springframework.cloud.netflix.eureka.http.EurekaApplications]
2026-04-28T13:42:23.670+01:00 DEBUG 22216 --- [qualite-service] [beatExecutor-%d] o.s.web.client.RestTemplate              : HTTP PUT http://localhost:8761/eureka/apps/QUALITE-SERVICE/LANGIR:qualite-service:8092?status=UP&lastDirtyTimestamp=1777378822412
2026-04-28T13:42:23.670+01:00 DEBUG 22216 --- [qualite-service] [beatExecutor-%d] o.s.web.client.RestTemplate              : Accept=[application/json, application/*+json]
2026-04-28T13:42:23.689+01:00 DEBUG 22216 --- [qualite-service] [beatExecutor-%d] o.s.web.client.RestTemplate              : Response 200 OK
2026-04-28T13:42:23.737+01:00 DEBUG 22216 --- [qualite-service] [reshExecutor-%d] o.s.web.client.RestTemplate              : HTTP GET http://localhost:8761/eureka/apps/delta
2026-04-28T13:42:23.739+01:00 DEBUG 22216 --- [qualite-service] [reshExecutor-%d] o.s.web.client.RestTemplate              : Accept=[application/json, application/*+json]
2026-04-28T13:42:23.759+01:00 DEBUG 22216 --- [qualite-service] [reshExecutor-%d] o.s.web.client.RestTemplate              : Response 200 OK
2026-04-28T13:42:23.763+01:00 DEBUG 22216 --- [qualite-service] [reshExecutor-%d] o.s.web.client.RestTemplate              : Reading to [org.springframework.cloud.netflix.eureka.http.EurekaApplications]
2026-04-28T13:42:53.708+01:00 DEBUG 22216 --- [qualite-service] [beatExecutor-%d] o.s.web.client.RestTemplate              : HTTP PUT http://localhost:8761/eureka/apps/QUALITE-SERVICE/LANGIR:qualite-service:8092?status=UP&lastDirtyTimestamp=1777378822412
2026-04-28T13:42:53.715+01:00 DEBUG 22216 --- [qualite-service] [beatExecutor-%d] o.s.web.client.RestTemplate              : Accept=[application/json, application/*+json]
2026-04-28T13:42:53.737+01:00 DEBUG 22216 --- [qualite-service] [beatExecutor-%d] o.s.web.client.RestTemplate              : Response 200 OK
2026-04-28T13:42:53.778+01:00 DEBUG 22216 --- [qualite-service] [reshExecutor-%d] o.s.web.client.RestTemplate              : HTTP GET http://localhost:8761/eureka/apps/delta
2026-04-28T13:42:53.778+01:00 DEBUG 22216 --- [qualite-service] [reshExecutor-%d] o.s.web.client.RestTemplate              : Accept=[application/json, application/*+json]
2026-04-28T13:42:53.791+01:00 DEBUG 22216 --- [qualite-service] [reshExecutor-%d] o.s.web.client.RestTemplate              : Response 200 OK
2026-04-28T13:42:53.791+01:00 DEBUG 22216 --- [qualite-service] [reshExecutor-%d] o.s.web.client.RestTemplate              : Reading to [org.springframework.cloud.netflix.eureka.http.EurekaApplications]
2026-04-28T13:43:23.749+01:00 DEBUG 22216 --- [qualite-service] [beatExecutor-%d] o.s.web.client.RestTemplate              : HTTP PUT http://localhost:8761/eureka/apps/QUALITE-SERVICE/LANGIR:qualite-service:8092?status=UP&lastDirtyTimestamp=1777378822412
2026-04-28T13:43:23.752+01:00 DEBUG 22216 --- [qualite-service] [beatExecutor-%d] o.s.web.client.RestTemplate              : Accept=[application/json, application/*+json]
2026-04-28T13:43:23.776+01:00 DEBUG 22216 --- [qualite-service] [beatExecutor-%d] o.s.web.client.RestTemplate              : Response 200 OK
2026-04-28T13:43:23.798+01:00 DEBUG 22216 --- [qualite-service] [reshExecutor-%d] o.s.web.client.RestTemplate              : HTTP GET http://localhost:8761/eureka/apps/delta
2026-04-28T13:43:23.798+01:00 DEBUG 22216 --- [qualite-service] [reshExecutor-%d] o.s.web.client.RestTemplate              : Accept=[application/json, application/*+json]
2026-04-28T13:43:23.819+01:00 DEBUG 22216 --- [qualite-service] [reshExecutor-%d] o.s.web.client.RestTemplate              : Response 200 OK
2026-04-28T13:43:23.819+01:00 DEBUG 22216 --- [qualite-service] [reshExecutor-%d] o.s.web.client.RestTemplate              : Reading to [org.springframework.cloud.netflix.eureka.http.EurekaApplications]
2026-04-28T13:43:53.783+01:00 DEBUG 22216 --- [qualite-service] [beatExecutor-%d] o.s.web.client.RestTemplate              : HTTP PUT http://localhost:8761/eureka/apps/QUALITE-SERVICE/LANGIR:qualite-service:8092?status=UP&lastDirtyTimestamp=1777378822412
2026-04-28T13:43:53.790+01:00 DEBUG 22216 --- [qualite-service] [beatExecutor-%d] o.s.web.client.RestTemplate              : Accept=[application/json, application/*+json]
2026-04-28T13:43:53.798+01:00 DEBUG 22216 --- [qualite-service] [beatExecutor-%d] o.s.web.client.RestTemplate              : Response 200 OK
2026-04-28T13:43:53.830+01:00 DEBUG 22216 --- [qualite-service] [reshExecutor-%d] o.s.web.client.RestTemplate              : HTTP GET http://localhost:8761/eureka/apps/delta
2026-04-28T13:43:53.830+01:00 DEBUG 22216 --- [qualite-service] [reshExecutor-%d] o.s.web.client.RestTemplate              : Accept=[application/json, application/*+json]
2026-04-28T13:43:53.846+01:00 DEBUG 22216 --- [qualite-service] [reshExecutor-%d] o.s.web.client.RestTemplate              : Response 200 OK
2026-04-28T13:43:53.846+01:00 DEBUG 22216 --- [qualite-service] [reshExecutor-%d] o.s.web.client.RestTemplate              : Reading to [org.springframework.cloud.netflix.eureka.http.EurekaApplications]
2026-04-28T13:44:23.812+01:00 DEBUG 22216 --- [qualite-service] [beatExecutor-%d] o.s.web.client.RestTemplate              : HTTP PUT http://localhost:8761/eureka/apps/QUALITE-SERVICE/LANGIR:qualite-service:8092?status=UP&lastDirtyTimestamp=1777378822412
2026-04-28T13:44:23.816+01:00 DEBUG 22216 --- [qualite-service] [beatExecutor-%d] o.s.web.client.RestTemplate              : Accept=[application/json, application/*+json]
2026-04-28T13:44:23.840+01:00 DEBUG 22216 --- [qualite-service] [beatExecutor-%d] o.s.web.client.RestTemplate              : Response 200 OK
2026-04-28T13:44:23.860+01:00 DEBUG 22216 --- [qualite-service] [reshExecutor-%d] o.s.web.client.RestTemplate              : HTTP GET http://localhost:8761/eureka/apps/delta
2026-04-28T13:44:23.860+01:00 DEBUG 22216 --- [qualite-service] [reshExecutor-%d] o.s.web.client.RestTemplate              : Accept=[application/json, application/*+json]
2026-04-28T13:44:23.876+01:00 DEBUG 22216 --- [qualite-service] [reshExecutor-%d] o.s.web.client.RestTemplate              : Response 200 OK
2026-04-28T13:44:23.881+01:00 DEBUG 22216 --- [qualite-service] [reshExecutor-%d] o.s.web.client.RestTemplate              : Reading to [org.springframework.cloud.netflix.eureka.http.EurekaApplications]
2026-04-28T13:44:53.847+01:00 DEBUG 22216 --- [qualite-service] [beatExecutor-%d] o.s.web.client.RestTemplate              : HTTP PUT http://localhost:8761/eureka/apps/QUALITE-SERVICE/LANGIR:qualite-service:8092?status=UP&lastDirtyTimestamp=1777378822412
2026-04-28T13:44:53.847+01:00 DEBUG 22216 --- [qualite-service] [beatExecutor-%d] o.s.web.client.RestTemplate              : Accept=[application/json, application/*+json]
2026-04-28T13:44:53.858+01:00 DEBUG 22216 --- [qualite-service] [beatExecutor-%d] o.s.web.client.RestTemplate              : Response 200 OK
2026-04-28T13:44:53.887+01:00 DEBUG 22216 --- [qualite-service] [reshExecutor-%d] o.s.web.client.RestTemplate              : HTTP GET http://localhost:8761/eureka/apps/delta
2026-04-28T13:44:53.888+01:00 DEBUG 22216 --- [qualite-service] [reshExecutor-%d] o.s.web.client.RestTemplate              : Accept=[application/json, application/*+json]
2026-04-28T13:44:53.895+01:00 DEBUG 22216 --- [qualite-service] [reshExecutor-%d] o.s.web.client.RestTemplate              : Response 200 OK
2026-04-28T13:44:53.898+01:00 DEBUG 22216 --- [qualite-service] [reshExecutor-%d] o.s.web.client.RestTemplate              : Reading to [org.springframework.cloud.netflix.eureka.http.EurekaApplications]
2026-04-28T13:45:22.277+01:00  INFO 22216 --- [qualite-service] [rap-executor-%d] c.n.d.s.r.aws.ConfigClusterResolver      : Resolving eureka endpoints via configuration
2026-04-28T13:45:23.864+01:00 DEBUG 22216 --- [qualite-service] [beatExecutor-%d] o.s.web.client.RestTemplate              : HTTP PUT http://localhost:8761/eureka/apps/QUALITE-SERVICE/LANGIR:qualite-service:8092?status=UP&lastDirtyTimestamp=1777378822412
2026-04-28T13:45:23.864+01:00 DEBUG 22216 --- [qualite-service] [beatExecutor-%d] o.s.web.client.RestTemplate              : Accept=[application/json, application/*+json]
2026-04-28T13:45:23.878+01:00 DEBUG 22216 --- [qualite-service] [beatExecutor-%d] o.s.web.client.RestTemplate              : Response 200 OK
2026-04-28T13:45:23.911+01:00 DEBUG 22216 --- [qualite-service] [reshExecutor-%d] o.s.web.client.RestTemplate              : HTTP GET http://localhost:8761/eureka/apps/delta
2026-04-28T13:45:23.911+01:00 DEBUG 22216 --- [qualite-service] [reshExecutor-%d] o.s.web.client.RestTemplate              : Accept=[application/json, application/*+json]
2026-04-28T13:45:23.928+01:00 DEBUG 22216 --- [qualite-service] [reshExecutor-%d] o.s.web.client.RestTemplate              : Response 200 OK
2026-04-28T13:45:23.928+01:00 DEBUG 22216 --- [qualite-service] [reshExecutor-%d] o.s.web.client.RestTemplate              : Reading to [org.springframework.cloud.netflix.eureka.http.EurekaApplications]
2026-04-28T13:45:53.887+01:00 DEBUG 22216 --- [qualite-service] [beatExecutor-%d] o.s.web.client.RestTemplate              : HTTP PUT http://localhost:8761/eureka/apps/QUALITE-SERVICE/LANGIR:qualite-service:8092?status=UP&lastDirtyTimestamp=1777378822412
2026-04-28T13:45:53.891+01:00 DEBUG 22216 --- [qualite-service] [beatExecutor-%d] o.s.web.client.RestTemplate              : Accept=[application/json, application/*+json]
2026-04-28T13:45:53.920+01:00 DEBUG 22216 --- [qualite-service] [beatExecutor-%d] o.s.web.client.RestTemplate              : Response 200 OK
2026-04-28T13:45:53.935+01:00 DEBUG 22216 --- [qualite-service] [reshExecutor-%d] o.s.web.client.RestTemplate              : HTTP GET http://localhost:8761/eureka/apps/delta
2026-04-28T13:45:53.935+01:00 DEBUG 22216 --- [qualite-service] [reshExecutor-%d] o.s.web.client.RestTemplate              : Accept=[application/json, application/*+json]
2026-04-28T13:45:53.951+01:00 DEBUG 22216 --- [qualite-service] [reshExecutor-%d] o.s.web.client.RestTemplate              : Response 200 OK
2026-04-28T13:45:53.951+01:00 DEBUG 22216 --- [qualite-service] [reshExecutor-%d] o.s.web.client.RestTemplate              : Reading to [org.springframework.cloud.netflix.eureka.http.EurekaApplications]
2026-04-28T13:46:23.929+01:00 DEBUG 22216 --- [qualite-service] [beatExecutor-%d] o.s.web.client.RestTemplate              : HTTP PUT http://localhost:8761/eureka/apps/QUALITE-SERVICE/LANGIR:qualite-service:8092?status=UP&lastDirtyTimestamp=1777378822412
2026-04-28T13:46:23.929+01:00 DEBUG 22216 --- [qualite-service] [beatExecutor-%d] o.s.web.client.RestTemplate              : Accept=[application/json, application/*+json]
2026-04-28T13:46:23.938+01:00 DEBUG 22216 --- [qualite-service] [beatExecutor-%d] o.s.web.client.RestTemplate              : Response 200 OK
2026-04-28T13:46:23.970+01:00 DEBUG 22216 --- [qualite-service] [reshExecutor-%d] o.s.web.client.RestTemplate              : HTTP GET http://localhost:8761/eureka/apps/delta
2026-04-28T13:46:23.973+01:00 DEBUG 22216 --- [qualite-service] [reshExecutor-%d] o.s.web.client.RestTemplate              : Accept=[application/json, application/*+json]
2026-04-28T13:46:23.980+01:00 DEBUG 22216 --- [qualite-service] [reshExecutor-%d] o.s.web.client.RestTemplate              : Response 200 OK
2026-04-28T13:46:23.980+01:00 DEBUG 22216 --- [qualite-service] [reshExecutor-%d] o.s.web.client.RestTemplate              : Reading to [org.springframework.cloud.netflix.eureka.http.EurekaApplications]
2026-04-28T13:46:53.965+01:00 DEBUG 22216 --- [qualite-service] [beatExecutor-%d] o.s.web.client.RestTemplate              : HTTP PUT http://localhost:8761/eureka/apps/QUALITE-SERVICE/LANGIR:qualite-service:8092?status=UP&lastDirtyTimestamp=1777378822412
2026-04-28T13:46:53.968+01:00 DEBUG 22216 --- [qualite-service] [beatExecutor-%d] o.s.web.client.RestTemplate              : Accept=[application/json, application/*+json]
2026-04-28T13:46:53.976+01:00 DEBUG 22216 --- [qualite-service] [beatExecutor-%d] o.s.web.client.RestTemplate              : Response 200 OK
2026-04-28T13:46:53.991+01:00 DEBUG 22216 --- [qualite-service] [reshExecutor-%d] o.s.web.client.RestTemplate              : HTTP GET http://localhost:8761/eureka/apps/delta
2026-04-28T13:46:53.993+01:00 DEBUG 22216 --- [qualite-service] [reshExecutor-%d] o.s.web.client.RestTemplate              : Accept=[application/json, application/*+json]
2026-04-28T13:46:53.999+01:00 DEBUG 22216 --- [qualite-service] [reshExecutor-%d] o.s.web.client.RestTemplate              : Response 200 OK
2026-04-28T13:46:54.002+01:00 DEBUG 22216 --- [qualite-service] [reshExecutor-%d] o.s.web.client.RestTemplate              : Reading to [org.springframework.cloud.netflix.eureka.http.EurekaApplications]
2026-04-28T13:47:23.979+01:00 DEBUG 22216 --- [qualite-service] [beatExecutor-%d] o.s.web.client.RestTemplate              : HTTP PUT http://localhost:8761/eureka/apps/QUALITE-SERVICE/LANGIR:qualite-service:8092?status=UP&lastDirtyTimestamp=1777378822412
2026-04-28T13:47:23.983+01:00 DEBUG 22216 --- [qualite-service] [beatExecutor-%d] o.s.web.client.RestTemplate              : Accept=[application/json, application/*+json]
2026-04-28T13:47:23.991+01:00 DEBUG 22216 --- [qualite-service] [beatExecutor-%d] o.s.web.client.RestTemplate              : Response 200 OK
2026-04-28T13:47:24.006+01:00 DEBUG 22216 --- [qualite-service] [reshExecutor-%d] o.s.web.client.RestTemplate              : HTTP GET http://localhost:8761/eureka/apps/delta
2026-04-28T13:47:24.008+01:00 DEBUG 22216 --- [qualite-service] [reshExecutor-%d] o.s.web.client.RestTemplate              : Accept=[application/json, application/*+json]
2026-04-28T13:47:24.019+01:00 DEBUG 22216 --- [qualite-service] [reshExecutor-%d] o.s.web.client.RestTemplate              : Response 200 OK
2026-04-28T13:47:24.021+01:00 DEBUG 22216 --- [qualite-service] [reshExecutor-%d] o.s.web.client.RestTemplate              : Reading to [org.springframework.cloud.netflix.eureka.http.EurekaApplications]
2026-04-28T13:47:53.997+01:00 DEBUG 22216 --- [qualite-service] [beatExecutor-%d] o.s.web.client.RestTemplate              : HTTP PUT http://localhost:8761/eureka/apps/QUALITE-SERVICE/LANGIR:qualite-service:8092?status=UP&lastDirtyTimestamp=1777378822412
2026-04-28T13:47:54.001+01:00 DEBUG 22216 --- [qualite-service] [beatExecutor-%d] o.s.web.client.RestTemplate              : Accept=[application/json, application/*+json]
2026-04-28T13:47:54.007+01:00 DEBUG 22216 --- [qualite-service] [beatExecutor-%d] o.s.web.client.RestTemplate              : Response 200 OK
2026-04-28T13:47:54.026+01:00 DEBUG 22216 --- [qualite-service] [reshExecutor-%d] o.s.web.client.RestTemplate              : HTTP GET http://localhost:8761/eureka/apps/delta
2026-04-28T13:47:54.028+01:00 DEBUG 22216 --- [qualite-service] [reshExecutor-%d] o.s.web.client.RestTemplate              : Accept=[application/json, application/*+json]
2026-04-28T13:47:54.037+01:00 DEBUG 22216 --- [qualite-service] [reshExecutor-%d] o.s.web.client.RestTemplate              : Response 200 OK
2026-04-28T13:47:54.039+01:00 DEBUG 22216 --- [qualite-service] [reshExecutor-%d] o.s.web.client.RestTemplate              : Reading to [org.springframework.cloud.netflix.eureka.http.EurekaApplications]
2026-04-28T13:48:24.010+01:00 DEBUG 22216 --- [qualite-service] [beatExecutor-%d] o.s.web.client.RestTemplate              : HTTP PUT http://localhost:8761/eureka/apps/QUALITE-SERVICE/LANGIR:qualite-service:8092?status=UP&lastDirtyTimestamp=1777378822412
2026-04-28T13:48:24.014+01:00 DEBUG 22216 --- [qualite-service] [beatExecutor-%d] o.s.web.client.RestTemplate              : Accept=[application/json, application/*+json]
2026-04-28T13:48:24.018+01:00 DEBUG 22216 --- [qualite-service] [beatExecutor-%d] o.s.web.client.RestTemplate              : Response 200 OK
2026-04-28T13:48:24.044+01:00 DEBUG 22216 --- [qualite-service] [reshExecutor-%d] o.s.web.client.RestTemplate              : HTTP GET http://localhost:8761/eureka/apps/delta
2026-04-28T13:48:24.045+01:00 DEBUG 22216 --- [qualite-service] [reshExecutor-%d] o.s.web.client.RestTemplate              : Accept=[application/json, application/*+json]
2026-04-28T13:48:24.050+01:00 DEBUG 22216 --- [qualite-service] [reshExecutor-%d] o.s.web.client.RestTemplate              : Response 200 OK
2026-04-28T13:48:24.052+01:00 DEBUG 22216 --- [qualite-service] [reshExecutor-%d] o.s.web.client.RestTemplate              : Reading to [org.springframework.cloud.netflix.eureka.http.EurekaApplications]
2026-04-28T13:48:54.019+01:00 DEBUG 22216 --- [qualite-service] [beatExecutor-%d] o.s.web.client.RestTemplate              : HTTP PUT http://localhost:8761/eureka/apps/QUALITE-SERVICE/LANGIR:qualite-service:8092?status=UP&lastDirtyTimestamp=1777378822412
2026-04-28T13:48:54.025+01:00 DEBUG 22216 --- [qualite-service] [beatExecutor-%d] o.s.web.client.RestTemplate              : Accept=[application/json, application/*+json]
2026-04-28T13:48:54.032+01:00 DEBUG 22216 --- [qualite-service] [beatExecutor-%d] o.s.web.client.RestTemplate              : Response 200 OK
2026-04-28T13:48:54.056+01:00 DEBUG 22216 --- [qualite-service] [reshExecutor-%d] o.s.web.client.RestTemplate              : HTTP GET http://localhost:8761/eureka/apps/delta
2026-04-28T13:48:54.058+01:00 DEBUG 22216 --- [qualite-service] [reshExecutor-%d] o.s.web.client.RestTemplate              : Accept=[application/json, application/*+json]
2026-04-28T13:48:54.066+01:00 DEBUG 22216 --- [qualite-service] [reshExecutor-%d] o.s.web.client.RestTemplate              : Response 200 OK
2026-04-28T13:48:54.067+01:00 DEBUG 22216 --- [qualite-service] [reshExecutor-%d] o.s.web.client.RestTemplate              : Reading to [org.springframework.cloud.netflix.eureka.http.EurekaApplications]
2026-04-28T13:49:24.036+01:00 DEBUG 22216 --- [qualite-service] [beatExecutor-%d] o.s.web.client.RestTemplate              : HTTP PUT http://localhost:8761/eureka/apps/QUALITE-SERVICE/LANGIR:qualite-service:8092?status=UP&lastDirtyTimestamp=1777378822412
2026-04-28T13:49:24.041+01:00 DEBUG 22216 --- [qualite-service] [beatExecutor-%d] o.s.web.client.RestTemplate              : Accept=[application/json, application/*+json]
2026-04-28T13:49:24.052+01:00 DEBUG 22216 --- [qualite-service] [beatExecutor-%d] o.s.web.client.RestTemplate              : Response 200 OK
2026-04-28T13:49:24.071+01:00 DEBUG 22216 --- [qualite-service] [reshExecutor-%d] o.s.web.client.RestTemplate              : HTTP GET http://localhost:8761/eureka/apps/delta
2026-04-28T13:49:24.074+01:00 DEBUG 22216 --- [qualite-service] [reshExecutor-%d] o.s.web.client.RestTemplate              : Accept=[application/json, application/*+json]
2026-04-28T13:49:24.082+01:00 DEBUG 22216 --- [qualite-service] [reshExecutor-%d] o.s.web.client.RestTemplate              : Response 200 OK
2026-04-28T13:49:24.085+01:00 DEBUG 22216 --- [qualite-service] [reshExecutor-%d] o.s.web.client.RestTemplate              : Reading to [org.springframework.cloud.netflix.eureka.http.EurekaApplications]
2026-04-28T13:49:54.057+01:00 DEBUG 22216 --- [qualite-service] [beatExecutor-%d] o.s.web.client.RestTemplate              : HTTP PUT http://localhost:8761/eureka/apps/QUALITE-SERVICE/LANGIR:qualite-service:8092?status=UP&lastDirtyTimestamp=1777378822412
2026-04-28T13:49:54.074+01:00 DEBUG 22216 --- [qualite-service] [beatExecutor-%d] o.s.web.client.RestTemplate              : Accept=[application/json, application/*+json]
2026-04-28T13:49:54.080+01:00 DEBUG 22216 --- [qualite-service] [beatExecutor-%d] o.s.web.client.RestTemplate              : Response 200 OK
2026-04-28T13:49:54.089+01:00 DEBUG 22216 --- [qualite-service] [reshExecutor-%d] o.s.web.client.RestTemplate              : HTTP GET http://localhost:8761/eureka/apps/delta
2026-04-28T13:49:54.090+01:00 DEBUG 22216 --- [qualite-service] [reshExecutor-%d] o.s.web.client.RestTemplate              : Accept=[application/json, application/*+json]
2026-04-28T13:49:54.096+01:00 DEBUG 22216 --- [qualite-service] [reshExecutor-%d] o.s.web.client.RestTemplate              : Response 200 OK
2026-04-28T13:49:54.097+01:00 DEBUG 22216 --- [qualite-service] [reshExecutor-%d] o.s.web.client.RestTemplate              : Reading to [org.springframework.cloud.netflix.eureka.http.EurekaApplications]
2026-04-28T13:50:22.294+01:00  INFO 22216 --- [qualite-service] [rap-executor-%d] c.n.d.s.r.aws.ConfigClusterResolver      : Resolving eureka endpoints via configuration
2026-04-28T13:50:24.083+01:00 DEBUG 22216 --- [qualite-service] [beatExecutor-%d] o.s.web.client.RestTemplate              : HTTP PUT http://localhost:8761/eureka/apps/QUALITE-SERVICE/LANGIR:qualite-service:8092?status=UP&lastDirtyTimestamp=1777378822412
2026-04-28T13:50:24.086+01:00 DEBUG 22216 --- [qualite-service] [beatExecutor-%d] o.s.web.client.RestTemplate              : Accept=[application/json, application/*+json]
2026-04-28T13:50:24.100+01:00 DEBUG 22216 --- [qualite-service] [reshExecutor-%d] o.s.web.client.RestTemplate              : HTTP GET http://localhost:8761/eureka/apps/delta
2026-04-28T13:50:24.100+01:00 DEBUG 22216 --- [qualite-service] [reshExecutor-%d] o.s.web.client.RestTemplate              : Accept=[application/json, application/*+json]
2026-04-28T13:50:24.103+01:00 DEBUG 22216 --- [qualite-service] [beatExecutor-%d] o.s.web.client.RestTemplate              : Response 200 OK
2026-04-28T13:50:24.103+01:00 DEBUG 22216 --- [qualite-service] [reshExecutor-%d] o.s.web.client.RestTemplate              : Response 200 OK
2026-04-28T13:50:24.104+01:00 DEBUG 22216 --- [qualite-service] [reshExecutor-%d] o.s.web.client.RestTemplate              : Reading to [org.springframework.cloud.netflix.eureka.http.EurekaApplications]
2026-04-28T13:50:54.105+01:00 DEBUG 22216 --- [qualite-service] [beatExecutor-%d] o.s.web.client.RestTemplate              : HTTP PUT http://localhost:8761/eureka/apps/QUALITE-SERVICE/LANGIR:qualite-service:8092?status=UP&lastDirtyTimestamp=1777378822412
2026-04-28T13:50:54.107+01:00 DEBUG 22216 --- [qualite-service] [reshExecutor-%d] o.s.web.client.RestTemplate              : HTTP GET http://localhost:8761/eureka/apps/delta
2026-04-28T13:50:54.111+01:00 DEBUG 22216 --- [qualite-service] [beatExecutor-%d] o.s.web.client.RestTemplate              : Accept=[application/json, application/*+json]
2026-04-28T13:50:54.113+01:00 DEBUG 22216 --- [qualite-service] [reshExecutor-%d] o.s.web.client.RestTemplate              : Accept=[application/json, application/*+json]
2026-04-28T13:50:54.123+01:00 DEBUG 22216 --- [qualite-service] [beatExecutor-%d] o.s.web.client.RestTemplate              : Response 200 OK
2026-04-28T13:50:54.125+01:00 DEBUG 22216 --- [qualite-service] [reshExecutor-%d] o.s.web.client.RestTemplate              : Response 200 OK
2026-04-28T13:50:54.127+01:00 DEBUG 22216 --- [qualite-service] [reshExecutor-%d] o.s.web.client.RestTemplate              : Reading to [org.springframework.cloud.netflix.eureka.http.EurekaApplications]
2026-04-28T13:51:24.126+01:00 DEBUG 22216 --- [qualite-service] [beatExecutor-%d] o.s.web.client.RestTemplate              : HTTP PUT http://localhost:8761/eureka/apps/QUALITE-SERVICE/LANGIR:qualite-service:8092?status=UP&lastDirtyTimestamp=1777378822412
2026-04-28T13:51:24.131+01:00 DEBUG 22216 --- [qualite-service] [beatExecutor-%d] o.s.web.client.RestTemplate              : Accept=[application/json, application/*+json]
2026-04-28T13:51:24.131+01:00 DEBUG 22216 --- [qualite-service] [reshExecutor-%d] o.s.web.client.RestTemplate              : HTTP GET http://localhost:8761/eureka/apps/delta
2026-04-28T13:51:24.132+01:00 DEBUG 22216 --- [qualite-service] [reshExecutor-%d] o.s.web.client.RestTemplate              : Accept=[application/json, application/*+json]
2026-04-28T13:51:24.135+01:00 DEBUG 22216 --- [qualite-service] [beatExecutor-%d] o.s.web.client.RestTemplate              : Response 200 OK
2026-04-28T13:51:24.136+01:00 DEBUG 22216 --- [qualite-service] [reshExecutor-%d] o.s.web.client.RestTemplate              : Response 200 OK
2026-04-28T13:51:24.137+01:00 DEBUG 22216 --- [qualite-service] [reshExecutor-%d] o.s.web.client.RestTemplate              : Reading to [org.springframework.cloud.netflix.eureka.http.EurekaApplications]
2026-04-28T13:51:54.136+01:00 DEBUG 22216 --- [qualite-service] [beatExecutor-%d] o.s.web.client.RestTemplate              : HTTP PUT http://localhost:8761/eureka/apps/QUALITE-SERVICE/LANGIR:qualite-service:8092?status=UP&lastDirtyTimestamp=1777378822412
2026-04-28T13:51:54.140+01:00 DEBUG 22216 --- [qualite-service] [reshExecutor-%d] o.s.web.client.RestTemplate              : HTTP GET http://localhost:8761/eureka/apps/delta
2026-04-28T13:51:54.140+01:00 DEBUG 22216 --- [qualite-service] [beatExecutor-%d] o.s.web.client.RestTemplate              : Accept=[application/json, application/*+json]
2026-04-28T13:51:54.141+01:00 DEBUG 22216 --- [qualite-service] [reshExecutor-%d] o.s.web.client.RestTemplate              : Accept=[application/json, application/*+json]
2026-04-28T13:51:54.152+01:00 DEBUG 22216 --- [qualite-service] [beatExecutor-%d] o.s.web.client.RestTemplate              : Response 200 OK
2026-04-28T13:51:54.154+01:00 DEBUG 22216 --- [qualite-service] [reshExecutor-%d] o.s.web.client.RestTemplate              : Response 200 OK
2026-04-28T13:51:54.156+01:00 DEBUG 22216 --- [qualite-service] [reshExecutor-%d] o.s.web.client.RestTemplate              : Reading to [org.springframework.cloud.netflix.eureka.http.EurekaApplications]
2026-04-28T13:52:24.156+01:00 DEBUG 22216 --- [qualite-service] [beatExecutor-%d] o.s.web.client.RestTemplate              : HTTP PUT http://localhost:8761/eureka/apps/QUALITE-SERVICE/LANGIR:qualite-service:8092?status=UP&lastDirtyTimestamp=1777378822412
2026-04-28T13:52:24.160+01:00 DEBUG 22216 --- [qualite-service] [beatExecutor-%d] o.s.web.client.RestTemplate              : Accept=[application/json, application/*+json]
2026-04-28T13:52:24.161+01:00 DEBUG 22216 --- [qualite-service] [reshExecutor-%d] o.s.web.client.RestTemplate              : HTTP GET http://localhost:8761/eureka/apps/delta
2026-04-28T13:52:24.162+01:00 DEBUG 22216 --- [qualite-service] [reshExecutor-%d] o.s.web.client.RestTemplate              : Accept=[application/json, application/*+json]
2026-04-28T13:52:24.169+01:00 DEBUG 22216 --- [qualite-service] [beatExecutor-%d] o.s.web.client.RestTemplate              : Response 200 OK
2026-04-28T13:52:24.170+01:00 DEBUG 22216 --- [qualite-service] [reshExecutor-%d] o.s.web.client.RestTemplate              : Response 200 OK
2026-04-28T13:52:24.171+01:00 DEBUG 22216 --- [qualite-service] [reshExecutor-%d] o.s.web.client.RestTemplate              : Reading to [org.springframework.cloud.netflix.eureka.http.EurekaApplications]
2026-04-28T13:52:54.170+01:00 DEBUG 22216 --- [qualite-service] [beatExecutor-%d] o.s.web.client.RestTemplate              : HTTP PUT http://localhost:8761/eureka/apps/QUALITE-SERVICE/LANGIR:qualite-service:8092?status=UP&lastDirtyTimestamp=1777378822412
2026-04-28T13:52:54.174+01:00 DEBUG 22216 --- [qualite-service] [reshExecutor-%d] o.s.web.client.RestTemplate              : HTTP GET http://localhost:8761/eureka/apps/delta
2026-04-28T13:52:54.175+01:00 DEBUG 22216 --- [qualite-service] [beatExecutor-%d] o.s.web.client.RestTemplate              : Accept=[application/json, application/*+json]
2026-04-28T13:52:54.175+01:00 DEBUG 22216 --- [qualite-service] [reshExecutor-%d] o.s.web.client.RestTemplate              : Accept=[application/json, application/*+json]
2026-04-28T13:52:54.183+01:00 DEBUG 22216 --- [qualite-service] [reshExecutor-%d] o.s.web.client.RestTemplate              : Response 200 OK
2026-04-28T13:52:54.183+01:00 DEBUG 22216 --- [qualite-service] [beatExecutor-%d] o.s.web.client.RestTemplate              : Response 200 OK
2026-04-28T13:52:54.184+01:00 DEBUG 22216 --- [qualite-service] [reshExecutor-%d] o.s.web.client.RestTemplate              : Reading to [org.springframework.cloud.netflix.eureka.http.EurekaApplications]
2026-04-28T13:53:24.187+01:00 DEBUG 22216 --- [qualite-service] [beatExecutor-%d] o.s.web.client.RestTemplate              : HTTP PUT http://localhost:8761/eureka/apps/QUALITE-SERVICE/LANGIR:qualite-service:8092?status=UP&lastDirtyTimestamp=1777378822412
2026-04-28T13:53:24.189+01:00 DEBUG 22216 --- [qualite-service] [reshExecutor-%d] o.s.web.client.RestTemplate              : HTTP GET http://localhost:8761/eureka/apps/delta
2026-04-28T13:53:24.190+01:00 DEBUG 22216 --- [qualite-service] [beatExecutor-%d] o.s.web.client.RestTemplate              : Accept=[application/json, application/*+json]
2026-04-28T13:53:24.191+01:00 DEBUG 22216 --- [qualite-service] [reshExecutor-%d] o.s.web.client.RestTemplate              : Accept=[application/json, application/*+json]
2026-04-28T13:53:24.201+01:00 DEBUG 22216 --- [qualite-service] [reshExecutor-%d] o.s.web.client.RestTemplate              : Response 200 OK
2026-04-28T13:53:24.201+01:00 DEBUG 22216 --- [qualite-service] [beatExecutor-%d] o.s.web.client.RestTemplate              : Response 200 OK
2026-04-28T13:53:24.203+01:00 DEBUG 22216 --- [qualite-service] [reshExecutor-%d] o.s.web.client.RestTemplate              : Reading to [org.springframework.cloud.netflix.eureka.http.EurekaApplications]
2026-04-28T13:53:54.205+01:00 DEBUG 22216 --- [qualite-service] [beatExecutor-%d] o.s.web.client.RestTemplate              : HTTP PUT http://localhost:8761/eureka/apps/QUALITE-SERVICE/LANGIR:qualite-service:8092?status=UP&lastDirtyTimestamp=1777378822412
2026-04-28T13:53:54.208+01:00 DEBUG 22216 --- [qualite-service] [reshExecutor-%d] o.s.web.client.RestTemplate              : HTTP GET http://localhost:8761/eureka/apps/delta
2026-04-28T13:53:54.211+01:00 DEBUG 22216 --- [qualite-service] [beatExecutor-%d] o.s.web.client.RestTemplate              : Accept=[application/json, application/*+json]
2026-04-28T13:53:54.211+01:00 DEBUG 22216 --- [qualite-service] [reshExecutor-%d] o.s.web.client.RestTemplate              : Accept=[application/json, application/*+json]
2026-04-28T13:53:54.220+01:00 DEBUG 22216 --- [qualite-service] [beatExecutor-%d] o.s.web.client.RestTemplate              : Response 200 OK
2026-04-28T13:53:54.220+01:00 DEBUG 22216 --- [qualite-service] [reshExecutor-%d] o.s.web.client.RestTemplate              : Response 200 OK
2026-04-28T13:53:54.222+01:00 DEBUG 22216 --- [qualite-service] [reshExecutor-%d] o.s.web.client.RestTemplate              : Reading to [org.springframework.cloud.netflix.eureka.http.EurekaApplications]
2026-04-28T13:54:24.222+01:00 DEBUG 22216 --- [qualite-service] [beatExecutor-%d] o.s.web.client.RestTemplate              : HTTP PUT http://localhost:8761/eureka/apps/QUALITE-SERVICE/LANGIR:qualite-service:8092?status=UP&lastDirtyTimestamp=1777378822412
2026-04-28T13:54:24.226+01:00 DEBUG 22216 --- [qualite-service] [reshExecutor-%d] o.s.web.client.RestTemplate              : HTTP GET http://localhost:8761/eureka/apps/delta
2026-04-28T13:54:24.226+01:00 DEBUG 22216 --- [qualite-service] [beatExecutor-%d] o.s.web.client.RestTemplate              : Accept=[application/json, application/*+json]
2026-04-28T13:54:24.227+01:00 DEBUG 22216 --- [qualite-service] [reshExecutor-%d] o.s.web.client.RestTemplate              : Accept=[application/json, application/*+json]
2026-04-28T13:54:24.232+01:00 DEBUG 22216 --- [qualite-service] [beatExecutor-%d] o.s.web.client.RestTemplate              : Response 200 OK
2026-04-28T13:54:24.232+01:00 DEBUG 22216 --- [qualite-service] [reshExecutor-%d] o.s.web.client.RestTemplate              : Response 200 OK
2026-04-28T13:54:24.234+01:00 DEBUG 22216 --- [qualite-service] [reshExecutor-%d] o.s.web.client.RestTemplate              : Reading to [org.springframework.cloud.netflix.eureka.http.EurekaApplications]
2026-04-28T13:54:54.233+01:00 DEBUG 22216 --- [qualite-service] [beatExecutor-%d] o.s.web.client.RestTemplate              : HTTP PUT http://localhost:8761/eureka/apps/QUALITE-SERVICE/LANGIR:qualite-service:8092?status=UP&lastDirtyTimestamp=1777378822412
2026-04-28T13:54:54.237+01:00 DEBUG 22216 --- [qualite-service] [beatExecutor-%d] o.s.web.client.RestTemplate              : Accept=[application/json, application/*+json]
2026-04-28T13:54:54.241+01:00 DEBUG 22216 --- [qualite-service] [beatExecutor-%d] o.s.web.client.RestTemplate              : Response 200 OK
2026-04-28T13:54:54.241+01:00 DEBUG 22216 --- [qualite-service] [reshExecutor-%d] o.s.web.client.RestTemplate              : HTTP GET http://localhost:8761/eureka/apps/delta
2026-04-28T13:54:54.248+01:00 DEBUG 22216 --- [qualite-service] [reshExecutor-%d] o.s.web.client.RestTemplate              : Accept=[application/json, application/*+json]
2026-04-28T13:54:54.250+01:00 DEBUG 22216 --- [qualite-service] [reshExecutor-%d] o.s.web.client.RestTemplate              : Response 200 OK
2026-04-28T13:54:54.251+01:00 DEBUG 22216 --- [qualite-service] [reshExecutor-%d] o.s.web.client.RestTemplate              : Reading to [org.springframework.cloud.netflix.eureka.http.EurekaApplications]
2026-04-28T13:55:22.299+01:00  INFO 22216 --- [qualite-service] [rap-executor-%d] c.n.d.s.r.aws.ConfigClusterResolver      : Resolving eureka endpoints via configuration
2026-04-28T13:55:24.243+01:00 DEBUG 22216 --- [qualite-service] [beatExecutor-%d] o.s.web.client.RestTemplate              : HTTP PUT http://localhost:8761/eureka/apps/QUALITE-SERVICE/LANGIR:qualite-service:8092?status=UP&lastDirtyTimestamp=1777378822412
2026-04-28T13:55:24.248+01:00 DEBUG 22216 --- [qualite-service] [beatExecutor-%d] o.s.web.client.RestTemplate              : Accept=[application/json, application/*+json]
2026-04-28T13:55:24.254+01:00 DEBUG 22216 --- [qualite-service] [reshExecutor-%d] o.s.web.client.RestTemplate              : HTTP GET http://localhost:8761/eureka/apps/delta
2026-04-28T13:55:24.257+01:00 DEBUG 22216 --- [qualite-service] [reshExecutor-%d] o.s.web.client.RestTemplate              : Accept=[application/json, application/*+json]
2026-04-28T13:55:24.258+01:00 DEBUG 22216 --- [qualite-service] [beatExecutor-%d] o.s.web.client.RestTemplate              : Response 200 OK
2026-04-28T13:55:24.265+01:00 DEBUG 22216 --- [qualite-service] [reshExecutor-%d] o.s.web.client.RestTemplate              : Response 200 OK
2026-04-28T13:55:24.266+01:00 DEBUG 22216 --- [qualite-service] [reshExecutor-%d] o.s.web.client.RestTemplate              : Reading to [org.springframework.cloud.netflix.eureka.http.EurekaApplications]
2026-04-28T13:55:54.263+01:00 DEBUG 22216 --- [qualite-service] [beatExecutor-%d] o.s.web.client.RestTemplate              : HTTP PUT http://localhost:8761/eureka/apps/QUALITE-SERVICE/LANGIR:qualite-service:8092?status=UP&lastDirtyTimestamp=1777378822412
2026-04-28T13:55:54.266+01:00 DEBUG 22216 --- [qualite-service] [beatExecutor-%d] o.s.web.client.RestTemplate              : Accept=[application/json, application/*+json]
2026-04-28T13:55:54.268+01:00 DEBUG 22216 --- [qualite-service] [reshExecutor-%d] o.s.web.client.RestTemplate              : HTTP GET http://localhost:8761/eureka/apps/delta
2026-04-28T13:55:54.268+01:00 DEBUG 22216 --- [qualite-service] [reshExecutor-%d] o.s.web.client.RestTemplate              : Accept=[application/json, application/*+json]
2026-04-28T13:55:54.268+01:00 DEBUG 22216 --- [qualite-service] [beatExecutor-%d] o.s.web.client.RestTemplate              : Response 200 OK
2026-04-28T13:55:54.271+01:00 DEBUG 22216 --- [qualite-service] [reshExecutor-%d] o.s.web.client.RestTemplate              : Response 200 OK
2026-04-28T13:55:54.271+01:00 DEBUG 22216 --- [qualite-service] [reshExecutor-%d] o.s.web.client.RestTemplate              : Reading to [org.springframework.cloud.netflix.eureka.http.EurekaApplications]
2026-04-28T13:56:24.271+01:00 DEBUG 22216 --- [qualite-service] [beatExecutor-%d] o.s.web.client.RestTemplate              : HTTP PUT http://localhost:8761/eureka/apps/QUALITE-SERVICE/LANGIR:qualite-service:8092?status=UP&lastDirtyTimestamp=1777378822412
2026-04-28T13:56:24.273+01:00 DEBUG 22216 --- [qualite-service] [reshExecutor-%d] o.s.web.client.RestTemplate              : HTTP GET http://localhost:8761/eureka/apps/delta
2026-04-28T13:56:24.274+01:00 DEBUG 22216 --- [qualite-service] [beatExecutor-%d] o.s.web.client.RestTemplate              : Accept=[application/json, application/*+json]
2026-04-28T13:56:24.274+01:00 DEBUG 22216 --- [qualite-service] [reshExecutor-%d] o.s.web.client.RestTemplate              : Accept=[application/json, application/*+json]
2026-04-28T13:56:24.276+01:00 DEBUG 22216 --- [qualite-service] [reshExecutor-%d] o.s.web.client.RestTemplate              : Response 200 OK
2026-04-28T13:56:24.276+01:00 DEBUG 22216 --- [qualite-service] [beatExecutor-%d] o.s.web.client.RestTemplate              : Response 200 OK
2026-04-28T13:56:24.277+01:00 DEBUG 22216 --- [qualite-service] [reshExecutor-%d] o.s.web.client.RestTemplate              : Reading to [org.springframework.cloud.netflix.eureka.http.EurekaApplications]
2026-04-28T13:56:54.279+01:00 DEBUG 22216 --- [qualite-service] [beatExecutor-%d] o.s.web.client.RestTemplate              : HTTP PUT http://localhost:8761/eureka/apps/QUALITE-SERVICE/LANGIR:qualite-service:8092?status=UP&lastDirtyTimestamp=1777378822412
2026-04-28T13:56:54.279+01:00 DEBUG 22216 --- [qualite-service] [reshExecutor-%d] o.s.web.client.RestTemplate              : HTTP GET http://localhost:8761/eureka/apps/delta
2026-04-28T13:56:54.282+01:00 DEBUG 22216 --- [qualite-service] [beatExecutor-%d] o.s.web.client.RestTemplate              : Accept=[application/json, application/*+json]
2026-04-28T13:56:54.282+01:00 DEBUG 22216 --- [qualite-service] [reshExecutor-%d] o.s.web.client.RestTemplate              : Accept=[application/json, application/*+json]
2026-04-28T13:56:54.284+01:00 DEBUG 22216 --- [qualite-service] [reshExecutor-%d] o.s.web.client.RestTemplate              : Response 200 OK
2026-04-28T13:56:54.286+01:00 DEBUG 22216 --- [qualite-service] [beatExecutor-%d] o.s.web.client.RestTemplate              : Response 200 OK
2026-04-28T13:56:54.286+01:00 DEBUG 22216 --- [qualite-service] [reshExecutor-%d] o.s.web.client.RestTemplate              : Reading to [org.springframework.cloud.netflix.eureka.http.EurekaApplications]
2026-04-28T13:57:24.294+01:00 DEBUG 22216 --- [qualite-service] [reshExecutor-%d] o.s.web.client.RestTemplate              : HTTP GET http://localhost:8761/eureka/apps/delta
2026-04-28T13:57:24.299+01:00 DEBUG 22216 --- [qualite-service] [reshExecutor-%d] o.s.web.client.RestTemplate              : Accept=[application/json, application/*+json]
2026-04-28T13:57:24.294+01:00 DEBUG 22216 --- [qualite-service] [beatExecutor-%d] o.s.web.client.RestTemplate              : HTTP PUT http://localhost:8761/eureka/apps/QUALITE-SERVICE/LANGIR:qualite-service:8092?status=UP&lastDirtyTimestamp=1777378822412
2026-04-28T13:57:24.302+01:00 DEBUG 22216 --- [qualite-service] [beatExecutor-%d] o.s.web.client.RestTemplate              : Accept=[application/json, application/*+json]
2026-04-28T13:57:24.320+01:00 DEBUG 22216 --- [qualite-service] [reshExecutor-%d] o.s.web.client.RestTemplate              : Response 200 OK
2026-04-28T13:57:24.321+01:00 DEBUG 22216 --- [qualite-service] [beatExecutor-%d] o.s.web.client.RestTemplate              : Response 200 OK
2026-04-28T13:57:24.333+01:00 DEBUG 22216 --- [qualite-service] [reshExecutor-%d] o.s.web.client.RestTemplate              : Reading to [org.springframework.cloud.netflix.eureka.http.EurekaApplications]
2026-04-28T13:57:54.341+01:00 DEBUG 22216 --- [qualite-service] [reshExecutor-%d] o.s.web.client.RestTemplate              : HTTP GET http://localhost:8761/eureka/apps/delta
2026-04-28T13:57:54.341+01:00 DEBUG 22216 --- [qualite-service] [beatExecutor-%d] o.s.web.client.RestTemplate              : HTTP PUT http://localhost:8761/eureka/apps/QUALITE-SERVICE/LANGIR:qualite-service:8092?status=UP&lastDirtyTimestamp=1777378822412
2026-04-28T13:57:54.345+01:00 DEBUG 22216 --- [qualite-service] [reshExecutor-%d] o.s.web.client.RestTemplate              : Accept=[application/json, application/*+json]
2026-04-28T13:57:54.346+01:00 DEBUG 22216 --- [qualite-service] [beatExecutor-%d] o.s.web.client.RestTemplate              : Accept=[application/json, application/*+json]
2026-04-28T13:57:54.350+01:00 DEBUG 22216 --- [qualite-service] [reshExecutor-%d] o.s.web.client.RestTemplate              : Response 200 OK
2026-04-28T13:57:54.350+01:00 DEBUG 22216 --- [qualite-service] [beatExecutor-%d] o.s.web.client.RestTemplate              : Response 200 OK
2026-04-28T13:57:54.350+01:00 DEBUG 22216 --- [qualite-service] [reshExecutor-%d] o.s.web.client.RestTemplate              : Reading to [org.springframework.cloud.netflix.eureka.http.EurekaApplications]
2026-04-28T13:58:24.352+01:00 DEBUG 22216 --- [qualite-service] [beatExecutor-%d] o.s.web.client.RestTemplate              : HTTP PUT http://localhost:8761/eureka/apps/QUALITE-SERVICE/LANGIR:qualite-service:8092?status=UP&lastDirtyTimestamp=1777378822412
2026-04-28T13:58:24.352+01:00 DEBUG 22216 --- [qualite-service] [reshExecutor-%d] o.s.web.client.RestTemplate              : HTTP GET http://localhost:8761/eureka/apps/delta
2026-04-28T13:58:24.357+01:00 DEBUG 22216 --- [qualite-service] [beatExecutor-%d] o.s.web.client.RestTemplate              : Accept=[application/json, application/*+json]
2026-04-28T13:58:24.358+01:00 DEBUG 22216 --- [qualite-service] [reshExecutor-%d] o.s.web.client.RestTemplate              : Accept=[application/json, application/*+json]
2026-04-28T13:58:24.365+01:00 DEBUG 22216 --- [qualite-service] [beatExecutor-%d] o.s.web.client.RestTemplate              : Response 200 OK
2026-04-28T13:58:24.366+01:00 DEBUG 22216 --- [qualite-service] [reshExecutor-%d] o.s.web.client.RestTemplate              : Response 200 OK
2026-04-28T13:58:24.367+01:00 DEBUG 22216 --- [qualite-service] [reshExecutor-%d] o.s.web.client.RestTemplate              : Reading to [org.springframework.cloud.netflix.eureka.http.EurekaApplications]
2026-04-28T13:58:54.368+01:00 DEBUG 22216 --- [qualite-service] [beatExecutor-%d] o.s.web.client.RestTemplate              : HTTP PUT http://localhost:8761/eureka/apps/QUALITE-SERVICE/LANGIR:qualite-service:8092?status=UP&lastDirtyTimestamp=1777378822412
2026-04-28T13:58:54.370+01:00 DEBUG 22216 --- [qualite-service] [reshExecutor-%d] o.s.web.client.RestTemplate              : HTTP GET http://localhost:8761/eureka/apps/delta
2026-04-28T13:58:54.371+01:00 DEBUG 22216 --- [qualite-service] [beatExecutor-%d] o.s.web.client.RestTemplate              : Accept=[application/json, application/*+json]
2026-04-28T13:58:54.372+01:00 DEBUG 22216 --- [qualite-service] [reshExecutor-%d] o.s.web.client.RestTemplate              : Accept=[application/json, application/*+json]
2026-04-28T13:58:54.377+01:00 DEBUG 22216 --- [qualite-service] [beatExecutor-%d] o.s.web.client.RestTemplate              : Response 200 OK
2026-04-28T13:58:54.377+01:00 DEBUG 22216 --- [qualite-service] [reshExecutor-%d] o.s.web.client.RestTemplate              : Response 200 OK
2026-04-28T13:58:54.378+01:00 DEBUG 22216 --- [qualite-service] [reshExecutor-%d] o.s.web.client.RestTemplate              : Reading to [org.springframework.cloud.netflix.eureka.http.EurekaApplications]
2026-04-28T13:59:24.379+01:00 DEBUG 22216 --- [qualite-service] [reshExecutor-%d] o.s.web.client.RestTemplate              : HTTP GET http://localhost:8761/eureka/apps/delta
2026-04-28T13:59:24.380+01:00 DEBUG 22216 --- [qualite-service] [beatExecutor-%d] o.s.web.client.RestTemplate              : HTTP PUT http://localhost:8761/eureka/apps/QUALITE-SERVICE/LANGIR:qualite-service:8092?status=UP&lastDirtyTimestamp=1777378822412
2026-04-28T13:59:24.384+01:00 DEBUG 22216 --- [qualite-service] [reshExecutor-%d] o.s.web.client.RestTemplate              : Accept=[application/json, application/*+json]
2026-04-28T13:59:24.385+01:00 DEBUG 22216 --- [qualite-service] [beatExecutor-%d] o.s.web.client.RestTemplate              : Accept=[application/json, application/*+json]
2026-04-28T13:59:24.390+01:00 DEBUG 22216 --- [qualite-service] [reshExecutor-%d] o.s.web.client.RestTemplate              : Response 200 OK
2026-04-28T13:59:24.391+01:00 DEBUG 22216 --- [qualite-service] [beatExecutor-%d] o.s.web.client.RestTemplate              : Response 200 OK
2026-04-28T13:59:24.391+01:00 DEBUG 22216 --- [qualite-service] [reshExecutor-%d] o.s.web.client.RestTemplate              : Reading to [org.springframework.cloud.netflix.eureka.http.EurekaApplications]
2026-04-28T13:59:54.394+01:00 DEBUG 22216 --- [qualite-service] [beatExecutor-%d] o.s.web.client.RestTemplate              : HTTP PUT http://localhost:8761/eureka/apps/QUALITE-SERVICE/LANGIR:qualite-service:8092?status=UP&lastDirtyTimestamp=1777378822412
2026-04-28T13:59:54.394+01:00 DEBUG 22216 --- [qualite-service] [reshExecutor-%d] o.s.web.client.RestTemplate              : HTTP GET http://localhost:8761/eureka/apps/delta
2026-04-28T13:59:54.399+01:00 DEBUG 22216 --- [qualite-service] [beatExecutor-%d] o.s.web.client.RestTemplate              : Accept=[application/json, application/*+json]
2026-04-28T13:59:54.400+01:00 DEBUG 22216 --- [qualite-service] [reshExecutor-%d] o.s.web.client.RestTemplate              : Accept=[application/json, application/*+json]
2026-04-28T13:59:54.410+01:00 DEBUG 22216 --- [qualite-service] [beatExecutor-%d] o.s.web.client.RestTemplate              : Response 200 OK
2026-04-28T13:59:54.410+01:00 DEBUG 22216 --- [qualite-service] [reshExecutor-%d] o.s.web.client.RestTemplate              : Response 200 OK
2026-04-28T13:59:54.412+01:00 DEBUG 22216 --- [qualite-service] [reshExecutor-%d] o.s.web.client.RestTemplate              : Reading to [org.springframework.cloud.netflix.eureka.http.EurekaApplications]
2026-04-28T14:00:22.305+01:00  INFO 22216 --- [qualite-service] [rap-executor-%d] c.n.d.s.r.aws.ConfigClusterResolver      : Resolving eureka endpoints via configuration
2026-04-28T14:00:24.416+01:00 DEBUG 22216 --- [qualite-service] [reshExecutor-%d] o.s.web.client.RestTemplate              : HTTP GET http://localhost:8761/eureka/apps/delta
2026-04-28T14:00:24.417+01:00 DEBUG 22216 --- [qualite-service] [beatExecutor-%d] o.s.web.client.RestTemplate              : HTTP PUT http://localhost:8761/eureka/apps/QUALITE-SERVICE/LANGIR:qualite-service:8092?status=UP&lastDirtyTimestamp=1777378822412
2026-04-28T14:00:24.420+01:00 DEBUG 22216 --- [qualite-service] [reshExecutor-%d] o.s.web.client.RestTemplate              : Accept=[application/json, application/*+json]
2026-04-28T14:00:24.423+01:00 DEBUG 22216 --- [qualite-service] [reshExecutor-%d] o.s.web.client.RestTemplate              : Response 200 OK
2026-04-28T14:00:24.423+01:00 DEBUG 22216 --- [qualite-service] [beatExecutor-%d] o.s.web.client.RestTemplate              : Accept=[application/json, application/*+json]
2026-04-28T14:00:24.423+01:00 DEBUG 22216 --- [qualite-service] [reshExecutor-%d] o.s.web.client.RestTemplate              : Reading to [org.springframework.cloud.netflix.eureka.http.EurekaApplications]
2026-04-28T14:00:24.425+01:00 DEBUG 22216 --- [qualite-service] [beatExecutor-%d] o.s.web.client.RestTemplate              : Response 200 OK
2026-04-28T14:00:54.425+01:00 DEBUG 22216 --- [qualite-service] [reshExecutor-%d] o.s.web.client.RestTemplate              : HTTP GET http://localhost:8761/eureka/apps/delta
2026-04-28T14:00:54.427+01:00 DEBUG 22216 --- [qualite-service] [beatExecutor-%d] o.s.web.client.RestTemplate              : HTTP PUT http://localhost:8761/eureka/apps/QUALITE-SERVICE/LANGIR:qualite-service:8092?status=UP&lastDirtyTimestamp=1777378822412
2026-04-28T14:00:54.429+01:00 DEBUG 22216 --- [qualite-service] [reshExecutor-%d] o.s.web.client.RestTemplate              : Accept=[application/json, application/*+json]
2026-04-28T14:00:54.429+01:00 DEBUG 22216 --- [qualite-service] [beatExecutor-%d] o.s.web.client.RestTemplate              : Accept=[application/json, application/*+json]
2026-04-28T14:00:54.431+01:00 DEBUG 22216 --- [qualite-service] [beatExecutor-%d] o.s.web.client.RestTemplate              : Response 200 OK
2026-04-28T14:00:54.431+01:00 DEBUG 22216 --- [qualite-service] [reshExecutor-%d] o.s.web.client.RestTemplate              : Response 200 OK
2026-04-28T14:00:54.432+01:00 DEBUG 22216 --- [qualite-service] [reshExecutor-%d] o.s.web.client.RestTemplate              : Reading to [org.springframework.cloud.netflix.eureka.http.EurekaApplications]
2026-04-28T14:01:24.432+01:00 DEBUG 22216 --- [qualite-service] [beatExecutor-%d] o.s.web.client.RestTemplate              : HTTP PUT http://localhost:8761/eureka/apps/QUALITE-SERVICE/LANGIR:qualite-service:8092?status=UP&lastDirtyTimestamp=1777378822412
2026-04-28T14:01:24.433+01:00 DEBUG 22216 --- [qualite-service] [reshExecutor-%d] o.s.web.client.RestTemplate              : HTTP GET http://localhost:8761/eureka/apps/delta
2026-04-28T14:01:24.435+01:00 DEBUG 22216 --- [qualite-service] [beatExecutor-%d] o.s.web.client.RestTemplate              : Accept=[application/json, application/*+json]
2026-04-28T14:01:24.435+01:00 DEBUG 22216 --- [qualite-service] [reshExecutor-%d] o.s.web.client.RestTemplate              : Accept=[application/json, application/*+json]
2026-04-28T14:01:24.536+01:00 DEBUG 22216 --- [qualite-service] [reshExecutor-%d] o.s.web.client.RestTemplate              : Response 200 OK
2026-04-28T14:01:24.537+01:00 DEBUG 22216 --- [qualite-service] [reshExecutor-%d] o.s.web.client.RestTemplate              : Reading to [org.springframework.cloud.netflix.eureka.http.EurekaApplications]
2026-04-28T14:01:24.537+01:00 DEBUG 22216 --- [qualite-service] [reshExecutor-%d] o.s.web.client.RestTemplate              : HTTP GET http://localhost:8761/eureka/apps/
2026-04-28T14:01:24.537+01:00 DEBUG 22216 --- [qualite-service] [reshExecutor-%d] o.s.web.client.RestTemplate              : Accept=[application/json, application/*+json]
2026-04-28T14:01:24.540+01:00 DEBUG 22216 --- [qualite-service] [reshExecutor-%d] o.s.web.client.RestTemplate              : Response 200 OK
2026-04-28T14:01:24.540+01:00 DEBUG 22216 --- [qualite-service] [reshExecutor-%d] o.s.web.client.RestTemplate              : Reading to [org.springframework.cloud.netflix.eureka.http.EurekaApplications]
2026-04-28T14:01:24.571+01:00 DEBUG 22216 --- [qualite-service] [beatExecutor-%d] o.s.web.client.RestTemplate              : Response 404 NOT_FOUND
2026-04-28T14:01:24.571+01:00  INFO 22216 --- [qualite-service] [beatExecutor-%d] com.netflix.discovery.DiscoveryClient    : DiscoveryClient_QUALITE-SERVICE/LANGIR:qualite-service:8092 - Re-registering apps/QUALITE-SERVICE
2026-04-28T14:01:24.572+01:00  INFO 22216 --- [qualite-service] [beatExecutor-%d] com.netflix.discovery.DiscoveryClient    : DiscoveryClient_QUALITE-SERVICE/LANGIR:qualite-service:8092: registering service...
2026-04-28T14:01:24.572+01:00 DEBUG 22216 --- [qualite-service] [beatExecutor-%d] o.s.web.client.RestTemplate              : HTTP POST http://localhost:8761/eureka/apps/QUALITE-SERVICE
2026-04-28T14:01:24.572+01:00 DEBUG 22216 --- [qualite-service] [beatExecutor-%d] o.s.web.client.RestTemplate              : Accept=[application/json, application/*+json]
2026-04-28T14:01:24.573+01:00 DEBUG 22216 --- [qualite-service] [beatExecutor-%d] o.s.web.client.RestTemplate              : Writing [InstanceInfo [instanceId = LANGIR:qualite-service:8092, appName = QUALITE-SERVICE, hostName = LANGIR, status = UP, ipAddr = 172.20.10.2, port = 8092, securePort = 443, dataCenterInfo = com.netflix.appinfo.MyDataCenterInfo@5beee011] as "application/json"
2026-04-28T14:01:24.619+01:00 DEBUG 22216 --- [qualite-service] [beatExecutor-%d] o.s.web.client.RestTemplate              : Response 204 NO_CONTENT
2026-04-28T14:01:24.619+01:00  INFO 22216 --- [qualite-service] [beatExecutor-%d] com.netflix.discovery.DiscoveryClient    : DiscoveryClient_QUALITE-SERVICE/LANGIR:qualite-service:8092 - registration status: 204
2026-04-28T14:01:54.540+01:00  INFO 22216 --- [qualite-service] [reshExecutor-%d] com.netflix.discovery.DiscoveryClient    : Disable delta property : false
2026-04-28T14:01:54.540+01:00  INFO 22216 --- [qualite-service] [reshExecutor-%d] com.netflix.discovery.DiscoveryClient    : Single vip registry refresh property : null
2026-04-28T14:01:54.541+01:00  INFO 22216 --- [qualite-service] [reshExecutor-%d] com.netflix.discovery.DiscoveryClient    : Force full registry fetch : false
2026-04-28T14:01:54.541+01:00  INFO 22216 --- [qualite-service] [reshExecutor-%d] com.netflix.discovery.DiscoveryClient    : Application is null : false
2026-04-28T14:01:54.541+01:00  INFO 22216 --- [qualite-service] [reshExecutor-%d] com.netflix.discovery.DiscoveryClient    : Registered Applications size is zero : true
2026-04-28T14:01:54.541+01:00  INFO 22216 --- [qualite-service] [reshExecutor-%d] com.netflix.discovery.DiscoveryClient    : Application version is -1: false
2026-04-28T14:01:54.541+01:00  INFO 22216 --- [qualite-service] [reshExecutor-%d] com.netflix.discovery.DiscoveryClient    : Getting all instance registry info from the eureka server
2026-04-28T14:01:54.541+01:00 DEBUG 22216 --- [qualite-service] [reshExecutor-%d] o.s.web.client.RestTemplate              : HTTP GET http://localhost:8761/eureka/apps/
2026-04-28T14:01:54.541+01:00 DEBUG 22216 --- [qualite-service] [reshExecutor-%d] o.s.web.client.RestTemplate              : Accept=[application/json, application/*+json]
2026-04-28T14:01:54.545+01:00 DEBUG 22216 --- [qualite-service] [reshExecutor-%d] o.s.web.client.RestTemplate              : Response 200 OK
2026-04-28T14:01:54.546+01:00 DEBUG 22216 --- [qualite-service] [reshExecutor-%d] o.s.web.client.RestTemplate              : Reading to [org.springframework.cloud.netflix.eureka.http.EurekaApplications]
2026-04-28T14:01:54.549+01:00  INFO 22216 --- [qualite-service] [reshExecutor-%d] com.netflix.discovery.DiscoveryClient    : The response status is 200
2026-04-28T14:01:54.621+01:00 DEBUG 22216 --- [qualite-service] [beatExecutor-%d] o.s.web.client.RestTemplate              : HTTP PUT http://localhost:8761/eureka/apps/QUALITE-SERVICE/LANGIR:qualite-service:8092?status=UP&lastDirtyTimestamp=1777381284572
2026-04-28T14:01:54.623+01:00 DEBUG 22216 --- [qualite-service] [beatExecutor-%d] o.s.web.client.RestTemplate              : Accept=[application/json, application/*+json]
2026-04-28T14:01:54.629+01:00 DEBUG 22216 --- [qualite-service] [beatExecutor-%d] o.s.web.client.RestTemplate              : Response 200 OK
2026-04-28T14:02:24.550+01:00 DEBUG 22216 --- [qualite-service] [reshExecutor-%d] o.s.web.client.RestTemplate              : HTTP GET http://localhost:8761/eureka/apps/delta
2026-04-28T14:02:24.555+01:00 DEBUG 22216 --- [qualite-service] [reshExecutor-%d] o.s.web.client.RestTemplate              : Accept=[application/json, application/*+json]
2026-04-28T14:02:24.564+01:00 DEBUG 22216 --- [qualite-service] [reshExecutor-%d] o.s.web.client.RestTemplate              : Response 200 OK
2026-04-28T14:02:24.565+01:00 DEBUG 22216 --- [qualite-service] [reshExecutor-%d] o.s.web.client.RestTemplate              : Reading to [org.springframework.cloud.netflix.eureka.http.EurekaApplications]
2026-04-28T14:02:24.629+01:00 DEBUG 22216 --- [qualite-service] [beatExecutor-%d] o.s.web.client.RestTemplate              : HTTP PUT http://localhost:8761/eureka/apps/QUALITE-SERVICE/LANGIR:qualite-service:8092?status=UP&lastDirtyTimestamp=1777381284572
2026-04-28T14:02:24.635+01:00 DEBUG 22216 --- [qualite-service] [beatExecutor-%d] o.s.web.client.RestTemplate              : Accept=[application/json, application/*+json]
2026-04-28T14:02:24.647+01:00 DEBUG 22216 --- [qualite-service] [beatExecutor-%d] o.s.web.client.RestTemplate              : Response 200 OK
2026-04-28T14:02:54.568+01:00 DEBUG 22216 --- [qualite-service] [reshExecutor-%d] o.s.web.client.RestTemplate              : HTTP GET http://localhost:8761/eureka/apps/delta
2026-04-28T14:02:54.571+01:00 DEBUG 22216 --- [qualite-service] [reshExecutor-%d] o.s.web.client.RestTemplate              : Accept=[application/json, application/*+json]
2026-04-28T14:02:54.577+01:00 DEBUG 22216 --- [qualite-service] [reshExecutor-%d] o.s.web.client.RestTemplate              : Response 200 OK
2026-04-28T14:02:54.578+01:00 DEBUG 22216 --- [qualite-service] [reshExecutor-%d] o.s.web.client.RestTemplate              : Reading to [org.springframework.cloud.netflix.eureka.http.EurekaApplications]
2026-04-28T14:02:54.648+01:00 DEBUG 22216 --- [qualite-service] [beatExecutor-%d] o.s.web.client.RestTemplate              : HTTP PUT http://localhost:8761/eureka/apps/QUALITE-SERVICE/LANGIR:qualite-service:8092?status=UP&lastDirtyTimestamp=1777381284572
2026-04-28T14:02:54.650+01:00 DEBUG 22216 --- [qualite-service] [beatExecutor-%d] o.s.web.client.RestTemplate              : Accept=[application/json, application/*+json]
2026-04-28T14:02:54.654+01:00 DEBUG 22216 --- [qualite-service] [beatExecutor-%d] o.s.web.client.RestTemplate              : Response 200 OK
2026-04-28T14:03:24.581+01:00 DEBUG 22216 --- [qualite-service] [reshExecutor-%d] o.s.web.client.RestTemplate              : HTTP GET http://localhost:8761/eureka/apps/delta
2026-04-28T14:03:24.584+01:00 DEBUG 22216 --- [qualite-service] [reshExecutor-%d] o.s.web.client.RestTemplate              : Accept=[application/json, application/*+json]
2026-04-28T14:03:24.588+01:00 DEBUG 22216 --- [qualite-service] [reshExecutor-%d] o.s.web.client.RestTemplate              : Response 200 OK
2026-04-28T14:03:24.588+01:00 DEBUG 22216 --- [qualite-service] [reshExecutor-%d] o.s.web.client.RestTemplate              : Reading to [org.springframework.cloud.netflix.eureka.http.EurekaApplications]
2026-04-28T14:03:24.665+01:00 DEBUG 22216 --- [qualite-service] [beatExecutor-%d] o.s.web.client.RestTemplate              : HTTP PUT http://localhost:8761/eureka/apps/QUALITE-SERVICE/LANGIR:qualite-service:8092?status=UP&lastDirtyTimestamp=1777381284572
2026-04-28T14:03:24.666+01:00 DEBUG 22216 --- [qualite-service] [beatExecutor-%d] o.s.web.client.RestTemplate              : Accept=[application/json, application/*+json]
2026-04-28T14:03:24.670+01:00 DEBUG 22216 --- [qualite-service] [beatExecutor-%d] o.s.web.client.RestTemplate              : Response 200 OK
2026-04-28T14:03:54.590+01:00 DEBUG 22216 --- [qualite-service] [reshExecutor-%d] o.s.web.client.RestTemplate              : HTTP GET http://localhost:8761/eureka/apps/delta
2026-04-28T14:03:54.594+01:00 DEBUG 22216 --- [qualite-service] [reshExecutor-%d] o.s.web.client.RestTemplate              : Accept=[application/json, application/*+json]
2026-04-28T14:03:54.599+01:00 DEBUG 22216 --- [qualite-service] [reshExecutor-%d] o.s.web.client.RestTemplate              : Response 200 OK
2026-04-28T14:03:54.599+01:00 DEBUG 22216 --- [qualite-service] [reshExecutor-%d] o.s.web.client.RestTemplate              : Reading to [org.springframework.cloud.netflix.eureka.http.EurekaApplications]
2026-04-28T14:03:54.672+01:00 DEBUG 22216 --- [qualite-service] [beatExecutor-%d] o.s.web.client.RestTemplate              : HTTP PUT http://localhost:8761/eureka/apps/QUALITE-SERVICE/LANGIR:qualite-service:8092?status=UP&lastDirtyTimestamp=1777381284572
2026-04-28T14:03:54.675+01:00 DEBUG 22216 --- [qualite-service] [beatExecutor-%d] o.s.web.client.RestTemplate              : Accept=[application/json, application/*+json]
2026-04-28T14:03:54.682+01:00 DEBUG 22216 --- [qualite-service] [beatExecutor-%d] o.s.web.client.RestTemplate              : Response 200 OK
2026-04-28T14:04:24.603+01:00 DEBUG 22216 --- [qualite-service] [reshExecutor-%d] o.s.web.client.RestTemplate              : HTTP GET http://localhost:8761/eureka/apps/delta
2026-04-28T14:04:24.608+01:00 DEBUG 22216 --- [qualite-service] [reshExecutor-%d] o.s.web.client.RestTemplate              : Accept=[application/json, application/*+json]
2026-04-28T14:04:24.618+01:00 DEBUG 22216 --- [qualite-service] [reshExecutor-%d] o.s.web.client.RestTemplate              : Response 200 OK
2026-04-28T14:04:24.619+01:00 DEBUG 22216 --- [qualite-service] [reshExecutor-%d] o.s.web.client.RestTemplate              : Reading to [org.springframework.cloud.netflix.eureka.http.EurekaApplications]
2026-04-28T14:04:24.686+01:00 DEBUG 22216 --- [qualite-service] [beatExecutor-%d] o.s.web.client.RestTemplate              : HTTP PUT http://localhost:8761/eureka/apps/QUALITE-SERVICE/LANGIR:qualite-service:8092?status=UP&lastDirtyTimestamp=1777381284572
2026-04-28T14:04:24.688+01:00 DEBUG 22216 --- [qualite-service] [beatExecutor-%d] o.s.web.client.RestTemplate              : Accept=[application/json, application/*+json]
2026-04-28T14:04:24.701+01:00 DEBUG 22216 --- [qualite-service] [beatExecutor-%d] o.s.web.client.RestTemplate              : Response 200 OK
2026-04-28T14:04:54.625+01:00 DEBUG 22216 --- [qualite-service] [reshExecutor-%d] o.s.web.client.RestTemplate              : HTTP GET http://localhost:8761/eureka/apps/delta
2026-04-28T14:04:54.630+01:00 DEBUG 22216 --- [qualite-service] [reshExecutor-%d] o.s.web.client.RestTemplate              : Accept=[application/json, application/*+json]
2026-04-28T14:04:54.645+01:00 DEBUG 22216 --- [qualite-service] [reshExecutor-%d] o.s.web.client.RestTemplate              : Response 200 OK
2026-04-28T14:04:54.646+01:00 DEBUG 22216 --- [qualite-service] [reshExecutor-%d] o.s.web.client.RestTemplate              : Reading to [org.springframework.cloud.netflix.eureka.http.EurekaApplications]
2026-04-28T14:04:54.705+01:00 DEBUG 22216 --- [qualite-service] [beatExecutor-%d] o.s.web.client.RestTemplate              : HTTP PUT http://localhost:8761/eureka/apps/QUALITE-SERVICE/LANGIR:qualite-service:8092?status=UP&lastDirtyTimestamp=1777381284572
2026-04-28T14:04:54.708+01:00 DEBUG 22216 --- [qualite-service] [beatExecutor-%d] o.s.web.client.RestTemplate              : Accept=[application/json, application/*+json]
2026-04-28T14:04:54.720+01:00 DEBUG 22216 --- [qualite-service] [beatExecutor-%d] o.s.web.client.RestTemplate              : Response 200 OK
2026-04-28T14:05:22.309+01:00  INFO 22216 --- [qualite-service] [rap-executor-%d] c.n.d.s.r.aws.ConfigClusterResolver      : Resolving eureka endpoints via configuration
2026-04-28T14:05:24.651+01:00 DEBUG 22216 --- [qualite-service] [reshExecutor-%d] o.s.web.client.RestTemplate              : HTTP GET http://localhost:8761/eureka/apps/delta
2026-04-28T14:05:24.657+01:00 DEBUG 22216 --- [qualite-service] [reshExecutor-%d] o.s.web.client.RestTemplate              : Accept=[application/json, application/*+json]
2026-04-28T14:05:24.662+01:00 DEBUG 22216 --- [qualite-service] [reshExecutor-%d] o.s.web.client.RestTemplate              : Response 200 OK
2026-04-28T14:05:24.663+01:00 DEBUG 22216 --- [qualite-service] [reshExecutor-%d] o.s.web.client.RestTemplate              : Reading to [org.springframework.cloud.netflix.eureka.http.EurekaApplications]
2026-04-28T14:05:24.723+01:00 DEBUG 22216 --- [qualite-service] [beatExecutor-%d] o.s.web.client.RestTemplate              : HTTP PUT http://localhost:8761/eureka/apps/QUALITE-SERVICE/LANGIR:qualite-service:8092?status=UP&lastDirtyTimestamp=1777381284572
2026-04-28T14:05:24.724+01:00 DEBUG 22216 --- [qualite-service] [beatExecutor-%d] o.s.web.client.RestTemplate              : Accept=[application/json, application/*+json]
2026-04-28T14:05:24.734+01:00 DEBUG 22216 --- [qualite-service] [beatExecutor-%d] o.s.web.client.RestTemplate              : Response 200 OK
2026-04-28T14:05:54.665+01:00 DEBUG 22216 --- [qualite-service] [reshExecutor-%d] o.s.web.client.RestTemplate              : HTTP GET http://localhost:8761/eureka/apps/delta
2026-04-28T14:05:54.670+01:00 DEBUG 22216 --- [qualite-service] [reshExecutor-%d] o.s.web.client.RestTemplate              : Accept=[application/json, application/*+json]
2026-04-28T14:05:54.677+01:00 DEBUG 22216 --- [qualite-service] [reshExecutor-%d] o.s.web.client.RestTemplate              : Response 200 OK
2026-04-28T14:05:54.678+01:00 DEBUG 22216 --- [qualite-service] [reshExecutor-%d] o.s.web.client.RestTemplate              : Reading to [org.springframework.cloud.netflix.eureka.http.EurekaApplications]
2026-04-28T14:05:54.737+01:00 DEBUG 22216 --- [qualite-service] [beatExecutor-%d] o.s.web.client.RestTemplate              : HTTP PUT http://localhost:8761/eureka/apps/QUALITE-SERVICE/LANGIR:qualite-service:8092?status=UP&lastDirtyTimestamp=1777381284572
2026-04-28T14:05:54.737+01:00 DEBUG 22216 --- [qualite-service] [beatExecutor-%d] o.s.web.client.RestTemplate              : Accept=[application/json, application/*+json]
2026-04-28T14:05:54.742+01:00 DEBUG 22216 --- [qualite-service] [beatExecutor-%d] o.s.web.client.RestTemplate              : Response 200 OK
2026-04-28T14:06:24.681+01:00 DEBUG 22216 --- [qualite-service] [reshExecutor-%d] o.s.web.client.RestTemplate              : HTTP GET http://localhost:8761/eureka/apps/delta
2026-04-28T14:06:24.683+01:00 DEBUG 22216 --- [qualite-service] [reshExecutor-%d] o.s.web.client.RestTemplate              : Accept=[application/json, application/*+json]
2026-04-28T14:06:24.690+01:00 DEBUG 22216 --- [qualite-service] [reshExecutor-%d] o.s.web.client.RestTemplate              : Response 200 OK
2026-04-28T14:06:24.691+01:00 DEBUG 22216 --- [qualite-service] [reshExecutor-%d] o.s.web.client.RestTemplate              : Reading to [org.springframework.cloud.netflix.eureka.http.EurekaApplications]
2026-04-28T14:06:24.745+01:00 DEBUG 22216 --- [qualite-service] [beatExecutor-%d] o.s.web.client.RestTemplate              : HTTP PUT http://localhost:8761/eureka/apps/QUALITE-SERVICE/LANGIR:qualite-service:8092?status=UP&lastDirtyTimestamp=1777381284572
2026-04-28T14:06:24.746+01:00 DEBUG 22216 --- [qualite-service] [beatExecutor-%d] o.s.web.client.RestTemplate              : Accept=[application/json, application/*+json]
2026-04-28T14:06:24.751+01:00 DEBUG 22216 --- [qualite-service] [beatExecutor-%d] o.s.web.client.RestTemplate              : Response 200 OK
2026-04-28T14:06:54.692+01:00 DEBUG 22216 --- [qualite-service] [reshExecutor-%d] o.s.web.client.RestTemplate              : HTTP GET http://localhost:8761/eureka/apps/delta
2026-04-28T14:06:54.695+01:00 DEBUG 22216 --- [qualite-service] [reshExecutor-%d] o.s.web.client.RestTemplate              : Accept=[application/json, application/*+json]
2026-04-28T14:06:54.703+01:00 DEBUG 22216 --- [qualite-service] [reshExecutor-%d] o.s.web.client.RestTemplate              : Response 200 OK
2026-04-28T14:06:54.704+01:00 DEBUG 22216 --- [qualite-service] [reshExecutor-%d] o.s.web.client.RestTemplate              : Reading to [org.springframework.cloud.netflix.eureka.http.EurekaApplications]
2026-04-28T14:06:54.753+01:00 DEBUG 22216 --- [qualite-service] [beatExecutor-%d] o.s.web.client.RestTemplate              : HTTP PUT http://localhost:8761/eureka/apps/QUALITE-SERVICE/LANGIR:qualite-service:8092?status=UP&lastDirtyTimestamp=1777381284572
2026-04-28T14:06:54.755+01:00 DEBUG 22216 --- [qualite-service] [beatExecutor-%d] o.s.web.client.RestTemplate              : Accept=[application/json, application/*+json]
2026-04-28T14:06:54.763+01:00 DEBUG 22216 --- [qualite-service] [beatExecutor-%d] o.s.web.client.RestTemplate              : Response 200 OK
2026-04-28T14:07:24.707+01:00 DEBUG 22216 --- [qualite-service] [reshExecutor-%d] o.s.web.client.RestTemplate              : HTTP GET http://localhost:8761/eureka/apps/delta
2026-04-28T14:07:24.711+01:00 DEBUG 22216 --- [qualite-service] [reshExecutor-%d] o.s.web.client.RestTemplate              : Accept=[application/json, application/*+json]
2026-04-28T14:07:24.720+01:00 DEBUG 22216 --- [qualite-service] [reshExecutor-%d] o.s.web.client.RestTemplate              : Response 200 OK
2026-04-28T14:07:24.721+01:00 DEBUG 22216 --- [qualite-service] [reshExecutor-%d] o.s.web.client.RestTemplate              : Reading to [org.springframework.cloud.netflix.eureka.http.EurekaApplications]
2026-04-28T14:07:24.766+01:00 DEBUG 22216 --- [qualite-service] [beatExecutor-%d] o.s.web.client.RestTemplate              : HTTP PUT http://localhost:8761/eureka/apps/QUALITE-SERVICE/LANGIR:qualite-service:8092?status=UP&lastDirtyTimestamp=1777381284572
2026-04-28T14:07:24.768+01:00 DEBUG 22216 --- [qualite-service] [beatExecutor-%d] o.s.web.client.RestTemplate              : Accept=[application/json, application/*+json]
2026-04-28T14:07:24.787+01:00 DEBUG 22216 --- [qualite-service] [beatExecutor-%d] o.s.web.client.RestTemplate              : Response 200 OK
2026-04-28T14:07:54.724+01:00 DEBUG 22216 --- [qualite-service] [reshExecutor-%d] o.s.web.client.RestTemplate              : HTTP GET http://localhost:8761/eureka/apps/delta
2026-04-28T14:07:54.727+01:00 DEBUG 22216 --- [qualite-service] [reshExecutor-%d] o.s.web.client.RestTemplate              : Accept=[application/json, application/*+json]
2026-04-28T14:07:54.733+01:00 DEBUG 22216 --- [qualite-service] [reshExecutor-%d] o.s.web.client.RestTemplate              : Response 200 OK
2026-04-28T14:07:54.733+01:00 DEBUG 22216 --- [qualite-service] [reshExecutor-%d] o.s.web.client.RestTemplate              : Reading to [org.springframework.cloud.netflix.eureka.http.EurekaApplications]
2026-04-28T14:07:54.790+01:00 DEBUG 22216 --- [qualite-service] [beatExecutor-%d] o.s.web.client.RestTemplate              : HTTP PUT http://localhost:8761/eureka/apps/QUALITE-SERVICE/LANGIR:qualite-service:8092?status=UP&lastDirtyTimestamp=1777381284572
2026-04-28T14:07:54.791+01:00 DEBUG 22216 --- [qualite-service] [beatExecutor-%d] o.s.web.client.RestTemplate              : Accept=[application/json, application/*+json]
2026-04-28T14:07:54.796+01:00 DEBUG 22216 --- [qualite-service] [beatExecutor-%d] o.s.web.client.RestTemplate              : Response 200 OK
2026-04-28T14:08:24.734+01:00 DEBUG 22216 --- [qualite-service] [reshExecutor-%d] o.s.web.client.RestTemplate              : HTTP GET http://localhost:8761/eureka/apps/delta
2026-04-28T14:08:24.734+01:00 DEBUG 22216 --- [qualite-service] [reshExecutor-%d] o.s.web.client.RestTemplate              : Accept=[application/json, application/*+json]
2026-04-28T14:08:24.740+01:00 DEBUG 22216 --- [qualite-service] [reshExecutor-%d] o.s.web.client.RestTemplate              : Response 200 OK
2026-04-28T14:08:24.740+01:00 DEBUG 22216 --- [qualite-service] [reshExecutor-%d] o.s.web.client.RestTemplate              : Reading to [org.springframework.cloud.netflix.eureka.http.EurekaApplications]
2026-04-28T14:08:24.798+01:00 DEBUG 22216 --- [qualite-service] [beatExecutor-%d] o.s.web.client.RestTemplate              : HTTP PUT http://localhost:8761/eureka/apps/QUALITE-SERVICE/LANGIR:qualite-service:8092?status=UP&lastDirtyTimestamp=1777381284572
2026-04-28T14:08:24.798+01:00 DEBUG 22216 --- [qualite-service] [beatExecutor-%d] o.s.web.client.RestTemplate              : Accept=[application/json, application/*+json]
2026-04-28T14:08:24.801+01:00 DEBUG 22216 --- [qualite-service] [beatExecutor-%d] o.s.web.client.RestTemplate              : Response 200 OK
2026-04-28T14:08:54.742+01:00 DEBUG 22216 --- [qualite-service] [reshExecutor-%d] o.s.web.client.RestTemplate              : HTTP GET http://localhost:8761/eureka/apps/delta
2026-04-28T14:08:54.742+01:00 DEBUG 22216 --- [qualite-service] [reshExecutor-%d] o.s.web.client.RestTemplate              : Accept=[application/json, application/*+json]
2026-04-28T14:08:54.758+01:00 DEBUG 22216 --- [qualite-service] [reshExecutor-%d] o.s.web.client.RestTemplate              : Response 200 OK
2026-04-28T14:08:54.758+01:00 DEBUG 22216 --- [qualite-service] [reshExecutor-%d] o.s.web.client.RestTemplate              : Reading to [org.springframework.cloud.netflix.eureka.http.EurekaApplications]
2026-04-28T14:08:54.805+01:00 DEBUG 22216 --- [qualite-service] [beatExecutor-%d] o.s.web.client.RestTemplate              : HTTP PUT http://localhost:8761/eureka/apps/QUALITE-SERVICE/LANGIR:qualite-service:8092?status=UP&lastDirtyTimestamp=1777381284572
2026-04-28T14:08:54.805+01:00 DEBUG 22216 --- [qualite-service] [beatExecutor-%d] o.s.web.client.RestTemplate              : Accept=[application/json, application/*+json]
2026-04-28T14:08:54.821+01:00 DEBUG 22216 --- [qualite-service] [beatExecutor-%d] o.s.web.client.RestTemplate              : Response 200 OK
2026-04-28T14:09:24.771+01:00 DEBUG 22216 --- [qualite-service] [reshExecutor-%d] o.s.web.client.RestTemplate              : HTTP GET http://localhost:8761/eureka/apps/delta
2026-04-28T14:09:24.777+01:00 DEBUG 22216 --- [qualite-service] [reshExecutor-%d] o.s.web.client.RestTemplate              : Accept=[application/json, application/*+json]
2026-04-28T14:09:24.786+01:00 DEBUG 22216 --- [qualite-service] [reshExecutor-%d] o.s.web.client.RestTemplate              : Response 200 OK
2026-04-28T14:09:24.788+01:00 DEBUG 22216 --- [qualite-service] [reshExecutor-%d] o.s.web.client.RestTemplate              : Reading to [org.springframework.cloud.netflix.eureka.http.EurekaApplications]
2026-04-28T14:09:24.838+01:00 DEBUG 22216 --- [qualite-service] [beatExecutor-%d] o.s.web.client.RestTemplate              : HTTP PUT http://localhost:8761/eureka/apps/QUALITE-SERVICE/LANGIR:qualite-service:8092?status=UP&lastDirtyTimestamp=1777381284572
2026-04-28T14:09:24.839+01:00 DEBUG 22216 --- [qualite-service] [beatExecutor-%d] o.s.web.client.RestTemplate              : Accept=[application/json, application/*+json]
2026-04-28T14:09:24.843+01:00 DEBUG 22216 --- [qualite-service] [beatExecutor-%d] o.s.web.client.RestTemplate              : Response 200 OK
2026-04-28T14:09:54.798+01:00 DEBUG 22216 --- [qualite-service] [reshExecutor-%d] o.s.web.client.RestTemplate              : HTTP GET http://localhost:8761/eureka/apps/delta
2026-04-28T14:09:54.798+01:00 DEBUG 22216 --- [qualite-service] [reshExecutor-%d] o.s.web.client.RestTemplate              : Accept=[application/json, application/*+json]
2026-04-28T14:09:54.805+01:00 DEBUG 22216 --- [qualite-service] [reshExecutor-%d] o.s.web.client.RestTemplate              : Response 200 OK
2026-04-28T14:09:54.805+01:00 DEBUG 22216 --- [qualite-service] [reshExecutor-%d] o.s.web.client.RestTemplate              : Reading to [org.springframework.cloud.netflix.eureka.http.EurekaApplications]
2026-04-28T14:09:54.847+01:00 DEBUG 22216 --- [qualite-service] [beatExecutor-%d] o.s.web.client.RestTemplate              : HTTP PUT http://localhost:8761/eureka/apps/QUALITE-SERVICE/LANGIR:qualite-service:8092?status=UP&lastDirtyTimestamp=1777381284572
2026-04-28T14:09:54.847+01:00 DEBUG 22216 --- [qualite-service] [beatExecutor-%d] o.s.web.client.RestTemplate              : Accept=[application/json, application/*+json]
2026-04-28T14:09:54.856+01:00 DEBUG 22216 --- [qualite-service] [beatExecutor-%d] o.s.web.client.RestTemplate              : Response 200 OK
2026-04-28T14:10:22.324+01:00  INFO 22216 --- [qualite-service] [rap-executor-%d] c.n.d.s.r.aws.ConfigClusterResolver      : Resolving eureka endpoints via configuration
2026-04-28T14:10:24.821+01:00 DEBUG 22216 --- [qualite-service] [reshExecutor-%d] o.s.web.client.RestTemplate              : HTTP GET http://localhost:8761/eureka/apps/delta
2026-04-28T14:10:24.821+01:00 DEBUG 22216 --- [qualite-service] [reshExecutor-%d] o.s.web.client.RestTemplate              : Accept=[application/json, application/*+json]
2026-04-28T14:10:24.836+01:00 DEBUG 22216 --- [qualite-service] [reshExecutor-%d] o.s.web.client.RestTemplate              : Response 200 OK
2026-04-28T14:10:24.836+01:00 DEBUG 22216 --- [qualite-service] [reshExecutor-%d] o.s.web.client.RestTemplate              : Reading to [org.springframework.cloud.netflix.eureka.http.EurekaApplications]
2026-04-28T14:10:24.868+01:00 DEBUG 22216 --- [qualite-service] [beatExecutor-%d] o.s.web.client.RestTemplate              : HTTP PUT http://localhost:8761/eureka/apps/QUALITE-SERVICE/LANGIR:qualite-service:8092?status=UP&lastDirtyTimestamp=1777381284572
2026-04-28T14:10:24.873+01:00 DEBUG 22216 --- [qualite-service] [beatExecutor-%d] o.s.web.client.RestTemplate              : Accept=[application/json, application/*+json]
2026-04-28T14:10:24.884+01:00 DEBUG 22216 --- [qualite-service] [beatExecutor-%d] o.s.web.client.RestTemplate              : Response 200 OK
2026-04-28T14:10:54.846+01:00 DEBUG 22216 --- [qualite-service] [reshExecutor-%d] o.s.web.client.RestTemplate              : HTTP GET http://localhost:8761/eureka/apps/delta
2026-04-28T14:10:54.849+01:00 DEBUG 22216 --- [qualite-service] [reshExecutor-%d] o.s.web.client.RestTemplate              : Accept=[application/json, application/*+json]
2026-04-28T14:10:54.852+01:00 DEBUG 22216 --- [qualite-service] [reshExecutor-%d] o.s.web.client.RestTemplate              : Response 200 OK
2026-04-28T14:10:54.852+01:00 DEBUG 22216 --- [qualite-service] [reshExecutor-%d] o.s.web.client.RestTemplate              : Reading to [org.springframework.cloud.netflix.eureka.http.EurekaApplications]
2026-04-28T14:10:54.893+01:00 DEBUG 22216 --- [qualite-service] [beatExecutor-%d] o.s.web.client.RestTemplate              : HTTP PUT http://localhost:8761/eureka/apps/QUALITE-SERVICE/LANGIR:qualite-service:8092?status=UP&lastDirtyTimestamp=1777381284572
2026-04-28T14:10:54.894+01:00 DEBUG 22216 --- [qualite-service] [beatExecutor-%d] o.s.web.client.RestTemplate              : Accept=[application/json, application/*+json]
2026-04-28T14:10:54.898+01:00 DEBUG 22216 --- [qualite-service] [beatExecutor-%d] o.s.web.client.RestTemplate              : Response 200 OK
2026-04-28T14:11:24.862+01:00 DEBUG 22216 --- [qualite-service] [reshExecutor-%d] o.s.web.client.RestTemplate              : HTTP GET http://localhost:8761/eureka/apps/delta
2026-04-28T14:11:24.862+01:00 DEBUG 22216 --- [qualite-service] [reshExecutor-%d] o.s.web.client.RestTemplate              : Accept=[application/json, application/*+json]
2026-04-28T14:11:24.879+01:00 DEBUG 22216 --- [qualite-service] [reshExecutor-%d] o.s.web.client.RestTemplate              : Response 200 OK
2026-04-28T14:11:24.880+01:00 DEBUG 22216 --- [qualite-service] [reshExecutor-%d] o.s.web.client.RestTemplate              : Reading to [org.springframework.cloud.netflix.eureka.http.EurekaApplications]
2026-04-28T14:11:24.923+01:00 DEBUG 22216 --- [qualite-service] [beatExecutor-%d] o.s.web.client.RestTemplate              : HTTP PUT http://localhost:8761/eureka/apps/QUALITE-SERVICE/LANGIR:qualite-service:8092?status=UP&lastDirtyTimestamp=1777381284572
2026-04-28T14:11:24.924+01:00 DEBUG 22216 --- [qualite-service] [beatExecutor-%d] o.s.web.client.RestTemplate              : Accept=[application/json, application/*+json]
2026-04-28T14:11:25.006+01:00 DEBUG 22216 --- [qualite-service] [beatExecutor-%d] o.s.web.client.RestTemplate              : Response 200 OK
2026-04-28T14:11:54.896+01:00 DEBUG 22216 --- [qualite-service] [reshExecutor-%d] o.s.web.client.RestTemplate              : HTTP GET http://localhost:8761/eureka/apps/delta
2026-04-28T14:11:54.903+01:00 DEBUG 22216 --- [qualite-service] [reshExecutor-%d] o.s.web.client.RestTemplate              : Accept=[application/json, application/*+json]
2026-04-28T14:11:54.935+01:00 DEBUG 22216 --- [qualite-service] [reshExecutor-%d] o.s.web.client.RestTemplate              : Response 200 OK
2026-04-28T14:11:54.937+01:00 DEBUG 22216 --- [qualite-service] [reshExecutor-%d] o.s.web.client.RestTemplate              : Reading to [org.springframework.cloud.netflix.eureka.http.EurekaApplications]
2026-04-28T14:11:55.018+01:00 DEBUG 22216 --- [qualite-service] [beatExecutor-%d] o.s.web.client.RestTemplate              : HTTP PUT http://localhost:8761/eureka/apps/QUALITE-SERVICE/LANGIR:qualite-service:8092?status=UP&lastDirtyTimestamp=1777381284572
2026-04-28T14:11:55.021+01:00 DEBUG 22216 --- [qualite-service] [beatExecutor-%d] o.s.web.client.RestTemplate              : Accept=[application/json, application/*+json]
2026-04-28T14:11:55.035+01:00 DEBUG 22216 --- [qualite-service] [beatExecutor-%d] o.s.web.client.RestTemplate              : Response 200 OK
2026-04-28T14:12:24.953+01:00 DEBUG 22216 --- [qualite-service] [reshExecutor-%d] o.s.web.client.RestTemplate              : HTTP GET http://localhost:8761/eureka/apps/delta
2026-04-28T14:12:24.954+01:00 DEBUG 22216 --- [qualite-service] [reshExecutor-%d] o.s.web.client.RestTemplate              : Accept=[application/json, application/*+json]
2026-04-28T14:12:24.968+01:00 DEBUG 22216 --- [qualite-service] [reshExecutor-%d] o.s.web.client.RestTemplate              : Response 200 OK
2026-04-28T14:12:24.970+01:00 DEBUG 22216 --- [qualite-service] [reshExecutor-%d] o.s.web.client.RestTemplate              : Reading to [org.springframework.cloud.netflix.eureka.http.EurekaApplications]
2026-04-28T14:12:25.041+01:00 DEBUG 22216 --- [qualite-service] [beatExecutor-%d] o.s.web.client.RestTemplate              : HTTP PUT http://localhost:8761/eureka/apps/QUALITE-SERVICE/LANGIR:qualite-service:8092?status=UP&lastDirtyTimestamp=1777381284572
2026-04-28T14:12:25.043+01:00 DEBUG 22216 --- [qualite-service] [beatExecutor-%d] o.s.web.client.RestTemplate              : Accept=[application/json, application/*+json]
2026-04-28T14:12:25.053+01:00 DEBUG 22216 --- [qualite-service] [beatExecutor-%d] o.s.web.client.RestTemplate              : Response 200 OK
2026-04-28T14:12:54.972+01:00 DEBUG 22216 --- [qualite-service] [reshExecutor-%d] o.s.web.client.RestTemplate              : HTTP GET http://localhost:8761/eureka/apps/delta
2026-04-28T14:12:54.976+01:00 DEBUG 22216 --- [qualite-service] [reshExecutor-%d] o.s.web.client.RestTemplate              : Accept=[application/json, application/*+json]
2026-04-28T14:12:54.989+01:00 DEBUG 22216 --- [qualite-service] [reshExecutor-%d] o.s.web.client.RestTemplate              : Response 200 OK
2026-04-28T14:12:54.989+01:00 DEBUG 22216 --- [qualite-service] [reshExecutor-%d] o.s.web.client.RestTemplate              : Reading to [org.springframework.cloud.netflix.eureka.http.EurekaApplications]
2026-04-28T14:12:55.056+01:00 DEBUG 22216 --- [qualite-service] [beatExecutor-%d] o.s.web.client.RestTemplate              : HTTP PUT http://localhost:8761/eureka/apps/QUALITE-SERVICE/LANGIR:qualite-service:8092?status=UP&lastDirtyTimestamp=1777381284572
2026-04-28T14:12:55.058+01:00 DEBUG 22216 --- [qualite-service] [beatExecutor-%d] o.s.web.client.RestTemplate              : Accept=[application/json, application/*+json]
2026-04-28T14:12:55.077+01:00 DEBUG 22216 --- [qualite-service] [beatExecutor-%d] o.s.web.client.RestTemplate              : Response 200 OK
2026-04-28T14:13:25.001+01:00 DEBUG 22216 --- [qualite-service] [reshExecutor-%d] o.s.web.client.RestTemplate              : HTTP GET http://localhost:8761/eureka/apps/delta
2026-04-28T14:13:25.005+01:00 DEBUG 22216 --- [qualite-service] [reshExecutor-%d] o.s.web.client.RestTemplate              : Accept=[application/json, application/*+json]
2026-04-28T14:13:25.022+01:00 DEBUG 22216 --- [qualite-service] [reshExecutor-%d] o.s.web.client.RestTemplate              : Response 200 OK
2026-04-28T14:13:25.022+01:00 DEBUG 22216 --- [qualite-service] [reshExecutor-%d] o.s.web.client.RestTemplate              : Reading to [org.springframework.cloud.netflix.eureka.http.EurekaApplications]
2026-04-28T14:13:25.082+01:00 DEBUG 22216 --- [qualite-service] [beatExecutor-%d] o.s.web.client.RestTemplate              : HTTP PUT http://localhost:8761/eureka/apps/QUALITE-SERVICE/LANGIR:qualite-service:8092?status=UP&lastDirtyTimestamp=1777381284572
2026-04-28T14:13:25.082+01:00 DEBUG 22216 --- [qualite-service] [beatExecutor-%d] o.s.web.client.RestTemplate              : Accept=[application/json, application/*+json]
2026-04-28T14:13:25.091+01:00 DEBUG 22216 --- [qualite-service] [beatExecutor-%d] o.s.web.client.RestTemplate              : Response 200 OK
2026-04-28T14:13:55.034+01:00 DEBUG 22216 --- [qualite-service] [reshExecutor-%d] o.s.web.client.RestTemplate              : HTTP GET http://localhost:8761/eureka/apps/delta
2026-04-28T14:13:55.034+01:00 DEBUG 22216 --- [qualite-service] [reshExecutor-%d] o.s.web.client.RestTemplate              : Accept=[application/json, application/*+json]
2026-04-28T14:13:55.043+01:00 DEBUG 22216 --- [qualite-service] [reshExecutor-%d] o.s.web.client.RestTemplate              : Response 200 OK
2026-04-28T14:13:55.044+01:00 DEBUG 22216 --- [qualite-service] [reshExecutor-%d] o.s.web.client.RestTemplate              : Reading to [org.springframework.cloud.netflix.eureka.http.EurekaApplications]
2026-04-28T14:13:55.092+01:00 DEBUG 22216 --- [qualite-service] [beatExecutor-%d] o.s.web.client.RestTemplate              : HTTP PUT http://localhost:8761/eureka/apps/QUALITE-SERVICE/LANGIR:qualite-service:8092?status=UP&lastDirtyTimestamp=1777381284572
2026-04-28T14:13:55.094+01:00 DEBUG 22216 --- [qualite-service] [beatExecutor-%d] o.s.web.client.RestTemplate              : Accept=[application/json, application/*+json]
2026-04-28T14:13:55.110+01:00 DEBUG 22216 --- [qualite-service] [beatExecutor-%d] o.s.web.client.RestTemplate              : Response 200 OK
2026-04-28T14:14:25.053+01:00 DEBUG 22216 --- [qualite-service] [reshExecutor-%d] o.s.web.client.RestTemplate              : HTTP GET http://localhost:8761/eureka/apps/delta
2026-04-28T14:14:25.057+01:00 DEBUG 22216 --- [qualite-service] [reshExecutor-%d] o.s.web.client.RestTemplate              : Accept=[application/json, application/*+json]
2026-04-28T14:14:25.068+01:00 DEBUG 22216 --- [qualite-service] [reshExecutor-%d] o.s.web.client.RestTemplate              : Response 200 OK
2026-04-28T14:14:25.068+01:00 DEBUG 22216 --- [qualite-service] [reshExecutor-%d] o.s.web.client.RestTemplate              : Reading to [org.springframework.cloud.netflix.eureka.http.EurekaApplications]
2026-04-28T14:14:25.123+01:00 DEBUG 22216 --- [qualite-service] [beatExecutor-%d] o.s.web.client.RestTemplate              : HTTP PUT http://localhost:8761/eureka/apps/QUALITE-SERVICE/LANGIR:qualite-service:8092?status=UP&lastDirtyTimestamp=1777381284572
2026-04-28T14:14:25.125+01:00 DEBUG 22216 --- [qualite-service] [beatExecutor-%d] o.s.web.client.RestTemplate              : Accept=[application/json, application/*+json]
2026-04-28T14:14:25.131+01:00 DEBUG 22216 --- [qualite-service] [beatExecutor-%d] o.s.web.client.RestTemplate              : Response 200 OK
2026-04-28T14:14:55.085+01:00 DEBUG 22216 --- [qualite-service] [reshExecutor-%d] o.s.web.client.RestTemplate              : HTTP GET http://localhost:8761/eureka/apps/delta
2026-04-28T14:14:55.089+01:00 DEBUG 22216 --- [qualite-service] [reshExecutor-%d] o.s.web.client.RestTemplate              : Accept=[application/json, application/*+json]
2026-04-28T14:14:55.093+01:00 DEBUG 22216 --- [qualite-service] [reshExecutor-%d] o.s.web.client.RestTemplate              : Response 200 OK
2026-04-28T14:14:55.093+01:00 DEBUG 22216 --- [qualite-service] [reshExecutor-%d] o.s.web.client.RestTemplate              : Reading to [org.springframework.cloud.netflix.eureka.http.EurekaApplications]
2026-04-28T14:14:55.143+01:00 DEBUG 22216 --- [qualite-service] [beatExecutor-%d] o.s.web.client.RestTemplate              : HTTP PUT http://localhost:8761/eureka/apps/QUALITE-SERVICE/LANGIR:qualite-service:8092?status=UP&lastDirtyTimestamp=1777381284572
2026-04-28T14:14:55.143+01:00 DEBUG 22216 --- [qualite-service] [beatExecutor-%d] o.s.web.client.RestTemplate              : Accept=[application/json, application/*+json]
2026-04-28T14:14:55.143+01:00 DEBUG 22216 --- [qualite-service] [beatExecutor-%d] o.s.web.client.RestTemplate              : Response 200 OK
2026-04-28T14:15:22.339+01:00  INFO 22216 --- [qualite-service] [rap-executor-%d] c.n.d.s.r.aws.ConfigClusterResolver      : Resolving eureka endpoints via configuration
2026-04-28T14:15:25.130+01:00 DEBUG 22216 --- [qualite-service] [reshExecutor-%d] o.s.web.client.RestTemplate              : HTTP GET http://localhost:8761/eureka/apps/delta
2026-04-28T14:15:25.134+01:00 DEBUG 22216 --- [qualite-service] [reshExecutor-%d] o.s.web.client.RestTemplate              : Accept=[application/json, application/*+json]
2026-04-28T14:15:25.143+01:00 DEBUG 22216 --- [qualite-service] [reshExecutor-%d] o.s.web.client.RestTemplate              : Response 200 OK
2026-04-28T14:15:25.144+01:00 DEBUG 22216 --- [qualite-service] [reshExecutor-%d] o.s.web.client.RestTemplate              : Reading to [org.springframework.cloud.netflix.eureka.http.EurekaApplications]
2026-04-28T14:15:25.156+01:00 DEBUG 22216 --- [qualite-service] [beatExecutor-%d] o.s.web.client.RestTemplate              : HTTP PUT http://localhost:8761/eureka/apps/QUALITE-SERVICE/LANGIR:qualite-service:8092?status=UP&lastDirtyTimestamp=1777381284572
2026-04-28T14:15:25.157+01:00 DEBUG 22216 --- [qualite-service] [beatExecutor-%d] o.s.web.client.RestTemplate              : Accept=[application/json, application/*+json]
2026-04-28T14:15:25.173+01:00 DEBUG 22216 --- [qualite-service] [beatExecutor-%d] o.s.web.client.RestTemplate              : Response 200 OK
2026-04-28T14:15:55.154+01:00 DEBUG 22216 --- [qualite-service] [reshExecutor-%d] o.s.web.client.RestTemplate              : HTTP GET http://localhost:8761/eureka/apps/delta
2026-04-28T14:15:55.155+01:00 DEBUG 22216 --- [qualite-service] [reshExecutor-%d] o.s.web.client.RestTemplate              : Accept=[application/json, application/*+json]
2026-04-28T14:15:55.172+01:00 DEBUG 22216 --- [qualite-service] [reshExecutor-%d] o.s.web.client.RestTemplate              : Response 200 OK
2026-04-28T14:15:55.173+01:00 DEBUG 22216 --- [qualite-service] [reshExecutor-%d] o.s.web.client.RestTemplate              : Reading to [org.springframework.cloud.netflix.eureka.http.EurekaApplications]
2026-04-28T14:15:55.176+01:00 DEBUG 22216 --- [qualite-service] [beatExecutor-%d] o.s.web.client.RestTemplate              : HTTP PUT http://localhost:8761/eureka/apps/QUALITE-SERVICE/LANGIR:qualite-service:8092?status=UP&lastDirtyTimestamp=1777381284572
2026-04-28T14:15:55.177+01:00 DEBUG 22216 --- [qualite-service] [beatExecutor-%d] o.s.web.client.RestTemplate              : Accept=[application/json, application/*+json]
2026-04-28T14:15:55.185+01:00 DEBUG 22216 --- [qualite-service] [beatExecutor-%d] o.s.web.client.RestTemplate              : Response 200 OK
2026-04-28T14:16:25.183+01:00 DEBUG 22216 --- [qualite-service] [reshExecutor-%d] o.s.web.client.RestTemplate              : HTTP GET http://localhost:8761/eureka/apps/delta
2026-04-28T14:16:25.183+01:00 DEBUG 22216 --- [qualite-service] [reshExecutor-%d] o.s.web.client.RestTemplate              : Accept=[application/json, application/*+json]
2026-04-28T14:16:25.198+01:00 DEBUG 22216 --- [qualite-service] [beatExecutor-%d] o.s.web.client.RestTemplate              : HTTP PUT http://localhost:8761/eureka/apps/QUALITE-SERVICE/LANGIR:qualite-service:8092?status=UP&lastDirtyTimestamp=1777381284572
2026-04-28T14:16:25.198+01:00 DEBUG 22216 --- [qualite-service] [beatExecutor-%d] o.s.web.client.RestTemplate              : Accept=[application/json, application/*+json]
2026-04-28T14:16:25.198+01:00 DEBUG 22216 --- [qualite-service] [reshExecutor-%d] o.s.web.client.RestTemplate              : Response 200 OK
2026-04-28T14:16:25.198+01:00 DEBUG 22216 --- [qualite-service] [reshExecutor-%d] o.s.web.client.RestTemplate              : Reading to [org.springframework.cloud.netflix.eureka.http.EurekaApplications]
2026-04-28T14:16:25.215+01:00 DEBUG 22216 --- [qualite-service] [beatExecutor-%d] o.s.web.client.RestTemplate              : Response 200 OK
2026-04-28T14:16:55.214+01:00 DEBUG 22216 --- [qualite-service] [reshExecutor-%d] o.s.web.client.RestTemplate              : HTTP GET http://localhost:8761/eureka/apps/delta
2026-04-28T14:16:55.214+01:00 DEBUG 22216 --- [qualite-service] [reshExecutor-%d] o.s.web.client.RestTemplate              : Accept=[application/json, application/*+json]
2026-04-28T14:16:55.231+01:00 DEBUG 22216 --- [qualite-service] [beatExecutor-%d] o.s.web.client.RestTemplate              : HTTP PUT http://localhost:8761/eureka/apps/QUALITE-SERVICE/LANGIR:qualite-service:8092?status=UP&lastDirtyTimestamp=1777381284572
2026-04-28T14:16:55.231+01:00 DEBUG 22216 --- [qualite-service] [beatExecutor-%d] o.s.web.client.RestTemplate              : Accept=[application/json, application/*+json]
2026-04-28T14:16:55.238+01:00 DEBUG 22216 --- [qualite-service] [reshExecutor-%d] o.s.web.client.RestTemplate              : Response 200 OK
2026-04-28T14:16:55.238+01:00 DEBUG 22216 --- [qualite-service] [reshExecutor-%d] o.s.web.client.RestTemplate              : Reading to [org.springframework.cloud.netflix.eureka.http.EurekaApplications]
2026-04-28T14:16:55.238+01:00 DEBUG 22216 --- [qualite-service] [beatExecutor-%d] o.s.web.client.RestTemplate              : Response 200 OK
2026-04-28T14:17:25.245+01:00 DEBUG 22216 --- [qualite-service] [beatExecutor-%d] o.s.web.client.RestTemplate              : HTTP PUT http://localhost:8761/eureka/apps/QUALITE-SERVICE/LANGIR:qualite-service:8092?status=UP&lastDirtyTimestamp=1777381284572
2026-04-28T14:17:25.245+01:00 DEBUG 22216 --- [qualite-service] [beatExecutor-%d] o.s.web.client.RestTemplate              : Accept=[application/json, application/*+json]
2026-04-28T14:17:25.245+01:00 DEBUG 22216 --- [qualite-service] [reshExecutor-%d] o.s.web.client.RestTemplate              : HTTP GET http://localhost:8761/eureka/apps/delta
2026-04-28T14:17:25.245+01:00 DEBUG 22216 --- [qualite-service] [reshExecutor-%d] o.s.web.client.RestTemplate              : Accept=[application/json, application/*+json]
2026-04-28T14:17:25.256+01:00 DEBUG 22216 --- [qualite-service] [reshExecutor-%d] o.s.web.client.RestTemplate              : Response 200 OK
2026-04-28T14:17:25.256+01:00 DEBUG 22216 --- [qualite-service] [beatExecutor-%d] o.s.web.client.RestTemplate              : Response 200 OK
2026-04-28T14:17:25.256+01:00 DEBUG 22216 --- [qualite-service] [reshExecutor-%d] o.s.web.client.RestTemplate              : Reading to [org.springframework.cloud.netflix.eureka.http.EurekaApplications]
2026-04-28T14:17:55.264+01:00 DEBUG 22216 --- [qualite-service] [reshExecutor-%d] o.s.web.client.RestTemplate              : HTTP GET http://localhost:8761/eureka/apps/delta
2026-04-28T14:17:55.266+01:00 DEBUG 22216 --- [qualite-service] [reshExecutor-%d] o.s.web.client.RestTemplate              : Accept=[application/json, application/*+json]
2026-04-28T14:17:55.264+01:00 DEBUG 22216 --- [qualite-service] [beatExecutor-%d] o.s.web.client.RestTemplate              : HTTP PUT http://localhost:8761/eureka/apps/QUALITE-SERVICE/LANGIR:qualite-service:8092?status=UP&lastDirtyTimestamp=1777381284572
2026-04-28T14:17:55.269+01:00 DEBUG 22216 --- [qualite-service] [beatExecutor-%d] o.s.web.client.RestTemplate              : Accept=[application/json, application/*+json]
2026-04-28T14:17:55.285+01:00 DEBUG 22216 --- [qualite-service] [reshExecutor-%d] o.s.web.client.RestTemplate              : Response 200 OK
2026-04-28T14:17:55.287+01:00 DEBUG 22216 --- [qualite-service] [reshExecutor-%d] o.s.web.client.RestTemplate              : Reading to [org.springframework.cloud.netflix.eureka.http.EurekaApplications]
2026-04-28T14:17:55.286+01:00 DEBUG 22216 --- [qualite-service] [beatExecutor-%d] o.s.web.client.RestTemplate              : Response 200 OK
2026-04-28T14:18:25.307+01:00 DEBUG 22216 --- [qualite-service] [beatExecutor-%d] o.s.web.client.RestTemplate              : HTTP PUT http://localhost:8761/eureka/apps/QUALITE-SERVICE/LANGIR:qualite-service:8092?status=UP&lastDirtyTimestamp=1777381284572
2026-04-28T14:18:25.309+01:00 DEBUG 22216 --- [qualite-service] [reshExecutor-%d] o.s.web.client.RestTemplate              : HTTP GET http://localhost:8761/eureka/apps/delta
2026-04-28T14:18:25.315+01:00 DEBUG 22216 --- [qualite-service] [reshExecutor-%d] o.s.web.client.RestTemplate              : Accept=[application/json, application/*+json]
2026-04-28T14:18:25.314+01:00 DEBUG 22216 --- [qualite-service] [beatExecutor-%d] o.s.web.client.RestTemplate              : Accept=[application/json, application/*+json]
2026-04-28T14:18:25.328+01:00 DEBUG 22216 --- [qualite-service] [reshExecutor-%d] o.s.web.client.RestTemplate              : Response 200 OK
2026-04-28T14:18:25.328+01:00 DEBUG 22216 --- [qualite-service] [beatExecutor-%d] o.s.web.client.RestTemplate              : Response 200 OK
2026-04-28T14:18:25.330+01:00 DEBUG 22216 --- [qualite-service] [reshExecutor-%d] o.s.web.client.RestTemplate              : Reading to [org.springframework.cloud.netflix.eureka.http.EurekaApplications]
2026-04-28T14:18:55.342+01:00 DEBUG 22216 --- [qualite-service] [reshExecutor-%d] o.s.web.client.RestTemplate              : HTTP GET http://localhost:8761/eureka/apps/delta
2026-04-28T14:18:55.342+01:00 DEBUG 22216 --- [qualite-service] [beatExecutor-%d] o.s.web.client.RestTemplate              : HTTP PUT http://localhost:8761/eureka/apps/QUALITE-SERVICE/LANGIR:qualite-service:8092?status=UP&lastDirtyTimestamp=1777381284572
2026-04-28T14:18:55.342+01:00 DEBUG 22216 --- [qualite-service] [reshExecutor-%d] o.s.web.client.RestTemplate              : Accept=[application/json, application/*+json]
2026-04-28T14:18:55.342+01:00 DEBUG 22216 --- [qualite-service] [beatExecutor-%d] o.s.web.client.RestTemplate              : Accept=[application/json, application/*+json]
2026-04-28T14:18:55.352+01:00 DEBUG 22216 --- [qualite-service] [beatExecutor-%d] o.s.web.client.RestTemplate              : Response 200 OK
2026-04-28T14:18:55.352+01:00 DEBUG 22216 --- [qualite-service] [reshExecutor-%d] o.s.web.client.RestTemplate              : Response 200 OK
2026-04-28T14:18:55.352+01:00 DEBUG 22216 --- [qualite-service] [reshExecutor-%d] o.s.web.client.RestTemplate              : Reading to [org.springframework.cloud.netflix.eureka.http.EurekaApplications]
2026-04-28T14:19:25.360+01:00 DEBUG 22216 --- [qualite-service] [beatExecutor-%d] o.s.web.client.RestTemplate              : HTTP PUT http://localhost:8761/eureka/apps/QUALITE-SERVICE/LANGIR:qualite-service:8092?status=UP&lastDirtyTimestamp=1777381284572
2026-04-28T14:19:25.360+01:00 DEBUG 22216 --- [qualite-service] [beatExecutor-%d] o.s.web.client.RestTemplate              : Accept=[application/json, application/*+json]
2026-04-28T14:19:25.360+01:00 DEBUG 22216 --- [qualite-service] [reshExecutor-%d] o.s.web.client.RestTemplate              : HTTP GET http://localhost:8761/eureka/apps/delta
2026-04-28T14:19:25.360+01:00 DEBUG 22216 --- [qualite-service] [reshExecutor-%d] o.s.web.client.RestTemplate              : Accept=[application/json, application/*+json]
2026-04-28T14:19:25.376+01:00 DEBUG 22216 --- [qualite-service] [beatExecutor-%d] o.s.web.client.RestTemplate              : Response 200 OK
2026-04-28T14:19:25.392+01:00 DEBUG 22216 --- [qualite-service] [reshExecutor-%d] o.s.web.client.RestTemplate              : Response 200 OK
2026-04-28T14:19:25.392+01:00 DEBUG 22216 --- [qualite-service] [reshExecutor-%d] o.s.web.client.RestTemplate              : Reading to [org.springframework.cloud.netflix.eureka.http.EurekaApplications]
2026-04-28T14:19:55.389+01:00 DEBUG 22216 --- [qualite-service] [beatExecutor-%d] o.s.web.client.RestTemplate              : HTTP PUT http://localhost:8761/eureka/apps/QUALITE-SERVICE/LANGIR:qualite-service:8092?status=UP&lastDirtyTimestamp=1777381284572
2026-04-28T14:19:55.389+01:00 DEBUG 22216 --- [qualite-service] [beatExecutor-%d] o.s.web.client.RestTemplate              : Accept=[application/json, application/*+json]
2026-04-28T14:19:55.407+01:00 DEBUG 22216 --- [qualite-service] [beatExecutor-%d] o.s.web.client.RestTemplate              : Response 200 OK
2026-04-28T14:19:55.435+01:00 DEBUG 22216 --- [qualite-service] [reshExecutor-%d] o.s.web.client.RestTemplate              : HTTP GET http://localhost:8761/eureka/apps/delta
2026-04-28T14:19:55.482+01:00 DEBUG 22216 --- [qualite-service] [reshExecutor-%d] o.s.web.client.RestTemplate              : Accept=[application/json, application/*+json]
2026-04-28T14:19:55.488+01:00 DEBUG 22216 --- [qualite-service] [reshExecutor-%d] o.s.web.client.RestTemplate              : Response 200 OK
2026-04-28T14:19:55.498+01:00 DEBUG 22216 --- [qualite-service] [reshExecutor-%d] o.s.web.client.RestTemplate              : Reading to [org.springframework.cloud.netflix.eureka.http.EurekaApplications]
2026-04-28T14:20:22.357+01:00  INFO 22216 --- [qualite-service] [rap-executor-%d] c.n.d.s.r.aws.ConfigClusterResolver      : Resolving eureka endpoints via configuration
2026-04-28T14:20:25.421+01:00 DEBUG 22216 --- [qualite-service] [beatExecutor-%d] o.s.web.client.RestTemplate              : HTTP PUT http://localhost:8761/eureka/apps/QUALITE-SERVICE/LANGIR:qualite-service:8092?status=UP&lastDirtyTimestamp=1777381284572
2026-04-28T14:20:25.423+01:00 DEBUG 22216 --- [qualite-service] [beatExecutor-%d] o.s.web.client.RestTemplate              : Accept=[application/json, application/*+json]
2026-04-28T14:20:25.431+01:00 DEBUG 22216 --- [qualite-service] [beatExecutor-%d] o.s.web.client.RestTemplate              : Response 200 OK
2026-04-28T14:20:25.512+01:00 DEBUG 22216 --- [qualite-service] [reshExecutor-%d] o.s.web.client.RestTemplate              : HTTP GET http://localhost:8761/eureka/apps/delta
2026-04-28T14:20:25.512+01:00 DEBUG 22216 --- [qualite-service] [reshExecutor-%d] o.s.web.client.RestTemplate              : Accept=[application/json, application/*+json]
2026-04-28T14:20:25.528+01:00 DEBUG 22216 --- [qualite-service] [reshExecutor-%d] o.s.web.client.RestTemplate              : Response 200 OK
2026-04-28T14:20:25.528+01:00 DEBUG 22216 --- [qualite-service] [reshExecutor-%d] o.s.web.client.RestTemplate              : Reading to [org.springframework.cloud.netflix.eureka.http.EurekaApplications]
2026-04-28T14:20:55.437+01:00 DEBUG 22216 --- [qualite-service] [beatExecutor-%d] o.s.web.client.RestTemplate              : HTTP PUT http://localhost:8761/eureka/apps/QUALITE-SERVICE/LANGIR:qualite-service:8092?status=UP&lastDirtyTimestamp=1777381284572
2026-04-28T14:20:55.437+01:00 DEBUG 22216 --- [qualite-service] [beatExecutor-%d] o.s.web.client.RestTemplate              : Accept=[application/json, application/*+json]
2026-04-28T14:20:55.458+01:00 DEBUG 22216 --- [qualite-service] [beatExecutor-%d] o.s.web.client.RestTemplate              : Response 200 OK
2026-04-28T14:20:55.534+01:00 DEBUG 22216 --- [qualite-service] [reshExecutor-%d] o.s.web.client.RestTemplate              : HTTP GET http://localhost:8761/eureka/apps/delta
2026-04-28T14:20:55.534+01:00 DEBUG 22216 --- [qualite-service] [reshExecutor-%d] o.s.web.client.RestTemplate              : Accept=[application/json, application/*+json]
2026-04-28T14:20:55.549+01:00 DEBUG 22216 --- [qualite-service] [reshExecutor-%d] o.s.web.client.RestTemplate              : Response 200 OK
2026-04-28T14:20:55.549+01:00 DEBUG 22216 --- [qualite-service] [reshExecutor-%d] o.s.web.client.RestTemplate              : Reading to [org.springframework.cloud.netflix.eureka.http.EurekaApplications]
2026-04-28T14:21:25.473+01:00 DEBUG 22216 --- [qualite-service] [beatExecutor-%d] o.s.web.client.RestTemplate              : HTTP PUT http://localhost:8761/eureka/apps/QUALITE-SERVICE/LANGIR:qualite-service:8092?status=UP&lastDirtyTimestamp=1777381284572
2026-04-28T14:21:25.473+01:00 DEBUG 22216 --- [qualite-service] [beatExecutor-%d] o.s.web.client.RestTemplate              : Accept=[application/json, application/*+json]
2026-04-28T14:21:25.489+01:00 DEBUG 22216 --- [qualite-service] [beatExecutor-%d] o.s.web.client.RestTemplate              : Response 200 OK
2026-04-28T14:21:25.569+01:00 DEBUG 22216 --- [qualite-service] [reshExecutor-%d] o.s.web.client.RestTemplate              : HTTP GET http://localhost:8761/eureka/apps/delta
2026-04-28T14:21:25.569+01:00 DEBUG 22216 --- [qualite-service] [reshExecutor-%d] o.s.web.client.RestTemplate              : Accept=[application/json, application/*+json]
2026-04-28T14:21:25.585+01:00 DEBUG 22216 --- [qualite-service] [reshExecutor-%d] o.s.web.client.RestTemplate              : Response 200 OK
2026-04-28T14:21:25.585+01:00 DEBUG 22216 --- [qualite-service] [reshExecutor-%d] o.s.web.client.RestTemplate              : Reading to [org.springframework.cloud.netflix.eureka.http.EurekaApplications]
2026-04-28T14:21:55.509+01:00 DEBUG 22216 --- [qualite-service] [beatExecutor-%d] o.s.web.client.RestTemplate              : HTTP PUT http://localhost:8761/eureka/apps/QUALITE-SERVICE/LANGIR:qualite-service:8092?status=UP&lastDirtyTimestamp=1777381284572
2026-04-28T14:21:55.516+01:00 DEBUG 22216 --- [qualite-service] [beatExecutor-%d] o.s.web.client.RestTemplate              : Accept=[application/json, application/*+json]
2026-04-28T14:21:55.523+01:00 DEBUG 22216 --- [qualite-service] [beatExecutor-%d] o.s.web.client.RestTemplate              : Response 200 OK
2026-04-28T14:21:55.591+01:00 DEBUG 22216 --- [qualite-service] [reshExecutor-%d] o.s.web.client.RestTemplate              : HTTP GET http://localhost:8761/eureka/apps/delta
2026-04-28T14:21:55.593+01:00 DEBUG 22216 --- [qualite-service] [reshExecutor-%d] o.s.web.client.RestTemplate              : Accept=[application/json, application/*+json]
2026-04-28T14:21:55.600+01:00 DEBUG 22216 --- [qualite-service] [reshExecutor-%d] o.s.web.client.RestTemplate              : Response 200 OK
2026-04-28T14:21:55.603+01:00 DEBUG 22216 --- [qualite-service] [reshExecutor-%d] o.s.web.client.RestTemplate              : Reading to [org.springframework.cloud.netflix.eureka.http.EurekaApplications]
2026-04-28T14:22:25.526+01:00 DEBUG 22216 --- [qualite-service] [beatExecutor-%d] o.s.web.client.RestTemplate              : HTTP PUT http://localhost:8761/eureka/apps/QUALITE-SERVICE/LANGIR:qualite-service:8092?status=UP&lastDirtyTimestamp=1777381284572
2026-04-28T14:22:25.530+01:00 DEBUG 22216 --- [qualite-service] [beatExecutor-%d] o.s.web.client.RestTemplate              : Accept=[application/json, application/*+json]
2026-04-28T14:22:25.534+01:00 DEBUG 22216 --- [qualite-service] [beatExecutor-%d] o.s.web.client.RestTemplate              : Response 200 OK
2026-04-28T14:22:25.607+01:00 DEBUG 22216 --- [qualite-service] [reshExecutor-%d] o.s.web.client.RestTemplate              : HTTP GET http://localhost:8761/eureka/apps/delta
2026-04-28T14:22:25.607+01:00 DEBUG 22216 --- [qualite-service] [reshExecutor-%d] o.s.web.client.RestTemplate              : Accept=[application/json, application/*+json]
2026-04-28T14:22:25.613+01:00 DEBUG 22216 --- [qualite-service] [reshExecutor-%d] o.s.web.client.RestTemplate              : Response 200 OK
2026-04-28T14:22:25.614+01:00 DEBUG 22216 --- [qualite-service] [reshExecutor-%d] o.s.web.client.RestTemplate              : Reading to [org.springframework.cloud.netflix.eureka.http.EurekaApplications]
2026-04-28T14:22:55.536+01:00 DEBUG 22216 --- [qualite-service] [beatExecutor-%d] o.s.web.client.RestTemplate              : HTTP PUT http://localhost:8761/eureka/apps/QUALITE-SERVICE/LANGIR:qualite-service:8092?status=UP&lastDirtyTimestamp=1777381284572
2026-04-28T14:22:55.541+01:00 DEBUG 22216 --- [qualite-service] [beatExecutor-%d] o.s.web.client.RestTemplate              : Accept=[application/json, application/*+json]
2026-04-28T14:22:55.545+01:00 DEBUG 22216 --- [qualite-service] [beatExecutor-%d] o.s.web.client.RestTemplate              : Response 200 OK
2026-04-28T14:22:55.619+01:00 DEBUG 22216 --- [qualite-service] [reshExecutor-%d] o.s.web.client.RestTemplate              : HTTP GET http://localhost:8761/eureka/apps/delta
2026-04-28T14:22:55.621+01:00 DEBUG 22216 --- [qualite-service] [reshExecutor-%d] o.s.web.client.RestTemplate              : Accept=[application/json, application/*+json]
2026-04-28T14:22:55.628+01:00 DEBUG 22216 --- [qualite-service] [reshExecutor-%d] o.s.web.client.RestTemplate              : Response 200 OK
2026-04-28T14:22:55.629+01:00 DEBUG 22216 --- [qualite-service] [reshExecutor-%d] o.s.web.client.RestTemplate              : Reading to [org.springframework.cloud.netflix.eureka.http.EurekaApplications]
2026-04-28T14:23:09.358+01:00  INFO 22216 --- [qualite-service] [   File Watcher] rtingClassPathChangeChangedEventListener : Restarting due to 169 class path changes (0 additions, 168 deletions, 1 modification)
2026-04-28T14:23:09.361+01:00 DEBUG 22216 --- [qualite-service] [   File Watcher] rtingClassPathChangeChangedEventListener : Change set: [C:\Users\MSI\Downloads\integration\integration\backend\qualite-service\target\classes [C:\Users\MSI\Downloads\integration\integration\backend\qualite-service\target\classes\application.properties (MODIFY), C:\Users\MSI\Downloads\integration\integration\backend\qualite-service\target\classes\tn\scalers\qualitymanagementservice\client\ProjectClient$ProjectResponse.class (DELETE), C:\Users\MSI\Downloads\integration\integration\backend\qualite-service\target\classes\tn\scalers\qualitymanagementservice\client\ProjectClient.class (DELETE), C:\Users\MSI\Downloads\integration\integration\backend\qualite-service\target\classes\tn\scalers\qualitymanagementservice\client\UserClient$UserResponse.class (DELETE), C:\Users\MSI\Downloads\integration\integration\backend\qualite-service\target\classes\tn\scalers\qualitymanagementservice\client\UserClient.class (DELETE), C:\Users\MSI\Downloads\integration\integration\backend\qualite-service\target\classes\tn\scalers\qualitymanagementservice\config\ApplicationConfig.class (DELETE), C:\Users\MSI\Downloads\integration\integration\backend\qualite-service\target\classes\tn\scalers\qualitymanagementservice\config\CorsConfig$1.class (DELETE), C:\Users\MSI\Downloads\integration\integration\backend\qualite-service\target\classes\tn\scalers\qualitymanagementservice\config\CorsConfig.class (DELETE), C:\Users\MSI\Downloads\integration\integration\backend\qualite-service\target\classes\tn\scalers\qualitymanagementservice\config\GroqProperties.class (DELETE), C:\Users\MSI\Downloads\integration\integration\backend\qualite-service\target\classes\tn\scalers\qualitymanagementservice\config\QualityModuleDataInitializer.class (DELETE), C:\Users\MSI\Downloads\integration\integration\backend\qualite-service\target\classes\tn\scalers\qualitymanagementservice\config\SecurityConfig.class (DELETE), C:\Users\MSI\Downloads\integration\integration\backend\qualite-service\target\classes\tn\scalers\qualitymanagementservice\controller\AiController.class (DELETE), C:\Users\MSI\Downloads\integration\integration\backend\qualite-service\target\classes\tn\scalers\qualitymanagementservice\controller\AuditChecklistItemController.class (DELETE), C:\Users\MSI\Downloads\integration\integration\backend\qualite-service\target\classes\tn\scalers\qualitymanagementservice\controller\CorrectiveActionController.class (DELETE), C:\Users\MSI\Downloads\integration\integration\backend\qualite-service\target\classes\tn\scalers\qualitymanagementservice\controller\DashboardController.class (DELETE), C:\Users\MSI\Downloads\integration\integration\backend\qualite-service\target\classes\tn\scalers\qualitymanagementservice\controller\EvidenceScannerController.class (DELETE), C:\Users\MSI\Downloads\integration\integration\backend\qualite-service\target\classes\tn\scalers\qualitymanagementservice\controller\FaceVerificationController.class (DELETE), C:\Users\MSI\Downloads\integration\integration\backend\qualite-service\target\classes\tn\scalers\qualitymanagementservice\controller\InspectionRecordController.class (DELETE), C:\Users\MSI\Downloads\integration\integration\backend\qualite-service\target\classes\tn\scalers\qualitymanagementservice\controller\MlPredictionController.class (DELETE), C:\Users\MSI\Downloads\integration\integration\backend\qualite-service\target\classes\tn\scalers\qualitymanagementservice\controller\NonConformityController.class (DELETE), C:\Users\MSI\Downloads\integration\integration\backend\qualite-service\target\classes\tn\scalers\qualitymanagementservice\controller\QualityAuditController.class (DELETE), C:\Users\MSI\Downloads\integration\integration\backend\qualite-service\target\classes\tn\scalers\qualitymanagementservice\controller\QualityDashboardController.class (DELETE), C:\Users\MSI\Downloads\integration\integration\backend\qualite-service\target\classes\tn\scalers\qualitymanagementservice\controller\QualityEvidenceController.class (DELETE), C:\Users\MSI\Downloads\integration\integration\backend\qualite-service\target\classes\tn\scalers\qualitymanagementservice\controller\QualityReportController.class (DELETE), C:\Users\MSI\Downloads\integration\integration\backend\qualite-service\target\classes\tn\scalers\qualitymanagementservice\controller\QualitySmartRecommendationController.class (DELETE), C:\Users\MSI\Downloads\integration\integration\backend\qualite-service\target\classes\tn\scalers\qualitymanagementservice\controller\QualityStandardController.class (DELETE), C:\Users\MSI\Downloads\integration\integration\backend\qualite-service\target\classes\tn\scalers\qualitymanagementservice\controller\StandardCriterionController.class (DELETE), C:\Users\MSI\Downloads\integration\integration\backend\qualite-service\target\classes\tn\scalers\qualitymanagementservice\dto\AiNonConformitySuggestionRequest$AiNonConformitySuggestionRequestBuilder.class (DELETE), C:\Users\MSI\Downloads\integration\integration\backend\qualite-service\target\classes\tn\scalers\qualitymanagementservice\dto\AiNonConformitySuggestionRequest.class (DELETE), C:\Users\MSI\Downloads\integration\integration\backend\qualite-service\target\classes\tn\scalers\qualitymanagementservice\dto\AiNonConformitySuggestionResponse$AiNonConformitySuggestionResponseBuilder.class (DELETE), C:\Users\MSI\Downloads\integration\integration\backend\qualite-service\target\classes\tn\scalers\qualitymanagementservice\dto\AiNonConformitySuggestionResponse.class (DELETE), C:\Users\MSI\Downloads\integration\integration\backend\qualite-service\target\classes\tn\scalers\qualitymanagementservice\dto\AuditHeatmapDTO$AuditHeatmapDTOBuilder.class (DELETE), C:\Users\MSI\Downloads\integration\integration\backend\qualite-service\target\classes\tn\scalers\qualitymanagementservice\dto\AuditHeatmapDTO.class (DELETE), C:\Users\MSI\Downloads\integration\integration\backend\qualite-service\target\classes\tn\scalers\qualitymanagementservice\dto\AuditIdentityVerificationDTO$AuditIdentityVerificationDTOBuilder.class (DELETE), C:\Users\MSI\Downloads\integration\integration\backend\qualite-service\target\classes\tn\scalers\qualitymanagementservice\dto\AuditIdentityVerificationDTO.class (DELETE), C:\Users\MSI\Downloads\integration\integration\backend\qualite-service\target\classes\tn\scalers\qualitymanagementservice\dto\CorrectiveActionRequest$CorrectiveActionRequestBuilder.class (DELETE), C:\Users\MSI\Downloads\integration\integration\backend\qualite-service\target\classes\tn\scalers\qualitymanagementservice\dto\CorrectiveActionRequest.class (DELETE), C:\Users\MSI\Downloads\integration\integration\backend\qualite-service\target\classes\tn\scalers\qualitymanagementservice\dto\CreateCorrectiveActionFromEvidenceRequest$CreateCorrectiveActionFromEvidenceRequestBuilder.class (DELETE), C:\Users\MSI\Downloads\integration\integration\backend\qualite-service\target\classes\tn\scalers\qualitymanagementservice\dto\CreateCorrectiveActionFromEvidenceRequest.class (DELETE), C:\Users\MSI\Downloads\integration\integration\backend\qualite-service\target\classes\tn\scalers\qualitymanagementservice\dto\CreateCorrectiveActionFromRecommendationRequest$CreateCorrectiveActionFromRecommendationRequestBuilder.class (DELETE), C:\Users\MSI\Downloads\integration\integration\backend\qualite-service\target\classes\tn\scalers\qualitymanagementservice\dto\CreateCorrectiveActionFromRecommendationRequest.class (DELETE), C:\Users\MSI\Downloads\integration\integration\backend\qualite-service\target\classes\tn\scalers\qualitymanagementservice\dto\CreateNonConformityFromEvidenceRequest$CreateNonConformityFromEvidenceRequestBuilder.class (DELETE), C:\Users\MSI\Downloads\integration\integration\backend\qualite-service\target\classes\tn\scalers\qualitymanagementservice\dto\CreateNonConformityFromEvidenceRequest.class (DELETE), C:\Users\MSI\Downloads\integration\integration\backend\qualite-service\target\classes\tn\scalers\qualitymanagementservice\dto\DashboardMetricsDTO.class (DELETE), C:\Users\MSI\Downloads\integration\integration\backend\qualite-service\target\classes\tn\scalers\qualitymanagementservice\dto\EvidenceScanResponseDTO$EvidenceScanResponseDTOBuilder.class (DELETE), C:\Users\MSI\Downloads\integration\integration\backend\qualite-service\target\classes\tn\scalers\qualitymanagementservice\dto\EvidenceScanResponseDTO.class (DELETE), C:\Users\MSI\Downloads\integration\integration\backend\qualite-service\target\classes\tn\scalers\qualitymanagementservice\dto\FaceProfileResponseDTO$FaceProfileResponseDTOBuilder.class (DELETE), C:\Users\MSI\Downloads\integration\integration\backend\qualite-service\target\classes\tn\scalers\qualitymanagementservice\dto\FaceProfileResponseDTO.class (DELETE), C:\Users\MSI\Downloads\integration\integration\backend\qualite-service\target\classes\tn\scalers\qualitymanagementservice\dto\HistoricalActionRecommendationDTO$HistoricalActionRecommendationDTOBuilder.class (DELETE), C:\Users\MSI\Downloads\integration\integration\backend\qualite-service\target\classes\tn\scalers\qualitymanagementservice\dto\HistoricalActionRecommendationDTO.class (DELETE), C:\Users\MSI\Downloads\integration\integration\backend\qualite-service\target\classes\tn\scalers\qualitymanagementservice\dto\InspectionExecutionResponse$InspectionExecutionResponseBuilder.class (DELETE), C:\Users\MSI\Downloads\integration\integration\backend\qualite-service\target\classes\tn\scalers\qualitymanagementservice\dto\InspectionExecutionResponse.class (DELETE), C:\Users\MSI\Downloads\integration\integration\backend\qualite-service\target\classes\tn\scalers\qualitymanagementservice\dto\InspectionRecordRequest$InspectionRecordRequestBuilder.class (DELETE), C:\Users\MSI\Downloads\integration\integration\backend\qualite-service\target\classes\tn\scalers\qualitymanagementservice\dto\InspectionRecordRequest.class (DELETE), C:\Users\MSI\Downloads\integration\integration\backend\qualite-service\target\classes\tn\scalers\qualitymanagementservice\dto\InspectionRecordResponse$InspectionRecordResponseBuilder.class (DELETE), C:\Users\MSI\Downloads\integration\integration\backend\qualite-service\target\classes\tn\scalers\qualitymanagementservice\dto\InspectionRecordResponse.class (DELETE), C:\Users\MSI\Downloads\integration\integration\backend\qualite-service\target\classes\tn\scalers\qualitymanagementservice\dto\MlNonConformityPredictionRequest$MlNonConformityPredictionRequestBuilder.class (DELETE), C:\Users\MSI\Downloads\integration\integration\backend\qualite-service\target\classes\tn\scalers\qualitymanagementservice\dto\MlNonConformityPredictionRequest.class (DELETE), C:\Users\MSI\Downloads\integration\integration\backend\qualite-service\target\classes\tn\scalers\qualitymanagementservice\dto\MlNonConformityPredictionResponse$MlNonConformityPredictionResponseBuilder.class (DELETE), C:\Users\MSI\Downloads\integration\integration\backend\qualite-service\target\classes\tn\scalers\qualitymanagementservice\dto\MlNonConformityPredictionResponse.class (DELETE), C:\Users\MSI\Downloads\integration\integration\backend\qualite-service\target\classes\tn\scalers\qualitymanagementservice\dto\NonConformityRequest$NonConformityRequestBuilder.class (DELETE), C:\Users\MSI\Downloads\integration\integration\backend\qualite-service\target\classes\tn\scalers\qualitymanagementservice\dto\NonConformityRequest.class (DELETE), C:\Users\MSI\Downloads\integration\integration\backend\qualite-service\target\classes\tn\scalers\qualitymanagementservice\dto\QualityAuditRequest$QualityAuditRequestBuilder.class (DELETE), C:\Users\MSI\Downloads\integration\integration\backend\qualite-service\target\classes\tn\scalers\qualitymanagementservice\dto\QualityAuditRequest.class (DELETE), C:\Users\MSI\Downloads\integration\integration\backend\qualite-service\target\classes\tn\scalers\qualitymanagementservice\dto\QualityDashboardSummaryDTO$QualityDashboardSummaryDTOBuilder.class (DELETE), C:\Users\MSI\Downloads\integration\integration\backend\qualite-service\target\classes\tn\scalers\qualitymanagementservice\dto\QualityDashboardSummaryDTO.class (DELETE), C:\Users\MSI\Downloads\integration\integration\backend\qualite-service\target\classes\tn\scalers\qualitymanagementservice\dto\QualityEvidenceRequest$QualityEvidenceRequestBuilder.class (DELETE), C:\Users\MSI\Downloads\integration\integration\backend\qualite-service\target\classes\tn\scalers\qualitymanagementservice\dto\QualityEvidenceRequest.class (DELETE), C:\Users\MSI\Downloads\integration\integration\backend\qualite-service\target\classes\tn\scalers\qualitymanagementservice\dto\QualityProjectRef$QualityProjectRefBuilder.class (DELETE), C:\Users\MSI\Downloads\integration\integration\backend\qualite-service\target\classes\tn\scalers\qualitymanagementservice\dto\QualityProjectRef.class (DELETE), C:\Users\MSI\Downloads\integration\integration\backend\qualite-service\target\classes\tn\scalers\qualitymanagementservice\dto\QualityReportRequest$QualityReportRequestBuilder.class (DELETE), C:\Users\MSI\Downloads\integration\integration\backend\qualite-service\target\classes\tn\scalers\qualitymanagementservice\dto\QualityReportRequest.class (DELETE), C:\Users\MSI\Downloads\integration\integration\backend\qualite-service\target\classes\tn\scalers\qualitymanagementservice\dto\QualityStandardRequest$QualityStandardRequestBuilder.class (DELETE), C:\Users\MSI\Downloads\integration\integration\backend\qualite-service\target\classes\tn\scalers\qualitymanagementservice\dto\QualityStandardRequest.class (DELETE), C:\Users\MSI\Downloads\integration\integration\backend\qualite-service\target\classes\tn\scalers\qualitymanagementservice\dto\QualityUserRef$QualityUserRefBuilder.class (DELETE), C:\Users\MSI\Downloads\integration\integration\backend\qualite-service\target\classes\tn\scalers\qualitymanagementservice\dto\QualityUserRef.class (DELETE), C:\Users\MSI\Downloads\integration\integration\backend\qualite-service\target\classes\tn\scalers\qualitymanagementservice\dto\RegisterFaceProfileRequest$RegisterFaceProfileRequestBuilder.class (DELETE), C:\Users\MSI\Downloads\integration\integration\backend\qualite-service\target\classes\tn\scalers\qualitymanagementservice\dto\RegisterFaceProfileRequest.class (DELETE), C:\Users\MSI\Downloads\integration\integration\backend\qualite-service\target\classes\tn\scalers\qualitymanagementservice\dto\SmartCorrectiveActionRecommendationDTO$SmartCorrectiveActionRecommendationDTOBuilder.class (DELETE), C:\Users\MSI\Downloads\integration\integration\backend\qualite-service\target\classes\tn\scalers\qualitymanagementservice\dto\SmartCorrectiveActionRecommendationDTO.class (DELETE), C:\Users\MSI\Downloads\integration\integration\backend\qualite-service\target\classes\tn\scalers\qualitymanagementservice\dto\StandardCriterionResponse.class (DELETE), C:\Users\MSI\Downloads\integration\integration\backend\qualite-service\target\classes\tn\scalers\qualitymanagementservice\dto\StartAuditRequest$StartAuditRequestBuilder.class (DELETE), C:\Users\MSI\Downloads\integration\integration\backend\qualite-service\target\classes\tn\scalers\qualitymanagementservice\dto\StartAuditRequest.class (DELETE), C:\Users\MSI\Downloads\integration\integration\backend\qualite-service\target\classes\tn\scalers\qualitymanagementservice\dto\VerifyAuditFaceRequest$VerifyAuditFaceRequestBuilder.class (DELETE), C:\Users\MSI\Downloads\integration\integration\backend\qualite-service\target\classes\tn\scalers\qualitymanagementservice\dto\VerifyAuditFaceRequest.class (DELETE), C:\Users\MSI\Downloads\integration\integration\backend\qualite-service\target\classes\tn\scalers\qualitymanagementservice\dto\VerifyAuditFaceResponseDTO$VerifyAuditFaceResponseDTOBuilder.class (DELETE), C:\Users\MSI\Downloads\integration\integration\backend\qualite-service\target\classes\tn\scalers\qualitymanagementservice\dto\VerifyAuditFaceResponseDTO.class (DELETE), C:\Users\MSI\Downloads\integration\integration\backend\qualite-service\target\classes\tn\scalers\qualitymanagementservice\entities\AuditChecklistItem$AuditChecklistItemBuilder.class (DELETE), C:\Users\MSI\Downloads\integration\integration\backend\qualite-service\target\classes\tn\scalers\qualitymanagementservice\entities\AuditChecklistItem.class (DELETE), C:\Users\MSI\Downloads\integration\integration\backend\qualite-service\target\classes\tn\scalers\qualitymanagementservice\entities\AuditIdentityVerification$AuditIdentityVerificationBuilder.class (DELETE), C:\Users\MSI\Downloads\integration\integration\backend\qualite-service\target\classes\tn\scalers\qualitymanagementservice\entities\AuditIdentityVerification.class (DELETE), C:\Users\MSI\Downloads\integration\integration\backend\qualite-service\target\classes\tn\scalers\qualitymanagementservice\entities\CorrectiveAction$CorrectiveActionBuilder.class (DELETE), C:\Users\MSI\Downloads\integration\integration\backend\qualite-service\target\classes\tn\scalers\qualitymanagementservice\entities\CorrectiveAction.class (DELETE), C:\Users\MSI\Downloads\integration\integration\backend\qualite-service\target\classes\tn\scalers\qualitymanagementservice\entities\InspectionRecord$InspectionRecordBuilder.class (DELETE), C:\Users\MSI\Downloads\integration\integration\backend\qualite-service\target\classes\tn\scalers\qualitymanagementservice\entities\InspectionRecord.class (DELETE), C:\Users\MSI\Downloads\integration\integration\backend\qualite-service\target\classes\tn\scalers\qualitymanagementservice\entities\NonConformity$NonConformityBuilder.class (DELETE), C:\Users\MSI\Downloads\integration\integration\backend\qualite-service\target\classes\tn\scalers\qualitymanagementservice\entities\NonConformity.class (DELETE), C:\Users\MSI\Downloads\integration\integration\backend\qualite-service\target\classes\tn\scalers\qualitymanagementservice\entities\QualityAudit$QualityAuditBuilder.class (DELETE), C:\Users\MSI\Downloads\integration\integration\backend\qualite-service\target\classes\tn\scalers\qualitymanagementservice\entities\QualityAudit.class (DELETE), C:\Users\MSI\Downloads\integration\integration\backend\qualite-service\target\classes\tn\scalers\qualitymanagementservice\entities\QualityEvidence$QualityEvidenceBuilder.class (DELETE), C:\Users\MSI\Downloads\integration\integration\backend\qualite-service\target\classes\tn\scalers\qualitymanagementservice\entities\QualityEvidence.class (DELETE), C:\Users\MSI\Downloads\integration\integration\backend\qualite-service\target\classes\tn\scalers\qualitymanagementservice\entities\QualityReport$QualityReportBuilder.class (DELETE), C:\Users\MSI\Downloads\integration\integration\backend\qualite-service\target\classes\tn\scalers\qualitymanagementservice\entities\QualityReport.class (DELETE), C:\Users\MSI\Downloads\integration\integration\backend\qualite-service\target\classes\tn\scalers\qualitymanagementservice\entities\QualityStandard$QualityStandardBuilder.class (DELETE), C:\Users\MSI\Downloads\integration\integration\backend\qualite-service\target\classes\tn\scalers\qualitymanagementservice\entities\QualityStandard.class (DELETE), C:\Users\MSI\Downloads\integration\integration\backend\qualite-service\target\classes\tn\scalers\qualitymanagementservice\entities\StandardCriterion$StandardCriterionBuilder.class (DELETE), C:\Users\MSI\Downloads\integration\integration\backend\qualite-service\target\classes\tn\scalers\qualitymanagementservice\entities\StandardCriterion.class (DELETE), C:\Users\MSI\Downloads\integration\integration\backend\qualite-service\target\classes\tn\scalers\qualitymanagementservice\entities\UserFaceProfile$UserFaceProfileBuilder.class (DELETE), C:\Users\MSI\Downloads\integration\integration\backend\qualite-service\target\classes\tn\scalers\qualitymanagementservice\entities\UserFaceProfile.class (DELETE), C:\Users\MSI\Downloads\integration\integration\backend\qualite-service\target\classes\tn\scalers\qualitymanagementservice\enums\AuditStatus.class (DELETE), C:\Users\MSI\Downloads\integration\integration\backend\qualite-service\target\classes\tn\scalers\qualitymanagementservice\enums\ChecklistItemStatus.class (DELETE), C:\Users\MSI\Downloads\integration\integration\backend\qualite-service\target\classes\tn\scalers\qualitymanagementservice\enums\InspectionResultStatus.class (DELETE), C:\Users\MSI\Downloads\integration\integration\backend\qualite-service\target\classes\tn\scalers\qualitymanagementservice\enums\NonConformitySeverity.class (DELETE), C:\Users\MSI\Downloads\integration\integration\backend\qualite-service\target\classes\tn\scalers\qualitymanagementservice\enums\NonConformityStatus.class (DELETE), C:\Users\MSI\Downloads\integration\integration\backend\qualite-service\target\classes\tn\scalers\qualitymanagementservice\enums\StandardCategory.class (DELETE), C:\Users\MSI\Downloads\integration\integration\backend\qualite-service\target\classes\tn\scalers\qualitymanagementservice\enums\StandardSourceType.class (DELETE), C:\Users\MSI\Downloads\integration\integration\backend\qualite-service\target\classes\tn\scalers\qualitymanagementservice\exception\AiSuggestionException.class (DELETE), C:\Users\MSI\Downloads\integration\integration\backend\qualite-service\target\classes\tn\scalers\qualitymanagementservice\exception\DuplicateResourceException.class (DELETE), C:\Users\MSI\Downloads\integration\integration\backend\qualite-service\target\classes\tn\scalers\qualitymanagementservice\exception\GlobalExceptionHandler.class (DELETE), C:\Users\MSI\Downloads\integration\integration\backend\qualite-service\target\classes\tn\scalers\qualitymanagementservice\exception\MlPredictionException.class (DELETE), C:\Users\MSI\Downloads\integration\integration\backend\qualite-service\target\classes\tn\scalers\qualitymanagementservice\exception\ResourceNotFoundException.class (DELETE), C:\Users\MSI\Downloads\integration\integration\backend\qualite-service\target\classes\tn\scalers\qualitymanagementservice\QualiteServiceApplication.class (DELETE), C:\Users\MSI\Downloads\integration\integration\backend\qualite-service\target\classes\tn\scalers\qualitymanagementservice\repository\AuditChecklistItemRepository.class (DELETE), C:\Users\MSI\Downloads\integration\integration\backend\qualite-service\target\classes\tn\scalers\qualitymanagementservice\repository\AuditIdentityVerificationRepository.class (DELETE), C:\Users\MSI\Downloads\integration\integration\backend\qualite-service\target\classes\tn\scalers\qualitymanagementservice\repository\CorrectiveActionRepository.class (DELETE), C:\Users\MSI\Downloads\integration\integration\backend\qualite-service\target\classes\tn\scalers\qualitymanagementservice\repository\InspectionRecordRepository.class (DELETE), C:\Users\MSI\Downloads\integration\integration\backend\qualite-service\target\classes\tn\scalers\qualitymanagementservice\repository\NonConformityRepository.class (DELETE), C:\Users\MSI\Downloads\integration\integration\backend\qualite-service\target\classes\tn\scalers\qualitymanagementservice\repository\QualityAuditRepository.class (DELETE), C:\Users\MSI\Downloads\integration\integration\backend\qualite-service\target\classes\tn\scalers\qualitymanagementservice\repository\QualityEvidenceRepository.class (DELETE), C:\Users\MSI\Downloads\integration\integration\backend\qualite-service\target\classes\tn\scalers\qualitymanagementservice\repository\QualityReportRepository.class (DELETE), C:\Users\MSI\Downloads\integration\integration\backend\qualite-service\target\classes\tn\scalers\qualitymanagementservice\repository\QualityStandardRepository.class (DELETE), C:\Users\MSI\Downloads\integration\integration\backend\qualite-service\target\classes\tn\scalers\qualitymanagementservice\repository\StandardCriterionRepository.class (DELETE), C:\Users\MSI\Downloads\integration\integration\backend\qualite-service\target\classes\tn\scalers\qualitymanagementservice\repository\UserFaceProfileRepository.class (DELETE), C:\Users\MSI\Downloads\integration\integration\backend\qualite-service\target\classes\tn\scalers\qualitymanagementservice\service\AiSuggestionService.class (DELETE), C:\Users\MSI\Downloads\integration\integration\backend\qualite-service\target\classes\tn\scalers\qualitymanagementservice\service\AuditChecklistItemService.class (DELETE), C:\Users\MSI\Downloads\integration\integration\backend\qualite-service\target\classes\tn\scalers\qualitymanagementservice\service\CorrectiveActionService.class (DELETE), C:\Users\MSI\Downloads\integration\integration\backend\qualite-service\target\classes\tn\scalers\qualitymanagementservice\service\DashboardService.class (DELETE), C:\Users\MSI\Downloads\integration\integration\backend\qualite-service\target\classes\tn\scalers\qualitymanagementservice\service\EvidenceScannerService.class (DELETE), C:\Users\MSI\Downloads\integration\integration\backend\qualite-service\target\classes\tn\scalers\qualitymanagementservice\service\ExternalReferenceService.class (DELETE), C:\Users\MSI\Downloads\integration\integration\backend\qualite-service\target\classes\tn\scalers\qualitymanagementservice\service\FaceVerificationService.class (DELETE), C:\Users\MSI\Downloads\integration\integration\backend\qualite-service\target\classes\tn\scalers\qualitymanagementservice\service\impl\AuditChecklistItemServiceImpl.class (DELETE), C:\Users\MSI\Downloads\integration\integration\backend\qualite-service\target\classes\tn\scalers\qualitymanagementservice\service\impl\CorrectiveActionServiceImpl.class (DELETE), C:\Users\MSI\Downloads\integration\integration\backend\qualite-service\target\classes\tn\scalers\qualitymanagementservice\service\impl\DashboardServiceImpl$HeatmapAccumulator.class (DELETE), C:\Users\MSI\Downloads\integration\integration\backend\qualite-service\target\classes\tn\scalers\qualitymanagementservice\service\impl\DashboardServiceImpl$HeatmapKey.class (DELETE), C:\Users\MSI\Downloads\integration\integration\backend\qualite-service\target\classes\tn\scalers\qualitymanagementservice\service\impl\DashboardServiceImpl.class (DELETE), C:\Users\MSI\Downloads\integration\integration\backend\qualite-service\target\classes\tn\scalers\qualitymanagementservice\service\impl\EvidenceScannerServiceImpl$ExtractedEvidence.class (DELETE), C:\Users\MSI\Downloads\integration\integration\backend\qualite-service\target\classes\tn\scalers\qualitymanagementservice\service\impl\EvidenceScannerServiceImpl.class (DELETE), C:\Users\MSI\Downloads\integration\integration\backend\qualite-service\target\classes\tn\scalers\qualitymanagementservice\service\impl\FaceVerificationServiceImpl$1.class (DELETE), C:\Users\MSI\Downloads\integration\integration\backend\qualite-service\target\classes\tn\scalers\qualitymanagementservice\service\impl\FaceVerificationServiceImpl.class (DELETE), C:\Users\MSI\Downloads\integration\integration\backend\qualite-service\target\classes\tn\scalers\qualitymanagementservice\service\impl\GroqSuggestionServiceImpl.class (DELETE), C:\Users\MSI\Downloads\integration\integration\backend\qualite-service\target\classes\tn\scalers\qualitymanagementservice\service\impl\InspectionRecordServiceImpl.class (DELETE), C:\Users\MSI\Downloads\integration\integration\backend\qualite-service\target\classes\tn\scalers\qualitymanagementservice\service\impl\NonConformityServiceImpl.class (DELETE), C:\Users\MSI\Downloads\integration\integration\backend\qualite-service\target\classes\tn\scalers\qualitymanagementservice\service\impl\QualityAuditServiceImpl.class (DELETE), C:\Users\MSI\Downloads\integration\integration\backend\qualite-service\target\classes\tn\scalers\qualitymanagementservice\service\impl\QualityEvidenceServiceImpl.class (DELETE), C:\Users\MSI\Downloads\integration\integration\backend\qualite-service\target\classes\tn\scalers\qualitymanagementservice\service\impl\QualityReportServiceImpl.class (DELETE), C:\Users\MSI\Downloads\integration\integration\backend\qualite-service\target\classes\tn\scalers\qualitymanagementservice\service\impl\QualitySortSupport.class (DELETE), C:\Users\MSI\Downloads\integration\integration\backend\qualite-service\target\classes\tn\scalers\qualitymanagementservice\service\impl\QualityStandardServiceImpl.class (DELETE), C:\Users\MSI\Downloads\integration\integration\backend\qualite-service\target\classes\tn\scalers\qualitymanagementservice\service\impl\SmartCorrectiveActionRecommendationServiceImpl.class (DELETE), C:\Users\MSI\Downloads\integration\integration\backend\qualite-service\target\classes\tn\scalers\qualitymanagementservice\service\impl\StandardCriterionServiceImpl.class (DELETE), C:\Users\MSI\Downloads\integration\integration\backend\qualite-service\target\classes\tn\scalers\qualitymanagementservice\service\InspectionRecordService.class (DELETE), C:\Users\MSI\Downloads\integration\integration\backend\qualite-service\target\classes\tn\scalers\qualitymanagementservice\service\NonConformityService.class (DELETE), C:\Users\MSI\Downloads\integration\integration\backend\qualite-service\target\classes\tn\scalers\qualitymanagementservice\service\OnnxPredictionService$ModelRuntime.class (DELETE), C:\Users\MSI\Downloads\integration\integration\backend\qualite-service\target\classes\tn\scalers\qualitymanagementservice\service\OnnxPredictionService.class (DELETE), C:\Users\MSI\Downloads\integration\integration\backend\qualite-service\target\classes\tn\scalers\qualitymanagementservice\service\QualityAuditService.class (DELETE), C:\Users\MSI\Downloads\integration\integration\backend\qualite-service\target\classes\tn\scalers\qualitymanagementservice\service\QualityEvidenceService.class (DELETE), C:\Users\MSI\Downloads\integration\integration\backend\qualite-service\target\classes\tn\scalers\qualitymanagementservice\service\QualityReportService.class (DELETE), C:\Users\MSI\Downloads\integration\integration\backend\qualite-service\target\classes\tn\scalers\qualitymanagementservice\service\QualityStandardService.class (DELETE), C:\Users\MSI\Downloads\integration\integration\backend\qualite-service\target\classes\tn\scalers\qualitymanagementservice\service\SmartCorrectiveActionRecommendationService.class (DELETE), C:\Users\MSI\Downloads\integration\integration\backend\qualite-service\target\classes\tn\scalers\qualitymanagementservice\service\StandardCriterionService.class (DELETE)]]
2026-04-28T14:23:09.362+01:00 DEBUG 22216 --- [qualite-service] [   File Watcher] o.s.boot.devtools.restart.Restarter      : Restarting application
2026-04-28T14:23:09.364+01:00 DEBUG 22216 --- [qualite-service] [       Thread-9] o.s.boot.devtools.restart.Restarter      : Stopping application
2026-04-28T14:23:09.365+01:00 DEBUG 22216 --- [qualite-service] [       Thread-9] o.s.b.a.ApplicationAvailabilityBean      : Application availability state ReadinessState changed from ACCEPTING_TRAFFIC to REFUSING_TRAFFIC
2026-04-28T14:23:09.365+01:00 DEBUG 22216 --- [qualite-service] [       Thread-9] ConfigServletWebServerApplicationContext : Closing org.springframework.boot.web.servlet.context.AnnotationConfigServletWebServerApplicationContext@30b16c59, started on Tue Apr 28 13:20:13 CET 2026
2026-04-28T14:23:09.367+01:00  INFO 22216 --- [qualite-service] [       Thread-9] o.s.c.n.e.s.EurekaServiceRegistry        : Unregistering application QUALITE-SERVICE with eureka with status DOWN
2026-04-28T14:23:09.367+01:00  INFO 22216 --- [qualite-service] [       Thread-9] com.netflix.discovery.DiscoveryClient    : Saw local status change event StatusChangeEvent [timestamp=1777382589367, current=DOWN, previous=UP]
2026-04-28T14:23:09.368+01:00  INFO 22216 --- [qualite-service] [foReplicator-%d] com.netflix.discovery.DiscoveryClient    : DiscoveryClient_QUALITE-SERVICE/LANGIR:qualite-service:8092: registering service...
2026-04-28T14:23:09.368+01:00 DEBUG 22216 --- [qualite-service] [foReplicator-%d] o.s.web.client.RestTemplate              : HTTP POST http://localhost:8761/eureka/apps/QUALITE-SERVICE
2026-04-28T14:23:09.368+01:00 DEBUG 22216 --- [qualite-service] [foReplicator-%d] o.s.web.client.RestTemplate              : Accept=[application/json, application/*+json]
2026-04-28T14:23:09.369+01:00 DEBUG 22216 --- [qualite-service] [foReplicator-%d] o.s.web.client.RestTemplate              : Writing [InstanceInfo [instanceId = LANGIR:qualite-service:8092, appName = QUALITE-SERVICE, hostName = LANGIR, status = DOWN, ipAddr = 172.20.10.2, port = 8092, securePort = 443, dataCenterInfo = com.netflix.appinfo.MyDataCenterInfo@5beee011] as "application/json"
2026-04-28T14:23:09.372+01:00  INFO 22216 --- [qualite-service] [       Thread-9] o.s.b.w.e.tomcat.GracefulShutdown        : Commencing graceful shutdown. Waiting for active requests to complete
2026-04-28T14:23:09.374+01:00 DEBUG 22216 --- [qualite-service] [foReplicator-%d] o.s.web.client.RestTemplate              : Response 204 NO_CONTENT
2026-04-28T14:23:09.375+01:00  INFO 22216 --- [qualite-service] [foReplicator-%d] com.netflix.discovery.DiscoveryClient    : DiscoveryClient_QUALITE-SERVICE/LANGIR:qualite-service:8092 - registration status: 204
2026-04-28T14:23:09.465+01:00  INFO 22216 --- [qualite-service] [tomcat-shutdown] o.s.b.w.e.tomcat.GracefulShutdown        : Graceful shutdown complete
2026-04-28T14:23:09.501+01:00  INFO 22216 --- [qualite-service] [       Thread-9] j.LocalContainerEntityManagerFactoryBean : Closing JPA EntityManagerFactory for persistence unit 'default'
2026-04-28T14:23:09.508+01:00  INFO 22216 --- [qualite-service] [       Thread-9] com.zaxxer.hikari.HikariDataSource       : HikariPool-1 - Shutdown initiated...
2026-04-28T14:23:09.521+01:00  INFO 22216 --- [qualite-service] [       Thread-9] com.zaxxer.hikari.HikariDataSource       : HikariPool-1 - Shutdown completed.
2026-04-28T14:23:09.522+01:00  INFO 22216 --- [qualite-service] [       Thread-9] com.netflix.discovery.DiscoveryClient    : Shutting down DiscoveryClient ...
2026-04-28T14:23:12.536+01:00  INFO 22216 --- [qualite-service] [       Thread-9] com.netflix.discovery.DiscoveryClient    : Unregistering ...
2026-04-28T14:23:12.537+01:00 DEBUG 22216 --- [qualite-service] [       Thread-9] o.s.web.client.RestTemplate              : HTTP DELETE http://localhost:8761/eureka/apps/QUALITE-SERVICE/LANGIR:qualite-service:8092
2026-04-28T14:23:12.538+01:00 DEBUG 22216 --- [qualite-service] [       Thread-9] o.s.web.client.RestTemplate              : Accept=[application/json, application/*+json]
2026-04-28T14:23:12.555+01:00 DEBUG 22216 --- [qualite-service] [       Thread-9] o.s.web.client.RestTemplate              : Response 200 OK
2026-04-28T14:23:12.555+01:00  INFO 22216 --- [qualite-service] [       Thread-9] com.netflix.discovery.DiscoveryClient    : DiscoveryClient_QUALITE-SERVICE/LANGIR:qualite-service:8092 - deregister  status: 200
2026-04-28T14:23:12.555+01:00  INFO 22216 --- [qualite-service] [       Thread-9] com.netflix.discovery.DiscoveryClient    : Completed shut down of DiscoveryClient
2026-04-28T14:23:12.608+01:00 DEBUG 22216 --- [qualite-service] [       Thread-9] o.s.boot.devtools.restart.Restarter      : Starting application tn.scalers.qualitymanagementservice.QualiteServiceApplication with URLs [file:/C:/Users/MSI/Downloads/integration/integration/backend/qualite-service/target/classes/]

  .   ____          _            __ _ _
 /\\ / ___'_ __ _ _(_)_ __  __ _ \ \ \ \
( ( )\___ | '_ | '_| | '_ \/ _` | \ \ \ \
 \\/  ___)| |_)| | | | | || (_| |  ) ) ) )
  '  |____| .__|_| |_|_| |_\__, | / / / /
 =========|_|==============|___/=/_/_/_/

 :: Spring Boot ::               (v3.5.13)

2026-04-28T14:23:12.911+01:00  INFO 22216 --- [qualite-service] [  restartedMain] t.s.q.QualiteServiceApplication          : Starting QualiteServiceApplication using Java 17.0.12 with PID 22216 (C:\Users\MSI\Downloads\integration\integration\backend\qualite-service\target\classes started by MSI in C:\Users\MSI\Downloads\integration\integration\backend\qualite-service)
2026-04-28T14:23:12.911+01:00  INFO 22216 --- [qualite-service] [  restartedMain] t.s.q.QualiteServiceApplication          : No active profile set, falling back to 1 default profile: "default"
2026-04-28T14:23:12.912+01:00 DEBUG 22216 --- [qualite-service] [  restartedMain] o.s.boot.SpringApplication               : Loading source class tn.scalers.qualitymanagementservice.QualiteServiceApplication
2026-04-28T14:23:12.914+01:00 DEBUG 22216 --- [qualite-service] [  restartedMain] ConfigServletWebServerApplicationContext : Refreshing org.springframework.boot.web.servlet.context.AnnotationConfigServletWebServerApplicationContext@7131ed6
2026-04-28T14:23:13.704+01:00  INFO 22216 --- [qualite-service] [  restartedMain] .s.d.r.c.RepositoryConfigurationDelegate : Bootstrapping Spring Data JPA repositories in DEFAULT mode.
2026-04-28T14:23:13.710+01:00 DEBUG 22216 --- [qualite-service] [  restartedMain] o.s.b.a.AutoConfigurationPackages        : @EnableAutoConfiguration was declared on a class in the package 'tn.scalers.qualitymanagementservice'. Automatic @Repository and @Entity scanning is enabled.
2026-04-28T14:23:13.852+01:00  INFO 22216 --- [qualite-service] [  restartedMain] .s.d.r.c.RepositoryConfigurationDelegate : Finished Spring Data repository scanning in 143 ms. Found 11 JPA repository interfaces.
2026-04-28T14:23:14.193+01:00  INFO 22216 --- [qualite-service] [  restartedMain] o.s.cloud.context.scope.GenericScope     : BeanFactory id=8922d046-23a9-3666-9355-10a24e96184a
2026-04-28T14:23:14.413+01:00 DEBUG 22216 --- [qualite-service] [  restartedMain] .s.b.w.e.t.TomcatServletWebServerFactory : Code archive: C:\Users\MSI\.m2\repository\org\springframework\boot\spring-boot\3.5.13\spring-boot-3.5.13.jar
2026-04-28T14:23:14.418+01:00 DEBUG 22216 --- [qualite-service] [  restartedMain] .s.b.w.e.t.TomcatServletWebServerFactory : Code archive: C:\Users\MSI\.m2\repository\org\springframework\boot\spring-boot\3.5.13\spring-boot-3.5.13.jar
2026-04-28T14:23:14.418+01:00 DEBUG 22216 --- [qualite-service] [  restartedMain] .s.b.w.e.t.TomcatServletWebServerFactory : None of the document roots [src/main/webapp, public, static] point to a directory and will be ignored.
2026-04-28T14:23:14.466+01:00  INFO 22216 --- [qualite-service] [  restartedMain] o.s.b.w.embedded.tomcat.TomcatWebServer  : Tomcat initialized with port 8092 (http)
2026-04-28T14:23:14.468+01:00  INFO 22216 --- [qualite-service] [  restartedMain] o.apache.catalina.core.StandardService   : Starting service [Tomcat]
2026-04-28T14:23:14.468+01:00  INFO 22216 --- [qualite-service] [  restartedMain] o.apache.catalina.core.StandardEngine    : Starting Servlet engine: [Apache Tomcat/10.1.53]
2026-04-28T14:23:14.550+01:00  INFO 22216 --- [qualite-service] [  restartedMain] o.a.c.c.C.[Tomcat].[localhost].[/]       : Initializing Spring embedded WebApplicationContext
2026-04-28T14:23:14.551+01:00 DEBUG 22216 --- [qualite-service] [  restartedMain] w.s.c.ServletWebServerApplicationContext : Published root WebApplicationContext as ServletContext attribute with name [org.springframework.web.context.WebApplicationContext.ROOT]
2026-04-28T14:23:14.551+01:00  INFO 22216 --- [qualite-service] [  restartedMain] w.s.c.ServletWebServerApplicationContext : Root WebApplicationContext: initialization completed in 1637 ms
2026-04-28T14:23:14.578+01:00 DEBUG 22216 --- [qualite-service] [  restartedMain] o.s.b.w.s.ServletContextInitializerBeans : Mapping filters: springSecurityFilterChain urls=[/*] order=-100, characterEncodingFilter urls=[/*] order=-2147483648, formContentFilter urls=[/*] order=-9900, requestContextFilter urls=[/*] order=-105
2026-04-28T14:23:14.579+01:00 DEBUG 22216 --- [qualite-service] [  restartedMain] o.s.b.w.s.ServletContextInitializerBeans : Mapping servlets: dispatcherServlet urls=[/], h2Console urls=[/h2-console/*]
2026-04-28T14:23:14.580+01:00 DEBUG 22216 --- [qualite-service] [  restartedMain] o.s.b.w.s.f.OrderedRequestContextFilter  : Filter 'requestContextFilter' configured for use
2026-04-28T14:23:14.580+01:00 DEBUG 22216 --- [qualite-service] [  restartedMain] s.b.w.s.f.OrderedCharacterEncodingFilter : Filter 'characterEncodingFilter' configured for use
2026-04-28T14:23:14.581+01:00 DEBUG 22216 --- [qualite-service] [  restartedMain] .DelegatingFilterProxyRegistrationBean$1 : Filter 'springSecurityFilterChain' configured for use
2026-04-28T14:23:14.581+01:00 DEBUG 22216 --- [qualite-service] [  restartedMain] o.s.b.w.s.f.OrderedFormContentFilter     : Filter 'formContentFilter' configured for use
2026-04-28T14:23:14.678+01:00  INFO 22216 --- [qualite-service] [  restartedMain] o.hibernate.jpa.internal.util.LogHelper  : HHH000204: Processing PersistenceUnitInfo [name: default]
2026-04-28T14:23:14.692+01:00  INFO 22216 --- [qualite-service] [  restartedMain] o.h.c.internal.RegionFactoryInitiator    : HHH000026: Second-level cache disabled
2026-04-28T14:23:14.726+01:00  INFO 22216 --- [qualite-service] [  restartedMain] o.s.o.j.p.SpringPersistenceUnitInfo      : No LoadTimeWeaver setup: ignoring JPA class transformer
2026-04-28T14:23:14.728+01:00  INFO 22216 --- [qualite-service] [  restartedMain] com.zaxxer.hikari.HikariDataSource       : HikariPool-2 - Starting...
2026-04-28T14:23:14.835+01:00  INFO 22216 --- [qualite-service] [  restartedMain] com.zaxxer.hikari.pool.HikariPool        : HikariPool-2 - Added connection conn32: url=jdbc:h2:file:./data/qualite-service user=SA
2026-04-28T14:23:14.838+01:00  INFO 22216 --- [qualite-service] [  restartedMain] com.zaxxer.hikari.HikariDataSource       : HikariPool-2 - Start completed.
2026-04-28T14:23:14.839+01:00  WARN 22216 --- [qualite-service] [  restartedMain] org.hibernate.orm.deprecation            : HHH90000025: H2Dialect does not need to be specified explicitly using 'hibernate.dialect' (remove the property setting and it will be selected by default)
2026-04-28T14:23:14.839+01:00  INFO 22216 --- [qualite-service] [  restartedMain] org.hibernate.orm.connections.pooling    : HHH10001005: Database info:
	Database JDBC URL [Connecting through datasource 'HikariDataSource (HikariPool-2)']
	Database driver: undefined/unknown
	Database version: 2.3.232
	Autocommit mode: undefined/unknown
	Isolation level: undefined/unknown
	Minimum pool size: undefined/unknown
	Maximum pool size: undefined/unknown
2026-04-28T14:23:15.394+01:00  INFO 22216 --- [qualite-service] [  restartedMain] o.h.e.t.j.p.i.JtaPlatformInitiator       : HHH000489: No JTA platform available (set 'hibernate.transaction.jta.platform' to enable JTA platform integration)
2026-04-28T14:23:15.409+01:00  INFO 22216 --- [qualite-service] [  restartedMain] j.LocalContainerEntityManagerFactoryBean : Initialized JPA EntityManagerFactory for persistence unit 'default'
2026-04-28T14:23:16.272+01:00  INFO 22216 --- [qualite-service] [  restartedMain] t.s.q.service.OnnxPredictionService      : Loaded ONNX category model from category_model.onnx. Input: input STRING TensorInfo(javaType=STRING,onnxType=ONNX_TENSOR_ELEMENT_DATA_TYPE_STRING,shape=[-1, 1]). Outputs: {output_label=STRING TensorInfo(javaType=STRING,onnxType=ONNX_TENSOR_ELEMENT_DATA_TYPE_STRING,shape=[-1]), output_probability=SequenceInfo}
2026-04-28T14:23:16.394+01:00  INFO 22216 --- [qualite-service] [  restartedMain] t.s.q.service.OnnxPredictionService      : Loaded ONNX priority model from priority_model.onnx. Input: input STRING TensorInfo(javaType=STRING,onnxType=ONNX_TENSOR_ELEMENT_DATA_TYPE_STRING,shape=[-1, 1]). Outputs: {output_label=STRING TensorInfo(javaType=STRING,onnxType=ONNX_TENSOR_ELEMENT_DATA_TYPE_STRING,shape=[-1]), output_probability=SequenceInfo}
2026-04-28T14:23:16.397+01:00  INFO 22216 --- [qualite-service] [  restartedMain] t.s.q.service.OnnxPredictionService      : ONNX prediction models loaded successfully.
2026-04-28T14:23:16.643+01:00  WARN 22216 --- [qualite-service] [  restartedMain] JpaBaseConfiguration$JpaWebConfiguration : spring.jpa.open-in-view is enabled by default. Therefore, database queries may be performed during view rendering. Explicitly configure spring.jpa.open-in-view to disable this warning
2026-04-28T14:23:16.689+01:00  WARN 22216 --- [qualite-service] [  restartedMain] .s.s.UserDetailsServiceAutoConfiguration : 

Using generated security password: d3401d88-1d28-4d0b-aa22-3b8b7dfd5054

This generated password is for development use only. Your security configuration must be updated before running your application in production.

2026-04-28T14:23:16.695+01:00  INFO 22216 --- [qualite-service] [  restartedMain] r$InitializeUserDetailsManagerConfigurer : Global AuthenticationManager configured with UserDetailsService bean with name inMemoryUserDetailsManager
2026-04-28T14:23:16.882+01:00 DEBUG 22216 --- [qualite-service] [  restartedMain] s.w.s.m.m.a.RequestMappingHandlerMapping : 105 mappings in 'requestMappingHandlerMapping'
2026-04-28T14:23:16.916+01:00 DEBUG 22216 --- [qualite-service] [  restartedMain] o.s.w.s.handler.SimpleUrlHandlerMapping  : Patterns [/webjars/**, /**] in 'resourceHandlerMapping'
2026-04-28T14:23:17.005+01:00 DEBUG 22216 --- [qualite-service] [  restartedMain] s.w.s.m.m.a.RequestMappingHandlerAdapter : ControllerAdvice beans: 0 @ModelAttribute, 0 @InitBinder, 1 RequestBodyAdvice, 1 ResponseBodyAdvice
2026-04-28T14:23:17.039+01:00 DEBUG 22216 --- [qualite-service] [  restartedMain] .m.m.a.ExceptionHandlerExceptionResolver : ControllerAdvice beans: 1 @ExceptionHandler, 1 ResponseBodyAdvice
2026-04-28T14:23:17.080+01:00  INFO 22216 --- [qualite-service] [  restartedMain] o.s.b.a.h2.H2ConsoleAutoConfiguration    : H2 console available at '/h2-console'. Database available at 'jdbc:h2:file:./data/qualite-service'
2026-04-28T14:23:17.167+01:00  INFO 22216 --- [qualite-service] [  restartedMain] o.s.b.d.a.OptionalLiveReloadServer       : LiveReload server is running on port 35729
2026-04-28T14:23:17.895+01:00  INFO 22216 --- [qualite-service] [  restartedMain] DiscoveryClientOptionalArgsConfiguration : Eureka HTTP Client uses RestTemplate.
2026-04-28T14:23:17.935+01:00  WARN 22216 --- [qualite-service] [  restartedMain] iguration$LoadBalancerCaffeineWarnLogger : Spring Cloud LoadBalancer is currently working with the default cache. While this cache implementation is useful for development and tests, it's recommended to use Caffeine cache in production.You can switch to using Caffeine cache, by adding it and org.springframework.cache.caffeine.CaffeineCacheManager to the classpath.
2026-04-28T14:23:17.970+01:00  INFO 22216 --- [qualite-service] [  restartedMain] o.s.c.n.eureka.InstanceInfoFactory       : Setting initial instance status as: STARTING
2026-04-28T14:23:17.978+01:00  INFO 22216 --- [qualite-service] [  restartedMain] com.netflix.discovery.DiscoveryClient    : Initializing Eureka in region us-east-1
2026-04-28T14:23:17.978+01:00  INFO 22216 --- [qualite-service] [  restartedMain] c.n.d.s.r.aws.ConfigClusterResolver      : Resolving eureka endpoints via configuration
2026-04-28T14:23:17.979+01:00  INFO 22216 --- [qualite-service] [  restartedMain] com.netflix.discovery.DiscoveryClient    : Disable delta property : false
2026-04-28T14:23:17.981+01:00  INFO 22216 --- [qualite-service] [  restartedMain] com.netflix.discovery.DiscoveryClient    : Single vip registry refresh property : null
2026-04-28T14:23:17.981+01:00  INFO 22216 --- [qualite-service] [  restartedMain] com.netflix.discovery.DiscoveryClient    : Force full registry fetch : false
2026-04-28T14:23:17.983+01:00  INFO 22216 --- [qualite-service] [  restartedMain] com.netflix.discovery.DiscoveryClient    : Application is null : false
2026-04-28T14:23:17.983+01:00  INFO 22216 --- [qualite-service] [  restartedMain] com.netflix.discovery.DiscoveryClient    : Registered Applications size is zero : true
2026-04-28T14:23:17.984+01:00  INFO 22216 --- [qualite-service] [  restartedMain] com.netflix.discovery.DiscoveryClient    : Application version is -1: true
2026-04-28T14:23:17.984+01:00  INFO 22216 --- [qualite-service] [  restartedMain] com.netflix.discovery.DiscoveryClient    : Getting all instance registry info from the eureka server
2026-04-28T14:23:18.001+01:00 DEBUG 22216 --- [qualite-service] [  restartedMain] o.s.web.client.RestTemplate              : HTTP GET http://localhost:8761/eureka/apps/
2026-04-28T14:23:18.043+01:00 DEBUG 22216 --- [qualite-service] [  restartedMain] o.s.web.client.RestTemplate              : Accept=[application/json, application/*+json]
2026-04-28T14:23:18.048+01:00 DEBUG 22216 --- [qualite-service] [  restartedMain] o.s.web.client.RestTemplate              : Response 200 OK
2026-04-28T14:23:18.048+01:00 DEBUG 22216 --- [qualite-service] [  restartedMain] o.s.web.client.RestTemplate              : Reading to [org.springframework.cloud.netflix.eureka.http.EurekaApplications]
2026-04-28T14:23:18.051+01:00  INFO 22216 --- [qualite-service] [  restartedMain] com.netflix.discovery.DiscoveryClient    : The response status is 200
2026-04-28T14:23:18.052+01:00  INFO 22216 --- [qualite-service] [  restartedMain] com.netflix.discovery.DiscoveryClient    : Starting heartbeat executor: renew interval is: 30
2026-04-28T14:23:18.052+01:00  INFO 22216 --- [qualite-service] [  restartedMain] c.n.discovery.InstanceInfoReplicator     : InstanceInfoReplicator onDemand update allowed rate per min is 4
2026-04-28T14:23:18.054+01:00  INFO 22216 --- [qualite-service] [  restartedMain] com.netflix.discovery.DiscoveryClient    : Discovery Client initialized at timestamp 1777382598054 with initial instances count: 7
2026-04-28T14:23:18.059+01:00  INFO 22216 --- [qualite-service] [  restartedMain] o.s.c.n.e.s.EurekaServiceRegistry        : Registering application QUALITE-SERVICE with eureka with status UP
2026-04-28T14:23:18.061+01:00  INFO 22216 --- [qualite-service] [  restartedMain] com.netflix.discovery.DiscoveryClient    : Saw local status change event StatusChangeEvent [timestamp=1777382598061, current=UP, previous=STARTING]
2026-04-28T14:23:18.061+01:00  INFO 22216 --- [qualite-service] [foReplicator-%d] com.netflix.discovery.DiscoveryClient    : DiscoveryClient_QUALITE-SERVICE/LANGIR:qualite-service:8092: registering service...
2026-04-28T14:23:18.065+01:00  INFO 22216 --- [qualite-service] [  restartedMain] o.s.b.w.embedded.tomcat.TomcatWebServer  : Tomcat started on port 8092 (http) with context path '/'
2026-04-28T14:23:18.066+01:00  INFO 22216 --- [qualite-service] [  restartedMain] .s.c.n.e.s.EurekaAutoServiceRegistration : Updating port to 8092
2026-04-28T14:23:18.071+01:00 DEBUG 22216 --- [qualite-service] [foReplicator-%d] o.s.web.client.RestTemplate              : HTTP POST http://localhost:8761/eureka/apps/QUALITE-SERVICE
2026-04-28T14:23:18.072+01:00 DEBUG 22216 --- [qualite-service] [foReplicator-%d] o.s.web.client.RestTemplate              : Accept=[application/json, application/*+json]
2026-04-28T14:23:18.079+01:00 DEBUG 22216 --- [qualite-service] [foReplicator-%d] o.s.web.client.RestTemplate              : Writing [InstanceInfo [instanceId = LANGIR:qualite-service:8092, appName = QUALITE-SERVICE, hostName = LANGIR, status = UP, ipAddr = 192.168.1.119, port = 8092, securePort = 443, dataCenterInfo = com.netflix.appinfo.MyDataCenterInfo@646f51e9] as "application/json"
2026-04-28T14:23:18.089+01:00 DEBUG 22216 --- [qualite-service] [foReplicator-%d] o.s.web.client.RestTemplate              : Response 204 NO_CONTENT
2026-04-28T14:23:18.091+01:00  INFO 22216 --- [qualite-service] [foReplicator-%d] com.netflix.discovery.DiscoveryClient    : DiscoveryClient_QUALITE-SERVICE/LANGIR:qualite-service:8092 - registration status: 204
2026-04-28T14:23:18.399+01:00 DEBUG 22216 --- [qualite-service] [  restartedMain] .s.b.a.l.ConditionEvaluationReportLogger : 


============================
CONDITIONS EVALUATION REPORT
============================


Positive matches:
-----------------

   AopAutoConfiguration matched:
      - @ConditionalOnBooleanProperty (spring.aop.auto=true) matched (OnPropertyCondition)

   AopAutoConfiguration.AspectJAutoProxyingConfiguration matched:
      - @ConditionalOnClass found required class 'org.aspectj.weaver.Advice' (OnClassCondition)

   AopAutoConfiguration.AspectJAutoProxyingConfiguration.CglibAutoProxyConfiguration matched:
      - @ConditionalOnBooleanProperty (spring.aop.proxy-target-class=true) matched (OnPropertyCondition)

   ApplicationAvailabilityAutoConfiguration#applicationAvailability matched:
      - @ConditionalOnMissingBean (types: org.springframework.boot.availability.ApplicationAvailability; SearchStrategy: all) did not find any beans (OnBeanCondition)

   AutoServiceRegistrationAutoConfiguration matched:
      - @ConditionalOnProperty (spring.cloud.service-registry.auto-registration.enabled) matched (OnPropertyCondition)

   AutoServiceRegistrationConfiguration matched:
      - @ConditionalOnProperty (spring.cloud.service-registry.auto-registration.enabled) matched (OnPropertyCondition)

   BlockingLoadBalancerClientAutoConfiguration matched:
      - @ConditionalOnProperty (spring.cloud.loadbalancer.enabled=true) matched (OnPropertyCondition)
      - AnyNestedCondition 2 matched 0 did not; NestedCondition on BlockingRestClassesPresentCondition.RestClientPresent @ConditionalOnClass found required class 'org.springframework.web.client.RestClient'; NestedCondition on BlockingRestClassesPresentCondition.RestTemplatePresent @ConditionalOnClass found required class 'org.springframework.web.client.RestTemplate' (BlockingRestClassesPresentCondition)

   BlockingLoadBalancerClientAutoConfiguration#blockingLoadBalancerClient matched:
      - @ConditionalOnBean (types: org.springframework.cloud.loadbalancer.support.LoadBalancerClientFactory; SearchStrategy: all) found bean 'loadBalancerClientFactory'; @ConditionalOnMissingBean (types: org.springframework.cloud.client.loadbalancer.LoadBalancerClient; SearchStrategy: all) did not find any beans (OnBeanCondition)

   BlockingLoadBalancerClientAutoConfiguration#loadBalancerServiceInstanceCookieTransformer matched:
      - @ConditionalOnBean (types: org.springframework.cloud.loadbalancer.support.LoadBalancerClientFactory; SearchStrategy: all) found bean 'loadBalancerClientFactory'; @ConditionalOnMissingBean (types: org.springframework.cloud.loadbalancer.core.LoadBalancerServiceInstanceCookieTransformer; SearchStrategy: all) did not find any beans (OnBeanCondition)

   BlockingLoadBalancerClientAutoConfiguration#xForwarderHeadersTransformer matched:
      - @ConditionalOnBean (types: org.springframework.cloud.loadbalancer.support.LoadBalancerClientFactory; SearchStrategy: all) found bean 'loadBalancerClientFactory'; @ConditionalOnMissingBean (types: org.springframework.cloud.loadbalancer.blocking.XForwardedHeadersTransformer; SearchStrategy: all) did not find any beans (OnBeanCondition)

   org.springframework.boot.autoconfigure.http.client.reactive.ClientHttpConnectorAutoConfiguration matched:
      - @ConditionalOnClass found required classes 'org.springframework.http.client.reactive.ClientHttpConnector', 'reactor.core.publisher.Mono' (OnClassCondition)
      - Detected ClientHttpConnectorBuilder (ConditionalOnClientHttpConnectorBuilderDetection)

   ClientHttpConnectorAutoConfiguration#clientHttpConnector matched:
      - @ConditionalOnMissingBean (types: org.springframework.http.client.reactive.ClientHttpConnector; SearchStrategy: all) did not find any beans (OnBeanCondition)

   ClientHttpConnectorAutoConfiguration#clientHttpConnectorBuilder matched:
      - @ConditionalOnMissingBean (types: org.springframework.boot.http.client.reactive.ClientHttpConnectorBuilder<?>; SearchStrategy: all) did not find any beans (OnBeanCondition)

   ClientHttpConnectorAutoConfiguration#clientHttpConnectorSettings matched:
      - @ConditionalOnMissingBean (types: org.springframework.boot.http.client.reactive.ClientHttpConnectorSettings; SearchStrategy: all) did not find any beans (OnBeanCondition)

   CompatibilityVerifierAutoConfiguration matched:
      - @ConditionalOnProperty (spring.cloud.compatibility-verifier.enabled) matched (OnPropertyCondition)

   ConfigurationPropertiesRebinderAutoConfiguration matched:
      - @ConditionalOnBean (types: org.springframework.boot.context.properties.ConfigurationPropertiesBindingPostProcessor; SearchStrategy: all) found bean 'org.springframework.boot.context.properties.ConfigurationPropertiesBindingPostProcessor' (OnBeanCondition)

   ConfigurationPropertiesRebinderAutoConfiguration#configurationPropertiesBeans matched:
      - @ConditionalOnMissingBean (types: org.springframework.cloud.context.properties.ConfigurationPropertiesBeans; SearchStrategy: current) did not find any beans (OnBeanCondition)

   ConfigurationPropertiesRebinderAutoConfiguration#configurationPropertiesRebinder matched:
      - @ConditionalOnMissingBean (types: org.springframework.cloud.context.properties.ConfigurationPropertiesRebinder; SearchStrategy: current) did not find any beans (OnBeanCondition)

   DataSourceAutoConfiguration matched:
      - @ConditionalOnClass found required classes 'javax.sql.DataSource', 'org.springframework.jdbc.datasource.embedded.EmbeddedDatabaseType' (OnClassCondition)
      - @ConditionalOnMissingBean (types: io.r2dbc.spi.ConnectionFactory; SearchStrategy: all) did not find any beans (OnBeanCondition)

   DataSourceAutoConfiguration.PooledDataSourceConfiguration matched:
      - AnyNestedCondition 1 matched 1 did not; NestedCondition on DataSourceAutoConfiguration.PooledDataSourceCondition.PooledDataSourceAvailable PooledDataSource found supported DataSource; NestedCondition on DataSourceAutoConfiguration.PooledDataSourceCondition.ExplicitType @ConditionalOnProperty (spring.datasource.type) did not find property 'spring.datasource.type' (DataSourceAutoConfiguration.PooledDataSourceCondition)
      - @ConditionalOnMissingBean (types: javax.sql.DataSource,javax.sql.XADataSource; SearchStrategy: all) did not find any beans (OnBeanCondition)

   DataSourceAutoConfiguration.PooledDataSourceConfiguration#jdbcConnectionDetails matched:
      - @ConditionalOnMissingBean (types: org.springframework.boot.autoconfigure.jdbc.JdbcConnectionDetails; SearchStrategy: all) did not find any beans (OnBeanCondition)

   DataSourceConfiguration.Hikari matched:
      - @ConditionalOnClass found required class 'com.zaxxer.hikari.HikariDataSource' (OnClassCondition)
      - @ConditionalOnProperty (spring.datasource.type=com.zaxxer.hikari.HikariDataSource) matched (OnPropertyCondition)
      - @ConditionalOnMissingBean (types: javax.sql.DataSource; SearchStrategy: all) did not find any beans (OnBeanCondition)

   DataSourceInitializationConfiguration matched:
      - @ConditionalOnClass found required class 'org.springframework.jdbc.datasource.init.DatabasePopulator' (OnClassCondition)
      - @ConditionalOnSingleCandidate (types: javax.sql.DataSource; SearchStrategy: all) found a single bean 'dataSource'; @ConditionalOnMissingBean (types: org.springframework.boot.autoconfigure.sql.init.SqlDataSourceScriptDatabaseInitializer,org.springframework.boot.autoconfigure.sql.init.SqlR2dbcScriptDatabaseInitializer; SearchStrategy: all) did not find any beans (OnBeanCondition)

   DataSourcePoolMetadataProvidersConfiguration.HikariPoolDataSourceMetadataProviderConfiguration matched:
      - @ConditionalOnClass found required class 'com.zaxxer.hikari.HikariDataSource' (OnClassCondition)

   DataSourceTransactionManagerAutoConfiguration matched:
      - @ConditionalOnClass found required classes 'javax.sql.DataSource', 'org.springframework.jdbc.core.JdbcTemplate', 'org.springframework.transaction.TransactionManager' (OnClassCondition)

   DataSourceTransactionManagerAutoConfiguration.JdbcTransactionManagerConfiguration matched:
      - @ConditionalOnSingleCandidate (types: javax.sql.DataSource; SearchStrategy: all) found a single bean 'dataSource' (OnBeanCondition)

   DevToolsDataSourceAutoConfiguration matched:
      - @ConditionalOnClass found required class 'javax.sql.DataSource' (OnClassCondition)
      - Devtools devtools enabled. (OnEnabledDevToolsCondition)
      - DevTools DataSource Condition found auto-configured DataSource (DevToolsDataSourceAutoConfiguration.DevToolsDataSourceCondition)

   DevToolsDataSourceAutoConfiguration.DatabaseShutdownExecutorEntityManagerFactoryDependsOnPostProcessor matched:
      - @ConditionalOnClass found required class 'org.springframework.orm.jpa.LocalContainerEntityManagerFactoryBean' (OnClassCondition)
      - @ConditionalOnBean (types: org.springframework.orm.jpa.AbstractEntityManagerFactoryBean; SearchStrategy: all) found bean '&entityManagerFactory' (OnBeanCondition)

   DiscoveryClientOptionalArgsConfiguration.RestTemplateConfiguration matched:
      - AllNestedConditions 4 matched 0 did not; NestedCondition on DiscoveryClientOptionalArgsConfiguration.OnRestTemplatePresentAndEnabledCondition.OnRestClientDisabled @ConditionalOnProperty (eureka.client.restclient.enabled=false) matched; NestedCondition on DiscoveryClientOptionalArgsConfiguration.OnRestTemplatePresentAndEnabledCondition.OnWebClientDisabled @ConditionalOnProperty (eureka.client.webclient.enabled=false) matched; NestedCondition on DiscoveryClientOptionalArgsConfiguration.OnRestTemplatePresentAndEnabledCondition.OnJerseyClientNotPresentOrNotEnabled AnyNestedCondition 1 matched 1 did not; NestedCondition on DiscoveryClientOptionalArgsConfiguration.OnJerseyClientNotPresentOrNotEnabledCondition.OnJerseyClientDisabled @ConditionalOnProperty (eureka.client.jersey.enabled=false) did not find property 'eureka.client.jersey.enabled'; NestedCondition on DiscoveryClientOptionalArgsConfiguration.OnJerseyClientNotPresentOrNotEnabledCondition.OnJerseyClientMissing @ConditionalOnMissingClass did not find unwanted class 'org.glassfish.jersey.client.JerseyClient'; NestedCondition on DiscoveryClientOptionalArgsConfiguration.OnRestTemplatePresentAndEnabledCondition.OnRestTemplatePresent @ConditionalOnClass found required class 'org.springframework.web.client.RestTemplate' (DiscoveryClientOptionalArgsConfiguration.OnRestTemplatePresentAndEnabledCondition)

   DiscoveryClientOptionalArgsConfiguration.RestTemplateConfiguration#defaultEurekaClientHttpRequestFactorySupplier matched:
      - @ConditionalOnMissingBean (types: org.springframework.cloud.netflix.eureka.http.EurekaClientHttpRequestFactorySupplier; SearchStrategy: all) did not find any beans (OnBeanCondition)

   DiscoveryClientOptionalArgsConfiguration.RestTemplateConfiguration#restTemplateDiscoveryClientOptionalArgs matched:
      - @ConditionalOnMissingBean (types: com.netflix.discovery.AbstractDiscoveryClientOptionalArgs; SearchStrategy: current) did not find any beans (OnBeanCondition)

   DiscoveryClientOptionalArgsConfiguration.RestTemplateConfiguration#restTemplateTransportClientFactories matched:
      - @ConditionalOnMissingBean (types: com.netflix.discovery.shared.transport.jersey.TransportClientFactories; SearchStrategy: current) did not find any beans (OnBeanCondition)

   DispatcherServletAutoConfiguration matched:
      - @ConditionalOnClass found required class 'org.springframework.web.servlet.DispatcherServlet' (OnClassCondition)
      - found 'session' scope (OnWebApplicationCondition)

   DispatcherServletAutoConfiguration.DispatcherServletConfiguration matched:
      - @ConditionalOnClass found required class 'jakarta.servlet.ServletRegistration' (OnClassCondition)
      - Default DispatcherServlet did not find dispatcher servlet beans (DispatcherServletAutoConfiguration.DefaultDispatcherServletCondition)

   DispatcherServletAutoConfiguration.DispatcherServletRegistrationConfiguration matched:
      - @ConditionalOnClass found required class 'jakarta.servlet.ServletRegistration' (OnClassCondition)
      - DispatcherServlet Registration did not find servlet registration bean (DispatcherServletAutoConfiguration.DispatcherServletRegistrationCondition)

   DispatcherServletAutoConfiguration.DispatcherServletRegistrationConfiguration#dispatcherServletRegistration matched:
      - @ConditionalOnBean (names: dispatcherServlet types: org.springframework.web.servlet.DispatcherServlet; SearchStrategy: all) found bean 'dispatcherServlet' (OnBeanCondition)

   EmbeddedWebServerFactoryCustomizerAutoConfiguration matched:
      - @ConditionalOnWebApplication (required) found 'session' scope (OnWebApplicationCondition)
      - @ConditionalOnWarDeployment the application is not deployed as a WAR file. (OnWarDeploymentCondition)

   EmbeddedWebServerFactoryCustomizerAutoConfiguration.TomcatWebServerFactoryCustomizerConfiguration matched:
      - @ConditionalOnClass found required classes 'org.apache.catalina.startup.Tomcat', 'org.apache.coyote.UpgradeProtocol' (OnClassCondition)

   ErrorMvcAutoConfiguration matched:
      - @ConditionalOnClass found required classes 'jakarta.servlet.Servlet', 'org.springframework.web.servlet.DispatcherServlet' (OnClassCondition)
      - found 'session' scope (OnWebApplicationCondition)

   ErrorMvcAutoConfiguration#basicErrorController matched:
      - @ConditionalOnMissingBean (types: org.springframework.boot.web.servlet.error.ErrorController; SearchStrategy: current) did not find any beans (OnBeanCondition)

   ErrorMvcAutoConfiguration#errorAttributes matched:
      - @ConditionalOnMissingBean (types: org.springframework.boot.web.servlet.error.ErrorAttributes; SearchStrategy: current) did not find any beans (OnBeanCondition)

   ErrorMvcAutoConfiguration.DefaultErrorViewResolverConfiguration#conventionErrorViewResolver matched:
      - @ConditionalOnBean (types: org.springframework.web.servlet.DispatcherServlet; SearchStrategy: all) found bean 'dispatcherServlet'; @ConditionalOnMissingBean (types: org.springframework.boot.autoconfigure.web.servlet.error.ErrorViewResolver; SearchStrategy: all) did not find any beans (OnBeanCondition)

   ErrorMvcAutoConfiguration.WhitelabelErrorViewConfiguration matched:
      - @ConditionalOnBooleanProperty (server.error.whitelabel.enabled=true) matched (OnPropertyCondition)
      - ErrorTemplate Missing did not find error template view (ErrorMvcAutoConfiguration.ErrorTemplateMissingCondition)

   ErrorMvcAutoConfiguration.WhitelabelErrorViewConfiguration#beanNameViewResolver matched:
      - @ConditionalOnMissingBean (types: org.springframework.web.servlet.view.BeanNameViewResolver; SearchStrategy: all) did not find any beans (OnBeanCondition)

   ErrorMvcAutoConfiguration.WhitelabelErrorViewConfiguration#defaultErrorView matched:
      - @ConditionalOnMissingBean (names: error; SearchStrategy: all) did not find any beans (OnBeanCondition)

   EurekaClientAutoConfiguration matched:
      - @ConditionalOnClass found required class 'com.netflix.discovery.EurekaClientConfig' (OnClassCondition)
      - @ConditionalOnProperty (eureka.client.enabled) matched; @ConditionalOnProperty (spring.cloud.discovery.enabled) matched (OnPropertyCondition)

   EurekaClientAutoConfiguration#eurekaAutoServiceRegistration matched:
      - @ConditionalOnProperty (spring.cloud.service-registry.auto-registration.enabled) matched (OnPropertyCondition)
      - @ConditionalOnBean (types: org.springframework.cloud.client.serviceregistry.AutoServiceRegistrationProperties; SearchStrategy: all) found bean 'spring.cloud.service-registry.auto-registration-org.springframework.cloud.client.serviceregistry.AutoServiceRegistrationProperties' (OnBeanCondition)

   EurekaClientAutoConfiguration#eurekaClientConfigBean matched:
      - @ConditionalOnMissingBean (types: com.netflix.discovery.EurekaClientConfig; SearchStrategy: current) did not find any beans (OnBeanCondition)

   EurekaClientAutoConfiguration#eurekaInstanceConfigBean matched:
      - @ConditionalOnMissingBean (types: com.netflix.appinfo.EurekaInstanceConfig; SearchStrategy: current) did not find any beans (OnBeanCondition)

   EurekaClientAutoConfiguration#serviceManagementMetadataProvider matched:
      - @ConditionalOnMissingBean (types: org.springframework.cloud.netflix.eureka.metadata.ManagementMetadataProvider; SearchStrategy: all) did not find any beans (OnBeanCondition)

   EurekaClientAutoConfiguration.RefreshableEurekaClientConfiguration matched:
      - @ConditionalOnClass found required class 'org.springframework.cloud.context.scope.refresh.RefreshScope' (OnClassCondition)
      - @ConditionalOnProperty (eureka.client.refresh.enable=true) matched (OnPropertyCondition)
      - @ConditionalOnBean (types: org.springframework.cloud.autoconfigure.RefreshAutoConfiguration; SearchStrategy: all) found bean 'org.springframework.cloud.autoconfigure.RefreshAutoConfiguration' (OnBeanCondition)

   EurekaClientAutoConfiguration.RefreshableEurekaClientConfiguration#eurekaApplicationInfoManager matched:
      - @ConditionalOnMissingBean (types: com.netflix.appinfo.ApplicationInfoManager; SearchStrategy: current) did not find any beans (OnBeanCondition)

   EurekaClientAutoConfiguration.RefreshableEurekaClientConfiguration#eurekaClient matched:
      - @ConditionalOnMissingBean (types: com.netflix.discovery.EurekaClient; SearchStrategy: current) did not find any beans (OnBeanCondition)

   EurekaClientAutoConfiguration.RefreshableEurekaClientConfiguration#eurekaRegistration matched:
      - @ConditionalOnProperty (spring.cloud.service-registry.auto-registration.enabled) matched (OnPropertyCondition)
      - @ConditionalOnBean (types: org.springframework.cloud.client.serviceregistry.AutoServiceRegistrationProperties; SearchStrategy: all) found bean 'spring.cloud.service-registry.auto-registration-org.springframework.cloud.client.serviceregistry.AutoServiceRegistrationProperties' (OnBeanCondition)

   EurekaDiscoveryClientConfiguration matched:
      - @ConditionalOnClass found required class 'com.netflix.discovery.EurekaClientConfig' (OnClassCondition)
      - @ConditionalOnProperty (eureka.client.enabled) matched; @ConditionalOnProperty (spring.cloud.discovery.enabled) matched; @ConditionalOnProperty (spring.cloud.discovery.blocking.enabled) matched (OnPropertyCondition)

   EurekaDiscoveryClientConfiguration#discoveryClient matched:
      - @ConditionalOnMissingBean (types: org.springframework.cloud.netflix.eureka.EurekaDiscoveryClient; SearchStrategy: all) did not find any beans (OnBeanCondition)

   EurekaDiscoveryClientConfiguration.EurekaClientConfigurationRefresher matched:
      - @ConditionalOnClass found required class 'org.springframework.cloud.context.scope.refresh.RefreshScopeRefreshedEvent' (OnClassCondition)

   GenericCacheConfiguration matched:
      - Cache org.springframework.boot.autoconfigure.cache.GenericCacheConfiguration automatic cache type (CacheCondition)

   GsonAutoConfiguration matched:
      - @ConditionalOnClass found required class 'com.google.gson.Gson' (OnClassCondition)

   GsonAutoConfiguration#gson matched:
      - @ConditionalOnMissingBean (types: com.google.gson.Gson; SearchStrategy: all) did not find any beans (OnBeanCondition)

   GsonAutoConfiguration#gsonBuilder matched:
      - @ConditionalOnMissingBean (types: com.google.gson.GsonBuilder; SearchStrategy: all) did not find any beans (OnBeanCondition)

   GsonHttpMessageConvertersConfiguration matched:
      - @ConditionalOnClass found required class 'com.google.gson.Gson' (OnClassCondition)

   H2ConsoleAutoConfiguration matched:
      - @ConditionalOnClass found required class 'org.h2.server.web.JakartaWebServlet' (OnClassCondition)
      - found 'session' scope (OnWebApplicationCondition)
      - @ConditionalOnBooleanProperty (spring.h2.console.enabled=true) matched (OnPropertyCondition)

   HibernateJpaAutoConfiguration matched:
      - @ConditionalOnClass found required classes 'org.springframework.orm.jpa.LocalContainerEntityManagerFactoryBean', 'jakarta.persistence.EntityManager', 'org.hibernate.engine.spi.SessionImplementor' (OnClassCondition)

   HibernateJpaConfiguration matched:
      - @ConditionalOnSingleCandidate (types: javax.sql.DataSource; SearchStrategy: all) found a single bean 'dataSource' (OnBeanCondition)

   HttpClientAutoConfiguration matched:
      - @ConditionalOnClass found required class 'org.springframework.http.client.ClientHttpRequestFactory' (OnClassCondition)
      - NoneNestedConditions 0 matched 1 did not; NestedCondition on NotReactiveWebApplicationCondition.ReactiveWebApplication did not find reactive web application classes (NotReactiveWebApplicationCondition)

   HttpClientAutoConfiguration#clientHttpRequestFactoryBuilder matched:
      - @ConditionalOnMissingBean (types: org.springframework.boot.http.client.ClientHttpRequestFactoryBuilder<?>; SearchStrategy: all) did not find any beans (OnBeanCondition)

   HttpClientAutoConfiguration#clientHttpRequestFactorySettings matched:
      - @ConditionalOnMissingBean (types: org.springframework.boot.http.client.ClientHttpRequestFactorySettings; SearchStrategy: all) did not find any beans (OnBeanCondition)

   HttpEncodingAutoConfiguration matched:
      - @ConditionalOnClass found required class 'org.springframework.web.filter.CharacterEncodingFilter' (OnClassCondition)
      - found 'session' scope (OnWebApplicationCondition)
      - @ConditionalOnBooleanProperty (server.servlet.encoding.enabled=true) matched (OnPropertyCondition)

   HttpEncodingAutoConfiguration#characterEncodingFilter matched:
      - @ConditionalOnMissingBean (types: org.springframework.web.filter.CharacterEncodingFilter; SearchStrategy: all) did not find any beans (OnBeanCondition)

   HttpMessageConvertersAutoConfiguration matched:
      - @ConditionalOnClass found required class 'org.springframework.http.converter.HttpMessageConverter' (OnClassCondition)
      - NoneNestedConditions 0 matched 1 did not; NestedCondition on HttpMessageConvertersAutoConfiguration.NotReactiveWebApplicationCondition.ReactiveWebApplication did not find reactive web application classes (HttpMessageConvertersAutoConfiguration.NotReactiveWebApplicationCondition)

   HttpMessageConvertersAutoConfiguration#messageConverters matched:
      - @ConditionalOnMissingBean (types: org.springframework.boot.autoconfigure.http.HttpMessageConverters; SearchStrategy: all) did not find any beans (OnBeanCondition)

   HttpMessageConvertersAutoConfiguration.StringHttpMessageConverterConfiguration matched:
      - @ConditionalOnClass found required class 'org.springframework.http.converter.StringHttpMessageConverter' (OnClassCondition)

   HttpMessageConvertersAutoConfiguration.StringHttpMessageConverterConfiguration#stringHttpMessageConverter matched:
      - @ConditionalOnMissingBean (types: org.springframework.http.converter.StringHttpMessageConverter; SearchStrategy: all) did not find any beans (OnBeanCondition)

   JacksonAutoConfiguration matched:
      - @ConditionalOnClass found required class 'com.fasterxml.jackson.databind.ObjectMapper' (OnClassCondition)

   JacksonAutoConfiguration.Jackson2ObjectMapperBuilderCustomizerConfiguration matched:
      - @ConditionalOnClass found required class 'org.springframework.http.converter.json.Jackson2ObjectMapperBuilder' (OnClassCondition)

   JacksonAutoConfiguration.JacksonObjectMapperBuilderConfiguration matched:
      - @ConditionalOnClass found required class 'org.springframework.http.converter.json.Jackson2ObjectMapperBuilder' (OnClassCondition)

   JacksonAutoConfiguration.JacksonObjectMapperBuilderConfiguration#jacksonObjectMapperBuilder matched:
      - @ConditionalOnMissingBean (types: org.springframework.http.converter.json.Jackson2ObjectMapperBuilder; SearchStrategy: all) did not find any beans (OnBeanCondition)

   JacksonAutoConfiguration.JacksonObjectMapperConfiguration matched:
      - @ConditionalOnClass found required class 'org.springframework.http.converter.json.Jackson2ObjectMapperBuilder' (OnClassCondition)

   JacksonAutoConfiguration.JacksonObjectMapperConfiguration#jacksonObjectMapper matched:
      - @ConditionalOnMissingBean (types: com.fasterxml.jackson.databind.ObjectMapper; SearchStrategy: all) did not find any beans (OnBeanCondition)

   JacksonAutoConfiguration.ParameterNamesModuleConfiguration matched:
      - @ConditionalOnClass found required class 'com.fasterxml.jackson.module.paramnames.ParameterNamesModule' (OnClassCondition)

   JacksonAutoConfiguration.ParameterNamesModuleConfiguration#parameterNamesModule matched:
      - @ConditionalOnMissingBean (types: com.fasterxml.jackson.module.paramnames.ParameterNamesModule; SearchStrategy: all) did not find any beans (OnBeanCondition)

   JacksonHttpMessageConvertersConfiguration.MappingJackson2HttpMessageConverterConfiguration matched:
      - @ConditionalOnClass found required class 'com.fasterxml.jackson.databind.ObjectMapper' (OnClassCondition)
      - @ConditionalOnPreferredJsonMapper JACKSON no property was configured and Jackson is the default (OnPreferredJsonMapperCondition)
      - @ConditionalOnBean (types: com.fasterxml.jackson.databind.ObjectMapper; SearchStrategy: all) found bean 'jacksonObjectMapper' (OnBeanCondition)

   JacksonHttpMessageConvertersConfiguration.MappingJackson2HttpMessageConverterConfiguration#mappingJackson2HttpMessageConverter matched:
      - @ConditionalOnMissingBean (types: org.springframework.http.converter.json.MappingJackson2HttpMessageConverter ignored: org.springframework.hateoas.server.mvc.TypeConstrainedMappingJackson2HttpMessageConverter,org.springframework.data.rest.webmvc.alps.AlpsJsonHttpMessageConverter; SearchStrategy: all) did not find any beans (OnBeanCondition)

   JdbcClientAutoConfiguration matched:
      - @ConditionalOnSingleCandidate (types: org.springframework.jdbc.core.namedparam.NamedParameterJdbcTemplate; SearchStrategy: all) found a single bean 'namedParameterJdbcTemplate'; @ConditionalOnMissingBean (types: org.springframework.jdbc.core.simple.JdbcClient; SearchStrategy: all) did not find any beans (OnBeanCondition)

   JdbcTemplateAutoConfiguration matched:
      - @ConditionalOnClass found required classes 'javax.sql.DataSource', 'org.springframework.jdbc.core.JdbcTemplate' (OnClassCondition)
      - @ConditionalOnSingleCandidate (types: javax.sql.DataSource; SearchStrategy: all) found a single bean 'dataSource' (OnBeanCondition)

   JdbcTemplateConfiguration matched:
      - @ConditionalOnMissingBean (types: org.springframework.jdbc.core.JdbcOperations; SearchStrategy: all) did not find any beans (OnBeanCondition)

   JpaBaseConfiguration#entityManagerFactory matched:
      - @ConditionalOnMissingBean (types: org.springframework.orm.jpa.LocalContainerEntityManagerFactoryBean,jakarta.persistence.EntityManagerFactory; SearchStrategy: all) did not find any beans (OnBeanCondition)

   JpaBaseConfiguration#entityManagerFactoryBuilder matched:
      - @ConditionalOnMissingBean (types: org.springframework.boot.orm.jpa.EntityManagerFactoryBuilder; SearchStrategy: all) did not find any beans (OnBeanCondition)

   JpaBaseConfiguration#jpaVendorAdapter matched:
      - @ConditionalOnMissingBean (types: org.springframework.orm.jpa.JpaVendorAdapter; SearchStrategy: all) did not find any beans (OnBeanCondition)

   JpaBaseConfiguration#transactionManager matched:
      - @ConditionalOnMissingBean (types: org.springframework.transaction.TransactionManager; SearchStrategy: all) did not find any beans (OnBeanCondition)

   JpaBaseConfiguration.JpaWebConfiguration matched:
      - @ConditionalOnClass found required class 'org.springframework.web.servlet.config.annotation.WebMvcConfigurer' (OnClassCondition)
      - found 'session' scope (OnWebApplicationCondition)
      - @ConditionalOnBooleanProperty (spring.jpa.open-in-view=true) matched (OnPropertyCondition)
      - @ConditionalOnMissingBean (types: org.springframework.orm.jpa.support.OpenEntityManagerInViewInterceptor,org.springframework.orm.jpa.support.OpenEntityManagerInViewFilter; SearchStrategy: all) did not find any beans (OnBeanCondition)

   JpaBaseConfiguration.PersistenceManagedTypesConfiguration matched:
      - @ConditionalOnMissingBean (types: org.springframework.orm.jpa.LocalContainerEntityManagerFactoryBean,jakarta.persistence.EntityManagerFactory; SearchStrategy: all) did not find any beans (OnBeanCondition)

   JpaBaseConfiguration.PersistenceManagedTypesConfiguration#persistenceManagedTypes matched:
      - @ConditionalOnMissingBean (types: org.springframework.orm.jpa.persistenceunit.PersistenceManagedTypes; SearchStrategy: all) did not find any beans (OnBeanCondition)

   JpaRepositoriesAutoConfiguration matched:
      - @ConditionalOnClass found required class 'org.springframework.data.jpa.repository.JpaRepository' (OnClassCondition)
      - @ConditionalOnBooleanProperty (spring.data.jpa.repositories.enabled=true) matched (OnPropertyCondition)
      - @ConditionalOnBean (types: javax.sql.DataSource; SearchStrategy: all) found bean 'dataSource'; @ConditionalOnMissingBean (types: org.springframework.data.jpa.repository.support.JpaRepositoryFactoryBean,org.springframework.data.jpa.repository.config.JpaRepositoryConfigExtension; SearchStrategy: all) did not find any beans (OnBeanCondition)

   JtaAutoConfiguration matched:
      - @ConditionalOnClass found required class 'jakarta.transaction.Transaction' (OnClassCondition)
      - @ConditionalOnBooleanProperty (spring.jta.enabled=true) matched (OnPropertyCondition)

   LifecycleAutoConfiguration#defaultLifecycleProcessor matched:
      - @ConditionalOnMissingBean (names: lifecycleProcessor; SearchStrategy: current) did not find any beans (OnBeanCondition)

   LifecycleMvcEndpointAutoConfiguration#environmentManager matched:
      - @ConditionalOnMissingBean (types: org.springframework.cloud.context.environment.EnvironmentManager; SearchStrategy: all) did not find any beans (OnBeanCondition)

   org.springframework.cloud.client.loadbalancer.LoadBalancerAutoConfiguration matched:
      - AnyNestedCondition 2 matched 0 did not; NestedCondition on BlockingRestClassesPresentCondition.RestClientPresent @ConditionalOnClass found required class 'org.springframework.web.client.RestClient'; NestedCondition on BlockingRestClassesPresentCondition.RestTemplatePresent @ConditionalOnClass found required class 'org.springframework.web.client.RestTemplate' (BlockingRestClassesPresentCondition)
      - @ConditionalOnBean (types: org.springframework.cloud.client.loadbalancer.LoadBalancerClient; SearchStrategy: all) found bean 'blockingLoadBalancerClient' (OnBeanCondition)

   org.springframework.cloud.loadbalancer.config.LoadBalancerAutoConfiguration matched:
      - @ConditionalOnProperty (spring.cloud.loadbalancer.enabled=true) matched (OnPropertyCondition)

   LoadBalancerAutoConfiguration#loadBalancerClientFactory matched:
      - @ConditionalOnMissingBean (types: org.springframework.cloud.loadbalancer.support.LoadBalancerClientFactory; SearchStrategy: all) did not find any beans (OnBeanCondition)

   LoadBalancerAutoConfiguration#loadBalancerRequestFactory matched:
      - @ConditionalOnMissingBean (types: org.springframework.cloud.client.loadbalancer.LoadBalancerRequestFactory; SearchStrategy: all) did not find any beans (OnBeanCondition)

   LoadBalancerAutoConfiguration#zoneConfig matched:
      - @ConditionalOnMissingBean (types: org.springframework.cloud.loadbalancer.config.LoadBalancerZoneConfig; SearchStrategy: all) did not find any beans (OnBeanCondition)

   LoadBalancerAutoConfiguration.DeferringLoadBalancerInterceptorConfig#deferringLoadBalancerInterceptor matched:
      - @ConditionalOnMissingBean (types: org.springframework.cloud.client.loadbalancer.DeferringLoadBalancerInterceptor; SearchStrategy: all) did not find any beans (OnBeanCondition)

   LoadBalancerAutoConfiguration.DeferringLoadBalancerInterceptorConfig#lbRestClientPostProcessor matched:
      - @ConditionalOnBean (types: org.springframework.cloud.client.loadbalancer.DeferringLoadBalancerInterceptor; SearchStrategy: all) found bean 'deferringLoadBalancerInterceptor'; @ConditionalOnMissingBean (types: org.springframework.cloud.client.loadbalancer.LoadBalancerRestClientBuilderBeanPostProcessor; SearchStrategy: all) did not find any beans (OnBeanCondition)

   LoadBalancerAutoConfiguration.DeferringLoadBalancerInterceptorConfig#lbRestTemplateBuilderPostProcessor matched:
      - @ConditionalOnBean (types: org.springframework.cloud.client.loadbalancer.DeferringLoadBalancerInterceptor; SearchStrategy: all) found bean 'deferringLoadBalancerInterceptor'; @ConditionalOnMissingBean (types: org.springframework.cloud.client.loadbalancer.LoadBalancerRestTemplateBuilderBeanPostProcessor; SearchStrategy: all) did not find any beans (OnBeanCondition)

   LoadBalancerAutoConfiguration.LoadBalancerInterceptorConfig matched:
      - AnyNestedCondition 1 matched 1 did not; NestedCondition on LoadBalancerAutoConfiguration.RetryMissingOrDisabledCondition.RetryDisabled @ConditionalOnProperty (spring.cloud.loadbalancer.retry.enabled=false) did not find property 'spring.cloud.loadbalancer.retry.enabled'; NestedCondition on LoadBalancerAutoConfiguration.RetryMissingOrDisabledCondition.RetryTemplateMissing @ConditionalOnMissingClass did not find unwanted class 'org.springframework.retry.support.RetryTemplate' (LoadBalancerAutoConfiguration.RetryMissingOrDisabledCondition)

   LoadBalancerAutoConfiguration.LoadBalancerInterceptorConfig#restTemplateCustomizer matched:
      - @ConditionalOnMissingBean (types: org.springframework.cloud.client.loadbalancer.RestTemplateCustomizer; SearchStrategy: all) did not find any beans (OnBeanCondition)

   LoadBalancerCacheAutoConfiguration matched:
      - @ConditionalOnClass found required classes 'org.springframework.cache.CacheManager', 'org.springframework.boot.autoconfigure.cache.CacheAutoConfiguration' (OnClassCondition)
      - AllNestedConditions 2 matched 0 did not; NestedCondition on LoadBalancerCacheAutoConfiguration.OnLoadBalancerCachingEnabledCondition.LoadBalancerCacheEnabled @ConditionalOnProperty (spring.cloud.loadbalancer.cache.enabled) matched; NestedCondition on LoadBalancerCacheAutoConfiguration.OnLoadBalancerCachingEnabledCondition.LoadBalancerEnabled @ConditionalOnProperty (spring.cloud.loadbalancer.enabled=true) matched (LoadBalancerCacheAutoConfiguration.OnLoadBalancerCachingEnabledCondition)

   LoadBalancerCacheAutoConfiguration.DefaultLoadBalancerCacheManagerConfiguration matched:
      - @ConditionalOnClass found required class 'com.stoyanr.evictor.ConcurrentMapWithTimedEviction' (OnClassCondition)
      - AnyNestedCondition 1 matched 1 did not; NestedCondition on LoadBalancerCacheAutoConfiguration.OnCaffeineCacheMissingCondition.CaffeineCacheManagerClassMissing @ConditionalOnMissingClass found unwanted class 'org.springframework.cache.caffeine.CaffeineCacheManager'; NestedCondition on LoadBalancerCacheAutoConfiguration.OnCaffeineCacheMissingCondition.CaffeineClassMissing @ConditionalOnMissingClass did not find unwanted class 'com.github.benmanes.caffeine.cache.Caffeine' (LoadBalancerCacheAutoConfiguration.OnCaffeineCacheMissingCondition)

   LoadBalancerCacheAutoConfiguration.DefaultLoadBalancerCacheManagerConfiguration#defaultLoadBalancerCacheManager matched:
      - @ConditionalOnMissingBean (types: org.springframework.cloud.loadbalancer.cache.LoadBalancerCacheManager; SearchStrategy: all) did not find any beans (OnBeanCondition)

   LoadBalancerCacheAutoConfiguration.LoadBalancerCacheManagerWarnConfiguration matched:
      - AnyNestedCondition 1 matched 1 did not; NestedCondition on LoadBalancerCacheAutoConfiguration.OnCaffeineCacheMissingCondition.CaffeineCacheManagerClassMissing @ConditionalOnMissingClass found unwanted class 'org.springframework.cache.caffeine.CaffeineCacheManager'; NestedCondition on LoadBalancerCacheAutoConfiguration.OnCaffeineCacheMissingCondition.CaffeineClassMissing @ConditionalOnMissingClass did not find unwanted class 'com.github.benmanes.caffeine.cache.Caffeine' (LoadBalancerCacheAutoConfiguration.OnCaffeineCacheMissingCondition)

   LoadBalancerEurekaAutoConfiguration matched:
      - @ConditionalOnClass found required class 'org.springframework.cloud.loadbalancer.annotation.LoadBalancerClientConfigurationRegistrar' (OnClassCondition)
      - @ConditionalOnProperty (eureka.client.enabled) matched (OnPropertyCondition)

   LoadBalancerEurekaAutoConfiguration#eurekaLoadBalancerProperties matched:
      - @ConditionalOnMissingBean (types: org.springframework.cloud.netflix.eureka.loadbalancer.EurekaLoadBalancerProperties; SearchStrategy: all) did not find any beans (OnBeanCondition)

   LocalDevToolsAutoConfiguration matched:
      - Initialized Restarter Condition available and initialized (OnInitializedRestarterCondition)

   LocalDevToolsAutoConfiguration.LiveReloadConfiguration matched:
      - @ConditionalOnBooleanProperty (spring.devtools.livereload.enabled=true) matched (OnPropertyCondition)

   LocalDevToolsAutoConfiguration.LiveReloadConfiguration#liveReloadServer matched:
      - @ConditionalOnMissingBean (types: org.springframework.boot.devtools.livereload.LiveReloadServer; SearchStrategy: all) did not find any beans (OnBeanCondition)

   LocalDevToolsAutoConfiguration.RestartConfiguration matched:
      - @ConditionalOnBooleanProperty (spring.devtools.restart.enabled=true) matched (OnPropertyCondition)

   LocalDevToolsAutoConfiguration.RestartConfiguration#classPathFileSystemWatcher matched:
      - @ConditionalOnMissingBean (types: org.springframework.boot.devtools.classpath.ClassPathFileSystemWatcher; SearchStrategy: all) did not find any beans (OnBeanCondition)

   LocalDevToolsAutoConfiguration.RestartConfiguration#classPathRestartStrategy matched:
      - @ConditionalOnMissingBean (types: org.springframework.boot.devtools.classpath.ClassPathRestartStrategy; SearchStrategy: all) did not find any beans (OnBeanCondition)

   LocalDevToolsAutoConfiguration.RestartConfiguration#conditionEvaluationDeltaLoggingListener matched:
      - @ConditionalOnBooleanProperty (spring.devtools.restart.log-condition-evaluation-delta=true) matched (OnPropertyCondition)

   MultipartAutoConfiguration matched:
      - @ConditionalOnClass found required classes 'jakarta.servlet.Servlet', 'org.springframework.web.multipart.support.StandardServletMultipartResolver', 'jakarta.servlet.MultipartConfigElement' (OnClassCondition)
      - found 'session' scope (OnWebApplicationCondition)
      - @ConditionalOnBooleanProperty (spring.servlet.multipart.enabled=true) matched (OnPropertyCondition)

   MultipartAutoConfiguration#multipartConfigElement matched:
      - @ConditionalOnMissingBean (types: jakarta.servlet.MultipartConfigElement; SearchStrategy: all) did not find any beans (OnBeanCondition)

   MultipartAutoConfiguration#multipartResolver matched:
      - @ConditionalOnMissingBean (types: org.springframework.web.multipart.MultipartResolver; SearchStrategy: all) did not find any beans (OnBeanCondition)

   NamedParameterJdbcTemplateConfiguration matched:
      - @ConditionalOnSingleCandidate (types: org.springframework.jdbc.core.JdbcTemplate; SearchStrategy: all) found a single bean 'jdbcTemplate'; @ConditionalOnMissingBean (types: org.springframework.jdbc.core.namedparam.NamedParameterJdbcOperations; SearchStrategy: all) did not find any beans (OnBeanCondition)

   NoOpCacheConfiguration matched:
      - Cache org.springframework.boot.autoconfigure.cache.NoOpCacheConfiguration automatic cache type (CacheCondition)

   PersistenceExceptionTranslationAutoConfiguration matched:
      - @ConditionalOnClass found required class 'org.springframework.dao.annotation.PersistenceExceptionTranslationPostProcessor' (OnClassCondition)

   PersistenceExceptionTranslationAutoConfiguration#persistenceExceptionTranslationPostProcessor matched:
      - @ConditionalOnBooleanProperty (spring.dao.exceptiontranslation.enabled=true) matched (OnPropertyCondition)
      - @ConditionalOnMissingBean (types: org.springframework.dao.annotation.PersistenceExceptionTranslationPostProcessor; SearchStrategy: all) did not find any beans (OnBeanCondition)

   PropertyPlaceholderAutoConfiguration#propertySourcesPlaceholderConfigurer matched:
      - @ConditionalOnMissingBean (types: org.springframework.context.support.PropertySourcesPlaceholderConfigurer; SearchStrategy: current) did not find any beans (OnBeanCondition)

   ReactorAutoConfiguration matched:
      - @ConditionalOnClass found required class 'reactor.core.publisher.Hooks' (OnClassCondition)

   RefreshAutoConfiguration matched:
      - @ConditionalOnClass found required class 'org.springframework.cloud.context.scope.refresh.RefreshScope' (OnClassCondition)
      - @ConditionalOnProperty (spring.cloud.refresh.enabled) matched (OnPropertyCondition)

   RefreshAutoConfiguration#configDataContextRefresher matched:
      - @ConditionalOnMissingBean (types: org.springframework.cloud.context.refresh.ConfigDataContextRefresher; SearchStrategy: all) did not find any beans (OnBeanCondition)
      - NoneNestedConditions 0 matched 3 did not; NestedCondition on ConditionalOnBootstrapDisabled.OnBootstrapDisabledCondition.OnBootstrapEnabled @ConditionalOnProperty (spring.cloud.bootstrap.enabled) did not find property 'spring.cloud.bootstrap.enabled'; NestedCondition on ConditionalOnBootstrapDisabled.OnBootstrapDisabledCondition.OnUseLegacyProcessingEnabled @ConditionalOnProperty (spring.config.use-legacy-processing) did not find property 'spring.config.use-legacy-processing'; NestedCondition on ConditionalOnBootstrapDisabled.OnBootstrapDisabledCondition.OnBootstrapMarkerClassPresent @ConditionalOnClass did not find required class 'org.springframework.cloud.bootstrap.marker.Marker' (ConditionalOnBootstrapDisabled.OnBootstrapDisabledCondition)

   RefreshAutoConfiguration#loggingRebinder matched:
      - @ConditionalOnMissingBean (types: org.springframework.cloud.logging.LoggingRebinder; SearchStrategy: all) did not find any beans (OnBeanCondition)

   RefreshAutoConfiguration#refreshScope matched:
      - @ConditionalOnMissingBean (types: org.springframework.cloud.context.scope.refresh.RefreshScope; SearchStrategy: all) did not find any beans (OnBeanCondition)

   RefreshAutoConfiguration#refreshScopeLifecycle matched:
      - @ConditionalOnProperty (spring.cloud.refresh.on-restart.enabled) matched (OnPropertyCondition)

   ResourceServerTokenRelayAutoConfiguration matched:
      - @ConditionalOnClass found required class 'org.springframework.web.servlet.config.annotation.WebMvcConfigurer' (OnClassCondition)
      - found 'session' scope (OnWebApplicationCondition)
      - @ConditionalOnProperty (spring.cloud.mvc.token-relay.enabled) matched (OnPropertyCondition)

   RestClientAutoConfiguration matched:
      - @ConditionalOnClass found required class 'org.springframework.web.client.RestClient' (OnClassCondition)
      - AnyNestedCondition 1 matched 1 did not; NestedCondition on NotReactiveWebApplicationOrVirtualThreadsExecutorEnabledCondition.VirtualThreadsExecutorEnabled found non-matching nested conditions @ConditionalOnThreading did not find VIRTUAL; NestedCondition on NotReactiveWebApplicationOrVirtualThreadsExecutorEnabledCondition.NotReactiveWebApplication NoneNestedConditions 0 matched 1 did not; NestedCondition on NotReactiveWebApplicationCondition.ReactiveWebApplication did not find reactive web application classes (NotReactiveWebApplicationOrVirtualThreadsExecutorEnabledCondition)

   RestClientAutoConfiguration#httpMessageConvertersRestClientCustomizer matched:
      - @ConditionalOnMissingBean (types: org.springframework.boot.autoconfigure.web.client.HttpMessageConvertersRestClientCustomizer; SearchStrategy: all) did not find any beans (OnBeanCondition)

   RestClientAutoConfiguration#restClientBuilder matched:
      - @ConditionalOnMissingBean (types: org.springframework.web.client.RestClient$Builder; SearchStrategy: all) did not find any beans (OnBeanCondition)

   RestClientAutoConfiguration#restClientBuilderConfigurer matched:
      - @ConditionalOnMissingBean (types: org.springframework.boot.autoconfigure.web.client.RestClientBuilderConfigurer; SearchStrategy: all) did not find any beans (OnBeanCondition)

   RestClientAutoConfiguration#restClientSsl matched:
      - @ConditionalOnBean (types: org.springframework.boot.ssl.SslBundles; SearchStrategy: all) found bean 'sslBundleRegistry'; @ConditionalOnMissingBean (types: org.springframework.boot.autoconfigure.web.client.RestClientSsl; SearchStrategy: all) did not find any beans (OnBeanCondition)

   RestTemplateAutoConfiguration matched:
      - @ConditionalOnClass found required class 'org.springframework.web.client.RestTemplate' (OnClassCondition)
      - NoneNestedConditions 0 matched 1 did not; NestedCondition on NotReactiveWebApplicationCondition.ReactiveWebApplication did not find reactive web application classes (NotReactiveWebApplicationCondition)

   RestTemplateAutoConfiguration#restTemplateBuilder matched:
      - @ConditionalOnMissingBean (types: org.springframework.boot.web.client.RestTemplateBuilder; SearchStrategy: all) did not find any beans (OnBeanCondition)

   SecurityAutoConfiguration matched:
      - @ConditionalOnClass found required class 'org.springframework.security.authentication.DefaultAuthenticationEventPublisher' (OnClassCondition)

   SecurityAutoConfiguration#authenticationEventPublisher matched:
      - @ConditionalOnMissingBean (types: org.springframework.security.authentication.AuthenticationEventPublisher; SearchStrategy: all) did not find any beans (OnBeanCondition)

   SecurityFilterAutoConfiguration matched:
      - @ConditionalOnClass found required classes 'org.springframework.security.web.context.AbstractSecurityWebApplicationInitializer', 'org.springframework.security.config.http.SessionCreationPolicy' (OnClassCondition)
      - found 'session' scope (OnWebApplicationCondition)

   SecurityFilterAutoConfiguration#securityFilterChainRegistration matched:
      - @ConditionalOnBean (names: springSecurityFilterChain; SearchStrategy: all) found bean 'springSecurityFilterChain' (OnBeanCondition)

   ServletWebServerFactoryAutoConfiguration matched:
      - @ConditionalOnClass found required class 'jakarta.servlet.ServletRequest' (OnClassCondition)
      - found 'session' scope (OnWebApplicationCondition)

   ServletWebServerFactoryAutoConfiguration.TomcatConfiguration matched:
      - @ConditionalOnClass found required class 'org.apache.catalina.startup.Tomcat' (OnClassCondition)

   ServletWebServerFactoryConfiguration.EmbeddedTomcat matched:
      - @ConditionalOnClass found required classes 'jakarta.servlet.Servlet', 'org.apache.catalina.startup.Tomcat', 'org.apache.coyote.UpgradeProtocol' (OnClassCondition)
      - @ConditionalOnMissingBean (types: org.springframework.boot.web.servlet.server.ServletWebServerFactory; SearchStrategy: current) did not find any beans (OnBeanCondition)

   SimpleCacheConfiguration matched:
      - Cache org.springframework.boot.autoconfigure.cache.SimpleCacheConfiguration automatic cache type (CacheCondition)

   SimpleDiscoveryClientAutoConfiguration#simpleDiscoveryProperties matched:
      - @ConditionalOnMissingBean (types: org.springframework.cloud.client.discovery.simple.SimpleDiscoveryProperties; SearchStrategy: all) did not find any beans (OnBeanCondition)

   SpringBootWebSecurityConfiguration matched:
      - found 'session' scope (OnWebApplicationCondition)

   SpringBootWebSecurityConfiguration.WebSecurityEnablerConfiguration matched:
      - @ConditionalOnClass found required class 'org.springframework.security.config.annotation.web.configuration.EnableWebSecurity' (OnClassCondition)
      - @ConditionalOnMissingBean (names: springSecurityFilterChain; SearchStrategy: all) did not find any beans (OnBeanCondition)

   SpringDataWebAutoConfiguration matched:
      - @ConditionalOnClass found required classes 'org.springframework.data.web.PageableHandlerMethodArgumentResolver', 'org.springframework.web.servlet.config.annotation.WebMvcConfigurer' (OnClassCondition)
      - found 'session' scope (OnWebApplicationCondition)
      - @ConditionalOnMissingBean (types: org.springframework.data.web.PageableHandlerMethodArgumentResolver; SearchStrategy: all) did not find any beans (OnBeanCondition)

   SpringDataWebAutoConfiguration#pageableCustomizer matched:
      - @ConditionalOnMissingBean (types: org.springframework.data.web.config.PageableHandlerMethodArgumentResolverCustomizer; SearchStrategy: all) did not find any beans (OnBeanCondition)

   SpringDataWebAutoConfiguration#sortCustomizer matched:
      - @ConditionalOnMissingBean (types: org.springframework.data.web.config.SortHandlerMethodArgumentResolverCustomizer; SearchStrategy: all) did not find any beans (OnBeanCondition)

   SpringDataWebAutoConfiguration#springDataWebSettings matched:
      - @ConditionalOnMissingBean (types: org.springframework.data.web.config.SpringDataWebSettings; SearchStrategy: all) did not find any beans (OnBeanCondition)

   SqlInitializationAutoConfiguration matched:
      - @ConditionalOnBooleanProperty (spring.sql.init.enabled=true) matched (OnPropertyCondition)
      - NoneNestedConditions 0 matched 1 did not; NestedCondition on SqlInitializationAutoConfiguration.SqlInitializationModeCondition.ModeIsNever @ConditionalOnProperty (spring.sql.init.mode=never) did not find property 'spring.sql.init.mode' (SqlInitializationAutoConfiguration.SqlInitializationModeCondition)

   SslAutoConfiguration#sslBundleRegistry matched:
      - @ConditionalOnMissingBean (types: org.springframework.boot.ssl.SslBundleRegistry,org.springframework.boot.ssl.SslBundles; SearchStrategy: all) did not find any beans (OnBeanCondition)

   TaskExecutionAutoConfiguration matched:
      - @ConditionalOnClass found required class 'org.springframework.scheduling.concurrent.ThreadPoolTaskExecutor' (OnClassCondition)

   TaskExecutorConfigurations.AsyncConfigurerConfiguration matched:
      - @ConditionalOnMissingBean (types: org.springframework.scheduling.annotation.AsyncConfigurer; SearchStrategy: all) did not find any beans (OnBeanCondition)

   TaskExecutorConfigurations.AsyncConfigurerConfiguration#applicationTaskExecutorAsyncConfigurer matched:
      - @ConditionalOnMissingBean (types: org.springframework.scheduling.annotation.AsyncConfigurer; SearchStrategy: all) did not find any beans (OnBeanCondition)

   TaskExecutorConfigurations.SimpleAsyncTaskExecutorBuilderConfiguration#simpleAsyncTaskExecutorBuilder matched:
      - @ConditionalOnMissingBean (types: org.springframework.boot.task.SimpleAsyncTaskExecutorBuilder; SearchStrategy: all) did not find any beans (OnBeanCondition)
      - @ConditionalOnThreading found PLATFORM (OnThreadingCondition)

   TaskExecutorConfigurations.TaskExecutorConfiguration matched:
      - AnyNestedCondition 1 matched 1 did not; NestedCondition on TaskExecutorConfigurations.OnExecutorCondition.ModelCondition @ConditionalOnProperty (spring.task.execution.mode=force) did not find property 'spring.task.execution.mode'; NestedCondition on TaskExecutorConfigurations.OnExecutorCondition.ExecutorBeanCondition @ConditionalOnMissingBean (types: java.util.concurrent.Executor; SearchStrategy: all) did not find any beans (TaskExecutorConfigurations.OnExecutorCondition)

   TaskExecutorConfigurations.TaskExecutorConfiguration#applicationTaskExecutor matched:
      - @ConditionalOnThreading found PLATFORM (OnThreadingCondition)

   TaskExecutorConfigurations.ThreadPoolTaskExecutorBuilderConfiguration#threadPoolTaskExecutorBuilder matched:
      - @ConditionalOnMissingBean (types: org.springframework.boot.task.ThreadPoolTaskExecutorBuilder; SearchStrategy: all) did not find any beans (OnBeanCondition)

   TaskSchedulingAutoConfiguration matched:
      - @ConditionalOnClass found required class 'org.springframework.scheduling.concurrent.ThreadPoolTaskScheduler' (OnClassCondition)

   TaskSchedulingConfigurations.SimpleAsyncTaskSchedulerBuilderConfiguration#simpleAsyncTaskSchedulerBuilder matched:
      - @ConditionalOnMissingBean (types: org.springframework.boot.task.SimpleAsyncTaskSchedulerBuilder; SearchStrategy: all) did not find any beans (OnBeanCondition)
      - @ConditionalOnThreading found PLATFORM (OnThreadingCondition)

   TaskSchedulingConfigurations.ThreadPoolTaskSchedulerBuilderConfiguration#threadPoolTaskSchedulerBuilder matched:
      - @ConditionalOnMissingBean (types: org.springframework.boot.task.ThreadPoolTaskSchedulerBuilder; SearchStrategy: all) did not find any beans (OnBeanCondition)

   TransactionAutoConfiguration matched:
      - @ConditionalOnClass found required class 'org.springframework.transaction.PlatformTransactionManager' (OnClassCondition)

   TransactionAutoConfiguration.EnableTransactionManagementConfiguration matched:
      - @ConditionalOnBean (types: org.springframework.transaction.TransactionManager; SearchStrategy: all) found bean 'transactionManager'; @ConditionalOnMissingBean (types: org.springframework.transaction.annotation.AbstractTransactionManagementConfiguration; SearchStrategy: all) did not find any beans (OnBeanCondition)

   TransactionAutoConfiguration.EnableTransactionManagementConfiguration.CglibAutoProxyConfiguration matched:
      - @ConditionalOnBooleanProperty (spring.aop.proxy-target-class=true) matched (OnPropertyCondition)

   TransactionAutoConfiguration.TransactionTemplateConfiguration matched:
      - @ConditionalOnSingleCandidate (types: org.springframework.transaction.PlatformTransactionManager; SearchStrategy: all) found a single bean 'transactionManager' (OnBeanCondition)

   TransactionAutoConfiguration.TransactionTemplateConfiguration#transactionTemplate matched:
      - @ConditionalOnMissingBean (types: org.springframework.transaction.support.TransactionOperations; SearchStrategy: all) did not find any beans (OnBeanCondition)

   TransactionManagerCustomizationAutoConfiguration matched:
      - @ConditionalOnClass found required class 'org.springframework.transaction.PlatformTransactionManager' (OnClassCondition)

   TransactionManagerCustomizationAutoConfiguration#platformTransactionManagerCustomizers matched:
      - @ConditionalOnMissingBean (types: org.springframework.boot.autoconfigure.transaction.TransactionManagerCustomizers; SearchStrategy: all) did not find any beans (OnBeanCondition)

   UserDetailsServiceAutoConfiguration matched:
      - @ConditionalOnClass found required class 'org.springframework.security.authentication.AuthenticationManager' (OnClassCondition)
      - found 'session' scope (OnWebApplicationCondition)
      - AnyNestedCondition 1 matched 2 did not; NestedCondition on UserDetailsServiceAutoConfiguration.MissingAlternativeOrUserPropertiesConfigured.PasswordConfigured @ConditionalOnProperty (spring.security.user.password) did not find property 'spring.security.user.password'; NestedCondition on UserDetailsServiceAutoConfiguration.MissingAlternativeOrUserPropertiesConfigured.NameConfigured @ConditionalOnProperty (spring.security.user.name) did not find property 'spring.security.user.name'; NestedCondition on UserDetailsServiceAutoConfiguration.MissingAlternativeOrUserPropertiesConfigured.MissingAlternative @ConditionalOnMissingClass did not find unwanted classes 'org.springframework.security.oauth2.client.registration.ClientRegistrationRepository', 'org.springframework.security.oauth2.server.resource.introspection.OpaqueTokenIntrospector', 'org.springframework.security.saml2.provider.service.registration.RelyingPartyRegistrationRepository' (UserDetailsServiceAutoConfiguration.MissingAlternativeOrUserPropertiesConfigured)
      - @ConditionalOnBean (types: org.springframework.security.config.ObjectPostProcessor; SearchStrategy: all) found beans 'objectPostProcessor', 'webAuthorizationManagerPostProcessor', 'filterChainDecoratorPostProcessor', 'authenticationManagerPostProcessor'; @ConditionalOnMissingBean (types: org.springframework.security.authentication.AuthenticationManager,org.springframework.security.authentication.AuthenticationProvider,org.springframework.security.core.userdetails.UserDetailsService,org.springframework.security.authentication.AuthenticationManagerResolver,org.springframework.security.oauth2.jwt.JwtDecoder; SearchStrategy: all) did not find any beans (OnBeanCondition)

   UtilAutoConfiguration matched:
      - @ConditionalOnProperty (spring.cloud.util.enabled) matched (OnPropertyCondition)

   UtilAutoConfiguration#inetUtils matched:
      - @ConditionalOnMissingBean (types: org.springframework.cloud.commons.util.InetUtils; SearchStrategy: all) did not find any beans (OnBeanCondition)

   ValidationAutoConfiguration matched:
      - @ConditionalOnClass found required class 'jakarta.validation.executable.ExecutableValidator' (OnClassCondition)
      - @ConditionalOnResource found location classpath:META-INF/services/jakarta.validation.spi.ValidationProvider (OnResourceCondition)

   ValidationAutoConfiguration#defaultValidator matched:
      - @ConditionalOnMissingBean (types: jakarta.validation.Validator; SearchStrategy: all) did not find any beans (OnBeanCondition)

   ValidationAutoConfiguration#methodValidationPostProcessor matched:
      - @ConditionalOnMissingBean (types: org.springframework.validation.beanvalidation.MethodValidationPostProcessor; SearchStrategy: current) did not find any beans (OnBeanCondition)

   WebMvcAutoConfiguration matched:
      - @ConditionalOnClass found required classes 'jakarta.servlet.Servlet', 'org.springframework.web.servlet.DispatcherServlet', 'org.springframework.web.servlet.config.annotation.WebMvcConfigurer' (OnClassCondition)
      - found 'session' scope (OnWebApplicationCondition)
      - @ConditionalOnMissingBean (types: org.springframework.web.servlet.config.annotation.WebMvcConfigurationSupport; SearchStrategy: all) did not find any beans (OnBeanCondition)

   WebMvcAutoConfiguration#formContentFilter matched:
      - @ConditionalOnBooleanProperty (spring.mvc.formcontent.filter.enabled=true) matched (OnPropertyCondition)
      - @ConditionalOnMissingBean (types: org.springframework.web.filter.FormContentFilter; SearchStrategy: all) did not find any beans (OnBeanCondition)

   WebMvcAutoConfiguration.EnableWebMvcConfiguration#flashMapManager matched:
      - @ConditionalOnMissingBean (names: flashMapManager; SearchStrategy: all) did not find any beans (OnBeanCondition)

   WebMvcAutoConfiguration.EnableWebMvcConfiguration#localeResolver matched:
      - @ConditionalOnMissingBean (names: localeResolver; SearchStrategy: all) did not find any beans (OnBeanCondition)

   WebMvcAutoConfiguration.EnableWebMvcConfiguration#themeResolver matched:
      - @ConditionalOnMissingBean (names: themeResolver; SearchStrategy: all) did not find any beans (OnBeanCondition)

   WebMvcAutoConfiguration.EnableWebMvcConfiguration#viewNameTranslator matched:
      - @ConditionalOnMissingBean (names: viewNameTranslator; SearchStrategy: all) did not find any beans (OnBeanCondition)

   WebMvcAutoConfiguration.WebMvcAutoConfigurationAdapter#defaultViewResolver matched:
      - @ConditionalOnMissingBean (types: org.springframework.web.servlet.view.InternalResourceViewResolver; SearchStrategy: all) did not find any beans (OnBeanCondition)

   WebMvcAutoConfiguration.WebMvcAutoConfigurationAdapter#requestContextFilter matched:
      - @ConditionalOnMissingBean (types: org.springframework.web.context.request.RequestContextListener,org.springframework.web.filter.RequestContextFilter; SearchStrategy: all) did not find any beans (OnBeanCondition)

   WebMvcAutoConfiguration.WebMvcAutoConfigurationAdapter#viewResolver matched:
      - @ConditionalOnBean (types: org.springframework.web.servlet.ViewResolver; SearchStrategy: all) found beans 'defaultViewResolver', 'beanNameViewResolver', 'mvcViewResolver'; @ConditionalOnMissingBean (names: viewResolver types: org.springframework.web.servlet.view.ContentNegotiatingViewResolver; SearchStrategy: all) did not find any beans (OnBeanCondition)

   WebSocketServletAutoConfiguration matched:
      - @ConditionalOnClass found required classes 'jakarta.servlet.Servlet', 'jakarta.websocket.server.ServerContainer' (OnClassCondition)
      - found 'session' scope (OnWebApplicationCondition)

   WebSocketServletAutoConfiguration.TomcatWebSocketConfiguration matched:
      - @ConditionalOnClass found required classes 'org.apache.catalina.startup.Tomcat', 'org.apache.tomcat.websocket.server.WsSci' (OnClassCondition)

   WebSocketServletAutoConfiguration.TomcatWebSocketConfiguration#websocketServletWebServerCustomizer matched:
      - @ConditionalOnMissingBean (names: websocketServletWebServerCustomizer; SearchStrategy: all) did not find any beans (OnBeanCondition)


Negative matches:
-----------------

   ActiveMQAutoConfiguration:
      Did not match:
         - @ConditionalOnClass did not find required class 'jakarta.jms.ConnectionFactory' (OnClassCondition)

   AopAutoConfiguration.AspectJAutoProxyingConfiguration.JdkDynamicAutoProxyConfiguration:
      Did not match:
         - @ConditionalOnBooleanProperty (spring.aop.proxy-target-class=false) did not find property 'spring.aop.proxy-target-class' (OnPropertyCondition)

   AopAutoConfiguration.ClassProxyingConfiguration:
      Did not match:
         - @ConditionalOnMissingClass found unwanted class 'org.aspectj.weaver.Advice' (OnClassCondition)

   ArtemisAutoConfiguration:
      Did not match:
         - @ConditionalOnClass did not find required class 'jakarta.jms.ConnectionFactory' (OnClassCondition)

   BatchAutoConfiguration:
      Did not match:
         - @ConditionalOnClass did not find required class 'org.springframework.batch.core.launch.JobLauncher' (OnClassCondition)

   BlockingLoadBalancerClientAutoConfiguration.BlockingLoadBalancerRetryConfig:
      Did not match:
         - @ConditionalOnClass did not find required class 'org.springframework.retry.support.RetryTemplate' (OnClassCondition)

   Cache2kCacheConfiguration:
      Did not match:
         - @ConditionalOnClass did not find required class 'org.cache2k.Cache2kBuilder' (OnClassCondition)

   CacheAutoConfiguration:
      Did not match:
         - @ConditionalOnBean (types: org.springframework.cache.interceptor.CacheAspectSupport; SearchStrategy: all) did not find any beans of type org.springframework.cache.interceptor.CacheAspectSupport (OnBeanCondition)
      Matched:
         - @ConditionalOnClass found required class 'org.springframework.cache.CacheManager' (OnClassCondition)

   CacheAutoConfiguration.CacheManagerEntityManagerFactoryDependsOnPostProcessor:
      Did not match:
         - Ancestor org.springframework.boot.autoconfigure.cache.CacheAutoConfiguration did not match (ConditionEvaluationReport.AncestorsMatchedCondition)
      Matched:
         - @ConditionalOnClass found required class 'org.springframework.orm.jpa.LocalContainerEntityManagerFactoryBean' (OnClassCondition)

   CaffeineCacheConfiguration:
      Did not match:
         - @ConditionalOnClass did not find required class 'com.github.benmanes.caffeine.cache.Caffeine' (OnClassCondition)

   CassandraAutoConfiguration:
      Did not match:
         - @ConditionalOnClass did not find required class 'com.datastax.oss.driver.api.core.CqlSession' (OnClassCondition)

   CassandraDataAutoConfiguration:
      Did not match:
         - @ConditionalOnClass did not find required class 'com.datastax.oss.driver.api.core.CqlSession' (OnClassCondition)

   CassandraReactiveDataAutoConfiguration:
      Did not match:
         - @ConditionalOnClass did not find required class 'com.datastax.oss.driver.api.core.CqlSession' (OnClassCondition)

   CassandraReactiveRepositoriesAutoConfiguration:
      Did not match:
         - @ConditionalOnClass did not find required class 'org.springframework.data.cassandra.ReactiveSession' (OnClassCondition)

   CassandraRepositoriesAutoConfiguration:
      Did not match:
         - @ConditionalOnClass did not find required class 'com.datastax.oss.driver.api.core.CqlSession' (OnClassCondition)

   org.springframework.boot.autoconfigure.web.reactive.function.client.ClientHttpConnectorAutoConfiguration:
      Did not match:
         - @ConditionalOnClass did not find required class 'org.springframework.web.reactive.function.client.WebClient' (OnClassCondition)

   ClientHttpConnectorAutoConfiguration.ReactorNetty:
      Did not match:
         - @ConditionalOnClass did not find required class 'reactor.netty.http.client.HttpClient' (OnClassCondition)

   CloudHypermediaAutoConfiguration:
      Did not match:
         - @ConditionalOnClass did not find required class 'org.springframework.hateoas.Link' (OnClassCondition)

   CodecsAutoConfiguration:
      Did not match:
         - @ConditionalOnClass did not find required class 'org.springframework.web.reactive.function.client.WebClient' (OnClassCondition)

   CommonsClientAutoConfiguration.ActuatorConfiguration:
      Did not match:
         - @ConditionalOnClass did not find required class 'org.springframework.boot.actuate.endpoint.annotation.Endpoint' (OnClassCondition)

   CommonsClientAutoConfiguration.DiscoveryLoadBalancerConfiguration:
      Did not match:
         - @ConditionalOnClass did not find required class 'org.springframework.boot.actuate.health.HealthIndicator' (OnClassCondition)

   CouchbaseAutoConfiguration:
      Did not match:
         - @ConditionalOnClass did not find required class 'com.couchbase.client.java.Cluster' (OnClassCondition)

   CouchbaseCacheConfiguration:
      Did not match:
         - @ConditionalOnClass did not find required class 'com.couchbase.client.java.Cluster' (OnClassCondition)

   CouchbaseDataAutoConfiguration:
      Did not match:
         - @ConditionalOnClass did not find required class 'com.couchbase.client.java.Bucket' (OnClassCondition)

   CouchbaseReactiveDataAutoConfiguration:
      Did not match:
         - @ConditionalOnClass did not find required class 'com.couchbase.client.java.Cluster' (OnClassCondition)

   CouchbaseReactiveRepositoriesAutoConfiguration:
      Did not match:
         - @ConditionalOnClass did not find required class 'com.couchbase.client.java.Cluster' (OnClassCondition)

   CouchbaseRepositoriesAutoConfiguration:
      Did not match:
         - @ConditionalOnClass did not find required class 'com.couchbase.client.java.Bucket' (OnClassCondition)

   DataSourceAutoConfiguration.EmbeddedDatabaseConfiguration:
      Did not match:
         - EmbeddedDataSource spring.datasource.url is set (DataSourceAutoConfiguration.EmbeddedDatabaseCondition)

   DataSourceCheckpointRestoreConfiguration:
      Did not match:
         - @ConditionalOnClass did not find required class 'org.crac.Resource' (OnClassCondition)

   DataSourceConfiguration.Dbcp2:
      Did not match:
         - @ConditionalOnClass did not find required class 'org.apache.commons.dbcp2.BasicDataSource' (OnClassCondition)

   DataSourceConfiguration.Generic:
      Did not match:
         - @ConditionalOnProperty (spring.datasource.type) did not find property 'spring.datasource.type' (OnPropertyCondition)

   DataSourceConfiguration.OracleUcp:
      Did not match:
         - @ConditionalOnClass did not find required classes 'oracle.ucp.jdbc.PoolDataSourceImpl', 'oracle.jdbc.OracleConnection' (OnClassCondition)

   DataSourceConfiguration.Tomcat:
      Did not match:
         - @ConditionalOnClass did not find required class 'org.apache.tomcat.jdbc.pool.DataSource' (OnClassCondition)

   DataSourceJmxConfiguration:
      Did not match:
         - @ConditionalOnBooleanProperty (spring.jmx.enabled=true) did not find property 'spring.jmx.enabled' (OnPropertyCondition)

   DataSourcePoolMetadataProvidersConfiguration.CommonsDbcp2PoolDataSourceMetadataProviderConfiguration:
      Did not match:
         - @ConditionalOnClass did not find required class 'org.apache.commons.dbcp2.BasicDataSource' (OnClassCondition)

   DataSourcePoolMetadataProvidersConfiguration.OracleUcpPoolDataSourceMetadataProviderConfiguration:
      Did not match:
         - @ConditionalOnClass did not find required classes 'oracle.ucp.jdbc.PoolDataSource', 'oracle.jdbc.OracleConnection' (OnClassCondition)

   DataSourcePoolMetadataProvidersConfiguration.TomcatDataSourcePoolMetadataProviderConfiguration:
      Did not match:
         - @ConditionalOnClass did not find required class 'org.apache.tomcat.jdbc.pool.DataSource' (OnClassCondition)

   DataSourceTransactionManagerAutoConfiguration.JdbcTransactionManagerConfiguration#transactionManager:
      Did not match:
         - @ConditionalOnMissingBean (types: org.springframework.transaction.TransactionManager; SearchStrategy: all) found beans of type 'org.springframework.transaction.TransactionManager' transactionManager (OnBeanCondition)

   DevToolsR2dbcAutoConfiguration:
      Did not match:
         - @ConditionalOnClass did not find required class 'io.r2dbc.spi.ConnectionFactory' (OnClassCondition)

   DiscoveryClientOptionalArgsConfiguration.DiscoveryClientOptionalArgsTlsConfiguration:
      Did not match:
         - AllNestedConditions 1 matched 1 did not; NestedCondition on DiscoveryClientOptionalArgsConfiguration.OnJerseyClientPresentAndEnabledCondition.OnJerseyClientEnabled @ConditionalOnProperty (eureka.client.jersey.enabled) matched; NestedCondition on DiscoveryClientOptionalArgsConfiguration.OnJerseyClientPresentAndEnabledCondition.OnJerseyClientPresent @ConditionalOnClass did not find required class 'org.glassfish.jersey.client.JerseyClient' (DiscoveryClientOptionalArgsConfiguration.OnJerseyClientPresentAndEnabledCondition)

   DiscoveryClientOptionalArgsConfiguration.RestClientConfiguration:
      Did not match:
         - AllNestedConditions 3 matched 1 did not; NestedCondition on DiscoveryClientOptionalArgsConfiguration.OnRestClientPresentAndEnabledCondition.OnRestClientEnabled @ConditionalOnProperty (eureka.client.restclient.enabled=true) did not find property 'restclient.enabled'; NestedCondition on DiscoveryClientOptionalArgsConfiguration.OnRestClientPresentAndEnabledCondition.OnWebClientDisabled @ConditionalOnProperty (eureka.client.webclient.enabled=false) matched; NestedCondition on DiscoveryClientOptionalArgsConfiguration.OnRestClientPresentAndEnabledCondition.OnJerseyClientNotPresentOrNotEnabled AnyNestedCondition 1 matched 1 did not; NestedCondition on DiscoveryClientOptionalArgsConfiguration.OnJerseyClientNotPresentOrNotEnabledCondition.OnJerseyClientDisabled @ConditionalOnProperty (eureka.client.jersey.enabled=false) did not find property 'eureka.client.jersey.enabled'; NestedCondition on DiscoveryClientOptionalArgsConfiguration.OnJerseyClientNotPresentOrNotEnabledCondition.OnJerseyClientMissing @ConditionalOnMissingClass did not find unwanted class 'org.glassfish.jersey.client.JerseyClient'; NestedCondition on DiscoveryClientOptionalArgsConfiguration.OnRestClientPresentAndEnabledCondition.OnRestClientPresent @ConditionalOnClass found required class 'org.springframework.web.client.RestClient' (DiscoveryClientOptionalArgsConfiguration.OnRestClientPresentAndEnabledCondition)

   DiscoveryClientOptionalArgsConfiguration.WebClientConfiguration:
      Did not match:
         - @ConditionalOnClass did not find required class 'org.springframework.web.reactive.function.client.WebClient' (OnClassCondition)

   DiscoveryClientOptionalArgsConfiguration.WebClientNotFoundConfiguration:
      Did not match:
         - @ConditionalOnProperty (eureka.client.webclient.enabled=true) did not find property 'webclient.enabled' (OnPropertyCondition)
      Matched:
         - @ConditionalOnMissingClass did not find unwanted class 'org.springframework.web.reactive.function.client.WebClient' (OnClassCondition)

   DispatcherServletAutoConfiguration.DispatcherServletConfiguration#multipartResolver:
      Did not match:
         - @ConditionalOnBean (types: org.springframework.web.multipart.MultipartResolver; SearchStrategy: all) did not find any beans of type org.springframework.web.multipart.MultipartResolver (OnBeanCondition)

   ElasticsearchClientAutoConfiguration:
      Did not match:
         - @ConditionalOnClass did not find required class 'co.elastic.clients.elasticsearch.ElasticsearchClient' (OnClassCondition)

   ElasticsearchDataAutoConfiguration:
      Did not match:
         - @ConditionalOnClass did not find required class 'org.springframework.data.elasticsearch.client.elc.ElasticsearchTemplate' (OnClassCondition)

   ElasticsearchRepositoriesAutoConfiguration:
      Did not match:
         - @ConditionalOnClass did not find required class 'org.springframework.data.elasticsearch.repository.ElasticsearchRepository' (OnClassCondition)

   ElasticsearchRestClientAutoConfiguration:
      Did not match:
         - @ConditionalOnClass did not find required class 'org.elasticsearch.client.RestClientBuilder' (OnClassCondition)

   EmbeddedLdapAutoConfiguration:
      Did not match:
         - @ConditionalOnClass did not find required class 'com.unboundid.ldap.listener.InMemoryDirectoryServer' (OnClassCondition)

   EmbeddedWebServerFactoryCustomizerAutoConfiguration.JettyWebServerFactoryCustomizerConfiguration:
      Did not match:
         - @ConditionalOnClass did not find required classes 'org.eclipse.jetty.server.Server', 'org.eclipse.jetty.util.Loader', 'org.eclipse.jetty.ee10.webapp.WebAppContext' (OnClassCondition)

   EmbeddedWebServerFactoryCustomizerAutoConfiguration.NettyWebServerFactoryCustomizerConfiguration:
      Did not match:
         - @ConditionalOnClass did not find required class 'reactor.netty.http.server.HttpServer' (OnClassCondition)

   EmbeddedWebServerFactoryCustomizerAutoConfiguration.TomcatWebServerFactoryCustomizerConfiguration#tomcatVirtualThreadsProtocolHandlerCustomizer:
      Did not match:
         - @ConditionalOnThreading did not find VIRTUAL (OnThreadingCondition)

   EmbeddedWebServerFactoryCustomizerAutoConfiguration.UndertowWebServerFactoryCustomizerConfiguration:
      Did not match:
         - @ConditionalOnClass did not find required classes 'io.undertow.Undertow', 'org.xnio.SslClientAuthMode' (OnClassCondition)

   ErrorWebFluxAutoConfiguration:
      Did not match:
         - @ConditionalOnClass did not find required class 'org.springframework.web.reactive.config.WebFluxConfigurer' (OnClassCondition)

   EurekaClientAutoConfiguration.EurekaClientConfiguration:
      Did not match:
         - AnyNestedCondition 0 matched 3 did not; NestedCondition on EurekaClientAutoConfiguration.OnMissingRefreshScopeCondition.OnPropertyDisabled @ConditionalOnProperty (eureka.client.refresh.enable=false) did not find property 'eureka.client.refresh.enable'; NestedCondition on EurekaClientAutoConfiguration.OnMissingRefreshScopeCondition.MissingScope @ConditionalOnMissingBean (types: org.springframework.cloud.autoconfigure.RefreshAutoConfiguration; SearchStrategy: all) found beans of type 'org.springframework.cloud.autoconfigure.RefreshAutoConfiguration' org.springframework.cloud.autoconfigure.RefreshAutoConfiguration; NestedCondition on EurekaClientAutoConfiguration.OnMissingRefreshScopeCondition.MissingClass @ConditionalOnMissingClass found unwanted class 'org.springframework.cloud.context.scope.refresh.RefreshScope' (EurekaClientAutoConfiguration.OnMissingRefreshScopeCondition)

   EurekaClientAutoConfiguration.EurekaHealthIndicatorConfiguration:
      Did not match:
         - @ConditionalOnClass did not find required class 'org.springframework.boot.actuate.health.Health' (OnClassCondition)

   EurekaClientConfigServerAutoConfiguration:
      Did not match:
         - @ConditionalOnClass did not find required class 'org.springframework.cloud.config.server.config.ConfigServerProperties' (OnClassCondition)

   EurekaDiscoveryClientConfiguration.EurekaHealthCheckHandlerConfiguration:
      Did not match:
         - @ConditionalOnProperty (eureka.client.healthcheck.enabled) did not find property 'eureka.client.healthcheck.enabled' (OnPropertyCondition)

   EurekaReactiveDiscoveryClientConfiguration:
      Did not match:
         - @ConditionalOnClass did not find required class 'org.springframework.web.reactive.function.client.WebClient' (OnClassCondition)

   FlywayAutoConfiguration:
      Did not match:
         - @ConditionalOnClass did not find required class 'org.flywaydb.core.Flyway' (OnClassCondition)

   FreeMarkerAutoConfiguration:
      Did not match:
         - @ConditionalOnClass did not find required class 'freemarker.template.Configuration' (OnClassCondition)

   GraphQlAutoConfiguration:
      Did not match:
         - @ConditionalOnClass did not find required class 'graphql.GraphQL' (OnClassCondition)

   GraphQlQueryByExampleAutoConfiguration:
      Did not match:
         - @ConditionalOnClass did not find required class 'graphql.GraphQL' (OnClassCondition)

   GraphQlQuerydslAutoConfiguration:
      Did not match:
         - @ConditionalOnClass did not find required class 'com.querydsl.core.Query' (OnClassCondition)

   GraphQlRSocketAutoConfiguration:
      Did not match:
         - @ConditionalOnClass did not find required class 'graphql.GraphQL' (OnClassCondition)

   GraphQlReactiveQueryByExampleAutoConfiguration:
      Did not match:
         - @ConditionalOnClass did not find required class 'graphql.GraphQL' (OnClassCondition)

   GraphQlReactiveQuerydslAutoConfiguration:
      Did not match:
         - @ConditionalOnClass did not find required class 'com.querydsl.core.Query' (OnClassCondition)

   GraphQlWebFluxAutoConfiguration:
      Did not match:
         - @ConditionalOnClass did not find required class 'graphql.GraphQL' (OnClassCondition)

   GraphQlWebFluxSecurityAutoConfiguration:
      Did not match:
         - @ConditionalOnClass did not find required class 'graphql.GraphQL' (OnClassCondition)

   GraphQlWebMvcAutoConfiguration:
      Did not match:
         - @ConditionalOnClass did not find required class 'graphql.GraphQL' (OnClassCondition)

   GraphQlWebMvcSecurityAutoConfiguration:
      Did not match:
         - @ConditionalOnClass did not find required class 'graphql.GraphQL' (OnClassCondition)

   GroovyTemplateAutoConfiguration:
      Did not match:
         - @ConditionalOnClass did not find required class 'groovy.text.markup.MarkupTemplateEngine' (OnClassCondition)

   GsonHttpMessageConvertersConfiguration.GsonHttpMessageConverterConfiguration:
      Did not match:
         - AnyNestedCondition 0 matched 2 did not; NestedCondition on GsonHttpMessageConvertersConfiguration.PreferGsonOrJacksonAndJsonbUnavailableCondition.JacksonJsonbUnavailable NoneNestedConditions 1 matched 1 did not; NestedCondition on GsonHttpMessageConvertersConfiguration.JacksonAndJsonbUnavailableCondition.JsonbPreferred @ConditionalOnPreferredJsonMapper JSONB no property was configured and Jackson is the default; NestedCondition on GsonHttpMessageConvertersConfiguration.JacksonAndJsonbUnavailableCondition.JacksonAvailable @ConditionalOnBean (types: org.springframework.http.converter.json.MappingJackson2HttpMessageConverter; SearchStrategy: all) found bean 'mappingJackson2HttpMessageConverter'; NestedCondition on GsonHttpMessageConvertersConfiguration.PreferGsonOrJacksonAndJsonbUnavailableCondition.GsonPreferred @ConditionalOnPreferredJsonMapper GSON no property was configured and Jackson is the default (GsonHttpMessageConvertersConfiguration.PreferGsonOrJacksonAndJsonbUnavailableCondition)

   HazelcastAutoConfiguration:
      Did not match:
         - @ConditionalOnClass did not find required class 'com.hazelcast.core.HazelcastInstance' (OnClassCondition)

   HazelcastCacheConfiguration:
      Did not match:
         - @ConditionalOnClass did not find required class 'com.hazelcast.core.HazelcastInstance' (OnClassCondition)

   HazelcastJpaDependencyAutoConfiguration:
      Did not match:
         - @ConditionalOnClass did not find required class 'com.hazelcast.core.HazelcastInstance' (OnClassCondition)

   HttpHandlerAutoConfiguration:
      Did not match:
         - @ConditionalOnClass did not find required class 'org.springframework.web.reactive.DispatcherHandler' (OnClassCondition)

   HypermediaAutoConfiguration:
      Did not match:
         - @ConditionalOnClass did not find required class 'org.springframework.hateoas.EntityModel' (OnClassCondition)

   InfinispanCacheConfiguration:
      Did not match:
         - @ConditionalOnClass did not find required class 'org.infinispan.spring.embedded.provider.SpringEmbeddedCacheManager' (OnClassCondition)

   IntegrationAutoConfiguration:
      Did not match:
         - @ConditionalOnClass did not find required class 'org.springframework.integration.config.EnableIntegration' (OnClassCondition)

   JCacheCacheConfiguration:
      Did not match:
         - @ConditionalOnClass did not find required class 'javax.cache.Caching' (OnClassCondition)

   JacksonHttpMessageConvertersConfiguration.MappingJackson2XmlHttpMessageConverterConfiguration:
      Did not match:
         - @ConditionalOnClass did not find required class 'com.fasterxml.jackson.dataformat.xml.XmlMapper' (OnClassCondition)

   JdbcRepositoriesAutoConfiguration:
      Did not match:
         - @ConditionalOnClass did not find required class 'org.springframework.data.jdbc.repository.config.AbstractJdbcConfiguration' (OnClassCondition)

   JerseyAutoConfiguration:
      Did not match:
         - @ConditionalOnClass did not find required class 'org.glassfish.jersey.server.spring.SpringComponentProvider' (OnClassCondition)

   JmsAutoConfiguration:
      Did not match:
         - @ConditionalOnClass did not find required class 'jakarta.jms.Message' (OnClassCondition)

   JmxAutoConfiguration:
      Did not match:
         - @ConditionalOnBooleanProperty (spring.jmx.enabled=true) did not find property 'spring.jmx.enabled' (OnPropertyCondition)
      Matched:
         - @ConditionalOnClass found required class 'org.springframework.jmx.export.MBeanExporter' (OnClassCondition)

   JndiConnectionFactoryAutoConfiguration:
      Did not match:
         - @ConditionalOnClass did not find required class 'org.springframework.jms.core.JmsTemplate' (OnClassCondition)

   JndiDataSourceAutoConfiguration:
      Did not match:
         - @ConditionalOnProperty (spring.datasource.jndi-name) did not find property 'spring.datasource.jndi-name' (OnPropertyCondition)
      Matched:
         - @ConditionalOnClass found required classes 'javax.sql.DataSource', 'org.springframework.jdbc.datasource.embedded.EmbeddedDatabaseType' (OnClassCondition)

   JndiJtaConfiguration:
      Did not match:
         - @ConditionalOnJndi JNDI environment is not available (OnJndiCondition)
      Matched:
         - @ConditionalOnClass found required class 'org.springframework.transaction.jta.JtaTransactionManager' (OnClassCondition)

   JooqAutoConfiguration:
      Did not match:
         - @ConditionalOnClass did not find required class 'org.jooq.DSLContext' (OnClassCondition)

   JpaRepositoriesAutoConfiguration#entityManagerFactoryBootstrapExecutorCustomizer:
      Did not match:
         - AnyNestedCondition 0 matched 2 did not; NestedCondition on JpaRepositoriesAutoConfiguration.BootstrapExecutorCondition.LazyBootstrapMode @ConditionalOnProperty (spring.data.jpa.repositories.bootstrap-mode=lazy) did not find property 'spring.data.jpa.repositories.bootstrap-mode'; NestedCondition on JpaRepositoriesAutoConfiguration.BootstrapExecutorCondition.DeferredBootstrapMode @ConditionalOnProperty (spring.data.jpa.repositories.bootstrap-mode=deferred) did not find property 'spring.data.jpa.repositories.bootstrap-mode' (JpaRepositoriesAutoConfiguration.BootstrapExecutorCondition)

   JsonbAutoConfiguration:
      Did not match:
         - @ConditionalOnClass did not find required class 'jakarta.json.bind.Jsonb' (OnClassCondition)

   JsonbHttpMessageConvertersConfiguration:
      Did not match:
         - @ConditionalOnClass did not find required class 'jakarta.json.bind.Jsonb' (OnClassCondition)

   KafkaAutoConfiguration:
      Did not match:
         - @ConditionalOnClass did not find required class 'org.springframework.kafka.core.KafkaTemplate' (OnClassCondition)

   LdapAutoConfiguration:
      Did not match:
         - @ConditionalOnClass did not find required class 'org.springframework.ldap.core.ContextSource' (OnClassCondition)

   LdapRepositoriesAutoConfiguration:
      Did not match:
         - @ConditionalOnClass did not find required class 'org.springframework.data.ldap.repository.LdapRepository' (OnClassCondition)

   LiquibaseAutoConfiguration:
      Did not match:
         - @ConditionalOnClass did not find required class 'liquibase.change.DatabaseChange' (OnClassCondition)

   LoadBalancerAutoConfiguration.RetryAutoConfiguration:
      Did not match:
         - @ConditionalOnClass did not find required class 'org.springframework.retry.support.RetryTemplate' (OnClassCondition)

   LoadBalancerAutoConfiguration.RetryInterceptorAutoConfiguration:
      Did not match:
         - @ConditionalOnClass did not find required class 'org.springframework.retry.support.RetryTemplate' (OnClassCondition)

   LoadBalancerBeanPostProcessorAutoConfiguration:
      Did not match:
         - @ConditionalOnClass did not find required class 'org.springframework.web.reactive.function.client.WebClient' (OnClassCondition)

   LoadBalancerCacheAutoConfiguration.CaffeineLoadBalancerCacheManagerConfiguration:
      Did not match:
         - @ConditionalOnClass did not find required class 'com.github.benmanes.caffeine.cache.Caffeine' (OnClassCondition)

   LoadBalancerEurekaAutoConfiguration#zoneConfig:
      Did not match:
         - @ConditionalOnMissingBean (types: org.springframework.cloud.loadbalancer.config.LoadBalancerZoneConfig; SearchStrategy: all) found beans of type 'org.springframework.cloud.loadbalancer.config.LoadBalancerZoneConfig' zoneConfig (OnBeanCondition)

   LoadBalancerStatsAutoConfiguration:
      Did not match:
         - @ConditionalOnClass did not find required class 'io.micrometer.core.instrument.MeterRegistry' (OnClassCondition)

   MailSenderAutoConfiguration:
      Did not match:
         - @ConditionalOnClass did not find required class 'jakarta.mail.internet.MimeMessage' (OnClassCondition)

   MailSenderValidatorAutoConfiguration:
      Did not match:
         - @ConditionalOnBooleanProperty (spring.mail.test-connection=true) did not find property 'spring.mail.test-connection' (OnPropertyCondition)

   MessageSourceAutoConfiguration:
      Did not match:
         - ResourceBundle did not find bundle with basename messages (MessageSourceAutoConfiguration.ResourceBundleCondition)

   MongoAutoConfiguration:
      Did not match:
         - @ConditionalOnClass did not find required class 'com.mongodb.client.MongoClient' (OnClassCondition)

   MongoDataAutoConfiguration:
      Did not match:
         - @ConditionalOnClass did not find required class 'com.mongodb.client.MongoClient' (OnClassCondition)

   MongoReactiveAutoConfiguration:
      Did not match:
         - @ConditionalOnClass did not find required class 'com.mongodb.reactivestreams.client.MongoClient' (OnClassCondition)

   MongoReactiveDataAutoConfiguration:
      Did not match:
         - @ConditionalOnClass did not find required class 'com.mongodb.reactivestreams.client.MongoClient' (OnClassCondition)

   MongoReactiveRepositoriesAutoConfiguration:
      Did not match:
         - @ConditionalOnClass did not find required class 'com.mongodb.reactivestreams.client.MongoClient' (OnClassCondition)

   MongoRepositoriesAutoConfiguration:
      Did not match:
         - @ConditionalOnClass did not find required class 'com.mongodb.client.MongoClient' (OnClassCondition)

   MustacheAutoConfiguration:
      Did not match:
         - @ConditionalOnClass did not find required class 'com.samskivert.mustache.Mustache' (OnClassCondition)

   Neo4jAutoConfiguration:
      Did not match:
         - @ConditionalOnClass did not find required class 'org.neo4j.driver.Driver' (OnClassCondition)

   Neo4jDataAutoConfiguration:
      Did not match:
         - @ConditionalOnClass did not find required class 'org.neo4j.driver.Driver' (OnClassCondition)

   Neo4jReactiveDataAutoConfiguration:
      Did not match:
         - @ConditionalOnClass did not find required class 'org.neo4j.driver.Driver' (OnClassCondition)

   Neo4jReactiveRepositoriesAutoConfiguration:
      Did not match:
         - @ConditionalOnClass did not find required class 'org.neo4j.driver.Driver' (OnClassCondition)

   Neo4jRepositoriesAutoConfiguration:
      Did not match:
         - @ConditionalOnClass did not find required class 'org.neo4j.driver.Driver' (OnClassCondition)

   NettyAutoConfiguration:
      Did not match:
         - @ConditionalOnClass did not find required class 'io.netty.util.NettyRuntime' (OnClassCondition)

   OAuth2AuthorizationServerAutoConfiguration:
      Did not match:
         - @ConditionalOnClass did not find required class 'org.springframework.security.oauth2.server.authorization.OAuth2Authorization' (OnClassCondition)

   OAuth2AuthorizationServerJwtAutoConfiguration:
      Did not match:
         - @ConditionalOnClass did not find required class 'com.nimbusds.jose.jwk.source.JWKSource' (OnClassCondition)

   OAuth2ClientAutoConfiguration:
      Did not match:
         - @ConditionalOnClass did not find required class 'org.springframework.security.oauth2.client.registration.ClientRegistration' (OnClassCondition)

   OAuth2ClientWebSecurityAutoConfiguration:
      Did not match:
         - @ConditionalOnClass did not find required class 'org.springframework.security.oauth2.client.web.OAuth2AuthorizedClientRepository' (OnClassCondition)

   OAuth2LoadBalancerClientAutoConfiguration:
      Did not match:
         - @ConditionalOnProperty (spring.cloud.oauth2.load-balanced.enabled) did not find property 'spring.cloud.oauth2.load-balanced.enabled' (OnPropertyCondition)

   OAuth2ResourceServerAutoConfiguration:
      Did not match:
         - @ConditionalOnClass did not find required class 'org.springframework.security.oauth2.server.resource.authentication.BearerTokenAuthenticationToken' (OnClassCondition)

   ProjectInfoAutoConfiguration#buildProperties:
      Did not match:
         - @ConditionalOnResource did not find resource '${spring.info.build.location:classpath:META-INF/build-info.properties}' (OnResourceCondition)

   ProjectInfoAutoConfiguration#gitProperties:
      Did not match:
         - GitResource did not find git info at classpath:git.properties (ProjectInfoAutoConfiguration.GitResourceAvailableCondition)

   PulsarAutoConfiguration:
      Did not match:
         - @ConditionalOnClass did not find required class 'org.apache.pulsar.client.api.PulsarClient' (OnClassCondition)

   PulsarReactiveAutoConfiguration:
      Did not match:
         - @ConditionalOnClass did not find required class 'org.apache.pulsar.client.api.PulsarClient' (OnClassCondition)

   QuartzAutoConfiguration:
      Did not match:
         - @ConditionalOnClass did not find required class 'org.quartz.Scheduler' (OnClassCondition)

   R2dbcAutoConfiguration:
      Did not match:
         - @ConditionalOnClass did not find required class 'io.r2dbc.spi.ConnectionFactory' (OnClassCondition)

   R2dbcDataAutoConfiguration:
      Did not match:
         - @ConditionalOnClass did not find required class 'org.springframework.data.r2dbc.core.R2dbcEntityTemplate' (OnClassCondition)

   R2dbcInitializationConfiguration:
      Did not match:
         - @ConditionalOnClass did not find required classes 'io.r2dbc.spi.ConnectionFactory', 'org.springframework.r2dbc.connection.init.DatabasePopulator' (OnClassCondition)

   R2dbcProxyAutoConfiguration:
      Did not match:
         - @ConditionalOnClass did not find required class 'io.r2dbc.proxy.ProxyConnectionFactory' (OnClassCondition)

   R2dbcRepositoriesAutoConfiguration:
      Did not match:
         - @ConditionalOnClass did not find required class 'io.r2dbc.spi.ConnectionFactory' (OnClassCondition)

   R2dbcTransactionManagerAutoConfiguration:
      Did not match:
         - @ConditionalOnClass did not find required class 'org.springframework.r2dbc.connection.R2dbcTransactionManager' (OnClassCondition)

   RSocketGraphQlClientAutoConfiguration:
      Did not match:
         - @ConditionalOnClass did not find required class 'graphql.GraphQL' (OnClassCondition)

   RSocketMessagingAutoConfiguration:
      Did not match:
         - @ConditionalOnClass did not find required class 'io.rsocket.RSocket' (OnClassCondition)

   RSocketRequesterAutoConfiguration:
      Did not match:
         - @ConditionalOnClass did not find required class 'io.rsocket.RSocket' (OnClassCondition)

   RSocketSecurityAutoConfiguration:
      Did not match:
         - @ConditionalOnClass did not find required class 'org.springframework.security.rsocket.core.SecuritySocketAcceptorInterceptor' (OnClassCondition)

   RSocketServerAutoConfiguration:
      Did not match:
         - @ConditionalOnClass did not find required class 'io.rsocket.core.RSocketServer' (OnClassCondition)

   RSocketStrategiesAutoConfiguration:
      Did not match:
         - @ConditionalOnClass did not find required class 'io.netty.buffer.PooledByteBufAllocator' (OnClassCondition)

   RabbitAutoConfiguration:
      Did not match:
         - @ConditionalOnClass did not find required class 'com.rabbitmq.client.Channel' (OnClassCondition)

   ReactiveCommonsClientAutoConfiguration.ReactiveDiscoveryLoadBalancerConfiguration:
      Did not match:
         - @ConditionalOnClass did not find required classes 'org.springframework.boot.actuate.health.ReactiveHealthIndicator', 'org.springframework.web.reactive.function.client.WebClient' (OnClassCondition)

   ReactiveCompositeDiscoveryClientAutoConfiguration:
      Did not match:
         - @ConditionalOnClass did not find required class 'org.springframework.web.reactive.function.client.WebClient' (OnClassCondition)

   ReactiveElasticsearchClientAutoConfiguration:
      Did not match:
         - @ConditionalOnClass did not find required class 'co.elastic.clients.transport.ElasticsearchTransport' (OnClassCondition)

   ReactiveElasticsearchRepositoriesAutoConfiguration:
      Did not match:
         - @ConditionalOnClass did not find required class 'org.springframework.data.elasticsearch.client.elc.ReactiveElasticsearchClient' (OnClassCondition)

   ReactiveMultipartAutoConfiguration:
      Did not match:
         - @ConditionalOnClass did not find required class 'org.springframework.web.reactive.config.WebFluxConfigurer' (OnClassCondition)

   ReactiveOAuth2ClientAutoConfiguration:
      Did not match:
         - @ConditionalOnClass did not find required class 'org.springframework.security.oauth2.client.registration.ClientRegistration' (OnClassCondition)

   ReactiveOAuth2ClientWebSecurityAutoConfiguration:
      Did not match:
         - @ConditionalOnClass did not find required class 'org.springframework.security.oauth2.client.web.server.ServerOAuth2AuthorizedClientRepository' (OnClassCondition)

   ReactiveOAuth2ResourceServerAutoConfiguration:
      Did not match:
         - @ConditionalOnWebApplication did not find reactive web application classes (OnWebApplicationCondition)

   ReactiveSecurityAutoConfiguration:
      Did not match:
         - @ConditionalOnClass did not find required class 'org.springframework.web.reactive.config.WebFluxConfigurer' (OnClassCondition)

   ReactiveUserDetailsServiceAutoConfiguration:
      Did not match:
         - AnyNestedCondition 0 matched 2 did not; NestedCondition on ReactiveUserDetailsServiceAutoConfiguration.RSocketEnabledOrReactiveWebApplication.ReactiveWebApplicationCondition did not find reactive web application classes; NestedCondition on ReactiveUserDetailsServiceAutoConfiguration.RSocketEnabledOrReactiveWebApplication.RSocketSecurityEnabledCondition @ConditionalOnBean (types: org.springframework.messaging.rsocket.annotation.support.RSocketMessageHandler; SearchStrategy: all) did not find any beans of type org.springframework.messaging.rsocket.annotation.support.RSocketMessageHandler (ReactiveUserDetailsServiceAutoConfiguration.RSocketEnabledOrReactiveWebApplication)
      Matched:
         - @ConditionalOnClass found required class 'org.springframework.security.authentication.ReactiveAuthenticationManager' (OnClassCondition)
         - AnyNestedCondition 1 matched 2 did not; NestedCondition on ReactiveUserDetailsServiceAutoConfiguration.MissingAlternativeOrUserPropertiesConfigured.PasswordConfigured @ConditionalOnProperty (spring.security.user.password) did not find property 'spring.security.user.password'; NestedCondition on ReactiveUserDetailsServiceAutoConfiguration.MissingAlternativeOrUserPropertiesConfigured.NameConfigured @ConditionalOnProperty (spring.security.user.name) did not find property 'spring.security.user.name'; NestedCondition on ReactiveUserDetailsServiceAutoConfiguration.MissingAlternativeOrUserPropertiesConfigured.MissingAlternative @ConditionalOnMissingClass did not find unwanted classes 'org.springframework.security.oauth2.client.registration.ClientRegistrationRepository', 'org.springframework.security.oauth2.server.resource.introspection.ReactiveOpaqueTokenIntrospector' (ReactiveUserDetailsServiceAutoConfiguration.MissingAlternativeOrUserPropertiesConfigured)

   ReactiveWebServerFactoryAutoConfiguration:
      Did not match:
         - @ConditionalOnWebApplication did not find reactive web application classes (OnWebApplicationCondition)

   ReactorLoadBalancerClientAutoConfiguration:
      Did not match:
         - @ConditionalOnClass did not find required class 'org.springframework.web.reactive.function.client.WebClient' (OnClassCondition)

   RedisAutoConfiguration:
      Did not match:
         - @ConditionalOnClass did not find required class 'org.springframework.data.redis.core.RedisOperations' (OnClassCondition)

   RedisCacheConfiguration:
      Did not match:
         - @ConditionalOnClass did not find required class 'org.springframework.data.redis.connection.RedisConnectionFactory' (OnClassCondition)

   RedisReactiveAutoConfiguration:
      Did not match:
         - @ConditionalOnClass did not find required class 'org.springframework.data.redis.connection.ReactiveRedisConnectionFactory' (OnClassCondition)

   RedisRepositoriesAutoConfiguration:
      Did not match:
         - @ConditionalOnClass did not find required class 'org.springframework.data.redis.repository.configuration.EnableRedisRepositories' (OnClassCondition)

   RefreshAutoConfiguration#legacyContextRefresher:
      Did not match:
         - AnyNestedCondition 0 matched 3 did not; NestedCondition on ConditionalOnBootstrapEnabled.OnBootstrapEnabledCondition.OnBootstrapEnabled @ConditionalOnProperty (spring.cloud.bootstrap.enabled) did not find property 'spring.cloud.bootstrap.enabled'; NestedCondition on ConditionalOnBootstrapEnabled.OnBootstrapEnabledCondition.OnUseLegacyProcessingEnabled @ConditionalOnProperty (spring.config.use-legacy-processing) did not find property 'spring.config.use-legacy-processing'; NestedCondition on ConditionalOnBootstrapEnabled.OnBootstrapEnabledCondition.OnBootstrapMarkerClassPresent @ConditionalOnClass did not find required class 'org.springframework.cloud.bootstrap.marker.Marker' (ConditionalOnBootstrapEnabled.OnBootstrapEnabledCondition)

   RefreshEndpointAutoConfiguration:
      Did not match:
         - @ConditionalOnClass did not find required class 'org.springframework.boot.actuate.autoconfigure.endpoint.EndpointAutoConfiguration' (OnClassCondition)

   RemoteDevToolsAutoConfiguration:
      Did not match:
         - @ConditionalOnProperty (spring.devtools.remote.secret) did not find property 'spring.devtools.remote.secret' (OnPropertyCondition)
      Matched:
         - @ConditionalOnClass found required classes 'jakarta.servlet.Filter', 'org.springframework.http.server.ServerHttpRequest' (OnClassCondition)

   RepositoryRestMvcAutoConfiguration:
      Did not match:
         - @ConditionalOnClass did not find required class 'org.springframework.data.rest.webmvc.config.RepositoryRestMvcConfiguration' (OnClassCondition)

   Saml2RelyingPartyAutoConfiguration:
      Did not match:
         - @ConditionalOnClass did not find required class 'org.springframework.security.saml2.provider.service.registration.RelyingPartyRegistrationRepository' (OnClassCondition)

   SecurityDataConfiguration:
      Did not match:
         - @ConditionalOnClass did not find required class 'org.springframework.security.data.repository.query.SecurityEvaluationContextExtension' (OnClassCondition)

   SendGridAutoConfiguration:
      Did not match:
         - @ConditionalOnClass did not find required class 'com.sendgrid.SendGrid' (OnClassCondition)

   ServiceRegistryAutoConfiguration.ServiceRegistryEndpointConfiguration:
      Did not match:
         - @ConditionalOnClass did not find required class 'org.springframework.boot.actuate.endpoint.annotation.Endpoint' (OnClassCondition)

   ServletWebServerFactoryAutoConfiguration.ForwardedHeaderFilterConfiguration:
      Did not match:
         - @ConditionalOnProperty (server.forward-headers-strategy=framework) did not find property 'server.forward-headers-strategy' (OnPropertyCondition)

   ServletWebServerFactoryConfiguration.EmbeddedJetty:
      Did not match:
         - @ConditionalOnClass did not find required classes 'org.eclipse.jetty.server.Server', 'org.eclipse.jetty.util.Loader', 'org.eclipse.jetty.ee10.webapp.WebAppContext' (OnClassCondition)

   ServletWebServerFactoryConfiguration.EmbeddedUndertow:
      Did not match:
         - @ConditionalOnClass did not find required classes 'io.undertow.Undertow', 'org.xnio.SslClientAuthMode' (OnClassCondition)

   SessionAutoConfiguration:
      Did not match:
         - @ConditionalOnClass did not find required class 'org.springframework.session.Session' (OnClassCondition)

   SimpleReactiveDiscoveryClientAutoConfiguration:
      Did not match:
         - @ConditionalOnClass did not find required class 'org.springframework.web.reactive.function.client.WebClient' (OnClassCondition)

   SpringApplicationAdminJmxAutoConfiguration:
      Did not match:
         - @ConditionalOnBooleanProperty (spring.application.admin.enabled=true) did not find property 'spring.application.admin.enabled' (OnPropertyCondition)

   SpringBootWebSecurityConfiguration.SecurityFilterChainConfiguration:
      Did not match:
         - AllNestedConditions 1 matched 1 did not; NestedCondition on DefaultWebSecurityCondition.Beans @ConditionalOnMissingBean (types: org.springframework.security.web.SecurityFilterChain; SearchStrategy: all) found beans of type 'org.springframework.security.web.SecurityFilterChain' securityFilterChain; NestedCondition on DefaultWebSecurityCondition.Classes @ConditionalOnClass found required classes 'org.springframework.security.web.SecurityFilterChain', 'org.springframework.security.config.annotation.web.builders.HttpSecurity' (DefaultWebSecurityCondition)

   TaskExecutorConfigurations.SimpleAsyncTaskExecutorBuilderConfiguration#simpleAsyncTaskExecutorBuilderVirtualThreads:
      Did not match:
         - @ConditionalOnMissingBean (types: org.springframework.boot.task.SimpleAsyncTaskExecutorBuilder; SearchStrategy: all) found beans of type 'org.springframework.boot.task.SimpleAsyncTaskExecutorBuilder' simpleAsyncTaskExecutorBuilder (OnBeanCondition)

   TaskExecutorConfigurations.TaskExecutorConfiguration#applicationTaskExecutorVirtualThreads:
      Did not match:
         - @ConditionalOnThreading did not find VIRTUAL (OnThreadingCondition)

   TaskSchedulingAutoConfiguration#scheduledBeanLazyInitializationExcludeFilter:
      Did not match:
         - @ConditionalOnBean (names: org.springframework.context.annotation.internalScheduledAnnotationProcessor; SearchStrategy: all) did not find any beans named org.springframework.context.annotation.internalScheduledAnnotationProcessor (OnBeanCondition)

   TaskSchedulingConfigurations.SimpleAsyncTaskSchedulerBuilderConfiguration#simpleAsyncTaskSchedulerBuilderVirtualThreads:
      Did not match:
         - @ConditionalOnMissingBean (types: org.springframework.boot.task.SimpleAsyncTaskSchedulerBuilder; SearchStrategy: all) found beans of type 'org.springframework.boot.task.SimpleAsyncTaskSchedulerBuilder' simpleAsyncTaskSchedulerBuilder (OnBeanCondition)

   TaskSchedulingConfigurations.TaskSchedulerConfiguration:
      Did not match:
         - @ConditionalOnBean (names: org.springframework.context.annotation.internalScheduledAnnotationProcessor; SearchStrategy: all) did not find any beans named org.springframework.context.annotation.internalScheduledAnnotationProcessor (OnBeanCondition)

   ThymeleafAutoConfiguration:
      Did not match:
         - @ConditionalOnClass did not find required class 'org.thymeleaf.spring6.SpringTemplateEngine' (OnClassCondition)

   TransactionAutoConfiguration#transactionalOperator:
      Did not match:
         - @ConditionalOnSingleCandidate (types: org.springframework.transaction.ReactiveTransactionManager; SearchStrategy: all) did not find any beans (OnBeanCondition)

   TransactionAutoConfiguration.AspectJTransactionManagementConfiguration:
      Did not match:
         - @ConditionalOnBean (types: org.springframework.transaction.aspectj.AbstractTransactionAspect; SearchStrategy: all) did not find any beans of type org.springframework.transaction.aspectj.AbstractTransactionAspect (OnBeanCondition)

   TransactionAutoConfiguration.EnableTransactionManagementConfiguration.JdkDynamicAutoProxyConfiguration:
      Did not match:
         - @ConditionalOnBooleanProperty (spring.aop.proxy-target-class=false) did not find property 'spring.aop.proxy-target-class' (OnPropertyCondition)

   WebClientAutoConfiguration:
      Did not match:
         - @ConditionalOnClass did not find required class 'org.springframework.web.reactive.function.client.WebClient' (OnClassCondition)

   WebFluxAutoConfiguration:
      Did not match:
         - @ConditionalOnClass did not find required class 'org.springframework.web.reactive.config.WebFluxConfigurer' (OnClassCondition)

   WebMvcAutoConfiguration#hiddenHttpMethodFilter:
      Did not match:
         - @ConditionalOnBooleanProperty (spring.mvc.hiddenmethod.filter.enabled=true) did not find property 'spring.mvc.hiddenmethod.filter.enabled' (OnPropertyCondition)

   WebMvcAutoConfiguration.ProblemDetailsErrorHandlingConfiguration:
      Did not match:
         - @ConditionalOnBooleanProperty (spring.mvc.problemdetails.enabled=true) did not find property 'spring.mvc.problemdetails.enabled' (OnPropertyCondition)

   WebMvcAutoConfiguration.ResourceChainCustomizerConfiguration:
      Did not match:
         - @ConditionalOnEnabledResourceChain did not find class org.webjars.WebJarVersionLocator (OnEnabledResourceChainCondition)

   WebMvcAutoConfiguration.WebMvcAutoConfigurationAdapter#beanNameViewResolver:
      Did not match:
         - @ConditionalOnMissingBean (types: org.springframework.web.servlet.view.BeanNameViewResolver; SearchStrategy: all) found beans of type 'org.springframework.web.servlet.view.BeanNameViewResolver' beanNameViewResolver (OnBeanCondition)

   WebServiceTemplateAutoConfiguration:
      Did not match:
         - @ConditionalOnClass did not find required class 'org.springframework.oxm.Marshaller' (OnClassCondition)

   WebServicesAutoConfiguration:
      Did not match:
         - @ConditionalOnClass did not find required class 'org.springframework.ws.transport.http.MessageDispatcherServlet' (OnClassCondition)

   WebSessionIdResolverAutoConfiguration:
      Did not match:
         - @ConditionalOnWebApplication did not find reactive web application classes (OnWebApplicationCondition)

   WebSocketMessagingAutoConfiguration:
      Did not match:
         - @ConditionalOnClass did not find required class 'org.springframework.web.socket.config.annotation.DelegatingWebSocketMessageBrokerConfiguration' (OnClassCondition)

   WebSocketReactiveAutoConfiguration:
      Did not match:
         - @ConditionalOnWebApplication did not find reactive web application classes (OnWebApplicationCondition)

   WebSocketServletAutoConfiguration.JettyWebSocketConfiguration:
      Did not match:
         - @ConditionalOnClass did not find required class 'org.eclipse.jetty.ee10.websocket.jakarta.server.config.JakartaWebSocketServletContainerInitializer' (OnClassCondition)

   WebSocketServletAutoConfiguration.UndertowWebSocketConfiguration:
      Did not match:
         - @ConditionalOnClass did not find required class 'io.undertow.websockets.jsr.Bootstrap' (OnClassCondition)

   WritableEnvironmentEndpointAutoConfiguration:
      Did not match:
         - @ConditionalOnClass did not find required class 'org.springframework.boot.actuate.autoconfigure.env.EnvironmentEndpointProperties' (OnClassCondition)

   XADataSourceAutoConfiguration:
      Did not match:
         - @ConditionalOnBean (types: org.springframework.boot.jdbc.XADataSourceWrapper; SearchStrategy: all) did not find any beans of type org.springframework.boot.jdbc.XADataSourceWrapper (OnBeanCondition)
      Matched:
         - @ConditionalOnClass found required classes 'javax.sql.DataSource', 'jakarta.transaction.TransactionManager', 'org.springframework.jdbc.datasource.embedded.EmbeddedDatabaseType' (OnClassCondition)


Exclusions:
-----------

    None


Unconditional classes:
----------------------

    org.springframework.boot.autoconfigure.context.ConfigurationPropertiesAutoConfiguration

    org.springframework.cloud.client.ReactiveCommonsClientAutoConfiguration

    org.springframework.boot.autoconfigure.ssl.SslAutoConfiguration

    org.springframework.boot.autoconfigure.context.PropertyPlaceholderAutoConfiguration

    org.springframework.cloud.client.discovery.simple.SimpleDiscoveryClientAutoConfiguration

    org.springframework.boot.autoconfigure.context.LifecycleAutoConfiguration

    org.springframework.cloud.client.CommonsClientAutoConfiguration

    org.springframework.cloud.commons.config.CommonsConfigAutoConfiguration

    org.springframework.cloud.netflix.eureka.config.DiscoveryClientOptionalArgsConfiguration

    org.springframework.cloud.client.loadbalancer.LoadBalancerDefaultMappingsProviderAutoConfiguration

    org.springframework.cloud.client.discovery.composite.CompositeDiscoveryClientAutoConfiguration

    org.springframework.cloud.client.serviceregistry.ServiceRegistryAutoConfiguration

    org.springframework.cloud.autoconfigure.LifecycleMvcEndpointAutoConfiguration

    org.springframework.boot.autoconfigure.availability.ApplicationAvailabilityAutoConfiguration

    org.springframework.boot.autoconfigure.info.ProjectInfoAutoConfiguration



2026-04-28T14:23:18.405+01:00  INFO 22216 --- [qualite-service] [  restartedMain] t.s.q.QualiteServiceApplication          : Started QualiteServiceApplication in 5.783 seconds (process running for 3785.104)
2026-04-28T14:23:18.405+01:00 DEBUG 22216 --- [qualite-service] [  restartedMain] o.s.b.a.ApplicationAvailabilityBean      : Application availability state LivenessState changed to CORRECT
2026-04-28T14:23:18.406+01:00  INFO 22216 --- [qualite-service] [  restartedMain] t.s.q.c.QualityModuleDataInitializer     : QualityModuleDataInitializer is in safe mode. No project or quality data will be created, deleted, or reset at startup.
2026-04-28T14:23:18.408+01:00  INFO 22216 --- [qualite-service] [  restartedMain] .ConditionEvaluationDeltaLoggingListener : Condition evaluation unchanged
2026-04-28T14:23:18.410+01:00 DEBUG 22216 --- [qualite-service] [  restartedMain] o.s.b.a.ApplicationAvailabilityBean      : Application availability state ReadinessState changed to ACCEPTING_TRAFFIC
2026-04-28T14:23:18.794+01:00  INFO 22216 --- [qualite-service] [   File Watcher] rtingClassPathChangeChangedEventListener : Restarting due to 171 class path changes (171 additions, 0 deletions, 0 modifications)
2026-04-28T14:23:18.799+01:00 DEBUG 22216 --- [qualite-service] [   File Watcher] rtingClassPathChangeChangedEventListener : Change set: [C:\Users\MSI\Downloads\integration\integration\backend\qualite-service\target\classes [C:\Users\MSI\Downloads\integration\integration\backend\qualite-service\target\classes\tn\scalers\qualitymanagementservice\client\ProjectClient$ProjectResponse.class (ADD), C:\Users\MSI\Downloads\integration\integration\backend\qualite-service\target\classes\tn\scalers\qualitymanagementservice\client\ProjectClient.class (ADD), C:\Users\MSI\Downloads\integration\integration\backend\qualite-service\target\classes\tn\scalers\qualitymanagementservice\client\UserClient$UserResponse.class (ADD), C:\Users\MSI\Downloads\integration\integration\backend\qualite-service\target\classes\tn\scalers\qualitymanagementservice\client\UserClient.class (ADD), C:\Users\MSI\Downloads\integration\integration\backend\qualite-service\target\classes\tn\scalers\qualitymanagementservice\config\ApplicationConfig.class (ADD), C:\Users\MSI\Downloads\integration\integration\backend\qualite-service\target\classes\tn\scalers\qualitymanagementservice\config\CorsConfig$1.class (ADD), C:\Users\MSI\Downloads\integration\integration\backend\qualite-service\target\classes\tn\scalers\qualitymanagementservice\config\CorsConfig.class (ADD), C:\Users\MSI\Downloads\integration\integration\backend\qualite-service\target\classes\tn\scalers\qualitymanagementservice\config\GroqProperties.class (ADD), C:\Users\MSI\Downloads\integration\integration\backend\qualite-service\target\classes\tn\scalers\qualitymanagementservice\config\QualityModuleDataInitializer.class (ADD), C:\Users\MSI\Downloads\integration\integration\backend\qualite-service\target\classes\tn\scalers\qualitymanagementservice\config\SecurityConfig.class (ADD), C:\Users\MSI\Downloads\integration\integration\backend\qualite-service\target\classes\tn\scalers\qualitymanagementservice\controller\AiController.class (ADD), C:\Users\MSI\Downloads\integration\integration\backend\qualite-service\target\classes\tn\scalers\qualitymanagementservice\controller\AuditChecklistItemController.class (ADD), C:\Users\MSI\Downloads\integration\integration\backend\qualite-service\target\classes\tn\scalers\qualitymanagementservice\controller\CorrectiveActionController.class (ADD), C:\Users\MSI\Downloads\integration\integration\backend\qualite-service\target\classes\tn\scalers\qualitymanagementservice\controller\DashboardController.class (ADD), C:\Users\MSI\Downloads\integration\integration\backend\qualite-service\target\classes\tn\scalers\qualitymanagementservice\controller\EvidenceScannerController.class (ADD), C:\Users\MSI\Downloads\integration\integration\backend\qualite-service\target\classes\tn\scalers\qualitymanagementservice\controller\FaceVerificationController.class (ADD), C:\Users\MSI\Downloads\integration\integration\backend\qualite-service\target\classes\tn\scalers\qualitymanagementservice\controller\InspectionRecordController.class (ADD), C:\Users\MSI\Downloads\integration\integration\backend\qualite-service\target\classes\tn\scalers\qualitymanagementservice\controller\MlPredictionController.class (ADD), C:\Users\MSI\Downloads\integration\integration\backend\qualite-service\target\classes\tn\scalers\qualitymanagementservice\controller\NonConformityController.class (ADD), C:\Users\MSI\Downloads\integration\integration\backend\qualite-service\target\classes\tn\scalers\qualitymanagementservice\controller\QualityAuditController.class (ADD), C:\Users\MSI\Downloads\integration\integration\backend\qualite-service\target\classes\tn\scalers\qualitymanagementservice\controller\QualityDashboardController.class (ADD), C:\Users\MSI\Downloads\integration\integration\backend\qualite-service\target\classes\tn\scalers\qualitymanagementservice\controller\QualityEvidenceController.class (ADD), C:\Users\MSI\Downloads\integration\integration\backend\qualite-service\target\classes\tn\scalers\qualitymanagementservice\controller\QualityReportController.class (ADD), C:\Users\MSI\Downloads\integration\integration\backend\qualite-service\target\classes\tn\scalers\qualitymanagementservice\controller\QualitySmartRecommendationController.class (ADD), C:\Users\MSI\Downloads\integration\integration\backend\qualite-service\target\classes\tn\scalers\qualitymanagementservice\controller\QualityStandardController.class (ADD), C:\Users\MSI\Downloads\integration\integration\backend\qualite-service\target\classes\tn\scalers\qualitymanagementservice\controller\StandardCriterionController.class (ADD), C:\Users\MSI\Downloads\integration\integration\backend\qualite-service\target\classes\tn\scalers\qualitymanagementservice\dto\AiNonConformitySuggestionRequest$AiNonConformitySuggestionRequestBuilder.class (ADD), C:\Users\MSI\Downloads\integration\integration\backend\qualite-service\target\classes\tn\scalers\qualitymanagementservice\dto\AiNonConformitySuggestionRequest.class (ADD), C:\Users\MSI\Downloads\integration\integration\backend\qualite-service\target\classes\tn\scalers\qualitymanagementservice\dto\AiNonConformitySuggestionResponse$AiNonConformitySuggestionResponseBuilder.class (ADD), C:\Users\MSI\Downloads\integration\integration\backend\qualite-service\target\classes\tn\scalers\qualitymanagementservice\dto\AiNonConformitySuggestionResponse.class (ADD), C:\Users\MSI\Downloads\integration\integration\backend\qualite-service\target\classes\tn\scalers\qualitymanagementservice\dto\AuditHeatmapDTO$AuditHeatmapDTOBuilder.class (ADD), C:\Users\MSI\Downloads\integration\integration\backend\qualite-service\target\classes\tn\scalers\qualitymanagementservice\dto\AuditHeatmapDTO.class (ADD), C:\Users\MSI\Downloads\integration\integration\backend\qualite-service\target\classes\tn\scalers\qualitymanagementservice\dto\AuditIdentityVerificationDTO$AuditIdentityVerificationDTOBuilder.class (ADD), C:\Users\MSI\Downloads\integration\integration\backend\qualite-service\target\classes\tn\scalers\qualitymanagementservice\dto\AuditIdentityVerificationDTO.class (ADD), C:\Users\MSI\Downloads\integration\integration\backend\qualite-service\target\classes\tn\scalers\qualitymanagementservice\dto\CorrectiveActionRequest$CorrectiveActionRequestBuilder.class (ADD), C:\Users\MSI\Downloads\integration\integration\backend\qualite-service\target\classes\tn\scalers\qualitymanagementservice\dto\CorrectiveActionRequest.class (ADD), C:\Users\MSI\Downloads\integration\integration\backend\qualite-service\target\classes\tn\scalers\qualitymanagementservice\dto\CreateCorrectiveActionFromEvidenceRequest$CreateCorrectiveActionFromEvidenceRequestBuilder.class (ADD), C:\Users\MSI\Downloads\integration\integration\backend\qualite-service\target\classes\tn\scalers\qualitymanagementservice\dto\CreateCorrectiveActionFromEvidenceRequest.class (ADD), C:\Users\MSI\Downloads\integration\integration\backend\qualite-service\target\classes\tn\scalers\qualitymanagementservice\dto\CreateCorrectiveActionFromRecommendationRequest$CreateCorrectiveActionFromRecommendationRequestBuilder.class (ADD), C:\Users\MSI\Downloads\integration\integration\backend\qualite-service\target\classes\tn\scalers\qualitymanagementservice\dto\CreateCorrectiveActionFromRecommendationRequest.class (ADD), C:\Users\MSI\Downloads\integration\integration\backend\qualite-service\target\classes\tn\scalers\qualitymanagementservice\dto\CreateNonConformityFromEvidenceRequest$CreateNonConformityFromEvidenceRequestBuilder.class (ADD), C:\Users\MSI\Downloads\integration\integration\backend\qualite-service\target\classes\tn\scalers\qualitymanagementservice\dto\CreateNonConformityFromEvidenceRequest.class (ADD), C:\Users\MSI\Downloads\integration\integration\backend\qualite-service\target\classes\tn\scalers\qualitymanagementservice\dto\DashboardMetricsDTO.class (ADD), C:\Users\MSI\Downloads\integration\integration\backend\qualite-service\target\classes\tn\scalers\qualitymanagementservice\dto\EvidenceScanResponseDTO$EvidenceScanResponseDTOBuilder.class (ADD), C:\Users\MSI\Downloads\integration\integration\backend\qualite-service\target\classes\tn\scalers\qualitymanagementservice\dto\EvidenceScanResponseDTO.class (ADD), C:\Users\MSI\Downloads\integration\integration\backend\qualite-service\target\classes\tn\scalers\qualitymanagementservice\dto\FaceProfileResponseDTO$FaceProfileResponseDTOBuilder.class (ADD), C:\Users\MSI\Downloads\integration\integration\backend\qualite-service\target\classes\tn\scalers\qualitymanagementservice\dto\FaceProfileResponseDTO.class (ADD), C:\Users\MSI\Downloads\integration\integration\backend\qualite-service\target\classes\tn\scalers\qualitymanagementservice\dto\HistoricalActionRecommendationDTO$HistoricalActionRecommendationDTOBuilder.class (ADD), C:\Users\MSI\Downloads\integration\integration\backend\qualite-service\target\classes\tn\scalers\qualitymanagementservice\dto\HistoricalActionRecommendationDTO.class (ADD), C:\Users\MSI\Downloads\integration\integration\backend\qualite-service\target\classes\tn\scalers\qualitymanagementservice\dto\InspectionExecutionResponse$InspectionExecutionResponseBuilder.class (ADD), C:\Users\MSI\Downloads\integration\integration\backend\qualite-service\target\classes\tn\scalers\qualitymanagementservice\dto\InspectionExecutionResponse.class (ADD), C:\Users\MSI\Downloads\integration\integration\backend\qualite-service\target\classes\tn\scalers\qualitymanagementservice\dto\InspectionRecordRequest$InspectionRecordRequestBuilder.class (ADD), C:\Users\MSI\Downloads\integration\integration\backend\qualite-service\target\classes\tn\scalers\qualitymanagementservice\dto\InspectionRecordRequest.class (ADD), C:\Users\MSI\Downloads\integration\integration\backend\qualite-service\target\classes\tn\scalers\qualitymanagementservice\dto\InspectionRecordResponse$InspectionRecordResponseBuilder.class (ADD), C:\Users\MSI\Downloads\integration\integration\backend\qualite-service\target\classes\tn\scalers\qualitymanagementservice\dto\InspectionRecordResponse.class (ADD), C:\Users\MSI\Downloads\integration\integration\backend\qualite-service\target\classes\tn\scalers\qualitymanagementservice\dto\MlNonConformityPredictionRequest$MlNonConformityPredictionRequestBuilder.class (ADD), C:\Users\MSI\Downloads\integration\integration\backend\qualite-service\target\classes\tn\scalers\qualitymanagementservice\dto\MlNonConformityPredictionRequest.class (ADD), C:\Users\MSI\Downloads\integration\integration\backend\qualite-service\target\classes\tn\scalers\qualitymanagementservice\dto\MlNonConformityPredictionResponse$MlNonConformityPredictionResponseBuilder.class (ADD), C:\Users\MSI\Downloads\integration\integration\backend\qualite-service\target\classes\tn\scalers\qualitymanagementservice\dto\MlNonConformityPredictionResponse.class (ADD), C:\Users\MSI\Downloads\integration\integration\backend\qualite-service\target\classes\tn\scalers\qualitymanagementservice\dto\NonConformityRequest$NonConformityRequestBuilder.class (ADD), C:\Users\MSI\Downloads\integration\integration\backend\qualite-service\target\classes\tn\scalers\qualitymanagementservice\dto\NonConformityRequest.class (ADD), C:\Users\MSI\Downloads\integration\integration\backend\qualite-service\target\classes\tn\scalers\qualitymanagementservice\dto\QualityAuditRequest$QualityAuditRequestBuilder.class (ADD), C:\Users\MSI\Downloads\integration\integration\backend\qualite-service\target\classes\tn\scalers\qualitymanagementservice\dto\QualityAuditRequest.class (ADD), C:\Users\MSI\Downloads\integration\integration\backend\qualite-service\target\classes\tn\scalers\qualitymanagementservice\dto\QualityDashboardSummaryDTO$QualityDashboardSummaryDTOBuilder.class (ADD), C:\Users\MSI\Downloads\integration\integration\backend\qualite-service\target\classes\tn\scalers\qualitymanagementservice\dto\QualityDashboardSummaryDTO.class (ADD), C:\Users\MSI\Downloads\integration\integration\backend\qualite-service\target\classes\tn\scalers\qualitymanagementservice\dto\QualityEvidenceRequest$QualityEvidenceRequestBuilder.class (ADD), C:\Users\MSI\Downloads\integration\integration\backend\qualite-service\target\classes\tn\scalers\qualitymanagementservice\dto\QualityEvidenceRequest.class (ADD), C:\Users\MSI\Downloads\integration\integration\backend\qualite-service\target\classes\tn\scalers\qualitymanagementservice\dto\QualityProjectRef$QualityProjectRefBuilder.class (ADD), C:\Users\MSI\Downloads\integration\integration\backend\qualite-service\target\classes\tn\scalers\qualitymanagementservice\dto\QualityProjectRef.class (ADD), C:\Users\MSI\Downloads\integration\integration\backend\qualite-service\target\classes\tn\scalers\qualitymanagementservice\dto\QualityReportRequest$QualityReportRequestBuilder.class (ADD), C:\Users\MSI\Downloads\integration\integration\backend\qualite-service\target\classes\tn\scalers\qualitymanagementservice\dto\QualityReportRequest.class (ADD), C:\Users\MSI\Downloads\integration\integration\backend\qualite-service\target\classes\tn\scalers\qualitymanagementservice\dto\QualityStandardRequest$QualityStandardRequestBuilder.class (ADD), C:\Users\MSI\Downloads\integration\integration\backend\qualite-service\target\classes\tn\scalers\qualitymanagementservice\dto\QualityStandardRequest.class (ADD), C:\Users\MSI\Downloads\integration\integration\backend\qualite-service\target\classes\tn\scalers\qualitymanagementservice\dto\QualityUserRef$QualityUserRefBuilder.class (ADD), C:\Users\MSI\Downloads\integration\integration\backend\qualite-service\target\classes\tn\scalers\qualitymanagementservice\dto\QualityUserRef.class (ADD), C:\Users\MSI\Downloads\integration\integration\backend\qualite-service\target\classes\tn\scalers\qualitymanagementservice\dto\RegisterFaceProfileRequest$RegisterFaceProfileRequestBuilder.class (ADD), C:\Users\MSI\Downloads\integration\integration\backend\qualite-service\target\classes\tn\scalers\qualitymanagementservice\dto\RegisterFaceProfileRequest.class (ADD), C:\Users\MSI\Downloads\integration\integration\backend\qualite-service\target\classes\tn\scalers\qualitymanagementservice\dto\SmartCorrectiveActionRecommendationDTO$SmartCorrectiveActionRecommendationDTOBuilder.class (ADD), C:\Users\MSI\Downloads\integration\integration\backend\qualite-service\target\classes\tn\scalers\qualitymanagementservice\dto\SmartCorrectiveActionRecommendationDTO.class (ADD), C:\Users\MSI\Downloads\integration\integration\backend\qualite-service\target\classes\tn\scalers\qualitymanagementservice\dto\StandardCriterionResponse.class (ADD), C:\Users\MSI\Downloads\integration\integration\backend\qualite-service\target\classes\tn\scalers\qualitymanagementservice\dto\StartAuditRequest$StartAuditRequestBuilder.class (ADD), C:\Users\MSI\Downloads\integration\integration\backend\qualite-service\target\classes\tn\scalers\qualitymanagementservice\dto\StartAuditRequest.class (ADD), C:\Users\MSI\Downloads\integration\integration\backend\qualite-service\target\classes\tn\scalers\qualitymanagementservice\dto\VerifyAuditFaceRequest$VerifyAuditFaceRequestBuilder.class (ADD), C:\Users\MSI\Downloads\integration\integration\backend\qualite-service\target\classes\tn\scalers\qualitymanagementservice\dto\VerifyAuditFaceRequest.class (ADD), C:\Users\MSI\Downloads\integration\integration\backend\qualite-service\target\classes\tn\scalers\qualitymanagementservice\dto\VerifyAuditFaceResponseDTO$VerifyAuditFaceResponseDTOBuilder.class (ADD), C:\Users\MSI\Downloads\integration\integration\backend\qualite-service\target\classes\tn\scalers\qualitymanagementservice\dto\VerifyAuditFaceResponseDTO.class (ADD), C:\Users\MSI\Downloads\integration\integration\backend\qualite-service\target\classes\tn\scalers\qualitymanagementservice\entities\AuditChecklistItem$AuditChecklistItemBuilder.class (ADD), C:\Users\MSI\Downloads\integration\integration\backend\qualite-service\target\classes\tn\scalers\qualitymanagementservice\entities\AuditChecklistItem.class (ADD), C:\Users\MSI\Downloads\integration\integration\backend\qualite-service\target\classes\tn\scalers\qualitymanagementservice\entities\AuditIdentityVerification$AuditIdentityVerificationBuilder.class (ADD), C:\Users\MSI\Downloads\integration\integration\backend\qualite-service\target\classes\tn\scalers\qualitymanagementservice\entities\AuditIdentityVerification.class (ADD), C:\Users\MSI\Downloads\integration\integration\backend\qualite-service\target\classes\tn\scalers\qualitymanagementservice\entities\CorrectiveAction$CorrectiveActionBuilder.class (ADD), C:\Users\MSI\Downloads\integration\integration\backend\qualite-service\target\classes\tn\scalers\qualitymanagementservice\entities\CorrectiveAction.class (ADD), C:\Users\MSI\Downloads\integration\integration\backend\qualite-service\target\classes\tn\scalers\qualitymanagementservice\entities\InspectionRecord$InspectionRecordBuilder.class (ADD), C:\Users\MSI\Downloads\integration\integration\backend\qualite-service\target\classes\tn\scalers\qualitymanagementservice\entities\InspectionRecord.class (ADD), C:\Users\MSI\Downloads\integration\integration\backend\qualite-service\target\classes\tn\scalers\qualitymanagementservice\entities\NonConformity$NonConformityBuilder.class (ADD), C:\Users\MSI\Downloads\integration\integration\backend\qualite-service\target\classes\tn\scalers\qualitymanagementservice\entities\NonConformity.class (ADD), C:\Users\MSI\Downloads\integration\integration\backend\qualite-service\target\classes\tn\scalers\qualitymanagementservice\entities\QualityAudit$QualityAuditBuilder.class (ADD), C:\Users\MSI\Downloads\integration\integration\backend\qualite-service\target\classes\tn\scalers\qualitymanagementservice\entities\QualityAudit.class (ADD), C:\Users\MSI\Downloads\integration\integration\backend\qualite-service\target\classes\tn\scalers\qualitymanagementservice\entities\QualityEvidence$QualityEvidenceBuilder.class (ADD), C:\Users\MSI\Downloads\integration\integration\backend\qualite-service\target\classes\tn\scalers\qualitymanagementservice\entities\QualityEvidence.class (ADD), C:\Users\MSI\Downloads\integration\integration\backend\qualite-service\target\classes\tn\scalers\qualitymanagementservice\entities\QualityReport$QualityReportBuilder.class (ADD), C:\Users\MSI\Downloads\integration\integration\backend\qualite-service\target\classes\tn\scalers\qualitymanagementservice\entities\QualityReport.class (ADD), C:\Users\MSI\Downloads\integration\integration\backend\qualite-service\target\classes\tn\scalers\qualitymanagementservice\entities\QualityStandard$QualityStandardBuilder.class (ADD), C:\Users\MSI\Downloads\integration\integration\backend\qualite-service\target\classes\tn\scalers\qualitymanagementservice\entities\QualityStandard.class (ADD), C:\Users\MSI\Downloads\integration\integration\backend\qualite-service\target\classes\tn\scalers\qualitymanagementservice\entities\StandardCriterion$StandardCriterionBuilder.class (ADD), C:\Users\MSI\Downloads\integration\integration\backend\qualite-service\target\classes\tn\scalers\qualitymanagementservice\entities\StandardCriterion.class (ADD), C:\Users\MSI\Downloads\integration\integration\backend\qualite-service\target\classes\tn\scalers\qualitymanagementservice\entities\UserFaceProfile$UserFaceProfileBuilder.class (ADD), C:\Users\MSI\Downloads\integration\integration\backend\qualite-service\target\classes\tn\scalers\qualitymanagementservice\entities\UserFaceProfile.class (ADD), C:\Users\MSI\Downloads\integration\integration\backend\qualite-service\target\classes\tn\scalers\qualitymanagementservice\enums\AuditStatus.class (ADD), C:\Users\MSI\Downloads\integration\integration\backend\qualite-service\target\classes\tn\scalers\qualitymanagementservice\enums\ChecklistItemStatus.class (ADD), C:\Users\MSI\Downloads\integration\integration\backend\qualite-service\target\classes\tn\scalers\qualitymanagementservice\enums\InspectionResultStatus.class (ADD), C:\Users\MSI\Downloads\integration\integration\backend\qualite-service\target\classes\tn\scalers\qualitymanagementservice\enums\NonConformitySeverity.class (ADD), C:\Users\MSI\Downloads\integration\integration\backend\qualite-service\target\classes\tn\scalers\qualitymanagementservice\enums\NonConformityStatus.class (ADD), C:\Users\MSI\Downloads\integration\integration\backend\qualite-service\target\classes\tn\scalers\qualitymanagementservice\enums\StandardCategory.class (ADD), C:\Users\MSI\Downloads\integration\integration\backend\qualite-service\target\classes\tn\scalers\qualitymanagementservice\enums\StandardSourceType.class (ADD), C:\Users\MSI\Downloads\integration\integration\backend\qualite-service\target\classes\tn\scalers\qualitymanagementservice\exception\AiSuggestionException.class (ADD), C:\Users\MSI\Downloads\integration\integration\backend\qualite-service\target\classes\tn\scalers\qualitymanagementservice\exception\DuplicateResourceException.class (ADD), C:\Users\MSI\Downloads\integration\integration\backend\qualite-service\target\classes\tn\scalers\qualitymanagementservice\exception\GlobalExceptionHandler.class (ADD), C:\Users\MSI\Downloads\integration\integration\backend\qualite-service\target\classes\tn\scalers\qualitymanagementservice\exception\MlPredictionException.class (ADD), C:\Users\MSI\Downloads\integration\integration\backend\qualite-service\target\classes\tn\scalers\qualitymanagementservice\exception\ResourceNotFoundException.class (ADD), C:\Users\MSI\Downloads\integration\integration\backend\qualite-service\target\classes\tn\scalers\qualitymanagementservice\QualiteServiceApplication.class (ADD), C:\Users\MSI\Downloads\integration\integration\backend\qualite-service\target\classes\tn\scalers\qualitymanagementservice\repository\AuditChecklistItemRepository.class (ADD), C:\Users\MSI\Downloads\integration\integration\backend\qualite-service\target\classes\tn\scalers\qualitymanagementservice\repository\AuditIdentityVerificationRepository.class (ADD), C:\Users\MSI\Downloads\integration\integration\backend\qualite-service\target\classes\tn\scalers\qualitymanagementservice\repository\CorrectiveActionRepository.class (ADD), C:\Users\MSI\Downloads\integration\integration\backend\qualite-service\target\classes\tn\scalers\qualitymanagementservice\repository\InspectionRecordRepository.class (ADD), C:\Users\MSI\Downloads\integration\integration\backend\qualite-service\target\classes\tn\scalers\qualitymanagementservice\repository\NonConformityRepository.class (ADD), C:\Users\MSI\Downloads\integration\integration\backend\qualite-service\target\classes\tn\scalers\qualitymanagementservice\repository\QualityAuditRepository.class (ADD), C:\Users\MSI\Downloads\integration\integration\backend\qualite-service\target\classes\tn\scalers\qualitymanagementservice\repository\QualityEvidenceRepository.class (ADD), C:\Users\MSI\Downloads\integration\integration\backend\qualite-service\target\classes\tn\scalers\qualitymanagementservice\repository\QualityReportRepository.class (ADD), C:\Users\MSI\Downloads\integration\integration\backend\qualite-service\target\classes\tn\scalers\qualitymanagementservice\repository\QualityStandardRepository.class (ADD), C:\Users\MSI\Downloads\integration\integration\backend\qualite-service\target\classes\tn\scalers\qualitymanagementservice\repository\StandardCriterionRepository.class (ADD), C:\Users\MSI\Downloads\integration\integration\backend\qualite-service\target\classes\tn\scalers\qualitymanagementservice\repository\UserFaceProfileRepository.class (ADD), C:\Users\MSI\Downloads\integration\integration\backend\qualite-service\target\classes\tn\scalers\qualitymanagementservice\service\AiSuggestionService.class (ADD), C:\Users\MSI\Downloads\integration\integration\backend\qualite-service\target\classes\tn\scalers\qualitymanagementservice\service\AuditChecklistItemService.class (ADD), C:\Users\MSI\Downloads\integration\integration\backend\qualite-service\target\classes\tn\scalers\qualitymanagementservice\service\CorrectiveActionService.class (ADD), C:\Users\MSI\Downloads\integration\integration\backend\qualite-service\target\classes\tn\scalers\qualitymanagementservice\service\DashboardService.class (ADD), C:\Users\MSI\Downloads\integration\integration\backend\qualite-service\target\classes\tn\scalers\qualitymanagementservice\service\EvidenceScannerService.class (ADD), C:\Users\MSI\Downloads\integration\integration\backend\qualite-service\target\classes\tn\scalers\qualitymanagementservice\service\ExternalReferenceService.class (ADD), C:\Users\MSI\Downloads\integration\integration\backend\qualite-service\target\classes\tn\scalers\qualitymanagementservice\service\FaceVerificationService.class (ADD), C:\Users\MSI\Downloads\integration\integration\backend\qualite-service\target\classes\tn\scalers\qualitymanagementservice\service\impl\AuditChecklistItemServiceImpl$1.class (ADD), C:\Users\MSI\Downloads\integration\integration\backend\qualite-service\target\classes\tn\scalers\qualitymanagementservice\service\impl\AuditChecklistItemServiceImpl.class (ADD), C:\Users\MSI\Downloads\integration\integration\backend\qualite-service\target\classes\tn\scalers\qualitymanagementservice\service\impl\CorrectiveActionServiceImpl.class (ADD), C:\Users\MSI\Downloads\integration\integration\backend\qualite-service\target\classes\tn\scalers\qualitymanagementservice\service\impl\DashboardServiceImpl$1.class (ADD), C:\Users\MSI\Downloads\integration\integration\backend\qualite-service\target\classes\tn\scalers\qualitymanagementservice\service\impl\DashboardServiceImpl$HeatmapAccumulator.class (ADD), C:\Users\MSI\Downloads\integration\integration\backend\qualite-service\target\classes\tn\scalers\qualitymanagementservice\service\impl\DashboardServiceImpl$HeatmapKey.class (ADD), C:\Users\MSI\Downloads\integration\integration\backend\qualite-service\target\classes\tn\scalers\qualitymanagementservice\service\impl\DashboardServiceImpl.class (ADD), C:\Users\MSI\Downloads\integration\integration\backend\qualite-service\target\classes\tn\scalers\qualitymanagementservice\service\impl\EvidenceScannerServiceImpl$ExtractedEvidence.class (ADD), C:\Users\MSI\Downloads\integration\integration\backend\qualite-service\target\classes\tn\scalers\qualitymanagementservice\service\impl\EvidenceScannerServiceImpl.class (ADD), C:\Users\MSI\Downloads\integration\integration\backend\qualite-service\target\classes\tn\scalers\qualitymanagementservice\service\impl\FaceVerificationServiceImpl$1.class (ADD), C:\Users\MSI\Downloads\integration\integration\backend\qualite-service\target\classes\tn\scalers\qualitymanagementservice\service\impl\FaceVerificationServiceImpl.class (ADD), C:\Users\MSI\Downloads\integration\integration\backend\qualite-service\target\classes\tn\scalers\qualitymanagementservice\service\impl\GroqSuggestionServiceImpl.class (ADD), C:\Users\MSI\Downloads\integration\integration\backend\qualite-service\target\classes\tn\scalers\qualitymanagementservice\service\impl\InspectionRecordServiceImpl$1.class (ADD), C:\Users\MSI\Downloads\integration\integration\backend\qualite-service\target\classes\tn\scalers\qualitymanagementservice\service\impl\InspectionRecordServiceImpl.class (ADD), C:\Users\MSI\Downloads\integration\integration\backend\qualite-service\target\classes\tn\scalers\qualitymanagementservice\service\impl\NonConformityServiceImpl.class (ADD), C:\Users\MSI\Downloads\integration\integration\backend\qualite-service\target\classes\tn\scalers\qualitymanagementservice\service\impl\QualityAuditServiceImpl.class (ADD), C:\Users\MSI\Downloads\integration\integration\backend\qualite-service\target\classes\tn\scalers\qualitymanagementservice\service\impl\QualityEvidenceServiceImpl.class (ADD), C:\Users\MSI\Downloads\integration\integration\backend\qualite-service\target\classes\tn\scalers\qualitymanagementservice\service\impl\QualityReportServiceImpl.class (ADD), C:\Users\MSI\Downloads\integration\integration\backend\qualite-service\target\classes\tn\scalers\qualitymanagementservice\service\impl\QualitySortSupport.class (ADD), C:\Users\MSI\Downloads\integration\integration\backend\qualite-service\target\classes\tn\scalers\qualitymanagementservice\service\impl\QualityStandardServiceImpl.class (ADD), C:\Users\MSI\Downloads\integration\integration\backend\qualite-service\target\classes\tn\scalers\qualitymanagementservice\service\impl\SmartCorrectiveActionRecommendationServiceImpl.class (ADD), C:\Users\MSI\Downloads\integration\integration\backend\qualite-service\target\classes\tn\scalers\qualitymanagementservice\service\impl\StandardCriterionServiceImpl.class (ADD), C:\Users\MSI\Downloads\integration\integration\backend\qualite-service\target\classes\tn\scalers\qualitymanagementservice\service\InspectionRecordService.class (ADD), C:\Users\MSI\Downloads\integration\integration\backend\qualite-service\target\classes\tn\scalers\qualitymanagementservice\service\NonConformityService.class (ADD), C:\Users\MSI\Downloads\integration\integration\backend\qualite-service\target\classes\tn\scalers\qualitymanagementservice\service\OnnxPredictionService$ModelRuntime.class (ADD), C:\Users\MSI\Downloads\integration\integration\backend\qualite-service\target\classes\tn\scalers\qualitymanagementservice\service\OnnxPredictionService.class (ADD), C:\Users\MSI\Downloads\integration\integration\backend\qualite-service\target\classes\tn\scalers\qualitymanagementservice\service\QualityAuditService.class (ADD), C:\Users\MSI\Downloads\integration\integration\backend\qualite-service\target\classes\tn\scalers\qualitymanagementservice\service\QualityEvidenceService.class (ADD), C:\Users\MSI\Downloads\integration\integration\backend\qualite-service\target\classes\tn\scalers\qualitymanagementservice\service\QualityReportService.class (ADD), C:\Users\MSI\Downloads\integration\integration\backend\qualite-service\target\classes\tn\scalers\qualitymanagementservice\service\QualityStandardService.class (ADD), C:\Users\MSI\Downloads\integration\integration\backend\qualite-service\target\classes\tn\scalers\qualitymanagementservice\service\SmartCorrectiveActionRecommendationService.class (ADD), C:\Users\MSI\Downloads\integration\integration\backend\qualite-service\target\classes\tn\scalers\qualitymanagementservice\service\StandardCriterionService.class (ADD)]]
2026-04-28T14:23:18.801+01:00 DEBUG 22216 --- [qualite-service] [   File Watcher] o.s.boot.devtools.restart.Restarter      : Restarting application
2026-04-28T14:23:18.803+01:00 DEBUG 22216 --- [qualite-service] [      Thread-12] o.s.boot.devtools.restart.Restarter      : Stopping application
2026-04-28T14:23:18.805+01:00 DEBUG 22216 --- [qualite-service] [      Thread-12] o.s.b.a.ApplicationAvailabilityBean      : Application availability state ReadinessState changed from ACCEPTING_TRAFFIC to REFUSING_TRAFFIC
2026-04-28T14:23:18.807+01:00 DEBUG 22216 --- [qualite-service] [      Thread-12] ConfigServletWebServerApplicationContext : Closing org.springframework.boot.web.servlet.context.AnnotationConfigServletWebServerApplicationContext@7131ed6, started on Tue Apr 28 14:23:12 CET 2026
2026-04-28T14:23:18.809+01:00  INFO 22216 --- [qualite-service] [      Thread-12] o.s.c.n.e.s.EurekaServiceRegistry        : Unregistering application QUALITE-SERVICE with eureka with status DOWN
2026-04-28T14:23:18.811+01:00  INFO 22216 --- [qualite-service] [      Thread-12] com.netflix.discovery.DiscoveryClient    : Saw local status change event StatusChangeEvent [timestamp=1777382598811, current=DOWN, previous=UP]
2026-04-28T14:23:18.811+01:00  INFO 22216 --- [qualite-service] [foReplicator-%d] com.netflix.discovery.DiscoveryClient    : DiscoveryClient_QUALITE-SERVICE/LANGIR:qualite-service:8092: registering service...
2026-04-28T14:23:18.812+01:00  INFO 22216 --- [qualite-service] [      Thread-12] o.s.b.w.e.tomcat.GracefulShutdown        : Commencing graceful shutdown. Waiting for active requests to complete
2026-04-28T14:23:18.812+01:00 DEBUG 22216 --- [qualite-service] [foReplicator-%d] o.s.web.client.RestTemplate              : HTTP POST http://localhost:8761/eureka/apps/QUALITE-SERVICE
2026-04-28T14:23:18.813+01:00 DEBUG 22216 --- [qualite-service] [foReplicator-%d] o.s.web.client.RestTemplate              : Accept=[application/json, application/*+json]
2026-04-28T14:23:18.814+01:00 DEBUG 22216 --- [qualite-service] [foReplicator-%d] o.s.web.client.RestTemplate              : Writing [InstanceInfo [instanceId = LANGIR:qualite-service:8092, appName = QUALITE-SERVICE, hostName = LANGIR, status = DOWN, ipAddr = 192.168.1.119, port = 8092, securePort = 443, dataCenterInfo = com.netflix.appinfo.MyDataCenterInfo@646f51e9] as "application/json"
2026-04-28T14:23:18.823+01:00 DEBUG 22216 --- [qualite-service] [foReplicator-%d] o.s.web.client.RestTemplate              : Response 204 NO_CONTENT
2026-04-28T14:23:18.824+01:00  INFO 22216 --- [qualite-service] [foReplicator-%d] com.netflix.discovery.DiscoveryClient    : DiscoveryClient_QUALITE-SERVICE/LANGIR:qualite-service:8092 - registration status: 204
2026-04-28T14:23:18.934+01:00  INFO 22216 --- [qualite-service] [tomcat-shutdown] o.s.b.w.e.tomcat.GracefulShutdown        : Graceful shutdown complete
2026-04-28T14:23:18.971+01:00  INFO 22216 --- [qualite-service] [      Thread-12] j.LocalContainerEntityManagerFactoryBean : Closing JPA EntityManagerFactory for persistence unit 'default'
2026-04-28T14:23:18.974+01:00  INFO 22216 --- [qualite-service] [      Thread-12] com.zaxxer.hikari.HikariDataSource       : HikariPool-2 - Shutdown initiated...
2026-04-28T14:23:19.004+01:00  INFO 22216 --- [qualite-service] [      Thread-12] com.zaxxer.hikari.HikariDataSource       : HikariPool-2 - Shutdown completed.
2026-04-28T14:23:19.005+01:00  INFO 22216 --- [qualite-service] [      Thread-12] com.netflix.discovery.DiscoveryClient    : Shutting down DiscoveryClient ...
2026-04-28T14:23:22.013+01:00  INFO 22216 --- [qualite-service] [      Thread-12] com.netflix.discovery.DiscoveryClient    : Unregistering ...
2026-04-28T14:23:22.018+01:00 DEBUG 22216 --- [qualite-service] [      Thread-12] o.s.web.client.RestTemplate              : HTTP DELETE http://localhost:8761/eureka/apps/QUALITE-SERVICE/LANGIR:qualite-service:8092
2026-04-28T14:23:22.020+01:00 DEBUG 22216 --- [qualite-service] [      Thread-12] o.s.web.client.RestTemplate              : Accept=[application/json, application/*+json]
2026-04-28T14:23:22.031+01:00 DEBUG 22216 --- [qualite-service] [      Thread-12] o.s.web.client.RestTemplate              : Response 200 OK
2026-04-28T14:23:22.032+01:00  INFO 22216 --- [qualite-service] [      Thread-12] com.netflix.discovery.DiscoveryClient    : DiscoveryClient_QUALITE-SERVICE/LANGIR:qualite-service:8092 - deregister  status: 200
2026-04-28T14:23:22.034+01:00  INFO 22216 --- [qualite-service] [      Thread-12] com.netflix.discovery.DiscoveryClient    : Completed shut down of DiscoveryClient
2026-04-28T14:23:22.149+01:00 DEBUG 22216 --- [qualite-service] [      Thread-12] o.s.boot.devtools.restart.Restarter      : Starting application tn.scalers.qualitymanagementservice.QualiteServiceApplication with URLs [file:/C:/Users/MSI/Downloads/integration/integration/backend/qualite-service/target/classes/]

  .   ____          _            __ _ _
 /\\ / ___'_ __ _ _(_)_ __  __ _ \ \ \ \
( ( )\___ | '_ | '_| | '_ \/ _` | \ \ \ \
 \\/  ___)| |_)| | | | | || (_| |  ) ) ) )
  '  |____| .__|_| |_|_| |_\__, | / / / /
 =========|_|==============|___/=/_/_/_/

 :: Spring Boot ::               (v3.5.13)

2026-04-28T14:23:22.516+01:00  INFO 22216 --- [qualite-service] [  restartedMain] t.s.q.QualiteServiceApplication          : Starting QualiteServiceApplication using Java 17.0.12 with PID 22216 (C:\Users\MSI\Downloads\integration\integration\backend\qualite-service\target\classes started by MSI in C:\Users\MSI\Downloads\integration\integration\backend\qualite-service)
2026-04-28T14:23:22.516+01:00  INFO 22216 --- [qualite-service] [  restartedMain] t.s.q.QualiteServiceApplication          : No active profile set, falling back to 1 default profile: "default"
2026-04-28T14:23:22.517+01:00 DEBUG 22216 --- [qualite-service] [  restartedMain] o.s.boot.SpringApplication               : Loading source class tn.scalers.qualitymanagementservice.QualiteServiceApplication
2026-04-28T14:23:22.518+01:00 DEBUG 22216 --- [qualite-service] [  restartedMain] ConfigServletWebServerApplicationContext : Refreshing org.springframework.boot.web.servlet.context.AnnotationConfigServletWebServerApplicationContext@5f16819e
2026-04-28T14:23:23.483+01:00  INFO 22216 --- [qualite-service] [  restartedMain] .s.d.r.c.RepositoryConfigurationDelegate : Bootstrapping Spring Data JPA repositories in DEFAULT mode.
2026-04-28T14:23:23.486+01:00 DEBUG 22216 --- [qualite-service] [  restartedMain] o.s.b.a.AutoConfigurationPackages        : @EnableAutoConfiguration was declared on a class in the package 'tn.scalers.qualitymanagementservice'. Automatic @Repository and @Entity scanning is enabled.
2026-04-28T14:23:23.710+01:00  INFO 22216 --- [qualite-service] [  restartedMain] .s.d.r.c.RepositoryConfigurationDelegate : Finished Spring Data repository scanning in 225 ms. Found 11 JPA repository interfaces.
2026-04-28T14:23:24.200+01:00  INFO 22216 --- [qualite-service] [  restartedMain] o.s.cloud.context.scope.GenericScope     : BeanFactory id=8922d046-23a9-3666-9355-10a24e96184a
2026-04-28T14:23:24.489+01:00 DEBUG 22216 --- [qualite-service] [  restartedMain] .s.b.w.e.t.TomcatServletWebServerFactory : Code archive: C:\Users\MSI\.m2\repository\org\springframework\boot\spring-boot\3.5.13\spring-boot-3.5.13.jar
2026-04-28T14:23:24.495+01:00 DEBUG 22216 --- [qualite-service] [  restartedMain] .s.b.w.e.t.TomcatServletWebServerFactory : Code archive: C:\Users\MSI\.m2\repository\org\springframework\boot\spring-boot\3.5.13\spring-boot-3.5.13.jar
2026-04-28T14:23:24.497+01:00 DEBUG 22216 --- [qualite-service] [  restartedMain] .s.b.w.e.t.TomcatServletWebServerFactory : None of the document roots [src/main/webapp, public, static] point to a directory and will be ignored.
2026-04-28T14:23:24.557+01:00  INFO 22216 --- [qualite-service] [  restartedMain] o.s.b.w.embedded.tomcat.TomcatWebServer  : Tomcat initialized with port 8092 (http)
2026-04-28T14:23:24.562+01:00  INFO 22216 --- [qualite-service] [  restartedMain] o.apache.catalina.core.StandardService   : Starting service [Tomcat]
2026-04-28T14:23:24.563+01:00  INFO 22216 --- [qualite-service] [  restartedMain] o.apache.catalina.core.StandardEngine    : Starting Servlet engine: [Apache Tomcat/10.1.53]
2026-04-28T14:23:24.738+01:00  INFO 22216 --- [qualite-service] [  restartedMain] o.a.c.c.C.[Tomcat].[localhost].[/]       : Initializing Spring embedded WebApplicationContext
2026-04-28T14:23:24.742+01:00 DEBUG 22216 --- [qualite-service] [  restartedMain] w.s.c.ServletWebServerApplicationContext : Published root WebApplicationContext as ServletContext attribute with name [org.springframework.web.context.WebApplicationContext.ROOT]
2026-04-28T14:23:24.743+01:00  INFO 22216 --- [qualite-service] [  restartedMain] w.s.c.ServletWebServerApplicationContext : Root WebApplicationContext: initialization completed in 2225 ms
2026-04-28T14:23:24.795+01:00 DEBUG 22216 --- [qualite-service] [  restartedMain] o.s.b.w.s.ServletContextInitializerBeans : Mapping filters: springSecurityFilterChain urls=[/*] order=-100, characterEncodingFilter urls=[/*] order=-2147483648, formContentFilter urls=[/*] order=-9900, requestContextFilter urls=[/*] order=-105
2026-04-28T14:23:24.796+01:00 DEBUG 22216 --- [qualite-service] [  restartedMain] o.s.b.w.s.ServletContextInitializerBeans : Mapping servlets: dispatcherServlet urls=[/], h2Console urls=[/h2-console/*]
2026-04-28T14:23:24.799+01:00 DEBUG 22216 --- [qualite-service] [  restartedMain] o.s.b.w.s.f.OrderedRequestContextFilter  : Filter 'requestContextFilter' configured for use
2026-04-28T14:23:24.801+01:00 DEBUG 22216 --- [qualite-service] [  restartedMain] s.b.w.s.f.OrderedCharacterEncodingFilter : Filter 'characterEncodingFilter' configured for use
2026-04-28T14:23:24.801+01:00 DEBUG 22216 --- [qualite-service] [  restartedMain] .DelegatingFilterProxyRegistrationBean$1 : Filter 'springSecurityFilterChain' configured for use
2026-04-28T14:23:24.802+01:00 DEBUG 22216 --- [qualite-service] [  restartedMain] o.s.b.w.s.f.OrderedFormContentFilter     : Filter 'formContentFilter' configured for use
2026-04-28T14:23:24.909+01:00  INFO 22216 --- [qualite-service] [  restartedMain] o.hibernate.jpa.internal.util.LogHelper  : HHH000204: Processing PersistenceUnitInfo [name: default]
2026-04-28T14:23:24.922+01:00  INFO 22216 --- [qualite-service] [  restartedMain] o.h.c.internal.RegionFactoryInitiator    : HHH000026: Second-level cache disabled
2026-04-28T14:23:24.972+01:00  INFO 22216 --- [qualite-service] [  restartedMain] o.s.o.j.p.SpringPersistenceUnitInfo      : No LoadTimeWeaver setup: ignoring JPA class transformer
2026-04-28T14:23:24.978+01:00  INFO 22216 --- [qualite-service] [  restartedMain] com.zaxxer.hikari.HikariDataSource       : HikariPool-3 - Starting...
2026-04-28T14:23:25.123+01:00  INFO 22216 --- [qualite-service] [  restartedMain] com.zaxxer.hikari.pool.HikariPool        : HikariPool-3 - Added connection conn43: url=jdbc:h2:file:./data/qualite-service user=SA
2026-04-28T14:23:25.126+01:00  INFO 22216 --- [qualite-service] [  restartedMain] com.zaxxer.hikari.HikariDataSource       : HikariPool-3 - Start completed.
2026-04-28T14:23:25.129+01:00  WARN 22216 --- [qualite-service] [  restartedMain] org.hibernate.orm.deprecation            : HHH90000025: H2Dialect does not need to be specified explicitly using 'hibernate.dialect' (remove the property setting and it will be selected by default)
2026-04-28T14:23:25.130+01:00  INFO 22216 --- [qualite-service] [  restartedMain] org.hibernate.orm.connections.pooling    : HHH10001005: Database info:
	Database JDBC URL [Connecting through datasource 'HikariDataSource (HikariPool-3)']
	Database driver: undefined/unknown
	Database version: 2.3.232
	Autocommit mode: undefined/unknown
	Isolation level: undefined/unknown
	Minimum pool size: undefined/unknown
	Maximum pool size: undefined/unknown
2026-04-28T14:23:25.919+01:00  INFO 22216 --- [qualite-service] [  restartedMain] o.h.e.t.j.p.i.JtaPlatformInitiator       : HHH000489: No JTA platform available (set 'hibernate.transaction.jta.platform' to enable JTA platform integration)
2026-04-28T14:23:25.934+01:00  INFO 22216 --- [qualite-service] [  restartedMain] j.LocalContainerEntityManagerFactoryBean : Initialized JPA EntityManagerFactory for persistence unit 'default'
2026-04-28T14:23:27.166+01:00  INFO 22216 --- [qualite-service] [  restartedMain] t.s.q.service.OnnxPredictionService      : Loaded ONNX category model from category_model.onnx. Input: input STRING TensorInfo(javaType=STRING,onnxType=ONNX_TENSOR_ELEMENT_DATA_TYPE_STRING,shape=[-1, 1]). Outputs: {output_label=STRING TensorInfo(javaType=STRING,onnxType=ONNX_TENSOR_ELEMENT_DATA_TYPE_STRING,shape=[-1]), output_probability=SequenceInfo}
2026-04-28T14:23:27.252+01:00  INFO 22216 --- [qualite-service] [  restartedMain] t.s.q.service.OnnxPredictionService      : Loaded ONNX priority model from priority_model.onnx. Input: input STRING TensorInfo(javaType=STRING,onnxType=ONNX_TENSOR_ELEMENT_DATA_TYPE_STRING,shape=[-1, 1]). Outputs: {output_label=STRING TensorInfo(javaType=STRING,onnxType=ONNX_TENSOR_ELEMENT_DATA_TYPE_STRING,shape=[-1]), output_probability=SequenceInfo}
2026-04-28T14:23:27.252+01:00  INFO 22216 --- [qualite-service] [  restartedMain] t.s.q.service.OnnxPredictionService      : ONNX prediction models loaded successfully.
2026-04-28T14:23:27.484+01:00  WARN 22216 --- [qualite-service] [  restartedMain] JpaBaseConfiguration$JpaWebConfiguration : spring.jpa.open-in-view is enabled by default. Therefore, database queries may be performed during view rendering. Explicitly configure spring.jpa.open-in-view to disable this warning
2026-04-28T14:23:27.506+01:00  WARN 22216 --- [qualite-service] [  restartedMain] .s.s.UserDetailsServiceAutoConfiguration : 

Using generated security password: 98fdd0f0-10a6-47fa-822e-abe611675f15

This generated password is for development use only. Your security configuration must be updated before running your application in production.

2026-04-28T14:23:27.509+01:00  INFO 22216 --- [qualite-service] [  restartedMain] r$InitializeUserDetailsManagerConfigurer : Global AuthenticationManager configured with UserDetailsService bean with name inMemoryUserDetailsManager
2026-04-28T14:23:27.680+01:00 DEBUG 22216 --- [qualite-service] [  restartedMain] s.w.s.m.m.a.RequestMappingHandlerMapping : 105 mappings in 'requestMappingHandlerMapping'
2026-04-28T14:23:27.735+01:00 DEBUG 22216 --- [qualite-service] [  restartedMain] o.s.w.s.handler.SimpleUrlHandlerMapping  : Patterns [/webjars/**, /**] in 'resourceHandlerMapping'
2026-04-28T14:23:27.845+01:00 DEBUG 22216 --- [qualite-service] [  restartedMain] s.w.s.m.m.a.RequestMappingHandlerAdapter : ControllerAdvice beans: 0 @ModelAttribute, 0 @InitBinder, 1 RequestBodyAdvice, 1 ResponseBodyAdvice
2026-04-28T14:23:27.897+01:00 DEBUG 22216 --- [qualite-service] [  restartedMain] .m.m.a.ExceptionHandlerExceptionResolver : ControllerAdvice beans: 1 @ExceptionHandler, 1 ResponseBodyAdvice
2026-04-28T14:23:27.966+01:00  INFO 22216 --- [qualite-service] [  restartedMain] o.s.b.a.h2.H2ConsoleAutoConfiguration    : H2 console available at '/h2-console'. Database available at 'jdbc:h2:file:./data/qualite-service'
2026-04-28T14:23:28.101+01:00  INFO 22216 --- [qualite-service] [  restartedMain] o.s.b.d.a.OptionalLiveReloadServer       : LiveReload server is running on port 35729
2026-04-28T14:23:29.340+01:00  INFO 22216 --- [qualite-service] [  restartedMain] DiscoveryClientOptionalArgsConfiguration : Eureka HTTP Client uses RestTemplate.
2026-04-28T14:23:29.419+01:00  WARN 22216 --- [qualite-service] [  restartedMain] iguration$LoadBalancerCaffeineWarnLogger : Spring Cloud LoadBalancer is currently working with the default cache. While this cache implementation is useful for development and tests, it's recommended to use Caffeine cache in production.You can switch to using Caffeine cache, by adding it and org.springframework.cache.caffeine.CaffeineCacheManager to the classpath.
2026-04-28T14:23:29.497+01:00  INFO 22216 --- [qualite-service] [  restartedMain] o.s.c.n.eureka.InstanceInfoFactory       : Setting initial instance status as: STARTING
2026-04-28T14:23:29.512+01:00  INFO 22216 --- [qualite-service] [  restartedMain] com.netflix.discovery.DiscoveryClient    : Initializing Eureka in region us-east-1
2026-04-28T14:23:29.513+01:00  INFO 22216 --- [qualite-service] [  restartedMain] c.n.d.s.r.aws.ConfigClusterResolver      : Resolving eureka endpoints via configuration
2026-04-28T14:23:29.517+01:00  INFO 22216 --- [qualite-service] [  restartedMain] com.netflix.discovery.DiscoveryClient    : Disable delta property : false
2026-04-28T14:23:29.518+01:00  INFO 22216 --- [qualite-service] [  restartedMain] com.netflix.discovery.DiscoveryClient    : Single vip registry refresh property : null
2026-04-28T14:23:29.520+01:00  INFO 22216 --- [qualite-service] [  restartedMain] com.netflix.discovery.DiscoveryClient    : Force full registry fetch : false
2026-04-28T14:23:29.521+01:00  INFO 22216 --- [qualite-service] [  restartedMain] com.netflix.discovery.DiscoveryClient    : Application is null : false
2026-04-28T14:23:29.523+01:00  INFO 22216 --- [qualite-service] [  restartedMain] com.netflix.discovery.DiscoveryClient    : Registered Applications size is zero : true
2026-04-28T14:23:29.525+01:00  INFO 22216 --- [qualite-service] [  restartedMain] com.netflix.discovery.DiscoveryClient    : Application version is -1: true
2026-04-28T14:23:29.526+01:00  INFO 22216 --- [qualite-service] [  restartedMain] com.netflix.discovery.DiscoveryClient    : Getting all instance registry info from the eureka server
2026-04-28T14:23:29.551+01:00 DEBUG 22216 --- [qualite-service] [  restartedMain] o.s.web.client.RestTemplate              : HTTP GET http://localhost:8761/eureka/apps/
2026-04-28T14:23:29.625+01:00 DEBUG 22216 --- [qualite-service] [  restartedMain] o.s.web.client.RestTemplate              : Accept=[application/json, application/*+json]
2026-04-28T14:23:29.635+01:00 DEBUG 22216 --- [qualite-service] [  restartedMain] o.s.web.client.RestTemplate              : Response 200 OK
2026-04-28T14:23:29.637+01:00 DEBUG 22216 --- [qualite-service] [  restartedMain] o.s.web.client.RestTemplate              : Reading to [org.springframework.cloud.netflix.eureka.http.EurekaApplications]
2026-04-28T14:23:29.642+01:00  INFO 22216 --- [qualite-service] [  restartedMain] com.netflix.discovery.DiscoveryClient    : The response status is 200
2026-04-28T14:23:29.643+01:00  INFO 22216 --- [qualite-service] [  restartedMain] com.netflix.discovery.DiscoveryClient    : Starting heartbeat executor: renew interval is: 30
2026-04-28T14:23:29.646+01:00  INFO 22216 --- [qualite-service] [  restartedMain] c.n.discovery.InstanceInfoReplicator     : InstanceInfoReplicator onDemand update allowed rate per min is 4
2026-04-28T14:23:29.647+01:00  INFO 22216 --- [qualite-service] [  restartedMain] com.netflix.discovery.DiscoveryClient    : Discovery Client initialized at timestamp 1777382609647 with initial instances count: 7
2026-04-28T14:23:29.648+01:00  INFO 22216 --- [qualite-service] [  restartedMain] o.s.c.n.e.s.EurekaServiceRegistry        : Registering application QUALITE-SERVICE with eureka with status UP
2026-04-28T14:23:29.650+01:00  INFO 22216 --- [qualite-service] [  restartedMain] com.netflix.discovery.DiscoveryClient    : Saw local status change event StatusChangeEvent [timestamp=1777382609650, current=UP, previous=STARTING]
2026-04-28T14:23:29.650+01:00  INFO 22216 --- [qualite-service] [foReplicator-%d] com.netflix.discovery.DiscoveryClient    : DiscoveryClient_QUALITE-SERVICE/LANGIR:qualite-service:8092: registering service...
2026-04-28T14:23:29.653+01:00  INFO 22216 --- [qualite-service] [  restartedMain] o.s.b.w.embedded.tomcat.TomcatWebServer  : Tomcat started on port 8092 (http) with context path '/'
2026-04-28T14:23:29.653+01:00  INFO 22216 --- [qualite-service] [  restartedMain] .s.c.n.e.s.EurekaAutoServiceRegistration : Updating port to 8092
2026-04-28T14:23:29.654+01:00 DEBUG 22216 --- [qualite-service] [foReplicator-%d] o.s.web.client.RestTemplate              : HTTP POST http://localhost:8761/eureka/apps/QUALITE-SERVICE
2026-04-28T14:23:29.655+01:00 DEBUG 22216 --- [qualite-service] [foReplicator-%d] o.s.web.client.RestTemplate              : Accept=[application/json, application/*+json]
2026-04-28T14:23:29.656+01:00 DEBUG 22216 --- [qualite-service] [foReplicator-%d] o.s.web.client.RestTemplate              : Writing [InstanceInfo [instanceId = LANGIR:qualite-service:8092, appName = QUALITE-SERVICE, hostName = LANGIR, status = UP, ipAddr = 192.168.1.119, port = 8092, securePort = 443, dataCenterInfo = com.netflix.appinfo.MyDataCenterInfo@4ad5b106] as "application/json"
2026-04-28T14:23:29.661+01:00 DEBUG 22216 --- [qualite-service] [foReplicator-%d] o.s.web.client.RestTemplate              : Response 204 NO_CONTENT
2026-04-28T14:23:29.661+01:00  INFO 22216 --- [qualite-service] [foReplicator-%d] com.netflix.discovery.DiscoveryClient    : DiscoveryClient_QUALITE-SERVICE/LANGIR:qualite-service:8092 - registration status: 204
2026-04-28T14:23:30.242+01:00 DEBUG 22216 --- [qualite-service] [  restartedMain] .s.b.a.l.ConditionEvaluationReportLogger : 


============================
CONDITIONS EVALUATION REPORT
============================


Positive matches:
-----------------

   AopAutoConfiguration matched:
      - @ConditionalOnBooleanProperty (spring.aop.auto=true) matched (OnPropertyCondition)

   AopAutoConfiguration.AspectJAutoProxyingConfiguration matched:
      - @ConditionalOnClass found required class 'org.aspectj.weaver.Advice' (OnClassCondition)

   AopAutoConfiguration.AspectJAutoProxyingConfiguration.CglibAutoProxyConfiguration matched:
      - @ConditionalOnBooleanProperty (spring.aop.proxy-target-class=true) matched (OnPropertyCondition)

   ApplicationAvailabilityAutoConfiguration#applicationAvailability matched:
      - @ConditionalOnMissingBean (types: org.springframework.boot.availability.ApplicationAvailability; SearchStrategy: all) did not find any beans (OnBeanCondition)

   AutoServiceRegistrationAutoConfiguration matched:
      - @ConditionalOnProperty (spring.cloud.service-registry.auto-registration.enabled) matched (OnPropertyCondition)

   AutoServiceRegistrationConfiguration matched:
      - @ConditionalOnProperty (spring.cloud.service-registry.auto-registration.enabled) matched (OnPropertyCondition)

   BlockingLoadBalancerClientAutoConfiguration matched:
      - @ConditionalOnProperty (spring.cloud.loadbalancer.enabled=true) matched (OnPropertyCondition)
      - AnyNestedCondition 2 matched 0 did not; NestedCondition on BlockingRestClassesPresentCondition.RestClientPresent @ConditionalOnClass found required class 'org.springframework.web.client.RestClient'; NestedCondition on BlockingRestClassesPresentCondition.RestTemplatePresent @ConditionalOnClass found required class 'org.springframework.web.client.RestTemplate' (BlockingRestClassesPresentCondition)

   BlockingLoadBalancerClientAutoConfiguration#blockingLoadBalancerClient matched:
      - @ConditionalOnBean (types: org.springframework.cloud.loadbalancer.support.LoadBalancerClientFactory; SearchStrategy: all) found bean 'loadBalancerClientFactory'; @ConditionalOnMissingBean (types: org.springframework.cloud.client.loadbalancer.LoadBalancerClient; SearchStrategy: all) did not find any beans (OnBeanCondition)

   BlockingLoadBalancerClientAutoConfiguration#loadBalancerServiceInstanceCookieTransformer matched:
      - @ConditionalOnBean (types: org.springframework.cloud.loadbalancer.support.LoadBalancerClientFactory; SearchStrategy: all) found bean 'loadBalancerClientFactory'; @ConditionalOnMissingBean (types: org.springframework.cloud.loadbalancer.core.LoadBalancerServiceInstanceCookieTransformer; SearchStrategy: all) did not find any beans (OnBeanCondition)

   BlockingLoadBalancerClientAutoConfiguration#xForwarderHeadersTransformer matched:
      - @ConditionalOnBean (types: org.springframework.cloud.loadbalancer.support.LoadBalancerClientFactory; SearchStrategy: all) found bean 'loadBalancerClientFactory'; @ConditionalOnMissingBean (types: org.springframework.cloud.loadbalancer.blocking.XForwardedHeadersTransformer; SearchStrategy: all) did not find any beans (OnBeanCondition)

   org.springframework.boot.autoconfigure.http.client.reactive.ClientHttpConnectorAutoConfiguration matched:
      - @ConditionalOnClass found required classes 'org.springframework.http.client.reactive.ClientHttpConnector', 'reactor.core.publisher.Mono' (OnClassCondition)
      - Detected ClientHttpConnectorBuilder (ConditionalOnClientHttpConnectorBuilderDetection)

   ClientHttpConnectorAutoConfiguration#clientHttpConnector matched:
      - @ConditionalOnMissingBean (types: org.springframework.http.client.reactive.ClientHttpConnector; SearchStrategy: all) did not find any beans (OnBeanCondition)

   ClientHttpConnectorAutoConfiguration#clientHttpConnectorBuilder matched:
      - @ConditionalOnMissingBean (types: org.springframework.boot.http.client.reactive.ClientHttpConnectorBuilder<?>; SearchStrategy: all) did not find any beans (OnBeanCondition)

   ClientHttpConnectorAutoConfiguration#clientHttpConnectorSettings matched:
      - @ConditionalOnMissingBean (types: org.springframework.boot.http.client.reactive.ClientHttpConnectorSettings; SearchStrategy: all) did not find any beans (OnBeanCondition)

   CompatibilityVerifierAutoConfiguration matched:
      - @ConditionalOnProperty (spring.cloud.compatibility-verifier.enabled) matched (OnPropertyCondition)

   ConfigurationPropertiesRebinderAutoConfiguration matched:
      - @ConditionalOnBean (types: org.springframework.boot.context.properties.ConfigurationPropertiesBindingPostProcessor; SearchStrategy: all) found bean 'org.springframework.boot.context.properties.ConfigurationPropertiesBindingPostProcessor' (OnBeanCondition)

   ConfigurationPropertiesRebinderAutoConfiguration#configurationPropertiesBeans matched:
      - @ConditionalOnMissingBean (types: org.springframework.cloud.context.properties.ConfigurationPropertiesBeans; SearchStrategy: current) did not find any beans (OnBeanCondition)

   ConfigurationPropertiesRebinderAutoConfiguration#configurationPropertiesRebinder matched:
      - @ConditionalOnMissingBean (types: org.springframework.cloud.context.properties.ConfigurationPropertiesRebinder; SearchStrategy: current) did not find any beans (OnBeanCondition)

   DataSourceAutoConfiguration matched:
      - @ConditionalOnClass found required classes 'javax.sql.DataSource', 'org.springframework.jdbc.datasource.embedded.EmbeddedDatabaseType' (OnClassCondition)
      - @ConditionalOnMissingBean (types: io.r2dbc.spi.ConnectionFactory; SearchStrategy: all) did not find any beans (OnBeanCondition)

   DataSourceAutoConfiguration.PooledDataSourceConfiguration matched:
      - AnyNestedCondition 1 matched 1 did not; NestedCondition on DataSourceAutoConfiguration.PooledDataSourceCondition.PooledDataSourceAvailable PooledDataSource found supported DataSource; NestedCondition on DataSourceAutoConfiguration.PooledDataSourceCondition.ExplicitType @ConditionalOnProperty (spring.datasource.type) did not find property 'spring.datasource.type' (DataSourceAutoConfiguration.PooledDataSourceCondition)
      - @ConditionalOnMissingBean (types: javax.sql.DataSource,javax.sql.XADataSource; SearchStrategy: all) did not find any beans (OnBeanCondition)

   DataSourceAutoConfiguration.PooledDataSourceConfiguration#jdbcConnectionDetails matched:
      - @ConditionalOnMissingBean (types: org.springframework.boot.autoconfigure.jdbc.JdbcConnectionDetails; SearchStrategy: all) did not find any beans (OnBeanCondition)

   DataSourceConfiguration.Hikari matched:
      - @ConditionalOnClass found required class 'com.zaxxer.hikari.HikariDataSource' (OnClassCondition)
      - @ConditionalOnProperty (spring.datasource.type=com.zaxxer.hikari.HikariDataSource) matched (OnPropertyCondition)
      - @ConditionalOnMissingBean (types: javax.sql.DataSource; SearchStrategy: all) did not find any beans (OnBeanCondition)

   DataSourceInitializationConfiguration matched:
      - @ConditionalOnClass found required class 'org.springframework.jdbc.datasource.init.DatabasePopulator' (OnClassCondition)
      - @ConditionalOnSingleCandidate (types: javax.sql.DataSource; SearchStrategy: all) found a single bean 'dataSource'; @ConditionalOnMissingBean (types: org.springframework.boot.autoconfigure.sql.init.SqlDataSourceScriptDatabaseInitializer,org.springframework.boot.autoconfigure.sql.init.SqlR2dbcScriptDatabaseInitializer; SearchStrategy: all) did not find any beans (OnBeanCondition)

   DataSourcePoolMetadataProvidersConfiguration.HikariPoolDataSourceMetadataProviderConfiguration matched:
      - @ConditionalOnClass found required class 'com.zaxxer.hikari.HikariDataSource' (OnClassCondition)

   DataSourceTransactionManagerAutoConfiguration matched:
      - @ConditionalOnClass found required classes 'javax.sql.DataSource', 'org.springframework.jdbc.core.JdbcTemplate', 'org.springframework.transaction.TransactionManager' (OnClassCondition)

   DataSourceTransactionManagerAutoConfiguration.JdbcTransactionManagerConfiguration matched:
      - @ConditionalOnSingleCandidate (types: javax.sql.DataSource; SearchStrategy: all) found a single bean 'dataSource' (OnBeanCondition)

   DevToolsDataSourceAutoConfiguration matched:
      - @ConditionalOnClass found required class 'javax.sql.DataSource' (OnClassCondition)
      - Devtools devtools enabled. (OnEnabledDevToolsCondition)
      - DevTools DataSource Condition found auto-configured DataSource (DevToolsDataSourceAutoConfiguration.DevToolsDataSourceCondition)

   DevToolsDataSourceAutoConfiguration.DatabaseShutdownExecutorEntityManagerFactoryDependsOnPostProcessor matched:
      - @ConditionalOnClass found required class 'org.springframework.orm.jpa.LocalContainerEntityManagerFactoryBean' (OnClassCondition)
      - @ConditionalOnBean (types: org.springframework.orm.jpa.AbstractEntityManagerFactoryBean; SearchStrategy: all) found bean '&entityManagerFactory' (OnBeanCondition)

   DiscoveryClientOptionalArgsConfiguration.RestTemplateConfiguration matched:
      - AllNestedConditions 4 matched 0 did not; NestedCondition on DiscoveryClientOptionalArgsConfiguration.OnRestTemplatePresentAndEnabledCondition.OnRestClientDisabled @ConditionalOnProperty (eureka.client.restclient.enabled=false) matched; NestedCondition on DiscoveryClientOptionalArgsConfiguration.OnRestTemplatePresentAndEnabledCondition.OnWebClientDisabled @ConditionalOnProperty (eureka.client.webclient.enabled=false) matched; NestedCondition on DiscoveryClientOptionalArgsConfiguration.OnRestTemplatePresentAndEnabledCondition.OnJerseyClientNotPresentOrNotEnabled AnyNestedCondition 1 matched 1 did not; NestedCondition on DiscoveryClientOptionalArgsConfiguration.OnJerseyClientNotPresentOrNotEnabledCondition.OnJerseyClientDisabled @ConditionalOnProperty (eureka.client.jersey.enabled=false) did not find property 'eureka.client.jersey.enabled'; NestedCondition on DiscoveryClientOptionalArgsConfiguration.OnJerseyClientNotPresentOrNotEnabledCondition.OnJerseyClientMissing @ConditionalOnMissingClass did not find unwanted class 'org.glassfish.jersey.client.JerseyClient'; NestedCondition on DiscoveryClientOptionalArgsConfiguration.OnRestTemplatePresentAndEnabledCondition.OnRestTemplatePresent @ConditionalOnClass found required class 'org.springframework.web.client.RestTemplate' (DiscoveryClientOptionalArgsConfiguration.OnRestTemplatePresentAndEnabledCondition)

   DiscoveryClientOptionalArgsConfiguration.RestTemplateConfiguration#defaultEurekaClientHttpRequestFactorySupplier matched:
      - @ConditionalOnMissingBean (types: org.springframework.cloud.netflix.eureka.http.EurekaClientHttpRequestFactorySupplier; SearchStrategy: all) did not find any beans (OnBeanCondition)

   DiscoveryClientOptionalArgsConfiguration.RestTemplateConfiguration#restTemplateDiscoveryClientOptionalArgs matched:
      - @ConditionalOnMissingBean (types: com.netflix.discovery.AbstractDiscoveryClientOptionalArgs; SearchStrategy: current) did not find any beans (OnBeanCondition)

   DiscoveryClientOptionalArgsConfiguration.RestTemplateConfiguration#restTemplateTransportClientFactories matched:
      - @ConditionalOnMissingBean (types: com.netflix.discovery.shared.transport.jersey.TransportClientFactories; SearchStrategy: current) did not find any beans (OnBeanCondition)

   DispatcherServletAutoConfiguration matched:
      - @ConditionalOnClass found required class 'org.springframework.web.servlet.DispatcherServlet' (OnClassCondition)
      - found 'session' scope (OnWebApplicationCondition)

   DispatcherServletAutoConfiguration.DispatcherServletConfiguration matched:
      - @ConditionalOnClass found required class 'jakarta.servlet.ServletRegistration' (OnClassCondition)
      - Default DispatcherServlet did not find dispatcher servlet beans (DispatcherServletAutoConfiguration.DefaultDispatcherServletCondition)

   DispatcherServletAutoConfiguration.DispatcherServletRegistrationConfiguration matched:
      - @ConditionalOnClass found required class 'jakarta.servlet.ServletRegistration' (OnClassCondition)
      - DispatcherServlet Registration did not find servlet registration bean (DispatcherServletAutoConfiguration.DispatcherServletRegistrationCondition)

   DispatcherServletAutoConfiguration.DispatcherServletRegistrationConfiguration#dispatcherServletRegistration matched:
      - @ConditionalOnBean (names: dispatcherServlet types: org.springframework.web.servlet.DispatcherServlet; SearchStrategy: all) found bean 'dispatcherServlet' (OnBeanCondition)

   EmbeddedWebServerFactoryCustomizerAutoConfiguration matched:
      - @ConditionalOnWebApplication (required) found 'session' scope (OnWebApplicationCondition)
      - @ConditionalOnWarDeployment the application is not deployed as a WAR file. (OnWarDeploymentCondition)

   EmbeddedWebServerFactoryCustomizerAutoConfiguration.TomcatWebServerFactoryCustomizerConfiguration matched:
      - @ConditionalOnClass found required classes 'org.apache.catalina.startup.Tomcat', 'org.apache.coyote.UpgradeProtocol' (OnClassCondition)

   ErrorMvcAutoConfiguration matched:
      - @ConditionalOnClass found required classes 'jakarta.servlet.Servlet', 'org.springframework.web.servlet.DispatcherServlet' (OnClassCondition)
      - found 'session' scope (OnWebApplicationCondition)

   ErrorMvcAutoConfiguration#basicErrorController matched:
      - @ConditionalOnMissingBean (types: org.springframework.boot.web.servlet.error.ErrorController; SearchStrategy: current) did not find any beans (OnBeanCondition)

   ErrorMvcAutoConfiguration#errorAttributes matched:
      - @ConditionalOnMissingBean (types: org.springframework.boot.web.servlet.error.ErrorAttributes; SearchStrategy: current) did not find any beans (OnBeanCondition)

   ErrorMvcAutoConfiguration.DefaultErrorViewResolverConfiguration#conventionErrorViewResolver matched:
      - @ConditionalOnBean (types: org.springframework.web.servlet.DispatcherServlet; SearchStrategy: all) found bean 'dispatcherServlet'; @ConditionalOnMissingBean (types: org.springframework.boot.autoconfigure.web.servlet.error.ErrorViewResolver; SearchStrategy: all) did not find any beans (OnBeanCondition)

   ErrorMvcAutoConfiguration.WhitelabelErrorViewConfiguration matched:
      - @ConditionalOnBooleanProperty (server.error.whitelabel.enabled=true) matched (OnPropertyCondition)
      - ErrorTemplate Missing did not find error template view (ErrorMvcAutoConfiguration.ErrorTemplateMissingCondition)

   ErrorMvcAutoConfiguration.WhitelabelErrorViewConfiguration#beanNameViewResolver matched:
      - @ConditionalOnMissingBean (types: org.springframework.web.servlet.view.BeanNameViewResolver; SearchStrategy: all) did not find any beans (OnBeanCondition)

   ErrorMvcAutoConfiguration.WhitelabelErrorViewConfiguration#defaultErrorView matched:
      - @ConditionalOnMissingBean (names: error; SearchStrategy: all) did not find any beans (OnBeanCondition)

   EurekaClientAutoConfiguration matched:
      - @ConditionalOnClass found required class 'com.netflix.discovery.EurekaClientConfig' (OnClassCondition)
      - @ConditionalOnProperty (eureka.client.enabled) matched; @ConditionalOnProperty (spring.cloud.discovery.enabled) matched (OnPropertyCondition)

   EurekaClientAutoConfiguration#eurekaAutoServiceRegistration matched:
      - @ConditionalOnProperty (spring.cloud.service-registry.auto-registration.enabled) matched (OnPropertyCondition)
      - @ConditionalOnBean (types: org.springframework.cloud.client.serviceregistry.AutoServiceRegistrationProperties; SearchStrategy: all) found bean 'spring.cloud.service-registry.auto-registration-org.springframework.cloud.client.serviceregistry.AutoServiceRegistrationProperties' (OnBeanCondition)

   EurekaClientAutoConfiguration#eurekaClientConfigBean matched:
      - @ConditionalOnMissingBean (types: com.netflix.discovery.EurekaClientConfig; SearchStrategy: current) did not find any beans (OnBeanCondition)

   EurekaClientAutoConfiguration#eurekaInstanceConfigBean matched:
      - @ConditionalOnMissingBean (types: com.netflix.appinfo.EurekaInstanceConfig; SearchStrategy: current) did not find any beans (OnBeanCondition)

   EurekaClientAutoConfiguration#serviceManagementMetadataProvider matched:
      - @ConditionalOnMissingBean (types: org.springframework.cloud.netflix.eureka.metadata.ManagementMetadataProvider; SearchStrategy: all) did not find any beans (OnBeanCondition)

   EurekaClientAutoConfiguration.RefreshableEurekaClientConfiguration matched:
      - @ConditionalOnClass found required class 'org.springframework.cloud.context.scope.refresh.RefreshScope' (OnClassCondition)
      - @ConditionalOnProperty (eureka.client.refresh.enable=true) matched (OnPropertyCondition)
      - @ConditionalOnBean (types: org.springframework.cloud.autoconfigure.RefreshAutoConfiguration; SearchStrategy: all) found bean 'org.springframework.cloud.autoconfigure.RefreshAutoConfiguration' (OnBeanCondition)

   EurekaClientAutoConfiguration.RefreshableEurekaClientConfiguration#eurekaApplicationInfoManager matched:
      - @ConditionalOnMissingBean (types: com.netflix.appinfo.ApplicationInfoManager; SearchStrategy: current) did not find any beans (OnBeanCondition)

   EurekaClientAutoConfiguration.RefreshableEurekaClientConfiguration#eurekaClient matched:
      - @ConditionalOnMissingBean (types: com.netflix.discovery.EurekaClient; SearchStrategy: current) did not find any beans (OnBeanCondition)

   EurekaClientAutoConfiguration.RefreshableEurekaClientConfiguration#eurekaRegistration matched:
      - @ConditionalOnProperty (spring.cloud.service-registry.auto-registration.enabled) matched (OnPropertyCondition)
      - @ConditionalOnBean (types: org.springframework.cloud.client.serviceregistry.AutoServiceRegistrationProperties; SearchStrategy: all) found bean 'spring.cloud.service-registry.auto-registration-org.springframework.cloud.client.serviceregistry.AutoServiceRegistrationProperties' (OnBeanCondition)

   EurekaDiscoveryClientConfiguration matched:
      - @ConditionalOnClass found required class 'com.netflix.discovery.EurekaClientConfig' (OnClassCondition)
      - @ConditionalOnProperty (eureka.client.enabled) matched; @ConditionalOnProperty (spring.cloud.discovery.enabled) matched; @ConditionalOnProperty (spring.cloud.discovery.blocking.enabled) matched (OnPropertyCondition)

   EurekaDiscoveryClientConfiguration#discoveryClient matched:
      - @ConditionalOnMissingBean (types: org.springframework.cloud.netflix.eureka.EurekaDiscoveryClient; SearchStrategy: all) did not find any beans (OnBeanCondition)

   EurekaDiscoveryClientConfiguration.EurekaClientConfigurationRefresher matched:
      - @ConditionalOnClass found required class 'org.springframework.cloud.context.scope.refresh.RefreshScopeRefreshedEvent' (OnClassCondition)

   GenericCacheConfiguration matched:
      - Cache org.springframework.boot.autoconfigure.cache.GenericCacheConfiguration automatic cache type (CacheCondition)

   GsonAutoConfiguration matched:
      - @ConditionalOnClass found required class 'com.google.gson.Gson' (OnClassCondition)

   GsonAutoConfiguration#gson matched:
      - @ConditionalOnMissingBean (types: com.google.gson.Gson; SearchStrategy: all) did not find any beans (OnBeanCondition)

   GsonAutoConfiguration#gsonBuilder matched:
      - @ConditionalOnMissingBean (types: com.google.gson.GsonBuilder; SearchStrategy: all) did not find any beans (OnBeanCondition)

   GsonHttpMessageConvertersConfiguration matched:
      - @ConditionalOnClass found required class 'com.google.gson.Gson' (OnClassCondition)

   H2ConsoleAutoConfiguration matched:
      - @ConditionalOnClass found required class 'org.h2.server.web.JakartaWebServlet' (OnClassCondition)
      - found 'session' scope (OnWebApplicationCondition)
      - @ConditionalOnBooleanProperty (spring.h2.console.enabled=true) matched (OnPropertyCondition)

   HibernateJpaAutoConfiguration matched:
      - @ConditionalOnClass found required classes 'org.springframework.orm.jpa.LocalContainerEntityManagerFactoryBean', 'jakarta.persistence.EntityManager', 'org.hibernate.engine.spi.SessionImplementor' (OnClassCondition)

   HibernateJpaConfiguration matched:
      - @ConditionalOnSingleCandidate (types: javax.sql.DataSource; SearchStrategy: all) found a single bean 'dataSource' (OnBeanCondition)

   HttpClientAutoConfiguration matched:
      - @ConditionalOnClass found required class 'org.springframework.http.client.ClientHttpRequestFactory' (OnClassCondition)
      - NoneNestedConditions 0 matched 1 did not; NestedCondition on NotReactiveWebApplicationCondition.ReactiveWebApplication did not find reactive web application classes (NotReactiveWebApplicationCondition)

   HttpClientAutoConfiguration#clientHttpRequestFactoryBuilder matched:
      - @ConditionalOnMissingBean (types: org.springframework.boot.http.client.ClientHttpRequestFactoryBuilder<?>; SearchStrategy: all) did not find any beans (OnBeanCondition)

   HttpClientAutoConfiguration#clientHttpRequestFactorySettings matched:
      - @ConditionalOnMissingBean (types: org.springframework.boot.http.client.ClientHttpRequestFactorySettings; SearchStrategy: all) did not find any beans (OnBeanCondition)

   HttpEncodingAutoConfiguration matched:
      - @ConditionalOnClass found required class 'org.springframework.web.filter.CharacterEncodingFilter' (OnClassCondition)
      - found 'session' scope (OnWebApplicationCondition)
      - @ConditionalOnBooleanProperty (server.servlet.encoding.enabled=true) matched (OnPropertyCondition)

   HttpEncodingAutoConfiguration#characterEncodingFilter matched:
      - @ConditionalOnMissingBean (types: org.springframework.web.filter.CharacterEncodingFilter; SearchStrategy: all) did not find any beans (OnBeanCondition)

   HttpMessageConvertersAutoConfiguration matched:
      - @ConditionalOnClass found required class 'org.springframework.http.converter.HttpMessageConverter' (OnClassCondition)
      - NoneNestedConditions 0 matched 1 did not; NestedCondition on HttpMessageConvertersAutoConfiguration.NotReactiveWebApplicationCondition.ReactiveWebApplication did not find reactive web application classes (HttpMessageConvertersAutoConfiguration.NotReactiveWebApplicationCondition)

   HttpMessageConvertersAutoConfiguration#messageConverters matched:
      - @ConditionalOnMissingBean (types: org.springframework.boot.autoconfigure.http.HttpMessageConverters; SearchStrategy: all) did not find any beans (OnBeanCondition)

   HttpMessageConvertersAutoConfiguration.StringHttpMessageConverterConfiguration matched:
      - @ConditionalOnClass found required class 'org.springframework.http.converter.StringHttpMessageConverter' (OnClassCondition)

   HttpMessageConvertersAutoConfiguration.StringHttpMessageConverterConfiguration#stringHttpMessageConverter matched:
      - @ConditionalOnMissingBean (types: org.springframework.http.converter.StringHttpMessageConverter; SearchStrategy: all) did not find any beans (OnBeanCondition)

   JacksonAutoConfiguration matched:
      - @ConditionalOnClass found required class 'com.fasterxml.jackson.databind.ObjectMapper' (OnClassCondition)

   JacksonAutoConfiguration.Jackson2ObjectMapperBuilderCustomizerConfiguration matched:
      - @ConditionalOnClass found required class 'org.springframework.http.converter.json.Jackson2ObjectMapperBuilder' (OnClassCondition)

   JacksonAutoConfiguration.JacksonObjectMapperBuilderConfiguration matched:
      - @ConditionalOnClass found required class 'org.springframework.http.converter.json.Jackson2ObjectMapperBuilder' (OnClassCondition)

   JacksonAutoConfiguration.JacksonObjectMapperBuilderConfiguration#jacksonObjectMapperBuilder matched:
      - @ConditionalOnMissingBean (types: org.springframework.http.converter.json.Jackson2ObjectMapperBuilder; SearchStrategy: all) did not find any beans (OnBeanCondition)

   JacksonAutoConfiguration.JacksonObjectMapperConfiguration matched:
      - @ConditionalOnClass found required class 'org.springframework.http.converter.json.Jackson2ObjectMapperBuilder' (OnClassCondition)

   JacksonAutoConfiguration.JacksonObjectMapperConfiguration#jacksonObjectMapper matched:
      - @ConditionalOnMissingBean (types: com.fasterxml.jackson.databind.ObjectMapper; SearchStrategy: all) did not find any beans (OnBeanCondition)

   JacksonAutoConfiguration.ParameterNamesModuleConfiguration matched:
      - @ConditionalOnClass found required class 'com.fasterxml.jackson.module.paramnames.ParameterNamesModule' (OnClassCondition)

   JacksonAutoConfiguration.ParameterNamesModuleConfiguration#parameterNamesModule matched:
      - @ConditionalOnMissingBean (types: com.fasterxml.jackson.module.paramnames.ParameterNamesModule; SearchStrategy: all) did not find any beans (OnBeanCondition)

   JacksonHttpMessageConvertersConfiguration.MappingJackson2HttpMessageConverterConfiguration matched:
      - @ConditionalOnClass found required class 'com.fasterxml.jackson.databind.ObjectMapper' (OnClassCondition)
      - @ConditionalOnPreferredJsonMapper JACKSON no property was configured and Jackson is the default (OnPreferredJsonMapperCondition)
      - @ConditionalOnBean (types: com.fasterxml.jackson.databind.ObjectMapper; SearchStrategy: all) found bean 'jacksonObjectMapper' (OnBeanCondition)

   JacksonHttpMessageConvertersConfiguration.MappingJackson2HttpMessageConverterConfiguration#mappingJackson2HttpMessageConverter matched:
      - @ConditionalOnMissingBean (types: org.springframework.http.converter.json.MappingJackson2HttpMessageConverter ignored: org.springframework.hateoas.server.mvc.TypeConstrainedMappingJackson2HttpMessageConverter,org.springframework.data.rest.webmvc.alps.AlpsJsonHttpMessageConverter; SearchStrategy: all) did not find any beans (OnBeanCondition)

   JdbcClientAutoConfiguration matched:
      - @ConditionalOnSingleCandidate (types: org.springframework.jdbc.core.namedparam.NamedParameterJdbcTemplate; SearchStrategy: all) found a single bean 'namedParameterJdbcTemplate'; @ConditionalOnMissingBean (types: org.springframework.jdbc.core.simple.JdbcClient; SearchStrategy: all) did not find any beans (OnBeanCondition)

   JdbcTemplateAutoConfiguration matched:
      - @ConditionalOnClass found required classes 'javax.sql.DataSource', 'org.springframework.jdbc.core.JdbcTemplate' (OnClassCondition)
      - @ConditionalOnSingleCandidate (types: javax.sql.DataSource; SearchStrategy: all) found a single bean 'dataSource' (OnBeanCondition)

   JdbcTemplateConfiguration matched:
      - @ConditionalOnMissingBean (types: org.springframework.jdbc.core.JdbcOperations; SearchStrategy: all) did not find any beans (OnBeanCondition)

   JpaBaseConfiguration#entityManagerFactory matched:
      - @ConditionalOnMissingBean (types: org.springframework.orm.jpa.LocalContainerEntityManagerFactoryBean,jakarta.persistence.EntityManagerFactory; SearchStrategy: all) did not find any beans (OnBeanCondition)

   JpaBaseConfiguration#entityManagerFactoryBuilder matched:
      - @ConditionalOnMissingBean (types: org.springframework.boot.orm.jpa.EntityManagerFactoryBuilder; SearchStrategy: all) did not find any beans (OnBeanCondition)

   JpaBaseConfiguration#jpaVendorAdapter matched:
      - @ConditionalOnMissingBean (types: org.springframework.orm.jpa.JpaVendorAdapter; SearchStrategy: all) did not find any beans (OnBeanCondition)

   JpaBaseConfiguration#transactionManager matched:
      - @ConditionalOnMissingBean (types: org.springframework.transaction.TransactionManager; SearchStrategy: all) did not find any beans (OnBeanCondition)

   JpaBaseConfiguration.JpaWebConfiguration matched:
      - @ConditionalOnClass found required class 'org.springframework.web.servlet.config.annotation.WebMvcConfigurer' (OnClassCondition)
      - found 'session' scope (OnWebApplicationCondition)
      - @ConditionalOnBooleanProperty (spring.jpa.open-in-view=true) matched (OnPropertyCondition)
      - @ConditionalOnMissingBean (types: org.springframework.orm.jpa.support.OpenEntityManagerInViewInterceptor,org.springframework.orm.jpa.support.OpenEntityManagerInViewFilter; SearchStrategy: all) did not find any beans (OnBeanCondition)

   JpaBaseConfiguration.PersistenceManagedTypesConfiguration matched:
      - @ConditionalOnMissingBean (types: org.springframework.orm.jpa.LocalContainerEntityManagerFactoryBean,jakarta.persistence.EntityManagerFactory; SearchStrategy: all) did not find any beans (OnBeanCondition)

   JpaBaseConfiguration.PersistenceManagedTypesConfiguration#persistenceManagedTypes matched:
      - @ConditionalOnMissingBean (types: org.springframework.orm.jpa.persistenceunit.PersistenceManagedTypes; SearchStrategy: all) did not find any beans (OnBeanCondition)

   JpaRepositoriesAutoConfiguration matched:
      - @ConditionalOnClass found required class 'org.springframework.data.jpa.repository.JpaRepository' (OnClassCondition)
      - @ConditionalOnBooleanProperty (spring.data.jpa.repositories.enabled=true) matched (OnPropertyCondition)
      - @ConditionalOnBean (types: javax.sql.DataSource; SearchStrategy: all) found bean 'dataSource'; @ConditionalOnMissingBean (types: org.springframework.data.jpa.repository.support.JpaRepositoryFactoryBean,org.springframework.data.jpa.repository.config.JpaRepositoryConfigExtension; SearchStrategy: all) did not find any beans (OnBeanCondition)

   JtaAutoConfiguration matched:
      - @ConditionalOnClass found required class 'jakarta.transaction.Transaction' (OnClassCondition)
      - @ConditionalOnBooleanProperty (spring.jta.enabled=true) matched (OnPropertyCondition)

   LifecycleAutoConfiguration#defaultLifecycleProcessor matched:
      - @ConditionalOnMissingBean (names: lifecycleProcessor; SearchStrategy: current) did not find any beans (OnBeanCondition)

   LifecycleMvcEndpointAutoConfiguration#environmentManager matched:
      - @ConditionalOnMissingBean (types: org.springframework.cloud.context.environment.EnvironmentManager; SearchStrategy: all) did not find any beans (OnBeanCondition)

   org.springframework.cloud.client.loadbalancer.LoadBalancerAutoConfiguration matched:
      - AnyNestedCondition 2 matched 0 did not; NestedCondition on BlockingRestClassesPresentCondition.RestClientPresent @ConditionalOnClass found required class 'org.springframework.web.client.RestClient'; NestedCondition on BlockingRestClassesPresentCondition.RestTemplatePresent @ConditionalOnClass found required class 'org.springframework.web.client.RestTemplate' (BlockingRestClassesPresentCondition)
      - @ConditionalOnBean (types: org.springframework.cloud.client.loadbalancer.LoadBalancerClient; SearchStrategy: all) found bean 'blockingLoadBalancerClient' (OnBeanCondition)

   org.springframework.cloud.loadbalancer.config.LoadBalancerAutoConfiguration matched:
      - @ConditionalOnProperty (spring.cloud.loadbalancer.enabled=true) matched (OnPropertyCondition)

   LoadBalancerAutoConfiguration#loadBalancerClientFactory matched:
      - @ConditionalOnMissingBean (types: org.springframework.cloud.loadbalancer.support.LoadBalancerClientFactory; SearchStrategy: all) did not find any beans (OnBeanCondition)

   LoadBalancerAutoConfiguration#loadBalancerRequestFactory matched:
      - @ConditionalOnMissingBean (types: org.springframework.cloud.client.loadbalancer.LoadBalancerRequestFactory; SearchStrategy: all) did not find any beans (OnBeanCondition)

   LoadBalancerAutoConfiguration#zoneConfig matched:
      - @ConditionalOnMissingBean (types: org.springframework.cloud.loadbalancer.config.LoadBalancerZoneConfig; SearchStrategy: all) did not find any beans (OnBeanCondition)

   LoadBalancerAutoConfiguration.DeferringLoadBalancerInterceptorConfig#deferringLoadBalancerInterceptor matched:
      - @ConditionalOnMissingBean (types: org.springframework.cloud.client.loadbalancer.DeferringLoadBalancerInterceptor; SearchStrategy: all) did not find any beans (OnBeanCondition)

   LoadBalancerAutoConfiguration.DeferringLoadBalancerInterceptorConfig#lbRestClientPostProcessor matched:
      - @ConditionalOnBean (types: org.springframework.cloud.client.loadbalancer.DeferringLoadBalancerInterceptor; SearchStrategy: all) found bean 'deferringLoadBalancerInterceptor'; @ConditionalOnMissingBean (types: org.springframework.cloud.client.loadbalancer.LoadBalancerRestClientBuilderBeanPostProcessor; SearchStrategy: all) did not find any beans (OnBeanCondition)

   LoadBalancerAutoConfiguration.DeferringLoadBalancerInterceptorConfig#lbRestTemplateBuilderPostProcessor matched:
      - @ConditionalOnBean (types: org.springframework.cloud.client.loadbalancer.DeferringLoadBalancerInterceptor; SearchStrategy: all) found bean 'deferringLoadBalancerInterceptor'; @ConditionalOnMissingBean (types: org.springframework.cloud.client.loadbalancer.LoadBalancerRestTemplateBuilderBeanPostProcessor; SearchStrategy: all) did not find any beans (OnBeanCondition)

   LoadBalancerAutoConfiguration.LoadBalancerInterceptorConfig matched:
      - AnyNestedCondition 1 matched 1 did not; NestedCondition on LoadBalancerAutoConfiguration.RetryMissingOrDisabledCondition.RetryDisabled @ConditionalOnProperty (spring.cloud.loadbalancer.retry.enabled=false) did not find property 'spring.cloud.loadbalancer.retry.enabled'; NestedCondition on LoadBalancerAutoConfiguration.RetryMissingOrDisabledCondition.RetryTemplateMissing @ConditionalOnMissingClass did not find unwanted class 'org.springframework.retry.support.RetryTemplate' (LoadBalancerAutoConfiguration.RetryMissingOrDisabledCondition)

   LoadBalancerAutoConfiguration.LoadBalancerInterceptorConfig#restTemplateCustomizer matched:
      - @ConditionalOnMissingBean (types: org.springframework.cloud.client.loadbalancer.RestTemplateCustomizer; SearchStrategy: all) did not find any beans (OnBeanCondition)

   LoadBalancerCacheAutoConfiguration matched:
      - @ConditionalOnClass found required classes 'org.springframework.cache.CacheManager', 'org.springframework.boot.autoconfigure.cache.CacheAutoConfiguration' (OnClassCondition)
      - AllNestedConditions 2 matched 0 did not; NestedCondition on LoadBalancerCacheAutoConfiguration.OnLoadBalancerCachingEnabledCondition.LoadBalancerCacheEnabled @ConditionalOnProperty (spring.cloud.loadbalancer.cache.enabled) matched; NestedCondition on LoadBalancerCacheAutoConfiguration.OnLoadBalancerCachingEnabledCondition.LoadBalancerEnabled @ConditionalOnProperty (spring.cloud.loadbalancer.enabled=true) matched (LoadBalancerCacheAutoConfiguration.OnLoadBalancerCachingEnabledCondition)

   LoadBalancerCacheAutoConfiguration.DefaultLoadBalancerCacheManagerConfiguration matched:
      - @ConditionalOnClass found required class 'com.stoyanr.evictor.ConcurrentMapWithTimedEviction' (OnClassCondition)
      - AnyNestedCondition 1 matched 1 did not; NestedCondition on LoadBalancerCacheAutoConfiguration.OnCaffeineCacheMissingCondition.CaffeineCacheManagerClassMissing @ConditionalOnMissingClass found unwanted class 'org.springframework.cache.caffeine.CaffeineCacheManager'; NestedCondition on LoadBalancerCacheAutoConfiguration.OnCaffeineCacheMissingCondition.CaffeineClassMissing @ConditionalOnMissingClass did not find unwanted class 'com.github.benmanes.caffeine.cache.Caffeine' (LoadBalancerCacheAutoConfiguration.OnCaffeineCacheMissingCondition)

   LoadBalancerCacheAutoConfiguration.DefaultLoadBalancerCacheManagerConfiguration#defaultLoadBalancerCacheManager matched:
      - @ConditionalOnMissingBean (types: org.springframework.cloud.loadbalancer.cache.LoadBalancerCacheManager; SearchStrategy: all) did not find any beans (OnBeanCondition)

   LoadBalancerCacheAutoConfiguration.LoadBalancerCacheManagerWarnConfiguration matched:
      - AnyNestedCondition 1 matched 1 did not; NestedCondition on LoadBalancerCacheAutoConfiguration.OnCaffeineCacheMissingCondition.CaffeineCacheManagerClassMissing @ConditionalOnMissingClass found unwanted class 'org.springframework.cache.caffeine.CaffeineCacheManager'; NestedCondition on LoadBalancerCacheAutoConfiguration.OnCaffeineCacheMissingCondition.CaffeineClassMissing @ConditionalOnMissingClass did not find unwanted class 'com.github.benmanes.caffeine.cache.Caffeine' (LoadBalancerCacheAutoConfiguration.OnCaffeineCacheMissingCondition)

   LoadBalancerEurekaAutoConfiguration matched:
      - @ConditionalOnClass found required class 'org.springframework.cloud.loadbalancer.annotation.LoadBalancerClientConfigurationRegistrar' (OnClassCondition)
      - @ConditionalOnProperty (eureka.client.enabled) matched (OnPropertyCondition)

   LoadBalancerEurekaAutoConfiguration#eurekaLoadBalancerProperties matched:
      - @ConditionalOnMissingBean (types: org.springframework.cloud.netflix.eureka.loadbalancer.EurekaLoadBalancerProperties; SearchStrategy: all) did not find any beans (OnBeanCondition)

   LocalDevToolsAutoConfiguration matched:
      - Initialized Restarter Condition available and initialized (OnInitializedRestarterCondition)

   LocalDevToolsAutoConfiguration.LiveReloadConfiguration matched:
      - @ConditionalOnBooleanProperty (spring.devtools.livereload.enabled=true) matched (OnPropertyCondition)

   LocalDevToolsAutoConfiguration.LiveReloadConfiguration#liveReloadServer matched:
      - @ConditionalOnMissingBean (types: org.springframework.boot.devtools.livereload.LiveReloadServer; SearchStrategy: all) did not find any beans (OnBeanCondition)

   LocalDevToolsAutoConfiguration.RestartConfiguration matched:
      - @ConditionalOnBooleanProperty (spring.devtools.restart.enabled=true) matched (OnPropertyCondition)

   LocalDevToolsAutoConfiguration.RestartConfiguration#classPathFileSystemWatcher matched:
      - @ConditionalOnMissingBean (types: org.springframework.boot.devtools.classpath.ClassPathFileSystemWatcher; SearchStrategy: all) did not find any beans (OnBeanCondition)

   LocalDevToolsAutoConfiguration.RestartConfiguration#classPathRestartStrategy matched:
      - @ConditionalOnMissingBean (types: org.springframework.boot.devtools.classpath.ClassPathRestartStrategy; SearchStrategy: all) did not find any beans (OnBeanCondition)

   LocalDevToolsAutoConfiguration.RestartConfiguration#conditionEvaluationDeltaLoggingListener matched:
      - @ConditionalOnBooleanProperty (spring.devtools.restart.log-condition-evaluation-delta=true) matched (OnPropertyCondition)

   MultipartAutoConfiguration matched:
      - @ConditionalOnClass found required classes 'jakarta.servlet.Servlet', 'org.springframework.web.multipart.support.StandardServletMultipartResolver', 'jakarta.servlet.MultipartConfigElement' (OnClassCondition)
      - found 'session' scope (OnWebApplicationCondition)
      - @ConditionalOnBooleanProperty (spring.servlet.multipart.enabled=true) matched (OnPropertyCondition)

   MultipartAutoConfiguration#multipartConfigElement matched:
      - @ConditionalOnMissingBean (types: jakarta.servlet.MultipartConfigElement; SearchStrategy: all) did not find any beans (OnBeanCondition)

   MultipartAutoConfiguration#multipartResolver matched:
      - @ConditionalOnMissingBean (types: org.springframework.web.multipart.MultipartResolver; SearchStrategy: all) did not find any beans (OnBeanCondition)

   NamedParameterJdbcTemplateConfiguration matched:
      - @ConditionalOnSingleCandidate (types: org.springframework.jdbc.core.JdbcTemplate; SearchStrategy: all) found a single bean 'jdbcTemplate'; @ConditionalOnMissingBean (types: org.springframework.jdbc.core.namedparam.NamedParameterJdbcOperations; SearchStrategy: all) did not find any beans (OnBeanCondition)

   NoOpCacheConfiguration matched:
      - Cache org.springframework.boot.autoconfigure.cache.NoOpCacheConfiguration automatic cache type (CacheCondition)

   PersistenceExceptionTranslationAutoConfiguration matched:
      - @ConditionalOnClass found required class 'org.springframework.dao.annotation.PersistenceExceptionTranslationPostProcessor' (OnClassCondition)

   PersistenceExceptionTranslationAutoConfiguration#persistenceExceptionTranslationPostProcessor matched:
      - @ConditionalOnBooleanProperty (spring.dao.exceptiontranslation.enabled=true) matched (OnPropertyCondition)
      - @ConditionalOnMissingBean (types: org.springframework.dao.annotation.PersistenceExceptionTranslationPostProcessor; SearchStrategy: all) did not find any beans (OnBeanCondition)

   PropertyPlaceholderAutoConfiguration#propertySourcesPlaceholderConfigurer matched:
      - @ConditionalOnMissingBean (types: org.springframework.context.support.PropertySourcesPlaceholderConfigurer; SearchStrategy: current) did not find any beans (OnBeanCondition)

   ReactorAutoConfiguration matched:
      - @ConditionalOnClass found required class 'reactor.core.publisher.Hooks' (OnClassCondition)

   RefreshAutoConfiguration matched:
      - @ConditionalOnClass found required class 'org.springframework.cloud.context.scope.refresh.RefreshScope' (OnClassCondition)
      - @ConditionalOnProperty (spring.cloud.refresh.enabled) matched (OnPropertyCondition)

   RefreshAutoConfiguration#configDataContextRefresher matched:
      - @ConditionalOnMissingBean (types: org.springframework.cloud.context.refresh.ConfigDataContextRefresher; SearchStrategy: all) did not find any beans (OnBeanCondition)
      - NoneNestedConditions 0 matched 3 did not; NestedCondition on ConditionalOnBootstrapDisabled.OnBootstrapDisabledCondition.OnBootstrapEnabled @ConditionalOnProperty (spring.cloud.bootstrap.enabled) did not find property 'spring.cloud.bootstrap.enabled'; NestedCondition on ConditionalOnBootstrapDisabled.OnBootstrapDisabledCondition.OnUseLegacyProcessingEnabled @ConditionalOnProperty (spring.config.use-legacy-processing) did not find property 'spring.config.use-legacy-processing'; NestedCondition on ConditionalOnBootstrapDisabled.OnBootstrapDisabledCondition.OnBootstrapMarkerClassPresent @ConditionalOnClass did not find required class 'org.springframework.cloud.bootstrap.marker.Marker' (ConditionalOnBootstrapDisabled.OnBootstrapDisabledCondition)

   RefreshAutoConfiguration#loggingRebinder matched:
      - @ConditionalOnMissingBean (types: org.springframework.cloud.logging.LoggingRebinder; SearchStrategy: all) did not find any beans (OnBeanCondition)

   RefreshAutoConfiguration#refreshScope matched:
      - @ConditionalOnMissingBean (types: org.springframework.cloud.context.scope.refresh.RefreshScope; SearchStrategy: all) did not find any beans (OnBeanCondition)

   RefreshAutoConfiguration#refreshScopeLifecycle matched:
      - @ConditionalOnProperty (spring.cloud.refresh.on-restart.enabled) matched (OnPropertyCondition)

   ResourceServerTokenRelayAutoConfiguration matched:
      - @ConditionalOnClass found required class 'org.springframework.web.servlet.config.annotation.WebMvcConfigurer' (OnClassCondition)
      - found 'session' scope (OnWebApplicationCondition)
      - @ConditionalOnProperty (spring.cloud.mvc.token-relay.enabled) matched (OnPropertyCondition)

   RestClientAutoConfiguration matched:
      - @ConditionalOnClass found required class 'org.springframework.web.client.RestClient' (OnClassCondition)
      - AnyNestedCondition 1 matched 1 did not; NestedCondition on NotReactiveWebApplicationOrVirtualThreadsExecutorEnabledCondition.VirtualThreadsExecutorEnabled found non-matching nested conditions @ConditionalOnThreading did not find VIRTUAL; NestedCondition on NotReactiveWebApplicationOrVirtualThreadsExecutorEnabledCondition.NotReactiveWebApplication NoneNestedConditions 0 matched 1 did not; NestedCondition on NotReactiveWebApplicationCondition.ReactiveWebApplication did not find reactive web application classes (NotReactiveWebApplicationOrVirtualThreadsExecutorEnabledCondition)

   RestClientAutoConfiguration#httpMessageConvertersRestClientCustomizer matched:
      - @ConditionalOnMissingBean (types: org.springframework.boot.autoconfigure.web.client.HttpMessageConvertersRestClientCustomizer; SearchStrategy: all) did not find any beans (OnBeanCondition)

   RestClientAutoConfiguration#restClientBuilder matched:
      - @ConditionalOnMissingBean (types: org.springframework.web.client.RestClient$Builder; SearchStrategy: all) did not find any beans (OnBeanCondition)

   RestClientAutoConfiguration#restClientBuilderConfigurer matched:
      - @ConditionalOnMissingBean (types: org.springframework.boot.autoconfigure.web.client.RestClientBuilderConfigurer; SearchStrategy: all) did not find any beans (OnBeanCondition)

   RestClientAutoConfiguration#restClientSsl matched:
      - @ConditionalOnBean (types: org.springframework.boot.ssl.SslBundles; SearchStrategy: all) found bean 'sslBundleRegistry'; @ConditionalOnMissingBean (types: org.springframework.boot.autoconfigure.web.client.RestClientSsl; SearchStrategy: all) did not find any beans (OnBeanCondition)

   RestTemplateAutoConfiguration matched:
      - @ConditionalOnClass found required class 'org.springframework.web.client.RestTemplate' (OnClassCondition)
      - NoneNestedConditions 0 matched 1 did not; NestedCondition on NotReactiveWebApplicationCondition.ReactiveWebApplication did not find reactive web application classes (NotReactiveWebApplicationCondition)

   RestTemplateAutoConfiguration#restTemplateBuilder matched:
      - @ConditionalOnMissingBean (types: org.springframework.boot.web.client.RestTemplateBuilder; SearchStrategy: all) did not find any beans (OnBeanCondition)

   SecurityAutoConfiguration matched:
      - @ConditionalOnClass found required class 'org.springframework.security.authentication.DefaultAuthenticationEventPublisher' (OnClassCondition)

   SecurityAutoConfiguration#authenticationEventPublisher matched:
      - @ConditionalOnMissingBean (types: org.springframework.security.authentication.AuthenticationEventPublisher; SearchStrategy: all) did not find any beans (OnBeanCondition)

   SecurityFilterAutoConfiguration matched:
      - @ConditionalOnClass found required classes 'org.springframework.security.web.context.AbstractSecurityWebApplicationInitializer', 'org.springframework.security.config.http.SessionCreationPolicy' (OnClassCondition)
      - found 'session' scope (OnWebApplicationCondition)

   SecurityFilterAutoConfiguration#securityFilterChainRegistration matched:
      - @ConditionalOnBean (names: springSecurityFilterChain; SearchStrategy: all) found bean 'springSecurityFilterChain' (OnBeanCondition)

   ServletWebServerFactoryAutoConfiguration matched:
      - @ConditionalOnClass found required class 'jakarta.servlet.ServletRequest' (OnClassCondition)
      - found 'session' scope (OnWebApplicationCondition)

   ServletWebServerFactoryAutoConfiguration.TomcatConfiguration matched:
      - @ConditionalOnClass found required class 'org.apache.catalina.startup.Tomcat' (OnClassCondition)

   ServletWebServerFactoryConfiguration.EmbeddedTomcat matched:
      - @ConditionalOnClass found required classes 'jakarta.servlet.Servlet', 'org.apache.catalina.startup.Tomcat', 'org.apache.coyote.UpgradeProtocol' (OnClassCondition)
      - @ConditionalOnMissingBean (types: org.springframework.boot.web.servlet.server.ServletWebServerFactory; SearchStrategy: current) did not find any beans (OnBeanCondition)

   SimpleCacheConfiguration matched:
      - Cache org.springframework.boot.autoconfigure.cache.SimpleCacheConfiguration automatic cache type (CacheCondition)

   SimpleDiscoveryClientAutoConfiguration#simpleDiscoveryProperties matched:
      - @ConditionalOnMissingBean (types: org.springframework.cloud.client.discovery.simple.SimpleDiscoveryProperties; SearchStrategy: all) did not find any beans (OnBeanCondition)

   SpringBootWebSecurityConfiguration matched:
      - found 'session' scope (OnWebApplicationCondition)

   SpringBootWebSecurityConfiguration.WebSecurityEnablerConfiguration matched:
      - @ConditionalOnClass found required class 'org.springframework.security.config.annotation.web.configuration.EnableWebSecurity' (OnClassCondition)
      - @ConditionalOnMissingBean (names: springSecurityFilterChain; SearchStrategy: all) did not find any beans (OnBeanCondition)

   SpringDataWebAutoConfiguration matched:
      - @ConditionalOnClass found required classes 'org.springframework.data.web.PageableHandlerMethodArgumentResolver', 'org.springframework.web.servlet.config.annotation.WebMvcConfigurer' (OnClassCondition)
      - found 'session' scope (OnWebApplicationCondition)
      - @ConditionalOnMissingBean (types: org.springframework.data.web.PageableHandlerMethodArgumentResolver; SearchStrategy: all) did not find any beans (OnBeanCondition)

   SpringDataWebAutoConfiguration#pageableCustomizer matched:
      - @ConditionalOnMissingBean (types: org.springframework.data.web.config.PageableHandlerMethodArgumentResolverCustomizer; SearchStrategy: all) did not find any beans (OnBeanCondition)

   SpringDataWebAutoConfiguration#sortCustomizer matched:
      - @ConditionalOnMissingBean (types: org.springframework.data.web.config.SortHandlerMethodArgumentResolverCustomizer; SearchStrategy: all) did not find any beans (OnBeanCondition)

   SpringDataWebAutoConfiguration#springDataWebSettings matched:
      - @ConditionalOnMissingBean (types: org.springframework.data.web.config.SpringDataWebSettings; SearchStrategy: all) did not find any beans (OnBeanCondition)

   SqlInitializationAutoConfiguration matched:
      - @ConditionalOnBooleanProperty (spring.sql.init.enabled=true) matched (OnPropertyCondition)
      - NoneNestedConditions 0 matched 1 did not; NestedCondition on SqlInitializationAutoConfiguration.SqlInitializationModeCondition.ModeIsNever @ConditionalOnProperty (spring.sql.init.mode=never) did not find property 'spring.sql.init.mode' (SqlInitializationAutoConfiguration.SqlInitializationModeCondition)

   SslAutoConfiguration#sslBundleRegistry matched:
      - @ConditionalOnMissingBean (types: org.springframework.boot.ssl.SslBundleRegistry,org.springframework.boot.ssl.SslBundles; SearchStrategy: all) did not find any beans (OnBeanCondition)

   TaskExecutionAutoConfiguration matched:
      - @ConditionalOnClass found required class 'org.springframework.scheduling.concurrent.ThreadPoolTaskExecutor' (OnClassCondition)

   TaskExecutorConfigurations.AsyncConfigurerConfiguration matched:
      - @ConditionalOnMissingBean (types: org.springframework.scheduling.annotation.AsyncConfigurer; SearchStrategy: all) did not find any beans (OnBeanCondition)

   TaskExecutorConfigurations.AsyncConfigurerConfiguration#applicationTaskExecutorAsyncConfigurer matched:
      - @ConditionalOnMissingBean (types: org.springframework.scheduling.annotation.AsyncConfigurer; SearchStrategy: all) did not find any beans (OnBeanCondition)

   TaskExecutorConfigurations.SimpleAsyncTaskExecutorBuilderConfiguration#simpleAsyncTaskExecutorBuilder matched:
      - @ConditionalOnMissingBean (types: org.springframework.boot.task.SimpleAsyncTaskExecutorBuilder; SearchStrategy: all) did not find any beans (OnBeanCondition)
      - @ConditionalOnThreading found PLATFORM (OnThreadingCondition)

   TaskExecutorConfigurations.TaskExecutorConfiguration matched:
      - AnyNestedCondition 1 matched 1 did not; NestedCondition on TaskExecutorConfigurations.OnExecutorCondition.ModelCondition @ConditionalOnProperty (spring.task.execution.mode=force) did not find property 'spring.task.execution.mode'; NestedCondition on TaskExecutorConfigurations.OnExecutorCondition.ExecutorBeanCondition @ConditionalOnMissingBean (types: java.util.concurrent.Executor; SearchStrategy: all) did not find any beans (TaskExecutorConfigurations.OnExecutorCondition)

   TaskExecutorConfigurations.TaskExecutorConfiguration#applicationTaskExecutor matched:
      - @ConditionalOnThreading found PLATFORM (OnThreadingCondition)

   TaskExecutorConfigurations.ThreadPoolTaskExecutorBuilderConfiguration#threadPoolTaskExecutorBuilder matched:
      - @ConditionalOnMissingBean (types: org.springframework.boot.task.ThreadPoolTaskExecutorBuilder; SearchStrategy: all) did not find any beans (OnBeanCondition)

   TaskSchedulingAutoConfiguration matched:
      - @ConditionalOnClass found required class 'org.springframework.scheduling.concurrent.ThreadPoolTaskScheduler' (OnClassCondition)

   TaskSchedulingConfigurations.SimpleAsyncTaskSchedulerBuilderConfiguration#simpleAsyncTaskSchedulerBuilder matched:
      - @ConditionalOnMissingBean (types: org.springframework.boot.task.SimpleAsyncTaskSchedulerBuilder; SearchStrategy: all) did not find any beans (OnBeanCondition)
      - @ConditionalOnThreading found PLATFORM (OnThreadingCondition)

   TaskSchedulingConfigurations.ThreadPoolTaskSchedulerBuilderConfiguration#threadPoolTaskSchedulerBuilder matched:
      - @ConditionalOnMissingBean (types: org.springframework.boot.task.ThreadPoolTaskSchedulerBuilder; SearchStrategy: all) did not find any beans (OnBeanCondition)

   TransactionAutoConfiguration matched:
      - @ConditionalOnClass found required class 'org.springframework.transaction.PlatformTransactionManager' (OnClassCondition)

   TransactionAutoConfiguration.EnableTransactionManagementConfiguration matched:
      - @ConditionalOnBean (types: org.springframework.transaction.TransactionManager; SearchStrategy: all) found bean 'transactionManager'; @ConditionalOnMissingBean (types: org.springframework.transaction.annotation.AbstractTransactionManagementConfiguration; SearchStrategy: all) did not find any beans (OnBeanCondition)

   TransactionAutoConfiguration.EnableTransactionManagementConfiguration.CglibAutoProxyConfiguration matched:
      - @ConditionalOnBooleanProperty (spring.aop.proxy-target-class=true) matched (OnPropertyCondition)

   TransactionAutoConfiguration.TransactionTemplateConfiguration matched:
      - @ConditionalOnSingleCandidate (types: org.springframework.transaction.PlatformTransactionManager; SearchStrategy: all) found a single bean 'transactionManager' (OnBeanCondition)

   TransactionAutoConfiguration.TransactionTemplateConfiguration#transactionTemplate matched:
      - @ConditionalOnMissingBean (types: org.springframework.transaction.support.TransactionOperations; SearchStrategy: all) did not find any beans (OnBeanCondition)

   TransactionManagerCustomizationAutoConfiguration matched:
      - @ConditionalOnClass found required class 'org.springframework.transaction.PlatformTransactionManager' (OnClassCondition)

   TransactionManagerCustomizationAutoConfiguration#platformTransactionManagerCustomizers matched:
      - @ConditionalOnMissingBean (types: org.springframework.boot.autoconfigure.transaction.TransactionManagerCustomizers; SearchStrategy: all) did not find any beans (OnBeanCondition)

   UserDetailsServiceAutoConfiguration matched:
      - @ConditionalOnClass found required class 'org.springframework.security.authentication.AuthenticationManager' (OnClassCondition)
      - found 'session' scope (OnWebApplicationCondition)
      - AnyNestedCondition 1 matched 2 did not; NestedCondition on UserDetailsServiceAutoConfiguration.MissingAlternativeOrUserPropertiesConfigured.PasswordConfigured @ConditionalOnProperty (spring.security.user.password) did not find property 'spring.security.user.password'; NestedCondition on UserDetailsServiceAutoConfiguration.MissingAlternativeOrUserPropertiesConfigured.NameConfigured @ConditionalOnProperty (spring.security.user.name) did not find property 'spring.security.user.name'; NestedCondition on UserDetailsServiceAutoConfiguration.MissingAlternativeOrUserPropertiesConfigured.MissingAlternative @ConditionalOnMissingClass did not find unwanted classes 'org.springframework.security.oauth2.client.registration.ClientRegistrationRepository', 'org.springframework.security.oauth2.server.resource.introspection.OpaqueTokenIntrospector', 'org.springframework.security.saml2.provider.service.registration.RelyingPartyRegistrationRepository' (UserDetailsServiceAutoConfiguration.MissingAlternativeOrUserPropertiesConfigured)
      - @ConditionalOnBean (types: org.springframework.security.config.ObjectPostProcessor; SearchStrategy: all) found beans 'objectPostProcessor', 'webAuthorizationManagerPostProcessor', 'filterChainDecoratorPostProcessor', 'authenticationManagerPostProcessor'; @ConditionalOnMissingBean (types: org.springframework.security.authentication.AuthenticationManager,org.springframework.security.authentication.AuthenticationProvider,org.springframework.security.core.userdetails.UserDetailsService,org.springframework.security.authentication.AuthenticationManagerResolver,org.springframework.security.oauth2.jwt.JwtDecoder; SearchStrategy: all) did not find any beans (OnBeanCondition)

   UtilAutoConfiguration matched:
      - @ConditionalOnProperty (spring.cloud.util.enabled) matched (OnPropertyCondition)

   UtilAutoConfiguration#inetUtils matched:
      - @ConditionalOnMissingBean (types: org.springframework.cloud.commons.util.InetUtils; SearchStrategy: all) did not find any beans (OnBeanCondition)

   ValidationAutoConfiguration matched:
      - @ConditionalOnClass found required class 'jakarta.validation.executable.ExecutableValidator' (OnClassCondition)
      - @ConditionalOnResource found location classpath:META-INF/services/jakarta.validation.spi.ValidationProvider (OnResourceCondition)

   ValidationAutoConfiguration#defaultValidator matched:
      - @ConditionalOnMissingBean (types: jakarta.validation.Validator; SearchStrategy: all) did not find any beans (OnBeanCondition)

   ValidationAutoConfiguration#methodValidationPostProcessor matched:
      - @ConditionalOnMissingBean (types: org.springframework.validation.beanvalidation.MethodValidationPostProcessor; SearchStrategy: current) did not find any beans (OnBeanCondition)

   WebMvcAutoConfiguration matched:
      - @ConditionalOnClass found required classes 'jakarta.servlet.Servlet', 'org.springframework.web.servlet.DispatcherServlet', 'org.springframework.web.servlet.config.annotation.WebMvcConfigurer' (OnClassCondition)
      - found 'session' scope (OnWebApplicationCondition)
      - @ConditionalOnMissingBean (types: org.springframework.web.servlet.config.annotation.WebMvcConfigurationSupport; SearchStrategy: all) did not find any beans (OnBeanCondition)

   WebMvcAutoConfiguration#formContentFilter matched:
      - @ConditionalOnBooleanProperty (spring.mvc.formcontent.filter.enabled=true) matched (OnPropertyCondition)
      - @ConditionalOnMissingBean (types: org.springframework.web.filter.FormContentFilter; SearchStrategy: all) did not find any beans (OnBeanCondition)

   WebMvcAutoConfiguration.EnableWebMvcConfiguration#flashMapManager matched:
      - @ConditionalOnMissingBean (names: flashMapManager; SearchStrategy: all) did not find any beans (OnBeanCondition)

   WebMvcAutoConfiguration.EnableWebMvcConfiguration#localeResolver matched:
      - @ConditionalOnMissingBean (names: localeResolver; SearchStrategy: all) did not find any beans (OnBeanCondition)

   WebMvcAutoConfiguration.EnableWebMvcConfiguration#themeResolver matched:
      - @ConditionalOnMissingBean (names: themeResolver; SearchStrategy: all) did not find any beans (OnBeanCondition)

   WebMvcAutoConfiguration.EnableWebMvcConfiguration#viewNameTranslator matched:
      - @ConditionalOnMissingBean (names: viewNameTranslator; SearchStrategy: all) did not find any beans (OnBeanCondition)

   WebMvcAutoConfiguration.WebMvcAutoConfigurationAdapter#defaultViewResolver matched:
      - @ConditionalOnMissingBean (types: org.springframework.web.servlet.view.InternalResourceViewResolver; SearchStrategy: all) did not find any beans (OnBeanCondition)

   WebMvcAutoConfiguration.WebMvcAutoConfigurationAdapter#requestContextFilter matched:
      - @ConditionalOnMissingBean (types: org.springframework.web.context.request.RequestContextListener,org.springframework.web.filter.RequestContextFilter; SearchStrategy: all) did not find any beans (OnBeanCondition)

   WebMvcAutoConfiguration.WebMvcAutoConfigurationAdapter#viewResolver matched:
      - @ConditionalOnBean (types: org.springframework.web.servlet.ViewResolver; SearchStrategy: all) found beans 'defaultViewResolver', 'beanNameViewResolver', 'mvcViewResolver'; @ConditionalOnMissingBean (names: viewResolver types: org.springframework.web.servlet.view.ContentNegotiatingViewResolver; SearchStrategy: all) did not find any beans (OnBeanCondition)

   WebSocketServletAutoConfiguration matched:
      - @ConditionalOnClass found required classes 'jakarta.servlet.Servlet', 'jakarta.websocket.server.ServerContainer' (OnClassCondition)
      - found 'session' scope (OnWebApplicationCondition)

   WebSocketServletAutoConfiguration.TomcatWebSocketConfiguration matched:
      - @ConditionalOnClass found required classes 'org.apache.catalina.startup.Tomcat', 'org.apache.tomcat.websocket.server.WsSci' (OnClassCondition)

   WebSocketServletAutoConfiguration.TomcatWebSocketConfiguration#websocketServletWebServerCustomizer matched:
      - @ConditionalOnMissingBean (names: websocketServletWebServerCustomizer; SearchStrategy: all) did not find any beans (OnBeanCondition)


Negative matches:
-----------------

   ActiveMQAutoConfiguration:
      Did not match:
         - @ConditionalOnClass did not find required class 'jakarta.jms.ConnectionFactory' (OnClassCondition)

   AopAutoConfiguration.AspectJAutoProxyingConfiguration.JdkDynamicAutoProxyConfiguration:
      Did not match:
         - @ConditionalOnBooleanProperty (spring.aop.proxy-target-class=false) did not find property 'spring.aop.proxy-target-class' (OnPropertyCondition)

   AopAutoConfiguration.ClassProxyingConfiguration:
      Did not match:
         - @ConditionalOnMissingClass found unwanted class 'org.aspectj.weaver.Advice' (OnClassCondition)

   ArtemisAutoConfiguration:
      Did not match:
         - @ConditionalOnClass did not find required class 'jakarta.jms.ConnectionFactory' (OnClassCondition)

   BatchAutoConfiguration:
      Did not match:
         - @ConditionalOnClass did not find required class 'org.springframework.batch.core.launch.JobLauncher' (OnClassCondition)

   BlockingLoadBalancerClientAutoConfiguration.BlockingLoadBalancerRetryConfig:
      Did not match:
         - @ConditionalOnClass did not find required class 'org.springframework.retry.support.RetryTemplate' (OnClassCondition)

   Cache2kCacheConfiguration:
      Did not match:
         - @ConditionalOnClass did not find required class 'org.cache2k.Cache2kBuilder' (OnClassCondition)

   CacheAutoConfiguration:
      Did not match:
         - @ConditionalOnBean (types: org.springframework.cache.interceptor.CacheAspectSupport; SearchStrategy: all) did not find any beans of type org.springframework.cache.interceptor.CacheAspectSupport (OnBeanCondition)
      Matched:
         - @ConditionalOnClass found required class 'org.springframework.cache.CacheManager' (OnClassCondition)

   CacheAutoConfiguration.CacheManagerEntityManagerFactoryDependsOnPostProcessor:
      Did not match:
         - Ancestor org.springframework.boot.autoconfigure.cache.CacheAutoConfiguration did not match (ConditionEvaluationReport.AncestorsMatchedCondition)
      Matched:
         - @ConditionalOnClass found required class 'org.springframework.orm.jpa.LocalContainerEntityManagerFactoryBean' (OnClassCondition)

   CaffeineCacheConfiguration:
      Did not match:
         - @ConditionalOnClass did not find required class 'com.github.benmanes.caffeine.cache.Caffeine' (OnClassCondition)

   CassandraAutoConfiguration:
      Did not match:
         - @ConditionalOnClass did not find required class 'com.datastax.oss.driver.api.core.CqlSession' (OnClassCondition)

   CassandraDataAutoConfiguration:
      Did not match:
         - @ConditionalOnClass did not find required class 'com.datastax.oss.driver.api.core.CqlSession' (OnClassCondition)

   CassandraReactiveDataAutoConfiguration:
      Did not match:
         - @ConditionalOnClass did not find required class 'com.datastax.oss.driver.api.core.CqlSession' (OnClassCondition)

   CassandraReactiveRepositoriesAutoConfiguration:
      Did not match:
         - @ConditionalOnClass did not find required class 'org.springframework.data.cassandra.ReactiveSession' (OnClassCondition)

   CassandraRepositoriesAutoConfiguration:
      Did not match:
         - @ConditionalOnClass did not find required class 'com.datastax.oss.driver.api.core.CqlSession' (OnClassCondition)

   org.springframework.boot.autoconfigure.web.reactive.function.client.ClientHttpConnectorAutoConfiguration:
      Did not match:
         - @ConditionalOnClass did not find required class 'org.springframework.web.reactive.function.client.WebClient' (OnClassCondition)

   ClientHttpConnectorAutoConfiguration.ReactorNetty:
      Did not match:
         - @ConditionalOnClass did not find required class 'reactor.netty.http.client.HttpClient' (OnClassCondition)

   CloudHypermediaAutoConfiguration:
      Did not match:
         - @ConditionalOnClass did not find required class 'org.springframework.hateoas.Link' (OnClassCondition)

   CodecsAutoConfiguration:
      Did not match:
         - @ConditionalOnClass did not find required class 'org.springframework.web.reactive.function.client.WebClient' (OnClassCondition)

   CommonsClientAutoConfiguration.ActuatorConfiguration:
      Did not match:
         - @ConditionalOnClass did not find required class 'org.springframework.boot.actuate.endpoint.annotation.Endpoint' (OnClassCondition)

   CommonsClientAutoConfiguration.DiscoveryLoadBalancerConfiguration:
      Did not match:
         - @ConditionalOnClass did not find required class 'org.springframework.boot.actuate.health.HealthIndicator' (OnClassCondition)

   CouchbaseAutoConfiguration:
      Did not match:
         - @ConditionalOnClass did not find required class 'com.couchbase.client.java.Cluster' (OnClassCondition)

   CouchbaseCacheConfiguration:
      Did not match:
         - @ConditionalOnClass did not find required class 'com.couchbase.client.java.Cluster' (OnClassCondition)

   CouchbaseDataAutoConfiguration:
      Did not match:
         - @ConditionalOnClass did not find required class 'com.couchbase.client.java.Bucket' (OnClassCondition)

   CouchbaseReactiveDataAutoConfiguration:
      Did not match:
         - @ConditionalOnClass did not find required class 'com.couchbase.client.java.Cluster' (OnClassCondition)

   CouchbaseReactiveRepositoriesAutoConfiguration:
      Did not match:
         - @ConditionalOnClass did not find required class 'com.couchbase.client.java.Cluster' (OnClassCondition)

   CouchbaseRepositoriesAutoConfiguration:
      Did not match:
         - @ConditionalOnClass did not find required class 'com.couchbase.client.java.Bucket' (OnClassCondition)

   DataSourceAutoConfiguration.EmbeddedDatabaseConfiguration:
      Did not match:
         - EmbeddedDataSource spring.datasource.url is set (DataSourceAutoConfiguration.EmbeddedDatabaseCondition)

   DataSourceCheckpointRestoreConfiguration:
      Did not match:
         - @ConditionalOnClass did not find required class 'org.crac.Resource' (OnClassCondition)

   DataSourceConfiguration.Dbcp2:
      Did not match:
         - @ConditionalOnClass did not find required class 'org.apache.commons.dbcp2.BasicDataSource' (OnClassCondition)

   DataSourceConfiguration.Generic:
      Did not match:
         - @ConditionalOnProperty (spring.datasource.type) did not find property 'spring.datasource.type' (OnPropertyCondition)

   DataSourceConfiguration.OracleUcp:
      Did not match:
         - @ConditionalOnClass did not find required classes 'oracle.ucp.jdbc.PoolDataSourceImpl', 'oracle.jdbc.OracleConnection' (OnClassCondition)

   DataSourceConfiguration.Tomcat:
      Did not match:
         - @ConditionalOnClass did not find required class 'org.apache.tomcat.jdbc.pool.DataSource' (OnClassCondition)

   DataSourceJmxConfiguration:
      Did not match:
         - @ConditionalOnBooleanProperty (spring.jmx.enabled=true) did not find property 'spring.jmx.enabled' (OnPropertyCondition)

   DataSourcePoolMetadataProvidersConfiguration.CommonsDbcp2PoolDataSourceMetadataProviderConfiguration:
      Did not match:
         - @ConditionalOnClass did not find required class 'org.apache.commons.dbcp2.BasicDataSource' (OnClassCondition)

   DataSourcePoolMetadataProvidersConfiguration.OracleUcpPoolDataSourceMetadataProviderConfiguration:
      Did not match:
         - @ConditionalOnClass did not find required classes 'oracle.ucp.jdbc.PoolDataSource', 'oracle.jdbc.OracleConnection' (OnClassCondition)

   DataSourcePoolMetadataProvidersConfiguration.TomcatDataSourcePoolMetadataProviderConfiguration:
      Did not match:
         - @ConditionalOnClass did not find required class 'org.apache.tomcat.jdbc.pool.DataSource' (OnClassCondition)

   DataSourceTransactionManagerAutoConfiguration.JdbcTransactionManagerConfiguration#transactionManager:
      Did not match:
         - @ConditionalOnMissingBean (types: org.springframework.transaction.TransactionManager; SearchStrategy: all) found beans of type 'org.springframework.transaction.TransactionManager' transactionManager (OnBeanCondition)

   DevToolsR2dbcAutoConfiguration:
      Did not match:
         - @ConditionalOnClass did not find required class 'io.r2dbc.spi.ConnectionFactory' (OnClassCondition)

   DiscoveryClientOptionalArgsConfiguration.DiscoveryClientOptionalArgsTlsConfiguration:
      Did not match:
         - AllNestedConditions 1 matched 1 did not; NestedCondition on DiscoveryClientOptionalArgsConfiguration.OnJerseyClientPresentAndEnabledCondition.OnJerseyClientEnabled @ConditionalOnProperty (eureka.client.jersey.enabled) matched; NestedCondition on DiscoveryClientOptionalArgsConfiguration.OnJerseyClientPresentAndEnabledCondition.OnJerseyClientPresent @ConditionalOnClass did not find required class 'org.glassfish.jersey.client.JerseyClient' (DiscoveryClientOptionalArgsConfiguration.OnJerseyClientPresentAndEnabledCondition)

   DiscoveryClientOptionalArgsConfiguration.RestClientConfiguration:
      Did not match:
         - AllNestedConditions 3 matched 1 did not; NestedCondition on DiscoveryClientOptionalArgsConfiguration.OnRestClientPresentAndEnabledCondition.OnRestClientEnabled @ConditionalOnProperty (eureka.client.restclient.enabled=true) did not find property 'restclient.enabled'; NestedCondition on DiscoveryClientOptionalArgsConfiguration.OnRestClientPresentAndEnabledCondition.OnWebClientDisabled @ConditionalOnProperty (eureka.client.webclient.enabled=false) matched; NestedCondition on DiscoveryClientOptionalArgsConfiguration.OnRestClientPresentAndEnabledCondition.OnJerseyClientNotPresentOrNotEnabled AnyNestedCondition 1 matched 1 did not; NestedCondition on DiscoveryClientOptionalArgsConfiguration.OnJerseyClientNotPresentOrNotEnabledCondition.OnJerseyClientDisabled @ConditionalOnProperty (eureka.client.jersey.enabled=false) did not find property 'eureka.client.jersey.enabled'; NestedCondition on DiscoveryClientOptionalArgsConfiguration.OnJerseyClientNotPresentOrNotEnabledCondition.OnJerseyClientMissing @ConditionalOnMissingClass did not find unwanted class 'org.glassfish.jersey.client.JerseyClient'; NestedCondition on DiscoveryClientOptionalArgsConfiguration.OnRestClientPresentAndEnabledCondition.OnRestClientPresent @ConditionalOnClass found required class 'org.springframework.web.client.RestClient' (DiscoveryClientOptionalArgsConfiguration.OnRestClientPresentAndEnabledCondition)

   DiscoveryClientOptionalArgsConfiguration.WebClientConfiguration:
      Did not match:
         - @ConditionalOnClass did not find required class 'org.springframework.web.reactive.function.client.WebClient' (OnClassCondition)

   DiscoveryClientOptionalArgsConfiguration.WebClientNotFoundConfiguration:
      Did not match:
         - @ConditionalOnProperty (eureka.client.webclient.enabled=true) did not find property 'webclient.enabled' (OnPropertyCondition)
      Matched:
         - @ConditionalOnMissingClass did not find unwanted class 'org.springframework.web.reactive.function.client.WebClient' (OnClassCondition)

   DispatcherServletAutoConfiguration.DispatcherServletConfiguration#multipartResolver:
      Did not match:
         - @ConditionalOnBean (types: org.springframework.web.multipart.MultipartResolver; SearchStrategy: all) did not find any beans of type org.springframework.web.multipart.MultipartResolver (OnBeanCondition)

   ElasticsearchClientAutoConfiguration:
      Did not match:
         - @ConditionalOnClass did not find required class 'co.elastic.clients.elasticsearch.ElasticsearchClient' (OnClassCondition)

   ElasticsearchDataAutoConfiguration:
      Did not match:
         - @ConditionalOnClass did not find required class 'org.springframework.data.elasticsearch.client.elc.ElasticsearchTemplate' (OnClassCondition)

   ElasticsearchRepositoriesAutoConfiguration:
      Did not match:
         - @ConditionalOnClass did not find required class 'org.springframework.data.elasticsearch.repository.ElasticsearchRepository' (OnClassCondition)

   ElasticsearchRestClientAutoConfiguration:
      Did not match:
         - @ConditionalOnClass did not find required class 'org.elasticsearch.client.RestClientBuilder' (OnClassCondition)

   EmbeddedLdapAutoConfiguration:
      Did not match:
         - @ConditionalOnClass did not find required class 'com.unboundid.ldap.listener.InMemoryDirectoryServer' (OnClassCondition)

   EmbeddedWebServerFactoryCustomizerAutoConfiguration.JettyWebServerFactoryCustomizerConfiguration:
      Did not match:
         - @ConditionalOnClass did not find required classes 'org.eclipse.jetty.server.Server', 'org.eclipse.jetty.util.Loader', 'org.eclipse.jetty.ee10.webapp.WebAppContext' (OnClassCondition)

   EmbeddedWebServerFactoryCustomizerAutoConfiguration.NettyWebServerFactoryCustomizerConfiguration:
      Did not match:
         - @ConditionalOnClass did not find required class 'reactor.netty.http.server.HttpServer' (OnClassCondition)

   EmbeddedWebServerFactoryCustomizerAutoConfiguration.TomcatWebServerFactoryCustomizerConfiguration#tomcatVirtualThreadsProtocolHandlerCustomizer:
      Did not match:
         - @ConditionalOnThreading did not find VIRTUAL (OnThreadingCondition)

   EmbeddedWebServerFactoryCustomizerAutoConfiguration.UndertowWebServerFactoryCustomizerConfiguration:
      Did not match:
         - @ConditionalOnClass did not find required classes 'io.undertow.Undertow', 'org.xnio.SslClientAuthMode' (OnClassCondition)

   ErrorWebFluxAutoConfiguration:
      Did not match:
         - @ConditionalOnClass did not find required class 'org.springframework.web.reactive.config.WebFluxConfigurer' (OnClassCondition)

   EurekaClientAutoConfiguration.EurekaClientConfiguration:
      Did not match:
         - AnyNestedCondition 0 matched 3 did not; NestedCondition on EurekaClientAutoConfiguration.OnMissingRefreshScopeCondition.OnPropertyDisabled @ConditionalOnProperty (eureka.client.refresh.enable=false) did not find property 'eureka.client.refresh.enable'; NestedCondition on EurekaClientAutoConfiguration.OnMissingRefreshScopeCondition.MissingScope @ConditionalOnMissingBean (types: org.springframework.cloud.autoconfigure.RefreshAutoConfiguration; SearchStrategy: all) found beans of type 'org.springframework.cloud.autoconfigure.RefreshAutoConfiguration' org.springframework.cloud.autoconfigure.RefreshAutoConfiguration; NestedCondition on EurekaClientAutoConfiguration.OnMissingRefreshScopeCondition.MissingClass @ConditionalOnMissingClass found unwanted class 'org.springframework.cloud.context.scope.refresh.RefreshScope' (EurekaClientAutoConfiguration.OnMissingRefreshScopeCondition)

   EurekaClientAutoConfiguration.EurekaHealthIndicatorConfiguration:
      Did not match:
         - @ConditionalOnClass did not find required class 'org.springframework.boot.actuate.health.Health' (OnClassCondition)

   EurekaClientConfigServerAutoConfiguration:
      Did not match:
         - @ConditionalOnClass did not find required class 'org.springframework.cloud.config.server.config.ConfigServerProperties' (OnClassCondition)

   EurekaDiscoveryClientConfiguration.EurekaHealthCheckHandlerConfiguration:
      Did not match:
         - @ConditionalOnProperty (eureka.client.healthcheck.enabled) did not find property 'eureka.client.healthcheck.enabled' (OnPropertyCondition)

   EurekaReactiveDiscoveryClientConfiguration:
      Did not match:
         - @ConditionalOnClass did not find required class 'org.springframework.web.reactive.function.client.WebClient' (OnClassCondition)

   FlywayAutoConfiguration:
      Did not match:
         - @ConditionalOnClass did not find required class 'org.flywaydb.core.Flyway' (OnClassCondition)

   FreeMarkerAutoConfiguration:
      Did not match:
         - @ConditionalOnClass did not find required class 'freemarker.template.Configuration' (OnClassCondition)

   GraphQlAutoConfiguration:
      Did not match:
         - @ConditionalOnClass did not find required class 'graphql.GraphQL' (OnClassCondition)

   GraphQlQueryByExampleAutoConfiguration:
      Did not match:
         - @ConditionalOnClass did not find required class 'graphql.GraphQL' (OnClassCondition)

   GraphQlQuerydslAutoConfiguration:
      Did not match:
         - @ConditionalOnClass did not find required class 'com.querydsl.core.Query' (OnClassCondition)

   GraphQlRSocketAutoConfiguration:
      Did not match:
         - @ConditionalOnClass did not find required class 'graphql.GraphQL' (OnClassCondition)

   GraphQlReactiveQueryByExampleAutoConfiguration:
      Did not match:
         - @ConditionalOnClass did not find required class 'graphql.GraphQL' (OnClassCondition)

   GraphQlReactiveQuerydslAutoConfiguration:
      Did not match:
         - @ConditionalOnClass did not find required class 'com.querydsl.core.Query' (OnClassCondition)

   GraphQlWebFluxAutoConfiguration:
      Did not match:
         - @ConditionalOnClass did not find required class 'graphql.GraphQL' (OnClassCondition)

   GraphQlWebFluxSecurityAutoConfiguration:
      Did not match:
         - @ConditionalOnClass did not find required class 'graphql.GraphQL' (OnClassCondition)

   GraphQlWebMvcAutoConfiguration:
      Did not match:
         - @ConditionalOnClass did not find required class 'graphql.GraphQL' (OnClassCondition)

   GraphQlWebMvcSecurityAutoConfiguration:
      Did not match:
         - @ConditionalOnClass did not find required class 'graphql.GraphQL' (OnClassCondition)

   GroovyTemplateAutoConfiguration:
      Did not match:
         - @ConditionalOnClass did not find required class 'groovy.text.markup.MarkupTemplateEngine' (OnClassCondition)

   GsonHttpMessageConvertersConfiguration.GsonHttpMessageConverterConfiguration:
      Did not match:
         - AnyNestedCondition 0 matched 2 did not; NestedCondition on GsonHttpMessageConvertersConfiguration.PreferGsonOrJacksonAndJsonbUnavailableCondition.JacksonJsonbUnavailable NoneNestedConditions 1 matched 1 did not; NestedCondition on GsonHttpMessageConvertersConfiguration.JacksonAndJsonbUnavailableCondition.JsonbPreferred @ConditionalOnPreferredJsonMapper JSONB no property was configured and Jackson is the default; NestedCondition on GsonHttpMessageConvertersConfiguration.JacksonAndJsonbUnavailableCondition.JacksonAvailable @ConditionalOnBean (types: org.springframework.http.converter.json.MappingJackson2HttpMessageConverter; SearchStrategy: all) found bean 'mappingJackson2HttpMessageConverter'; NestedCondition on GsonHttpMessageConvertersConfiguration.PreferGsonOrJacksonAndJsonbUnavailableCondition.GsonPreferred @ConditionalOnPreferredJsonMapper GSON no property was configured and Jackson is the default (GsonHttpMessageConvertersConfiguration.PreferGsonOrJacksonAndJsonbUnavailableCondition)

   HazelcastAutoConfiguration:
      Did not match:
         - @ConditionalOnClass did not find required class 'com.hazelcast.core.HazelcastInstance' (OnClassCondition)

   HazelcastCacheConfiguration:
      Did not match:
         - @ConditionalOnClass did not find required class 'com.hazelcast.core.HazelcastInstance' (OnClassCondition)

   HazelcastJpaDependencyAutoConfiguration:
      Did not match:
         - @ConditionalOnClass did not find required class 'com.hazelcast.core.HazelcastInstance' (OnClassCondition)

   HttpHandlerAutoConfiguration:
      Did not match:
         - @ConditionalOnClass did not find required class 'org.springframework.web.reactive.DispatcherHandler' (OnClassCondition)

   HypermediaAutoConfiguration:
      Did not match:
         - @ConditionalOnClass did not find required class 'org.springframework.hateoas.EntityModel' (OnClassCondition)

   InfinispanCacheConfiguration:
      Did not match:
         - @ConditionalOnClass did not find required class 'org.infinispan.spring.embedded.provider.SpringEmbeddedCacheManager' (OnClassCondition)

   IntegrationAutoConfiguration:
      Did not match:
         - @ConditionalOnClass did not find required class 'org.springframework.integration.config.EnableIntegration' (OnClassCondition)

   JCacheCacheConfiguration:
      Did not match:
         - @ConditionalOnClass did not find required class 'javax.cache.Caching' (OnClassCondition)

   JacksonHttpMessageConvertersConfiguration.MappingJackson2XmlHttpMessageConverterConfiguration:
      Did not match:
         - @ConditionalOnClass did not find required class 'com.fasterxml.jackson.dataformat.xml.XmlMapper' (OnClassCondition)

   JdbcRepositoriesAutoConfiguration:
      Did not match:
         - @ConditionalOnClass did not find required class 'org.springframework.data.jdbc.repository.config.AbstractJdbcConfiguration' (OnClassCondition)

   JerseyAutoConfiguration:
      Did not match:
         - @ConditionalOnClass did not find required class 'org.glassfish.jersey.server.spring.SpringComponentProvider' (OnClassCondition)

   JmsAutoConfiguration:
      Did not match:
         - @ConditionalOnClass did not find required class 'jakarta.jms.Message' (OnClassCondition)

   JmxAutoConfiguration:
      Did not match:
         - @ConditionalOnBooleanProperty (spring.jmx.enabled=true) did not find property 'spring.jmx.enabled' (OnPropertyCondition)
      Matched:
         - @ConditionalOnClass found required class 'org.springframework.jmx.export.MBeanExporter' (OnClassCondition)

   JndiConnectionFactoryAutoConfiguration:
      Did not match:
         - @ConditionalOnClass did not find required class 'org.springframework.jms.core.JmsTemplate' (OnClassCondition)

   JndiDataSourceAutoConfiguration:
      Did not match:
         - @ConditionalOnProperty (spring.datasource.jndi-name) did not find property 'spring.datasource.jndi-name' (OnPropertyCondition)
      Matched:
         - @ConditionalOnClass found required classes 'javax.sql.DataSource', 'org.springframework.jdbc.datasource.embedded.EmbeddedDatabaseType' (OnClassCondition)

   JndiJtaConfiguration:
      Did not match:
         - @ConditionalOnJndi JNDI environment is not available (OnJndiCondition)
      Matched:
         - @ConditionalOnClass found required class 'org.springframework.transaction.jta.JtaTransactionManager' (OnClassCondition)

   JooqAutoConfiguration:
      Did not match:
         - @ConditionalOnClass did not find required class 'org.jooq.DSLContext' (OnClassCondition)

   JpaRepositoriesAutoConfiguration#entityManagerFactoryBootstrapExecutorCustomizer:
      Did not match:
         - AnyNestedCondition 0 matched 2 did not; NestedCondition on JpaRepositoriesAutoConfiguration.BootstrapExecutorCondition.LazyBootstrapMode @ConditionalOnProperty (spring.data.jpa.repositories.bootstrap-mode=lazy) did not find property 'spring.data.jpa.repositories.bootstrap-mode'; NestedCondition on JpaRepositoriesAutoConfiguration.BootstrapExecutorCondition.DeferredBootstrapMode @ConditionalOnProperty (spring.data.jpa.repositories.bootstrap-mode=deferred) did not find property 'spring.data.jpa.repositories.bootstrap-mode' (JpaRepositoriesAutoConfiguration.BootstrapExecutorCondition)

   JsonbAutoConfiguration:
      Did not match:
         - @ConditionalOnClass did not find required class 'jakarta.json.bind.Jsonb' (OnClassCondition)

   JsonbHttpMessageConvertersConfiguration:
      Did not match:
         - @ConditionalOnClass did not find required class 'jakarta.json.bind.Jsonb' (OnClassCondition)

   KafkaAutoConfiguration:
      Did not match:
         - @ConditionalOnClass did not find required class 'org.springframework.kafka.core.KafkaTemplate' (OnClassCondition)

   LdapAutoConfiguration:
      Did not match:
         - @ConditionalOnClass did not find required class 'org.springframework.ldap.core.ContextSource' (OnClassCondition)

   LdapRepositoriesAutoConfiguration:
      Did not match:
         - @ConditionalOnClass did not find required class 'org.springframework.data.ldap.repository.LdapRepository' (OnClassCondition)

   LiquibaseAutoConfiguration:
      Did not match:
         - @ConditionalOnClass did not find required class 'liquibase.change.DatabaseChange' (OnClassCondition)

   LoadBalancerAutoConfiguration.RetryAutoConfiguration:
      Did not match:
         - @ConditionalOnClass did not find required class 'org.springframework.retry.support.RetryTemplate' (OnClassCondition)

   LoadBalancerAutoConfiguration.RetryInterceptorAutoConfiguration:
      Did not match:
         - @ConditionalOnClass did not find required class 'org.springframework.retry.support.RetryTemplate' (OnClassCondition)

   LoadBalancerBeanPostProcessorAutoConfiguration:
      Did not match:
         - @ConditionalOnClass did not find required class 'org.springframework.web.reactive.function.client.WebClient' (OnClassCondition)

   LoadBalancerCacheAutoConfiguration.CaffeineLoadBalancerCacheManagerConfiguration:
      Did not match:
         - @ConditionalOnClass did not find required class 'com.github.benmanes.caffeine.cache.Caffeine' (OnClassCondition)

   LoadBalancerEurekaAutoConfiguration#zoneConfig:
      Did not match:
         - @ConditionalOnMissingBean (types: org.springframework.cloud.loadbalancer.config.LoadBalancerZoneConfig; SearchStrategy: all) found beans of type 'org.springframework.cloud.loadbalancer.config.LoadBalancerZoneConfig' zoneConfig (OnBeanCondition)

   LoadBalancerStatsAutoConfiguration:
      Did not match:
         - @ConditionalOnClass did not find required class 'io.micrometer.core.instrument.MeterRegistry' (OnClassCondition)

   MailSenderAutoConfiguration:
      Did not match:
         - @ConditionalOnClass did not find required class 'jakarta.mail.internet.MimeMessage' (OnClassCondition)

   MailSenderValidatorAutoConfiguration:
      Did not match:
         - @ConditionalOnBooleanProperty (spring.mail.test-connection=true) did not find property 'spring.mail.test-connection' (OnPropertyCondition)

   MessageSourceAutoConfiguration:
      Did not match:
         - ResourceBundle did not find bundle with basename messages (MessageSourceAutoConfiguration.ResourceBundleCondition)

   MongoAutoConfiguration:
      Did not match:
         - @ConditionalOnClass did not find required class 'com.mongodb.client.MongoClient' (OnClassCondition)

   MongoDataAutoConfiguration:
      Did not match:
         - @ConditionalOnClass did not find required class 'com.mongodb.client.MongoClient' (OnClassCondition)

   MongoReactiveAutoConfiguration:
      Did not match:
         - @ConditionalOnClass did not find required class 'com.mongodb.reactivestreams.client.MongoClient' (OnClassCondition)

   MongoReactiveDataAutoConfiguration:
      Did not match:
         - @ConditionalOnClass did not find required class 'com.mongodb.reactivestreams.client.MongoClient' (OnClassCondition)

   MongoReactiveRepositoriesAutoConfiguration:
      Did not match:
         - @ConditionalOnClass did not find required class 'com.mongodb.reactivestreams.client.MongoClient' (OnClassCondition)

   MongoRepositoriesAutoConfiguration:
      Did not match:
         - @ConditionalOnClass did not find required class 'com.mongodb.client.MongoClient' (OnClassCondition)

   MustacheAutoConfiguration:
      Did not match:
         - @ConditionalOnClass did not find required class 'com.samskivert.mustache.Mustache' (OnClassCondition)

   Neo4jAutoConfiguration:
      Did not match:
         - @ConditionalOnClass did not find required class 'org.neo4j.driver.Driver' (OnClassCondition)

   Neo4jDataAutoConfiguration:
      Did not match:
         - @ConditionalOnClass did not find required class 'org.neo4j.driver.Driver' (OnClassCondition)

   Neo4jReactiveDataAutoConfiguration:
      Did not match:
         - @ConditionalOnClass did not find required class 'org.neo4j.driver.Driver' (OnClassCondition)

   Neo4jReactiveRepositoriesAutoConfiguration:
      Did not match:
         - @ConditionalOnClass did not find required class 'org.neo4j.driver.Driver' (OnClassCondition)

   Neo4jRepositoriesAutoConfiguration:
      Did not match:
         - @ConditionalOnClass did not find required class 'org.neo4j.driver.Driver' (OnClassCondition)

   NettyAutoConfiguration:
      Did not match:
         - @ConditionalOnClass did not find required class 'io.netty.util.NettyRuntime' (OnClassCondition)

   OAuth2AuthorizationServerAutoConfiguration:
      Did not match:
         - @ConditionalOnClass did not find required class 'org.springframework.security.oauth2.server.authorization.OAuth2Authorization' (OnClassCondition)

   OAuth2AuthorizationServerJwtAutoConfiguration:
      Did not match:
         - @ConditionalOnClass did not find required class 'com.nimbusds.jose.jwk.source.JWKSource' (OnClassCondition)

   OAuth2ClientAutoConfiguration:
      Did not match:
         - @ConditionalOnClass did not find required class 'org.springframework.security.oauth2.client.registration.ClientRegistration' (OnClassCondition)

   OAuth2ClientWebSecurityAutoConfiguration:
      Did not match:
         - @ConditionalOnClass did not find required class 'org.springframework.security.oauth2.client.web.OAuth2AuthorizedClientRepository' (OnClassCondition)

   OAuth2LoadBalancerClientAutoConfiguration:
      Did not match:
         - @ConditionalOnProperty (spring.cloud.oauth2.load-balanced.enabled) did not find property 'spring.cloud.oauth2.load-balanced.enabled' (OnPropertyCondition)

   OAuth2ResourceServerAutoConfiguration:
      Did not match:
         - @ConditionalOnClass did not find required class 'org.springframework.security.oauth2.server.resource.authentication.BearerTokenAuthenticationToken' (OnClassCondition)

   ProjectInfoAutoConfiguration#buildProperties:
      Did not match:
         - @ConditionalOnResource did not find resource '${spring.info.build.location:classpath:META-INF/build-info.properties}' (OnResourceCondition)

   ProjectInfoAutoConfiguration#gitProperties:
      Did not match:
         - GitResource did not find git info at classpath:git.properties (ProjectInfoAutoConfiguration.GitResourceAvailableCondition)

   PulsarAutoConfiguration:
      Did not match:
         - @ConditionalOnClass did not find required class 'org.apache.pulsar.client.api.PulsarClient' (OnClassCondition)

   PulsarReactiveAutoConfiguration:
      Did not match:
         - @ConditionalOnClass did not find required class 'org.apache.pulsar.client.api.PulsarClient' (OnClassCondition)

   QuartzAutoConfiguration:
      Did not match:
         - @ConditionalOnClass did not find required class 'org.quartz.Scheduler' (OnClassCondition)

   R2dbcAutoConfiguration:
      Did not match:
         - @ConditionalOnClass did not find required class 'io.r2dbc.spi.ConnectionFactory' (OnClassCondition)

   R2dbcDataAutoConfiguration:
      Did not match:
         - @ConditionalOnClass did not find required class 'org.springframework.data.r2dbc.core.R2dbcEntityTemplate' (OnClassCondition)

   R2dbcInitializationConfiguration:
      Did not match:
         - @ConditionalOnClass did not find required classes 'io.r2dbc.spi.ConnectionFactory', 'org.springframework.r2dbc.connection.init.DatabasePopulator' (OnClassCondition)

   R2dbcProxyAutoConfiguration:
      Did not match:
         - @ConditionalOnClass did not find required class 'io.r2dbc.proxy.ProxyConnectionFactory' (OnClassCondition)

   R2dbcRepositoriesAutoConfiguration:
      Did not match:
         - @ConditionalOnClass did not find required class 'io.r2dbc.spi.ConnectionFactory' (OnClassCondition)

   R2dbcTransactionManagerAutoConfiguration:
      Did not match:
         - @ConditionalOnClass did not find required class 'org.springframework.r2dbc.connection.R2dbcTransactionManager' (OnClassCondition)

   RSocketGraphQlClientAutoConfiguration:
      Did not match:
         - @ConditionalOnClass did not find required class 'graphql.GraphQL' (OnClassCondition)

   RSocketMessagingAutoConfiguration:
      Did not match:
         - @ConditionalOnClass did not find required class 'io.rsocket.RSocket' (OnClassCondition)

   RSocketRequesterAutoConfiguration:
      Did not match:
         - @ConditionalOnClass did not find required class 'io.rsocket.RSocket' (OnClassCondition)

   RSocketSecurityAutoConfiguration:
      Did not match:
         - @ConditionalOnClass did not find required class 'org.springframework.security.rsocket.core.SecuritySocketAcceptorInterceptor' (OnClassCondition)

   RSocketServerAutoConfiguration:
      Did not match:
         - @ConditionalOnClass did not find required class 'io.rsocket.core.RSocketServer' (OnClassCondition)

   RSocketStrategiesAutoConfiguration:
      Did not match:
         - @ConditionalOnClass did not find required class 'io.netty.buffer.PooledByteBufAllocator' (OnClassCondition)

   RabbitAutoConfiguration:
      Did not match:
         - @ConditionalOnClass did not find required class 'com.rabbitmq.client.Channel' (OnClassCondition)

   ReactiveCommonsClientAutoConfiguration.ReactiveDiscoveryLoadBalancerConfiguration:
      Did not match:
         - @ConditionalOnClass did not find required classes 'org.springframework.boot.actuate.health.ReactiveHealthIndicator', 'org.springframework.web.reactive.function.client.WebClient' (OnClassCondition)

   ReactiveCompositeDiscoveryClientAutoConfiguration:
      Did not match:
         - @ConditionalOnClass did not find required class 'org.springframework.web.reactive.function.client.WebClient' (OnClassCondition)

   ReactiveElasticsearchClientAutoConfiguration:
      Did not match:
         - @ConditionalOnClass did not find required class 'co.elastic.clients.transport.ElasticsearchTransport' (OnClassCondition)

   ReactiveElasticsearchRepositoriesAutoConfiguration:
      Did not match:
         - @ConditionalOnClass did not find required class 'org.springframework.data.elasticsearch.client.elc.ReactiveElasticsearchClient' (OnClassCondition)

   ReactiveMultipartAutoConfiguration:
      Did not match:
         - @ConditionalOnClass did not find required class 'org.springframework.web.reactive.config.WebFluxConfigurer' (OnClassCondition)

   ReactiveOAuth2ClientAutoConfiguration:
      Did not match:
         - @ConditionalOnClass did not find required class 'org.springframework.security.oauth2.client.registration.ClientRegistration' (OnClassCondition)

   ReactiveOAuth2ClientWebSecurityAutoConfiguration:
      Did not match:
         - @ConditionalOnClass did not find required class 'org.springframework.security.oauth2.client.web.server.ServerOAuth2AuthorizedClientRepository' (OnClassCondition)

   ReactiveOAuth2ResourceServerAutoConfiguration:
      Did not match:
         - @ConditionalOnWebApplication did not find reactive web application classes (OnWebApplicationCondition)

   ReactiveSecurityAutoConfiguration:
      Did not match:
         - @ConditionalOnClass did not find required class 'org.springframework.web.reactive.config.WebFluxConfigurer' (OnClassCondition)

   ReactiveUserDetailsServiceAutoConfiguration:
      Did not match:
         - AnyNestedCondition 0 matched 2 did not; NestedCondition on ReactiveUserDetailsServiceAutoConfiguration.RSocketEnabledOrReactiveWebApplication.ReactiveWebApplicationCondition did not find reactive web application classes; NestedCondition on ReactiveUserDetailsServiceAutoConfiguration.RSocketEnabledOrReactiveWebApplication.RSocketSecurityEnabledCondition @ConditionalOnBean (types: org.springframework.messaging.rsocket.annotation.support.RSocketMessageHandler; SearchStrategy: all) did not find any beans of type org.springframework.messaging.rsocket.annotation.support.RSocketMessageHandler (ReactiveUserDetailsServiceAutoConfiguration.RSocketEnabledOrReactiveWebApplication)
      Matched:
         - @ConditionalOnClass found required class 'org.springframework.security.authentication.ReactiveAuthenticationManager' (OnClassCondition)
         - AnyNestedCondition 1 matched 2 did not; NestedCondition on ReactiveUserDetailsServiceAutoConfiguration.MissingAlternativeOrUserPropertiesConfigured.PasswordConfigured @ConditionalOnProperty (spring.security.user.password) did not find property 'spring.security.user.password'; NestedCondition on ReactiveUserDetailsServiceAutoConfiguration.MissingAlternativeOrUserPropertiesConfigured.NameConfigured @ConditionalOnProperty (spring.security.user.name) did not find property 'spring.security.user.name'; NestedCondition on ReactiveUserDetailsServiceAutoConfiguration.MissingAlternativeOrUserPropertiesConfigured.MissingAlternative @ConditionalOnMissingClass did not find unwanted classes 'org.springframework.security.oauth2.client.registration.ClientRegistrationRepository', 'org.springframework.security.oauth2.server.resource.introspection.ReactiveOpaqueTokenIntrospector' (ReactiveUserDetailsServiceAutoConfiguration.MissingAlternativeOrUserPropertiesConfigured)

   ReactiveWebServerFactoryAutoConfiguration:
      Did not match:
         - @ConditionalOnWebApplication did not find reactive web application classes (OnWebApplicationCondition)

   ReactorLoadBalancerClientAutoConfiguration:
      Did not match:
         - @ConditionalOnClass did not find required class 'org.springframework.web.reactive.function.client.WebClient' (OnClassCondition)

   RedisAutoConfiguration:
      Did not match:
         - @ConditionalOnClass did not find required class 'org.springframework.data.redis.core.RedisOperations' (OnClassCondition)

   RedisCacheConfiguration:
      Did not match:
         - @ConditionalOnClass did not find required class 'org.springframework.data.redis.connection.RedisConnectionFactory' (OnClassCondition)

   RedisReactiveAutoConfiguration:
      Did not match:
         - @ConditionalOnClass did not find required class 'org.springframework.data.redis.connection.ReactiveRedisConnectionFactory' (OnClassCondition)

   RedisRepositoriesAutoConfiguration:
      Did not match:
         - @ConditionalOnClass did not find required class 'org.springframework.data.redis.repository.configuration.EnableRedisRepositories' (OnClassCondition)

   RefreshAutoConfiguration#legacyContextRefresher:
      Did not match:
         - AnyNestedCondition 0 matched 3 did not; NestedCondition on ConditionalOnBootstrapEnabled.OnBootstrapEnabledCondition.OnBootstrapEnabled @ConditionalOnProperty (spring.cloud.bootstrap.enabled) did not find property 'spring.cloud.bootstrap.enabled'; NestedCondition on ConditionalOnBootstrapEnabled.OnBootstrapEnabledCondition.OnUseLegacyProcessingEnabled @ConditionalOnProperty (spring.config.use-legacy-processing) did not find property 'spring.config.use-legacy-processing'; NestedCondition on ConditionalOnBootstrapEnabled.OnBootstrapEnabledCondition.OnBootstrapMarkerClassPresent @ConditionalOnClass did not find required class 'org.springframework.cloud.bootstrap.marker.Marker' (ConditionalOnBootstrapEnabled.OnBootstrapEnabledCondition)

   RefreshEndpointAutoConfiguration:
      Did not match:
         - @ConditionalOnClass did not find required class 'org.springframework.boot.actuate.autoconfigure.endpoint.EndpointAutoConfiguration' (OnClassCondition)

   RemoteDevToolsAutoConfiguration:
      Did not match:
         - @ConditionalOnProperty (spring.devtools.remote.secret) did not find property 'spring.devtools.remote.secret' (OnPropertyCondition)
      Matched:
         - @ConditionalOnClass found required classes 'jakarta.servlet.Filter', 'org.springframework.http.server.ServerHttpRequest' (OnClassCondition)

   RepositoryRestMvcAutoConfiguration:
      Did not match:
         - @ConditionalOnClass did not find required class 'org.springframework.data.rest.webmvc.config.RepositoryRestMvcConfiguration' (OnClassCondition)

   Saml2RelyingPartyAutoConfiguration:
      Did not match:
         - @ConditionalOnClass did not find required class 'org.springframework.security.saml2.provider.service.registration.RelyingPartyRegistrationRepository' (OnClassCondition)

   SecurityDataConfiguration:
      Did not match:
         - @ConditionalOnClass did not find required class 'org.springframework.security.data.repository.query.SecurityEvaluationContextExtension' (OnClassCondition)

   SendGridAutoConfiguration:
      Did not match:
         - @ConditionalOnClass did not find required class 'com.sendgrid.SendGrid' (OnClassCondition)

   ServiceRegistryAutoConfiguration.ServiceRegistryEndpointConfiguration:
      Did not match:
         - @ConditionalOnClass did not find required class 'org.springframework.boot.actuate.endpoint.annotation.Endpoint' (OnClassCondition)

   ServletWebServerFactoryAutoConfiguration.ForwardedHeaderFilterConfiguration:
      Did not match:
         - @ConditionalOnProperty (server.forward-headers-strategy=framework) did not find property 'server.forward-headers-strategy' (OnPropertyCondition)

   ServletWebServerFactoryConfiguration.EmbeddedJetty:
      Did not match:
         - @ConditionalOnClass did not find required classes 'org.eclipse.jetty.server.Server', 'org.eclipse.jetty.util.Loader', 'org.eclipse.jetty.ee10.webapp.WebAppContext' (OnClassCondition)

   ServletWebServerFactoryConfiguration.EmbeddedUndertow:
      Did not match:
         - @ConditionalOnClass did not find required classes 'io.undertow.Undertow', 'org.xnio.SslClientAuthMode' (OnClassCondition)

   SessionAutoConfiguration:
      Did not match:
         - @ConditionalOnClass did not find required class 'org.springframework.session.Session' (OnClassCondition)

   SimpleReactiveDiscoveryClientAutoConfiguration:
      Did not match:
         - @ConditionalOnClass did not find required class 'org.springframework.web.reactive.function.client.WebClient' (OnClassCondition)

   SpringApplicationAdminJmxAutoConfiguration:
      Did not match:
         - @ConditionalOnBooleanProperty (spring.application.admin.enabled=true) did not find property 'spring.application.admin.enabled' (OnPropertyCondition)

   SpringBootWebSecurityConfiguration.SecurityFilterChainConfiguration:
      Did not match:
         - AllNestedConditions 1 matched 1 did not; NestedCondition on DefaultWebSecurityCondition.Beans @ConditionalOnMissingBean (types: org.springframework.security.web.SecurityFilterChain; SearchStrategy: all) found beans of type 'org.springframework.security.web.SecurityFilterChain' securityFilterChain; NestedCondition on DefaultWebSecurityCondition.Classes @ConditionalOnClass found required classes 'org.springframework.security.web.SecurityFilterChain', 'org.springframework.security.config.annotation.web.builders.HttpSecurity' (DefaultWebSecurityCondition)

   TaskExecutorConfigurations.SimpleAsyncTaskExecutorBuilderConfiguration#simpleAsyncTaskExecutorBuilderVirtualThreads:
      Did not match:
         - @ConditionalOnMissingBean (types: org.springframework.boot.task.SimpleAsyncTaskExecutorBuilder; SearchStrategy: all) found beans of type 'org.springframework.boot.task.SimpleAsyncTaskExecutorBuilder' simpleAsyncTaskExecutorBuilder (OnBeanCondition)

   TaskExecutorConfigurations.TaskExecutorConfiguration#applicationTaskExecutorVirtualThreads:
      Did not match:
         - @ConditionalOnThreading did not find VIRTUAL (OnThreadingCondition)

   TaskSchedulingAutoConfiguration#scheduledBeanLazyInitializationExcludeFilter:
      Did not match:
         - @ConditionalOnBean (names: org.springframework.context.annotation.internalScheduledAnnotationProcessor; SearchStrategy: all) did not find any beans named org.springframework.context.annotation.internalScheduledAnnotationProcessor (OnBeanCondition)

   TaskSchedulingConfigurations.SimpleAsyncTaskSchedulerBuilderConfiguration#simpleAsyncTaskSchedulerBuilderVirtualThreads:
      Did not match:
         - @ConditionalOnMissingBean (types: org.springframework.boot.task.SimpleAsyncTaskSchedulerBuilder; SearchStrategy: all) found beans of type 'org.springframework.boot.task.SimpleAsyncTaskSchedulerBuilder' simpleAsyncTaskSchedulerBuilder (OnBeanCondition)

   TaskSchedulingConfigurations.TaskSchedulerConfiguration:
      Did not match:
         - @ConditionalOnBean (names: org.springframework.context.annotation.internalScheduledAnnotationProcessor; SearchStrategy: all) did not find any beans named org.springframework.context.annotation.internalScheduledAnnotationProcessor (OnBeanCondition)

   ThymeleafAutoConfiguration:
      Did not match:
         - @ConditionalOnClass did not find required class 'org.thymeleaf.spring6.SpringTemplateEngine' (OnClassCondition)

   TransactionAutoConfiguration#transactionalOperator:
      Did not match:
         - @ConditionalOnSingleCandidate (types: org.springframework.transaction.ReactiveTransactionManager; SearchStrategy: all) did not find any beans (OnBeanCondition)

   TransactionAutoConfiguration.AspectJTransactionManagementConfiguration:
      Did not match:
         - @ConditionalOnBean (types: org.springframework.transaction.aspectj.AbstractTransactionAspect; SearchStrategy: all) did not find any beans of type org.springframework.transaction.aspectj.AbstractTransactionAspect (OnBeanCondition)

   TransactionAutoConfiguration.EnableTransactionManagementConfiguration.JdkDynamicAutoProxyConfiguration:
      Did not match:
         - @ConditionalOnBooleanProperty (spring.aop.proxy-target-class=false) did not find property 'spring.aop.proxy-target-class' (OnPropertyCondition)

   WebClientAutoConfiguration:
      Did not match:
         - @ConditionalOnClass did not find required class 'org.springframework.web.reactive.function.client.WebClient' (OnClassCondition)

   WebFluxAutoConfiguration:
      Did not match:
         - @ConditionalOnClass did not find required class 'org.springframework.web.reactive.config.WebFluxConfigurer' (OnClassCondition)

   WebMvcAutoConfiguration#hiddenHttpMethodFilter:
      Did not match:
         - @ConditionalOnBooleanProperty (spring.mvc.hiddenmethod.filter.enabled=true) did not find property 'spring.mvc.hiddenmethod.filter.enabled' (OnPropertyCondition)

   WebMvcAutoConfiguration.ProblemDetailsErrorHandlingConfiguration:
      Did not match:
         - @ConditionalOnBooleanProperty (spring.mvc.problemdetails.enabled=true) did not find property 'spring.mvc.problemdetails.enabled' (OnPropertyCondition)

   WebMvcAutoConfiguration.ResourceChainCustomizerConfiguration:
      Did not match:
         - @ConditionalOnEnabledResourceChain did not find class org.webjars.WebJarVersionLocator (OnEnabledResourceChainCondition)

   WebMvcAutoConfiguration.WebMvcAutoConfigurationAdapter#beanNameViewResolver:
      Did not match:
         - @ConditionalOnMissingBean (types: org.springframework.web.servlet.view.BeanNameViewResolver; SearchStrategy: all) found beans of type 'org.springframework.web.servlet.view.BeanNameViewResolver' beanNameViewResolver (OnBeanCondition)

   WebServiceTemplateAutoConfiguration:
      Did not match:
         - @ConditionalOnClass did not find required class 'org.springframework.oxm.Marshaller' (OnClassCondition)

   WebServicesAutoConfiguration:
      Did not match:
         - @ConditionalOnClass did not find required class 'org.springframework.ws.transport.http.MessageDispatcherServlet' (OnClassCondition)

   WebSessionIdResolverAutoConfiguration:
      Did not match:
         - @ConditionalOnWebApplication did not find reactive web application classes (OnWebApplicationCondition)

   WebSocketMessagingAutoConfiguration:
      Did not match:
         - @ConditionalOnClass did not find required class 'org.springframework.web.socket.config.annotation.DelegatingWebSocketMessageBrokerConfiguration' (OnClassCondition)

   WebSocketReactiveAutoConfiguration:
      Did not match:
         - @ConditionalOnWebApplication did not find reactive web application classes (OnWebApplicationCondition)

   WebSocketServletAutoConfiguration.JettyWebSocketConfiguration:
      Did not match:
         - @ConditionalOnClass did not find required class 'org.eclipse.jetty.ee10.websocket.jakarta.server.config.JakartaWebSocketServletContainerInitializer' (OnClassCondition)

   WebSocketServletAutoConfiguration.UndertowWebSocketConfiguration:
      Did not match:
         - @ConditionalOnClass did not find required class 'io.undertow.websockets.jsr.Bootstrap' (OnClassCondition)

   WritableEnvironmentEndpointAutoConfiguration:
      Did not match:
         - @ConditionalOnClass did not find required class 'org.springframework.boot.actuate.autoconfigure.env.EnvironmentEndpointProperties' (OnClassCondition)

   XADataSourceAutoConfiguration:
      Did not match:
         - @ConditionalOnBean (types: org.springframework.boot.jdbc.XADataSourceWrapper; SearchStrategy: all) did not find any beans of type org.springframework.boot.jdbc.XADataSourceWrapper (OnBeanCondition)
      Matched:
         - @ConditionalOnClass found required classes 'javax.sql.DataSource', 'jakarta.transaction.TransactionManager', 'org.springframework.jdbc.datasource.embedded.EmbeddedDatabaseType' (OnClassCondition)


Exclusions:
-----------

    None


Unconditional classes:
----------------------

    org.springframework.boot.autoconfigure.context.ConfigurationPropertiesAutoConfiguration

    org.springframework.cloud.client.ReactiveCommonsClientAutoConfiguration

    org.springframework.boot.autoconfigure.ssl.SslAutoConfiguration

    org.springframework.boot.autoconfigure.context.PropertyPlaceholderAutoConfiguration

    org.springframework.cloud.client.discovery.simple.SimpleDiscoveryClientAutoConfiguration

    org.springframework.boot.autoconfigure.context.LifecycleAutoConfiguration

    org.springframework.cloud.client.CommonsClientAutoConfiguration

    org.springframework.cloud.commons.config.CommonsConfigAutoConfiguration

    org.springframework.cloud.netflix.eureka.config.DiscoveryClientOptionalArgsConfiguration

    org.springframework.cloud.client.loadbalancer.LoadBalancerDefaultMappingsProviderAutoConfiguration

    org.springframework.cloud.client.discovery.composite.CompositeDiscoveryClientAutoConfiguration

    org.springframework.cloud.client.serviceregistry.ServiceRegistryAutoConfiguration

    org.springframework.cloud.autoconfigure.LifecycleMvcEndpointAutoConfiguration

    org.springframework.boot.autoconfigure.availability.ApplicationAvailabilityAutoConfiguration

    org.springframework.boot.autoconfigure.info.ProjectInfoAutoConfiguration



2026-04-28T14:23:30.246+01:00  INFO 22216 --- [qualite-service] [  restartedMain] t.s.q.QualiteServiceApplication          : Started QualiteServiceApplication in 8.079 seconds (process running for 3796.946)
2026-04-28T14:23:30.247+01:00 DEBUG 22216 --- [qualite-service] [  restartedMain] o.s.b.a.ApplicationAvailabilityBean      : Application availability state LivenessState changed to CORRECT
2026-04-28T14:23:30.251+01:00  INFO 22216 --- [qualite-service] [  restartedMain] t.s.q.c.QualityModuleDataInitializer     : QualityModuleDataInitializer is in safe mode. No project or quality data will be created, deleted, or reset at startup.
2026-04-28T14:23:30.252+01:00  INFO 22216 --- [qualite-service] [  restartedMain] .ConditionEvaluationDeltaLoggingListener : Condition evaluation unchanged
2026-04-28T14:23:30.252+01:00 DEBUG 22216 --- [qualite-service] [  restartedMain] o.s.b.a.ApplicationAvailabilityBean      : Application availability state ReadinessState changed to ACCEPTING_TRAFFIC
2026-04-28T14:23:59.646+01:00 DEBUG 22216 --- [qualite-service] [reshExecutor-%d] o.s.web.client.RestTemplate              : HTTP GET http://localhost:8761/eureka/apps/delta
2026-04-28T14:23:59.647+01:00 DEBUG 22216 --- [qualite-service] [beatExecutor-%d] o.s.web.client.RestTemplate              : HTTP PUT http://localhost:8761/eureka/apps/QUALITE-SERVICE/LANGIR:qualite-service:8092?status=UP&lastDirtyTimestamp=1777382609650
2026-04-28T14:23:59.652+01:00 DEBUG 22216 --- [qualite-service] [reshExecutor-%d] o.s.web.client.RestTemplate              : Accept=[application/json, application/*+json]
2026-04-28T14:23:59.670+01:00 DEBUG 22216 --- [qualite-service] [beatExecutor-%d] o.s.web.client.RestTemplate              : Accept=[application/json, application/*+json]
2026-04-28T14:23:59.672+01:00 DEBUG 22216 --- [qualite-service] [reshExecutor-%d] o.s.web.client.RestTemplate              : Response 200 OK
2026-04-28T14:23:59.675+01:00 DEBUG 22216 --- [qualite-service] [reshExecutor-%d] o.s.web.client.RestTemplate              : Reading to [org.springframework.cloud.netflix.eureka.http.EurekaApplications]
2026-04-28T14:23:59.704+01:00 DEBUG 22216 --- [qualite-service] [beatExecutor-%d] o.s.web.client.RestTemplate              : Response 404 NOT_FOUND
2026-04-28T14:23:59.707+01:00  INFO 22216 --- [qualite-service] [beatExecutor-%d] com.netflix.discovery.DiscoveryClient    : DiscoveryClient_QUALITE-SERVICE/LANGIR:qualite-service:8092 - Re-registering apps/QUALITE-SERVICE
2026-04-28T14:23:59.708+01:00  INFO 22216 --- [qualite-service] [beatExecutor-%d] com.netflix.discovery.DiscoveryClient    : DiscoveryClient_QUALITE-SERVICE/LANGIR:qualite-service:8092: registering service...
2026-04-28T14:23:59.708+01:00 DEBUG 22216 --- [qualite-service] [beatExecutor-%d] o.s.web.client.RestTemplate              : HTTP POST http://localhost:8761/eureka/apps/QUALITE-SERVICE
2026-04-28T14:23:59.709+01:00 DEBUG 22216 --- [qualite-service] [beatExecutor-%d] o.s.web.client.RestTemplate              : Accept=[application/json, application/*+json]
2026-04-28T14:23:59.710+01:00 DEBUG 22216 --- [qualite-service] [beatExecutor-%d] o.s.web.client.RestTemplate              : Writing [InstanceInfo [instanceId = LANGIR:qualite-service:8092, appName = QUALITE-SERVICE, hostName = LANGIR, status = UP, ipAddr = 192.168.1.119, port = 8092, securePort = 443, dataCenterInfo = com.netflix.appinfo.MyDataCenterInfo@4ad5b106] as "application/json"
2026-04-28T14:23:59.714+01:00 DEBUG 22216 --- [qualite-service] [beatExecutor-%d] o.s.web.client.RestTemplate              : Response 204 NO_CONTENT
2026-04-28T14:23:59.715+01:00  INFO 22216 --- [qualite-service] [beatExecutor-%d] com.netflix.discovery.DiscoveryClient    : DiscoveryClient_QUALITE-SERVICE/LANGIR:qualite-service:8092 - registration status: 204
2026-04-28T14:24:29.683+01:00 DEBUG 22216 --- [qualite-service] [reshExecutor-%d] o.s.web.client.RestTemplate              : HTTP GET http://localhost:8761/eureka/apps/delta
2026-04-28T14:24:29.687+01:00 DEBUG 22216 --- [qualite-service] [reshExecutor-%d] o.s.web.client.RestTemplate              : Accept=[application/json, application/*+json]
2026-04-28T14:24:29.691+01:00 DEBUG 22216 --- [qualite-service] [reshExecutor-%d] o.s.web.client.RestTemplate              : Response 200 OK
2026-04-28T14:24:29.694+01:00 DEBUG 22216 --- [qualite-service] [reshExecutor-%d] o.s.web.client.RestTemplate              : Reading to [org.springframework.cloud.netflix.eureka.http.EurekaApplications]
2026-04-28T14:24:29.716+01:00 DEBUG 22216 --- [qualite-service] [beatExecutor-%d] o.s.web.client.RestTemplate              : HTTP PUT http://localhost:8761/eureka/apps/QUALITE-SERVICE/LANGIR:qualite-service:8092?status=UP&lastDirtyTimestamp=1777382639707
2026-04-28T14:24:29.717+01:00 DEBUG 22216 --- [qualite-service] [beatExecutor-%d] o.s.web.client.RestTemplate              : Accept=[application/json, application/*+json]
2026-04-28T14:24:29.722+01:00 DEBUG 22216 --- [qualite-service] [beatExecutor-%d] o.s.web.client.RestTemplate              : Response 200 OK
2026-04-28T14:24:59.695+01:00 DEBUG 22216 --- [qualite-service] [reshExecutor-%d] o.s.web.client.RestTemplate              : HTTP GET http://localhost:8761/eureka/apps/delta
2026-04-28T14:24:59.698+01:00 DEBUG 22216 --- [qualite-service] [reshExecutor-%d] o.s.web.client.RestTemplate              : Accept=[application/json, application/*+json]
2026-04-28T14:24:59.705+01:00 DEBUG 22216 --- [qualite-service] [reshExecutor-%d] o.s.web.client.RestTemplate              : Response 200 OK
2026-04-28T14:24:59.706+01:00 DEBUG 22216 --- [qualite-service] [reshExecutor-%d] o.s.web.client.RestTemplate              : Reading to [org.springframework.cloud.netflix.eureka.http.EurekaApplications]
2026-04-28T14:24:59.725+01:00 DEBUG 22216 --- [qualite-service] [beatExecutor-%d] o.s.web.client.RestTemplate              : HTTP PUT http://localhost:8761/eureka/apps/QUALITE-SERVICE/LANGIR:qualite-service:8092?status=UP&lastDirtyTimestamp=1777382639707
2026-04-28T14:24:59.726+01:00 DEBUG 22216 --- [qualite-service] [beatExecutor-%d] o.s.web.client.RestTemplate              : Accept=[application/json, application/*+json]
2026-04-28T14:24:59.733+01:00 DEBUG 22216 --- [qualite-service] [beatExecutor-%d] o.s.web.client.RestTemplate              : Response 200 OK
2026-04-28T14:25:29.708+01:00 DEBUG 22216 --- [qualite-service] [reshExecutor-%d] o.s.web.client.RestTemplate              : HTTP GET http://localhost:8761/eureka/apps/delta
2026-04-28T14:25:29.709+01:00 DEBUG 22216 --- [qualite-service] [reshExecutor-%d] o.s.web.client.RestTemplate              : Accept=[application/json, application/*+json]
2026-04-28T14:25:29.712+01:00 DEBUG 22216 --- [qualite-service] [reshExecutor-%d] o.s.web.client.RestTemplate              : Response 200 OK
2026-04-28T14:25:29.712+01:00 DEBUG 22216 --- [qualite-service] [reshExecutor-%d] o.s.web.client.RestTemplate              : Reading to [org.springframework.cloud.netflix.eureka.http.EurekaApplications]
2026-04-28T14:25:29.737+01:00 DEBUG 22216 --- [qualite-service] [beatExecutor-%d] o.s.web.client.RestTemplate              : HTTP PUT http://localhost:8761/eureka/apps/QUALITE-SERVICE/LANGIR:qualite-service:8092?status=UP&lastDirtyTimestamp=1777382639707
2026-04-28T14:25:29.738+01:00 DEBUG 22216 --- [qualite-service] [beatExecutor-%d] o.s.web.client.RestTemplate              : Accept=[application/json, application/*+json]
2026-04-28T14:25:29.742+01:00 DEBUG 22216 --- [qualite-service] [beatExecutor-%d] o.s.web.client.RestTemplate              : Response 200 OK
2026-04-28T14:25:59.714+01:00 DEBUG 22216 --- [qualite-service] [reshExecutor-%d] o.s.web.client.RestTemplate              : HTTP GET http://localhost:8761/eureka/apps/delta
2026-04-28T14:25:59.717+01:00 DEBUG 22216 --- [qualite-service] [reshExecutor-%d] o.s.web.client.RestTemplate              : Accept=[application/json, application/*+json]
2026-04-28T14:25:59.721+01:00 DEBUG 22216 --- [qualite-service] [reshExecutor-%d] o.s.web.client.RestTemplate              : Response 200 OK
2026-04-28T14:25:59.721+01:00 DEBUG 22216 --- [qualite-service] [reshExecutor-%d] o.s.web.client.RestTemplate              : Reading to [org.springframework.cloud.netflix.eureka.http.EurekaApplications]
2026-04-28T14:25:59.744+01:00 DEBUG 22216 --- [qualite-service] [beatExecutor-%d] o.s.web.client.RestTemplate              : HTTP PUT http://localhost:8761/eureka/apps/QUALITE-SERVICE/LANGIR:qualite-service:8092?status=UP&lastDirtyTimestamp=1777382639707
2026-04-28T14:25:59.744+01:00 DEBUG 22216 --- [qualite-service] [beatExecutor-%d] o.s.web.client.RestTemplate              : Accept=[application/json, application/*+json]
2026-04-28T14:25:59.749+01:00 DEBUG 22216 --- [qualite-service] [beatExecutor-%d] o.s.web.client.RestTemplate              : Response 200 OK
2026-04-28T14:26:29.723+01:00 DEBUG 22216 --- [qualite-service] [reshExecutor-%d] o.s.web.client.RestTemplate              : HTTP GET http://localhost:8761/eureka/apps/delta
2026-04-28T14:26:29.726+01:00 DEBUG 22216 --- [qualite-service] [reshExecutor-%d] o.s.web.client.RestTemplate              : Accept=[application/json, application/*+json]
2026-04-28T14:26:29.729+01:00 DEBUG 22216 --- [qualite-service] [reshExecutor-%d] o.s.web.client.RestTemplate              : Response 200 OK
2026-04-28T14:26:29.729+01:00 DEBUG 22216 --- [qualite-service] [reshExecutor-%d] o.s.web.client.RestTemplate              : Reading to [org.springframework.cloud.netflix.eureka.http.EurekaApplications]
2026-04-28T14:26:29.750+01:00 DEBUG 22216 --- [qualite-service] [beatExecutor-%d] o.s.web.client.RestTemplate              : HTTP PUT http://localhost:8761/eureka/apps/QUALITE-SERVICE/LANGIR:qualite-service:8092?status=UP&lastDirtyTimestamp=1777382639707
2026-04-28T14:26:29.750+01:00 DEBUG 22216 --- [qualite-service] [beatExecutor-%d] o.s.web.client.RestTemplate              : Accept=[application/json, application/*+json]
2026-04-28T14:26:29.753+01:00 DEBUG 22216 --- [qualite-service] [beatExecutor-%d] o.s.web.client.RestTemplate              : Response 200 OK
2026-04-28T14:26:59.733+01:00 DEBUG 22216 --- [qualite-service] [reshExecutor-%d] o.s.web.client.RestTemplate              : HTTP GET http://localhost:8761/eureka/apps/delta
2026-04-28T14:26:59.735+01:00 DEBUG 22216 --- [qualite-service] [reshExecutor-%d] o.s.web.client.RestTemplate              : Accept=[application/json, application/*+json]
2026-04-28T14:26:59.741+01:00 DEBUG 22216 --- [qualite-service] [reshExecutor-%d] o.s.web.client.RestTemplate              : Response 200 OK
2026-04-28T14:26:59.741+01:00 DEBUG 22216 --- [qualite-service] [reshExecutor-%d] o.s.web.client.RestTemplate              : Reading to [org.springframework.cloud.netflix.eureka.http.EurekaApplications]
2026-04-28T14:26:59.755+01:00 DEBUG 22216 --- [qualite-service] [beatExecutor-%d] o.s.web.client.RestTemplate              : HTTP PUT http://localhost:8761/eureka/apps/QUALITE-SERVICE/LANGIR:qualite-service:8092?status=UP&lastDirtyTimestamp=1777382639707
2026-04-28T14:26:59.755+01:00 DEBUG 22216 --- [qualite-service] [beatExecutor-%d] o.s.web.client.RestTemplate              : Accept=[application/json, application/*+json]
2026-04-28T14:26:59.758+01:00 DEBUG 22216 --- [qualite-service] [beatExecutor-%d] o.s.web.client.RestTemplate              : Response 200 OK
2026-04-28T14:27:29.743+01:00 DEBUG 22216 --- [qualite-service] [reshExecutor-%d] o.s.web.client.RestTemplate              : HTTP GET http://localhost:8761/eureka/apps/delta
2026-04-28T14:27:29.748+01:00 DEBUG 22216 --- [qualite-service] [reshExecutor-%d] o.s.web.client.RestTemplate              : Accept=[application/json, application/*+json]
2026-04-28T14:27:29.754+01:00 DEBUG 22216 --- [qualite-service] [reshExecutor-%d] o.s.web.client.RestTemplate              : Response 200 OK
2026-04-28T14:27:29.756+01:00 DEBUG 22216 --- [qualite-service] [reshExecutor-%d] o.s.web.client.RestTemplate              : Reading to [org.springframework.cloud.netflix.eureka.http.EurekaApplications]
2026-04-28T14:27:29.760+01:00 DEBUG 22216 --- [qualite-service] [beatExecutor-%d] o.s.web.client.RestTemplate              : HTTP PUT http://localhost:8761/eureka/apps/QUALITE-SERVICE/LANGIR:qualite-service:8092?status=UP&lastDirtyTimestamp=1777382639707
2026-04-28T14:27:29.761+01:00 DEBUG 22216 --- [qualite-service] [beatExecutor-%d] o.s.web.client.RestTemplate              : Accept=[application/json, application/*+json]
2026-04-28T14:27:29.767+01:00 DEBUG 22216 --- [qualite-service] [beatExecutor-%d] o.s.web.client.RestTemplate              : Response 200 OK
2026-04-28T14:27:59.763+01:00 DEBUG 22216 --- [qualite-service] [reshExecutor-%d] o.s.web.client.RestTemplate              : HTTP GET http://localhost:8761/eureka/apps/delta
2026-04-28T14:27:59.767+01:00 DEBUG 22216 --- [qualite-service] [reshExecutor-%d] o.s.web.client.RestTemplate              : Accept=[application/json, application/*+json]
2026-04-28T14:27:59.769+01:00 DEBUG 22216 --- [qualite-service] [beatExecutor-%d] o.s.web.client.RestTemplate              : HTTP PUT http://localhost:8761/eureka/apps/QUALITE-SERVICE/LANGIR:qualite-service:8092?status=UP&lastDirtyTimestamp=1777382639707
2026-04-28T14:27:59.770+01:00 DEBUG 22216 --- [qualite-service] [beatExecutor-%d] o.s.web.client.RestTemplate              : Accept=[application/json, application/*+json]
2026-04-28T14:27:59.771+01:00 DEBUG 22216 --- [qualite-service] [reshExecutor-%d] o.s.web.client.RestTemplate              : Response 200 OK
2026-04-28T14:27:59.771+01:00 DEBUG 22216 --- [qualite-service] [reshExecutor-%d] o.s.web.client.RestTemplate              : Reading to [org.springframework.cloud.netflix.eureka.http.EurekaApplications]
2026-04-28T14:27:59.774+01:00 DEBUG 22216 --- [qualite-service] [beatExecutor-%d] o.s.web.client.RestTemplate              : Response 200 OK
2026-04-28T14:28:29.530+01:00  INFO 22216 --- [qualite-service] [rap-executor-%d] c.n.d.s.r.aws.ConfigClusterResolver      : Resolving eureka endpoints via configuration
2026-04-28T14:28:29.772+01:00 DEBUG 22216 --- [qualite-service] [reshExecutor-%d] o.s.web.client.RestTemplate              : HTTP GET http://localhost:8761/eureka/apps/delta
2026-04-28T14:28:29.775+01:00 DEBUG 22216 --- [qualite-service] [beatExecutor-%d] o.s.web.client.RestTemplate              : HTTP PUT http://localhost:8761/eureka/apps/QUALITE-SERVICE/LANGIR:qualite-service:8092?status=UP&lastDirtyTimestamp=1777382639707
2026-04-28T14:28:29.776+01:00 DEBUG 22216 --- [qualite-service] [reshExecutor-%d] o.s.web.client.RestTemplate              : Accept=[application/json, application/*+json]
2026-04-28T14:28:29.777+01:00 DEBUG 22216 --- [qualite-service] [beatExecutor-%d] o.s.web.client.RestTemplate              : Accept=[application/json, application/*+json]
2026-04-28T14:28:29.783+01:00 DEBUG 22216 --- [qualite-service] [beatExecutor-%d] o.s.web.client.RestTemplate              : Response 200 OK
2026-04-28T14:28:29.784+01:00 DEBUG 22216 --- [qualite-service] [reshExecutor-%d] o.s.web.client.RestTemplate              : Response 200 OK
2026-04-28T14:28:29.786+01:00 DEBUG 22216 --- [qualite-service] [reshExecutor-%d] o.s.web.client.RestTemplate              : Reading to [org.springframework.cloud.netflix.eureka.http.EurekaApplications]
2026-04-28T14:28:59.788+01:00 DEBUG 22216 --- [qualite-service] [beatExecutor-%d] o.s.web.client.RestTemplate              : HTTP PUT http://localhost:8761/eureka/apps/QUALITE-SERVICE/LANGIR:qualite-service:8092?status=UP&lastDirtyTimestamp=1777382639707
2026-04-28T14:28:59.790+01:00 DEBUG 22216 --- [qualite-service] [beatExecutor-%d] o.s.web.client.RestTemplate              : Accept=[application/json, application/*+json]
2026-04-28T14:28:59.794+01:00 DEBUG 22216 --- [qualite-service] [reshExecutor-%d] o.s.web.client.RestTemplate              : HTTP GET http://localhost:8761/eureka/apps/delta
2026-04-28T14:28:59.794+01:00 DEBUG 22216 --- [qualite-service] [beatExecutor-%d] o.s.web.client.RestTemplate              : Response 200 OK
2026-04-28T14:28:59.795+01:00 DEBUG 22216 --- [qualite-service] [reshExecutor-%d] o.s.web.client.RestTemplate              : Accept=[application/json, application/*+json]
2026-04-28T14:28:59.798+01:00 DEBUG 22216 --- [qualite-service] [reshExecutor-%d] o.s.web.client.RestTemplate              : Response 200 OK
2026-04-28T14:28:59.798+01:00 DEBUG 22216 --- [qualite-service] [reshExecutor-%d] o.s.web.client.RestTemplate              : Reading to [org.springframework.cloud.netflix.eureka.http.EurekaApplications]
2026-04-28T14:29:29.797+01:00 DEBUG 22216 --- [qualite-service] [beatExecutor-%d] o.s.web.client.RestTemplate              : HTTP PUT http://localhost:8761/eureka/apps/QUALITE-SERVICE/LANGIR:qualite-service:8092?status=UP&lastDirtyTimestamp=1777382639707
2026-04-28T14:29:29.800+01:00 DEBUG 22216 --- [qualite-service] [reshExecutor-%d] o.s.web.client.RestTemplate              : HTTP GET http://localhost:8761/eureka/apps/delta
2026-04-28T14:29:29.801+01:00 DEBUG 22216 --- [qualite-service] [beatExecutor-%d] o.s.web.client.RestTemplate              : Accept=[application/json, application/*+json]
2026-04-28T14:29:29.801+01:00 DEBUG 22216 --- [qualite-service] [reshExecutor-%d] o.s.web.client.RestTemplate              : Accept=[application/json, application/*+json]
2026-04-28T14:29:29.805+01:00 DEBUG 22216 --- [qualite-service] [beatExecutor-%d] o.s.web.client.RestTemplate              : Response 200 OK
2026-04-28T14:29:29.805+01:00 DEBUG 22216 --- [qualite-service] [reshExecutor-%d] o.s.web.client.RestTemplate              : Response 200 OK
2026-04-28T14:29:29.807+01:00 DEBUG 22216 --- [qualite-service] [reshExecutor-%d] o.s.web.client.RestTemplate              : Reading to [org.springframework.cloud.netflix.eureka.http.EurekaApplications]
