[INFO] Scanning for projects...
[INFO] 
[INFO] ---------------------< org.example:ticket-service >---------------------
[INFO] Building ticket-service 0.0.1-SNAPSHOT
[INFO]   from pom.xml
[INFO] --------------------------------[ jar ]---------------------------------
[INFO] 
[INFO] >>> spring-boot:3.3.5:run (default-cli) > test-compile @ ticket-service >>>
[INFO] 
[INFO] --- resources:3.3.1:resources (default-resources) @ ticket-service ---
[INFO] Copying 1 resource from src\main\resources to target\classes
[INFO] Copying 0 resource from src\main\resources to target\classes
[INFO] 
[INFO] --- compiler:3.13.0:compile (default-compile) @ ticket-service ---
[INFO] Nothing to compile - all classes are up to date.
[INFO] 
[INFO] --- resources:3.3.1:testResources (default-testResources) @ ticket-service ---
[INFO] skip non existing resourceDirectory C:\Users\MSI\Downloads\integration\integration\backend\ticket-service\src\test\resources
[INFO] 
[INFO] --- compiler:3.13.0:testCompile (default-testCompile) @ ticket-service ---
[INFO] Nothing to compile - all classes are up to date.
[INFO] 
[INFO] <<< spring-boot:3.3.5:run (default-cli) < test-compile @ ticket-service <<<
[INFO] 
[INFO] 
[INFO] --- spring-boot:3.3.5:run (default-cli) @ ticket-service ---
[INFO] Attaching agents: []

  .   ____          _            __ _ _
 /\\ / ___'_ __ _ _(_)_ __  __ _ \ \ \ \
( ( )\___ | '_ | '_| | '_ \/ _` | \ \ \ \
 \\/  ___)| |_)| | | | | || (_| |  ) ) ) )
  '  |____| .__|_| |_|_| |_\__, | / / / /
 =========|_|==============|___/=/_/_/_/

 :: Spring Boot ::                (v3.3.5)

2026-04-28T13:20:23.903+01:00  INFO 17852 --- [ticket-service] [           main] o.example.plansync.PlanSyncApplication   : Starting PlanSyncApplication using Java 17.0.12 with PID 17852 (C:\Users\MSI\Downloads\integration\integration\backend\ticket-service\target\classes started by MSI in C:\Users\MSI\Downloads\integration\integration\backend\ticket-service)
2026-04-28T13:20:23.906+01:00  INFO 17852 --- [ticket-service] [           main] o.example.plansync.PlanSyncApplication   : No active profile set, falling back to 1 default profile: "default"
2026-04-28T13:20:23.906+01:00 DEBUG 17852 --- [ticket-service] [           main] o.s.boot.SpringApplication               : Loading source class org.example.plansync.PlanSyncApplication
2026-04-28T13:20:23.933+01:00 DEBUG 17852 --- [ticket-service] [           main] ConfigServletWebServerApplicationContext : Refreshing org.springframework.boot.web.servlet.context.AnnotationConfigServletWebServerApplicationContext@2e32ccc5
2026-04-28T13:20:24.374+01:00  INFO 17852 --- [ticket-service] [           main] .s.d.r.c.RepositoryConfigurationDelegate : Bootstrapping Spring Data JPA repositories in DEFAULT mode.
2026-04-28T13:20:24.387+01:00 DEBUG 17852 --- [ticket-service] [           main] o.s.b.a.AutoConfigurationPackages        : @EnableAutoConfiguration was declared on a class in the package 'org.example.plansync'. Automatic @Repository and @Entity scanning is enabled.
2026-04-28T13:20:24.477+01:00  INFO 17852 --- [ticket-service] [           main] .s.d.r.c.RepositoryConfigurationDelegate : Finished Spring Data repository scanning in 96 ms. Found 5 JPA repository interfaces.
2026-04-28T13:20:24.646+01:00  INFO 17852 --- [ticket-service] [           main] o.s.cloud.context.scope.GenericScope     : BeanFactory id=e9689bc5-5f3f-390a-9c6b-1f50c9dcb321
2026-04-28T13:20:24.870+01:00 DEBUG 17852 --- [ticket-service] [           main] .s.b.w.e.t.TomcatServletWebServerFactory : Code archive: C:\Users\MSI\.m2\repository\org\springframework\boot\spring-boot\3.3.5\spring-boot-3.3.5.jar
2026-04-28T13:20:24.874+01:00 DEBUG 17852 --- [ticket-service] [           main] .s.b.w.e.t.TomcatServletWebServerFactory : Code archive: C:\Users\MSI\.m2\repository\org\springframework\boot\spring-boot\3.3.5\spring-boot-3.3.5.jar
2026-04-28T13:20:24.874+01:00 DEBUG 17852 --- [ticket-service] [           main] .s.b.w.e.t.TomcatServletWebServerFactory : None of the document roots [src/main/webapp, public, static] point to a directory and will be ignored.
2026-04-28T13:20:24.887+01:00  INFO 17852 --- [ticket-service] [           main] o.s.b.w.embedded.tomcat.TomcatWebServer  : Tomcat initialized with port 8088 (http)
2026-04-28T13:20:24.895+01:00  INFO 17852 --- [ticket-service] [           main] o.apache.catalina.core.StandardService   : Starting service [Tomcat]
2026-04-28T13:20:24.896+01:00  INFO 17852 --- [ticket-service] [           main] o.apache.catalina.core.StandardEngine    : Starting Servlet engine: [Apache Tomcat/10.1.31]
2026-04-28T13:20:24.944+01:00  INFO 17852 --- [ticket-service] [           main] o.a.c.c.C.[Tomcat].[localhost].[/]       : Initializing Spring embedded WebApplicationContext
2026-04-28T13:20:24.945+01:00 DEBUG 17852 --- [ticket-service] [           main] w.s.c.ServletWebServerApplicationContext : Published root WebApplicationContext as ServletContext attribute with name [org.springframework.web.context.WebApplicationContext.ROOT]
2026-04-28T13:20:24.946+01:00  INFO 17852 --- [ticket-service] [           main] w.s.c.ServletWebServerApplicationContext : Root WebApplicationContext: initialization completed in 1012 ms
2026-04-28T13:20:24.955+01:00 DEBUG 17852 --- [ticket-service] [           main] o.s.b.w.s.ServletContextInitializerBeans : Mapping filters: characterEncodingFilter urls=[/*] order=-2147483648, formContentFilter urls=[/*] order=-9900, requestContextFilter urls=[/*] order=-105
2026-04-28T13:20:24.955+01:00 DEBUG 17852 --- [ticket-service] [           main] o.s.b.w.s.ServletContextInitializerBeans : Mapping servlets: dispatcherServlet urls=[/]
2026-04-28T13:20:24.970+01:00 DEBUG 17852 --- [ticket-service] [           main] o.s.b.w.s.f.OrderedRequestContextFilter  : Filter 'requestContextFilter' configured for use
2026-04-28T13:20:24.971+01:00 DEBUG 17852 --- [ticket-service] [           main] s.b.w.s.f.OrderedCharacterEncodingFilter : Filter 'characterEncodingFilter' configured for use
2026-04-28T13:20:24.972+01:00 DEBUG 17852 --- [ticket-service] [           main] o.s.b.w.s.f.OrderedFormContentFilter     : Filter 'formContentFilter' configured for use
2026-04-28T13:20:25.030+01:00  INFO 17852 --- [ticket-service] [           main] o.hibernate.jpa.internal.util.LogHelper  : HHH000204: Processing PersistenceUnitInfo [name: default]
2026-04-28T13:20:25.061+01:00  INFO 17852 --- [ticket-service] [           main] org.hibernate.Version                    : HHH000412: Hibernate ORM core version 6.5.3.Final
2026-04-28T13:20:25.079+01:00  INFO 17852 --- [ticket-service] [           main] o.h.c.internal.RegionFactoryInitiator    : HHH000026: Second-level cache disabled
2026-04-28T13:20:25.257+01:00  INFO 17852 --- [ticket-service] [           main] o.s.o.j.p.SpringPersistenceUnitInfo      : No LoadTimeWeaver setup: ignoring JPA class transformer
2026-04-28T13:20:25.277+01:00  INFO 17852 --- [ticket-service] [           main] com.zaxxer.hikari.HikariDataSource       : HikariPool-1 - Starting...
2026-04-28T13:20:29.519+01:00  INFO 17852 --- [ticket-service] [           main] com.zaxxer.hikari.pool.HikariPool        : HikariPool-1 - Added connection conn1: url=jdbc:h2:file:./data/ticket-service user=SA
2026-04-28T13:20:29.520+01:00  INFO 17852 --- [ticket-service] [           main] com.zaxxer.hikari.HikariDataSource       : HikariPool-1 - Start completed.
2026-04-28T13:20:29.537+01:00  WARN 17852 --- [ticket-service] [           main] org.hibernate.orm.deprecation            : HHH90000025: H2Dialect does not need to be specified explicitly using 'hibernate.dialect' (remove the property setting and it will be selected by default)
2026-04-28T13:20:30.155+01:00  INFO 17852 --- [ticket-service] [           main] o.h.e.t.j.p.i.JtaPlatformInitiator       : HHH000489: No JTA platform available (set 'hibernate.transaction.jta.platform' to enable JTA platform integration)
2026-04-28T13:20:30.186+01:00 DEBUG 17852 --- [ticket-service] [           main] org.hibernate.SQL                        : alter table if exists channel_message alter column content set data type TEXT
Hibernate: alter table if exists channel_message alter column content set data type TEXT
2026-04-28T13:20:30.188+01:00 DEBUG 17852 --- [ticket-service] [           main] org.hibernate.SQL                        : alter table if exists response alter column content set data type TEXT
Hibernate: alter table if exists response alter column content set data type TEXT
2026-04-28T13:20:30.188+01:00 DEBUG 17852 --- [ticket-service] [           main] org.hibernate.SQL                        : alter table if exists ticket alter column description set data type TEXT
Hibernate: alter table if exists ticket alter column description set data type TEXT
2026-04-28T13:20:30.189+01:00 DEBUG 17852 --- [ticket-service] [           main] org.hibernate.SQL                        : alter table if exists ticket_summary alter column final_solution set data type TEXT
Hibernate: alter table if exists ticket_summary alter column final_solution set data type TEXT
2026-04-28T13:20:30.189+01:00 DEBUG 17852 --- [ticket-service] [           main] org.hibernate.SQL                        : alter table if exists ticket_summary alter column problem_summary set data type TEXT
Hibernate: alter table if exists ticket_summary alter column problem_summary set data type TEXT
2026-04-28T13:20:30.190+01:00 DEBUG 17852 --- [ticket-service] [           main] org.hibernate.SQL                        : alter table if exists ticket_summary alter column resolution_steps set data type TEXT
Hibernate: alter table if exists ticket_summary alter column resolution_steps set data type TEXT
2026-04-28T13:20:30.195+01:00  INFO 17852 --- [ticket-service] [           main] j.LocalContainerEntityManagerFactoryBean : Initialized JPA EntityManagerFactory for persistence unit 'default'
2026-04-28T13:20:30.543+01:00  WARN 17852 --- [ticket-service] [           main] JpaBaseConfiguration$JpaWebConfiguration : spring.jpa.open-in-view is enabled by default. Therefore, database queries may be performed during view rendering. Explicitly configure spring.jpa.open-in-view to disable this warning
2026-04-28T13:20:30.743+01:00 DEBUG 17852 --- [ticket-service] [           main] o.s.w.s.s.s.WebSocketHandlerMapping      : Patterns [/ws/**] in 'stompWebSocketHandlerMapping'
2026-04-28T13:20:30.774+01:00 DEBUG 17852 --- [ticket-service] [           main] .WebSocketAnnotationMethodMessageHandler : 
	o.e.p.R.AiController:
	
2026-04-28T13:20:30.775+01:00 DEBUG 17852 --- [ticket-service] [           main] .WebSocketAnnotationMethodMessageHandler : 
	o.e.p.R.ChannelController:
	
2026-04-28T13:20:30.777+01:00 DEBUG 17852 --- [ticket-service] [           main] .WebSocketAnnotationMethodMessageHandler : 
	o.e.p.R.ChannelWebSocketController:
	{[MESSAGE],[/channels/{channelId}/send]}: handleMessage(Long,ChatMessageRequest)
2026-04-28T13:20:30.779+01:00 DEBUG 17852 --- [ticket-service] [           main] .WebSocketAnnotationMethodMessageHandler : 
	o.e.p.R.ResponseController:
	
2026-04-28T13:20:30.779+01:00 DEBUG 17852 --- [ticket-service] [           main] .WebSocketAnnotationMethodMessageHandler : 
	o.e.p.R.TicketController:
	
2026-04-28T13:20:30.779+01:00 DEBUG 17852 --- [ticket-service] [           main] .WebSocketAnnotationMethodMessageHandler : 
	o.e.p.R.TicketSummaryController:
	
2026-04-28T13:20:30.779+01:00 DEBUG 17852 --- [ticket-service] [           main] .WebSocketAnnotationMethodMessageHandler : 
	o.e.p.R.WebRtcSignalController:
	{[MESSAGE],[/channels/{channelId}/signal]}: relaySignal(Long,WebRtcSignalMessage)
2026-04-28T13:20:30.780+01:00 DEBUG 17852 --- [ticket-service] [           main] .WebSocketAnnotationMethodMessageHandler : 
	o.s.b.a.w.s.e.BasicErrorController:
	
2026-04-28T13:20:30.783+01:00 DEBUG 17852 --- [ticket-service] [           main] .WebSocketAnnotationMethodMessageHandler : 
	o.s.w.a.OpenApiWebMvcResource:
	
2026-04-28T13:20:30.784+01:00 DEBUG 17852 --- [ticket-service] [           main] .WebSocketAnnotationMethodMessageHandler : 
	o.s.w.u.SwaggerWelcomeWebMvc:
	
2026-04-28T13:20:30.784+01:00 DEBUG 17852 --- [ticket-service] [           main] .WebSocketAnnotationMethodMessageHandler : 
	o.s.w.u.SwaggerConfigResource:
	
2026-04-28T13:20:30.844+01:00 DEBUG 17852 --- [ticket-service] [           main] s.w.s.m.m.a.RequestMappingHandlerMapping : 32 mappings in 'requestMappingHandlerMapping'
2026-04-28T13:20:30.863+01:00 DEBUG 17852 --- [ticket-service] [           main] o.s.w.s.handler.SimpleUrlHandlerMapping  : Patterns [/webjars/**, /**, /uploads/**, /swagger-ui*/*swagger-initializer.js, /swagger-ui*/**] in 'resourceHandlerMapping'
2026-04-28T13:20:30.877+01:00 DEBUG 17852 --- [ticket-service] [           main] s.w.s.m.m.a.RequestMappingHandlerAdapter : ControllerAdvice beans: 0 @ModelAttribute, 0 @InitBinder, 1 RequestBodyAdvice, 1 ResponseBodyAdvice
2026-04-28T13:20:30.900+01:00 DEBUG 17852 --- [ticket-service] [           main] .m.m.a.ExceptionHandlerExceptionResolver : ControllerAdvice beans: 1 @ExceptionHandler, 1 ResponseBodyAdvice
2026-04-28T13:20:31.076+01:00  INFO 17852 --- [ticket-service] [           main] DiscoveryClientOptionalArgsConfiguration : Eureka HTTP Client uses RestTemplate.
2026-04-28T13:20:31.090+01:00  WARN 17852 --- [ticket-service] [           main] iguration$LoadBalancerCaffeineWarnLogger : Spring Cloud LoadBalancer is currently working with the default cache. While this cache implementation is useful for development and tests, it's recommended to use Caffeine cache in production.You can switch to using Caffeine cache, by adding it and org.springframework.cache.caffeine.CaffeineCacheManager to the classpath.
2026-04-28T13:20:31.107+01:00  INFO 17852 --- [ticket-service] [           main] o.s.c.n.eureka.InstanceInfoFactory       : Setting initial instance status as: STARTING
2026-04-28T13:20:31.122+01:00  INFO 17852 --- [ticket-service] [           main] com.netflix.discovery.DiscoveryClient    : Initializing Eureka in region us-east-1
2026-04-28T13:20:31.124+01:00  INFO 17852 --- [ticket-service] [           main] c.n.d.s.r.aws.ConfigClusterResolver      : Resolving eureka endpoints via configuration
2026-04-28T13:20:31.130+01:00  INFO 17852 --- [ticket-service] [           main] com.netflix.discovery.DiscoveryClient    : Disable delta property : false
2026-04-28T13:20:31.130+01:00  INFO 17852 --- [ticket-service] [           main] com.netflix.discovery.DiscoveryClient    : Single vip registry refresh property : null
2026-04-28T13:20:31.130+01:00  INFO 17852 --- [ticket-service] [           main] com.netflix.discovery.DiscoveryClient    : Force full registry fetch : false
2026-04-28T13:20:31.130+01:00  INFO 17852 --- [ticket-service] [           main] com.netflix.discovery.DiscoveryClient    : Application is null : false
2026-04-28T13:20:31.130+01:00  INFO 17852 --- [ticket-service] [           main] com.netflix.discovery.DiscoveryClient    : Registered Applications size is zero : true
2026-04-28T13:20:31.132+01:00  INFO 17852 --- [ticket-service] [           main] com.netflix.discovery.DiscoveryClient    : Application version is -1: true
2026-04-28T13:20:31.132+01:00  INFO 17852 --- [ticket-service] [           main] com.netflix.discovery.DiscoveryClient    : Getting all instance registry info from the eureka server
2026-04-28T13:20:31.238+01:00 DEBUG 17852 --- [ticket-service] [           main] o.s.web.client.RestTemplate              : HTTP GET http://localhost:8761/eureka/apps/
2026-04-28T13:20:31.305+01:00 DEBUG 17852 --- [ticket-service] [           main] o.s.web.client.RestTemplate              : Accept=[application/json, application/*+json]
2026-04-28T13:20:31.334+01:00 DEBUG 17852 --- [ticket-service] [           main] o.s.web.client.RestTemplate              : Response 200 OK
2026-04-28T13:20:31.336+01:00 DEBUG 17852 --- [ticket-service] [           main] o.s.web.client.RestTemplate              : Reading to [org.springframework.cloud.netflix.eureka.http.EurekaApplications]
2026-04-28T13:20:31.354+01:00  INFO 17852 --- [ticket-service] [           main] com.netflix.discovery.DiscoveryClient    : The response status is 200
2026-04-28T13:20:31.355+01:00  INFO 17852 --- [ticket-service] [           main] com.netflix.discovery.DiscoveryClient    : Starting heartbeat executor: renew interval is: 30
2026-04-28T13:20:31.357+01:00  INFO 17852 --- [ticket-service] [           main] c.n.discovery.InstanceInfoReplicator     : InstanceInfoReplicator onDemand update allowed rate per min is 4
2026-04-28T13:20:31.357+01:00  INFO 17852 --- [ticket-service] [           main] com.netflix.discovery.DiscoveryClient    : Discovery Client initialized at timestamp 1777378831357 with initial instances count: 5
2026-04-28T13:20:31.359+01:00  INFO 17852 --- [ticket-service] [           main] o.s.c.n.e.s.EurekaServiceRegistry        : Registering application TICKET-SERVICE with eureka with status UP
2026-04-28T13:20:31.360+01:00  INFO 17852 --- [ticket-service] [           main] com.netflix.discovery.DiscoveryClient    : Saw local status change event StatusChangeEvent [timestamp=1777378831360, current=UP, previous=STARTING]
2026-04-28T13:20:31.361+01:00  INFO 17852 --- [ticket-service] [foReplicator-%d] com.netflix.discovery.DiscoveryClient    : DiscoveryClient_TICKET-SERVICE/ticket-service:8739a602d7a8d6c702048d5214c4754a: registering service...
2026-04-28T13:20:31.364+01:00 DEBUG 17852 --- [ticket-service] [foReplicator-%d] o.s.web.client.RestTemplate              : HTTP POST http://localhost:8761/eureka/apps/TICKET-SERVICE
2026-04-28T13:20:31.365+01:00 DEBUG 17852 --- [ticket-service] [foReplicator-%d] o.s.web.client.RestTemplate              : Accept=[application/json, application/*+json]
2026-04-28T13:20:31.372+01:00  INFO 17852 --- [ticket-service] [           main] o.s.b.w.embedded.tomcat.TomcatWebServer  : Tomcat started on port 8088 (http) with context path '/'
2026-04-28T13:20:31.373+01:00  INFO 17852 --- [ticket-service] [           main] .s.c.n.e.s.EurekaAutoServiceRegistration : Updating port to 8088
2026-04-28T13:20:31.374+01:00 DEBUG 17852 --- [ticket-service] [foReplicator-%d] o.s.web.client.RestTemplate              : Writing [InstanceInfo [instanceId = ticket-service:8739a602d7a8d6c702048d5214c4754a, appName = TICKET-SERVICE, hostName = localhost, status = UP, ipAddr = 172.20.10.2, port = 8088, securePort = 443, dataCenterInfo = com.netflix.appinfo.MyDataCenterInfo@2afa1b1a] as "application/json"
2026-04-28T13:20:31.387+01:00 DEBUG 17852 --- [ticket-service] [foReplicator-%d] o.s.web.client.RestTemplate              : Response 204 NO_CONTENT
2026-04-28T13:20:31.387+01:00  INFO 17852 --- [ticket-service] [foReplicator-%d] com.netflix.discovery.DiscoveryClient    : DiscoveryClient_TICKET-SERVICE/ticket-service:8739a602d7a8d6c702048d5214c4754a - registration status: 204
2026-04-28T13:20:31.433+01:00 DEBUG 17852 --- [ticket-service] [           main] org.springframework.web.SimpLogging      : clientOutboundChannel added SubProtocolWebSocketHandler[StompSubProtocolHandler[v10.stomp, v11.stomp, v12.stomp]]
2026-04-28T13:20:31.434+01:00 DEBUG 17852 --- [ticket-service] [           main] org.springframework.web.SimpLogging      : clientInboundChannel added WebSocketAnnotationMethodMessageHandler[prefixes=[/app/]]
2026-04-28T13:20:31.434+01:00  INFO 17852 --- [ticket-service] [           main] o.s.m.s.b.SimpleBrokerMessageHandler     : Starting...
2026-04-28T13:20:31.434+01:00 DEBUG 17852 --- [ticket-service] [           main] org.springframework.web.SimpLogging      : clientInboundChannel added SimpleBrokerMessageHandler [org.springframework.messaging.simp.broker.DefaultSubscriptionRegistry@6f96d39f]
2026-04-28T13:20:31.434+01:00 DEBUG 17852 --- [ticket-service] [           main] org.springframework.web.SimpLogging      : brokerChannel added SimpleBrokerMessageHandler [org.springframework.messaging.simp.broker.DefaultSubscriptionRegistry@6f96d39f]
2026-04-28T13:20:31.434+01:00  INFO 17852 --- [ticket-service] [           main] o.s.m.s.b.SimpleBrokerMessageHandler     : BrokerAvailabilityEvent[available=true, SimpleBrokerMessageHandler [org.springframework.messaging.simp.broker.DefaultSubscriptionRegistry@6f96d39f]]
2026-04-28T13:20:31.434+01:00  INFO 17852 --- [ticket-service] [           main] o.s.m.s.b.SimpleBrokerMessageHandler     : Started.
2026-04-28T13:20:31.435+01:00 DEBUG 17852 --- [ticket-service] [           main] org.springframework.web.SimpLogging      : clientInboundChannel added UserDestinationMessageHandler[DefaultUserDestinationResolver[prefix=/user/]]
2026-04-28T13:20:31.435+01:00 DEBUG 17852 --- [ticket-service] [           main] org.springframework.web.SimpLogging      : brokerChannel added UserDestinationMessageHandler[DefaultUserDestinationResolver[prefix=/user/]]
2026-04-28T13:20:31.442+01:00 DEBUG 17852 --- [ticket-service] [           main] .s.b.a.l.ConditionEvaluationReportLogger : 


============================
CONDITIONS EVALUATION REPORT
============================


Positive matches:
-----------------

   AopAutoConfiguration matched:
      - @ConditionalOnProperty (spring.aop.auto=true) matched (OnPropertyCondition)

   AopAutoConfiguration.AspectJAutoProxyingConfiguration matched:
      - @ConditionalOnClass found required class 'org.aspectj.weaver.Advice' (OnClassCondition)

   AopAutoConfiguration.AspectJAutoProxyingConfiguration.CglibAutoProxyConfiguration matched:
      - @ConditionalOnProperty (spring.aop.proxy-target-class=true) matched (OnPropertyCondition)

   ApplicationAvailabilityAutoConfiguration#applicationAvailability matched:
      - @ConditionalOnMissingBean (types: org.springframework.boot.availability.ApplicationAvailability; SearchStrategy: all) did not find any beans (OnBeanCondition)

   AutoServiceRegistrationAutoConfiguration matched:
      - @ConditionalOnProperty (spring.cloud.service-registry.auto-registration.enabled) matched (OnPropertyCondition)

   AutoServiceRegistrationConfiguration matched:
      - @ConditionalOnProperty (spring.cloud.service-registry.auto-registration.enabled) matched (OnPropertyCondition)

   BlockingLoadBalancerClientAutoConfiguration matched:
      - @ConditionalOnProperty (spring.cloud.loadbalancer.enabled=true) matched (OnPropertyCondition)
      - AnyNestedCondition 2 matched 0 did not; NestedCondition on BlockingRestClassesPresentCondition.RestClientPresent @ConditionalOnClass found required class 'org.springframework.web.client.RestClient'; NestedCondition on BlockingRestClassesPresentCondition.RestTemplatePresent @ConditionalOnClass found required class 'org.springframework.web.client.RestTemplate' (BlockingRestClassesPresentCondition)

   BlockingLoadBalancerClientAutoConfiguration#blockingLoadBalancerClient matched:
      - @ConditionalOnBean (types: org.springframework.cloud.loadbalancer.support.LoadBalancerClientFactory; SearchStrategy: all) found bean 'loadBalancerClientFactory'; @ConditionalOnMissingBean (types: org.springframework.cloud.client.loadbalancer.LoadBalancerClient; SearchStrategy: all) did not find any beans (OnBeanCondition)

   BlockingLoadBalancerClientAutoConfiguration#loadBalancerServiceInstanceCookieTransformer matched:
      - @ConditionalOnBean (types: org.springframework.cloud.loadbalancer.support.LoadBalancerClientFactory; SearchStrategy: all) found bean 'loadBalancerClientFactory'; @ConditionalOnMissingBean (types: org.springframework.cloud.loadbalancer.core.LoadBalancerServiceInstanceCookieTransformer; SearchStrategy: all) did not find any beans (OnBeanCondition)

   BlockingLoadBalancerClientAutoConfiguration#xForwarderHeadersTransformer matched:
      - @ConditionalOnBean (types: org.springframework.cloud.loadbalancer.support.LoadBalancerClientFactory; SearchStrategy: all) found bean 'loadBalancerClientFactory'; @ConditionalOnMissingBean (types: org.springframework.cloud.loadbalancer.blocking.XForwardedHeadersTransformer; SearchStrategy: all) did not find any beans (OnBeanCondition)

   CompatibilityVerifierAutoConfiguration matched:
      - @ConditionalOnProperty (spring.cloud.compatibility-verifier.enabled) matched (OnPropertyCondition)

   ConfigurationPropertiesRebinderAutoConfiguration matched:
      - @ConditionalOnBean (types: org.springframework.boot.context.properties.ConfigurationPropertiesBindingPostProcessor; SearchStrategy: all) found bean 'org.springframework.boot.context.properties.ConfigurationPropertiesBindingPostProcessor' (OnBeanCondition)

   ConfigurationPropertiesRebinderAutoConfiguration#configurationPropertiesBeans matched:
      - @ConditionalOnMissingBean (types: org.springframework.cloud.context.properties.ConfigurationPropertiesBeans; SearchStrategy: current) did not find any beans (OnBeanCondition)

   ConfigurationPropertiesRebinderAutoConfiguration#configurationPropertiesRebinder matched:
      - @ConditionalOnMissingBean (types: org.springframework.cloud.context.properties.ConfigurationPropertiesRebinder; SearchStrategy: current) did not find any beans (OnBeanCondition)

   DataSourceAutoConfiguration matched:
      - @ConditionalOnClass found required classes 'javax.sql.DataSource', 'org.springframework.jdbc.datasource.embedded.EmbeddedDatabaseType' (OnClassCondition)
      - @ConditionalOnMissingBean (types: io.r2dbc.spi.ConnectionFactory; SearchStrategy: all) did not find any beans (OnBeanCondition)

   DataSourceAutoConfiguration.PooledDataSourceConfiguration matched:
      - AnyNestedCondition 1 matched 1 did not; NestedCondition on DataSourceAutoConfiguration.PooledDataSourceCondition.PooledDataSourceAvailable PooledDataSource found supported DataSource; NestedCondition on DataSourceAutoConfiguration.PooledDataSourceCondition.ExplicitType @ConditionalOnProperty (spring.datasource.type) did not find property 'type' (DataSourceAutoConfiguration.PooledDataSourceCondition)
      - @ConditionalOnMissingBean (types: javax.sql.DataSource,javax.sql.XADataSource; SearchStrategy: all) did not find any beans (OnBeanCondition)

   DataSourceAutoConfiguration.PooledDataSourceConfiguration#jdbcConnectionDetails matched:
      - @ConditionalOnMissingBean (types: org.springframework.boot.autoconfigure.jdbc.JdbcConnectionDetails; SearchStrategy: all) did not find any beans (OnBeanCondition)

   DataSourceConfiguration.Hikari matched:
      - @ConditionalOnClass found required class 'com.zaxxer.hikari.HikariDataSource' (OnClassCondition)
      - @ConditionalOnProperty (spring.datasource.type=com.zaxxer.hikari.HikariDataSource) matched (OnPropertyCondition)
      - @ConditionalOnMissingBean (types: javax.sql.DataSource; SearchStrategy: all) did not find any beans (OnBeanCondition)

   DataSourceInitializationConfiguration matched:
      - @ConditionalOnClass found required class 'org.springframework.jdbc.datasource.init.DatabasePopulator' (OnClassCondition)
      - @ConditionalOnSingleCandidate (types: javax.sql.DataSource; SearchStrategy: all) found a single bean 'dataSource'; @ConditionalOnMissingBean (types: org.springframework.boot.autoconfigure.sql.init.SqlDataSourceScriptDatabaseInitializer,org.springframework.boot.autoconfigure.sql.init.SqlR2dbcScriptDatabaseInitializer; SearchStrategy: all) did not find any beans (OnBeanCondition)

   DataSourceJmxConfiguration matched:
      - @ConditionalOnProperty (spring.jmx.enabled=true) matched (OnPropertyCondition)

   DataSourceJmxConfiguration.Hikari matched:
      - @ConditionalOnClass found required class 'com.zaxxer.hikari.HikariDataSource' (OnClassCondition)
      - @ConditionalOnSingleCandidate (types: javax.sql.DataSource; SearchStrategy: all) found a single bean 'dataSource' (OnBeanCondition)

   DataSourcePoolMetadataProvidersConfiguration.HikariPoolDataSourceMetadataProviderConfiguration matched:
      - @ConditionalOnClass found required class 'com.zaxxer.hikari.HikariDataSource' (OnClassCondition)

   DataSourceTransactionManagerAutoConfiguration matched:
      - @ConditionalOnClass found required classes 'javax.sql.DataSource', 'org.springframework.jdbc.core.JdbcTemplate', 'org.springframework.transaction.TransactionManager' (OnClassCondition)

   DataSourceTransactionManagerAutoConfiguration.JdbcTransactionManagerConfiguration matched:
      - @ConditionalOnSingleCandidate (types: javax.sql.DataSource; SearchStrategy: all) found a single bean 'dataSource' (OnBeanCondition)

   DefaultFeignLoadBalancerConfiguration#feignClient matched:
      - AnyNestedCondition 2 matched 1 did not; NestedCondition on OnRetryNotEnabledCondition.OnLoadBalancerRetryEnabledCondition @ConditionalOnProperty (spring.cloud.loadbalancer.retry.enabled=false) did not find property 'spring.cloud.loadbalancer.retry.enabled'; NestedCondition on OnRetryNotEnabledCondition.OnRetryFactoryCondition @ConditionalOnMissingBean (types: org.springframework.cloud.client.loadbalancer.LoadBalancedRetryFactory; SearchStrategy: all) did not find any beans; NestedCondition on OnRetryNotEnabledCondition.OnNoRetryTemplateCondition @ConditionalOnMissingClass did not find unwanted class 'org.springframework.retry.support.RetryTemplate' (OnRetryNotEnabledCondition)
      - @ConditionalOnMissingBean (types: feign.Client; SearchStrategy: all) did not find any beans (OnBeanCondition)

   DiscoveryClientOptionalArgsConfiguration#defaultEurekaClientHttpRequestFactorySupplier matched:
      - @ConditionalOnClass found required class 'org.springframework.web.client.RestTemplate' (OnClassCondition)
      - @ConditionalOnMissingBean (types: org.springframework.cloud.netflix.eureka.http.EurekaClientHttpRequestFactorySupplier; SearchStrategy: all) did not find any beans (OnBeanCondition)

   DiscoveryClientOptionalArgsConfiguration#restTemplateDiscoveryClientOptionalArgs matched:
      - @ConditionalOnClass found required class 'org.springframework.web.client.RestTemplate' (OnClassCondition)
      - @ConditionalOnProperty (eureka.client.webclient.enabled=false) matched (OnPropertyCondition)
      - AnyNestedCondition 1 matched 1 did not; NestedCondition on DiscoveryClientOptionalArgsConfiguration.JerseyClientNotPresentOrNotEnabledCondition.OnJerseyClientDisabled @ConditionalOnProperty (eureka.client.jersey.enabled=false) did not find property 'eureka.client.jersey.enabled'; NestedCondition on DiscoveryClientOptionalArgsConfiguration.JerseyClientNotPresentOrNotEnabledCondition.OnJerseyClientMissing @ConditionalOnMissingClass did not find unwanted class 'org.glassfish.jersey.client.JerseyClient' (DiscoveryClientOptionalArgsConfiguration.JerseyClientNotPresentOrNotEnabledCondition)
      - @ConditionalOnMissingBean (types: com.netflix.discovery.AbstractDiscoveryClientOptionalArgs; SearchStrategy: current) did not find any beans (OnBeanCondition)

   DiscoveryClientOptionalArgsConfiguration#restTemplateTransportClientFactories matched:
      - @ConditionalOnClass found required class 'org.springframework.web.client.RestTemplate' (OnClassCondition)
      - @ConditionalOnProperty (eureka.client.webclient.enabled=false) matched (OnPropertyCondition)
      - AnyNestedCondition 1 matched 1 did not; NestedCondition on DiscoveryClientOptionalArgsConfiguration.JerseyClientNotPresentOrNotEnabledCondition.OnJerseyClientDisabled @ConditionalOnProperty (eureka.client.jersey.enabled=false) did not find property 'eureka.client.jersey.enabled'; NestedCondition on DiscoveryClientOptionalArgsConfiguration.JerseyClientNotPresentOrNotEnabledCondition.OnJerseyClientMissing @ConditionalOnMissingClass did not find unwanted class 'org.glassfish.jersey.client.JerseyClient' (DiscoveryClientOptionalArgsConfiguration.JerseyClientNotPresentOrNotEnabledCondition)
      - @ConditionalOnMissingBean (types: com.netflix.discovery.shared.transport.jersey.TransportClientFactories; SearchStrategy: current) did not find any beans (OnBeanCondition)

   DispatcherServletAutoConfiguration matched:
      - @ConditionalOnClass found required class 'org.springframework.web.servlet.DispatcherServlet' (OnClassCondition)
      - found 'session' scope (OnWebApplicationCondition)

   DispatcherServletAutoConfiguration.DispatcherServletConfiguration matched:
      - @ConditionalOnClass found required class 'jakarta.servlet.ServletRegistration' (OnClassCondition)
      - Default DispatcherServlet did not find dispatcher servlet beans (DispatcherServletAutoConfiguration.DefaultDispatcherServletCondition)

   DispatcherServletAutoConfiguration.DispatcherServletRegistrationConfiguration matched:
      - @ConditionalOnClass found required class 'jakarta.servlet.ServletRegistration' (OnClassCondition)
      - DispatcherServlet Registration did not find servlet registration bean (DispatcherServletAutoConfiguration.DispatcherServletRegistrationCondition)

   DispatcherServletAutoConfiguration.DispatcherServletRegistrationConfiguration#dispatcherServletRegistration matched:
      - @ConditionalOnBean (names: dispatcherServlet types: org.springframework.web.servlet.DispatcherServlet; SearchStrategy: all) found bean 'dispatcherServlet' (OnBeanCondition)

   EmbeddedWebServerFactoryCustomizerAutoConfiguration matched:
      - @ConditionalOnWebApplication (required) found 'session' scope (OnWebApplicationCondition)
      - @ConditionalOnWarDeployment the application is not deployed as a WAR file. (OnWarDeploymentCondition)

   EmbeddedWebServerFactoryCustomizerAutoConfiguration.TomcatWebServerFactoryCustomizerConfiguration matched:
      - @ConditionalOnClass found required classes 'org.apache.catalina.startup.Tomcat', 'org.apache.coyote.UpgradeProtocol' (OnClassCondition)

   ErrorMvcAutoConfiguration matched:
      - @ConditionalOnClass found required classes 'jakarta.servlet.Servlet', 'org.springframework.web.servlet.DispatcherServlet' (OnClassCondition)
      - found 'session' scope (OnWebApplicationCondition)

   ErrorMvcAutoConfiguration#basicErrorController matched:
      - @ConditionalOnMissingBean (types: org.springframework.boot.web.servlet.error.ErrorController; SearchStrategy: current) did not find any beans (OnBeanCondition)

   ErrorMvcAutoConfiguration#errorAttributes matched:
      - @ConditionalOnMissingBean (types: org.springframework.boot.web.servlet.error.ErrorAttributes; SearchStrategy: current) did not find any beans (OnBeanCondition)

   ErrorMvcAutoConfiguration.DefaultErrorViewResolverConfiguration#conventionErrorViewResolver matched:
      - @ConditionalOnBean (types: org.springframework.web.servlet.DispatcherServlet; SearchStrategy: all) found bean 'dispatcherServlet'; @ConditionalOnMissingBean (types: org.springframework.boot.autoconfigure.web.servlet.error.ErrorViewResolver; SearchStrategy: all) did not find any beans (OnBeanCondition)

   ErrorMvcAutoConfiguration.WhitelabelErrorViewConfiguration matched:
      - @ConditionalOnProperty (server.error.whitelabel.enabled) matched (OnPropertyCondition)
      - ErrorTemplate Missing did not find error template view (ErrorMvcAutoConfiguration.ErrorTemplateMissingCondition)

   ErrorMvcAutoConfiguration.WhitelabelErrorViewConfiguration#beanNameViewResolver matched:
      - @ConditionalOnMissingBean (types: org.springframework.web.servlet.view.BeanNameViewResolver; SearchStrategy: all) did not find any beans (OnBeanCondition)

   ErrorMvcAutoConfiguration.WhitelabelErrorViewConfiguration#defaultErrorView matched:
      - @ConditionalOnMissingBean (names: error; SearchStrategy: all) did not find any beans (OnBeanCondition)

   EurekaClientAutoConfiguration matched:
      - @ConditionalOnClass found required class 'com.netflix.discovery.EurekaClientConfig' (OnClassCondition)
      - @ConditionalOnProperty (eureka.client.enabled) matched; @ConditionalOnProperty (spring.cloud.discovery.enabled) matched (OnPropertyCondition)

   EurekaClientAutoConfiguration#eurekaAutoServiceRegistration matched:
      - @ConditionalOnProperty (spring.cloud.service-registry.auto-registration.enabled) matched (OnPropertyCondition)
      - @ConditionalOnBean (types: org.springframework.cloud.client.serviceregistry.AutoServiceRegistrationProperties; SearchStrategy: all) found bean 'spring.cloud.service-registry.auto-registration-org.springframework.cloud.client.serviceregistry.AutoServiceRegistrationProperties' (OnBeanCondition)

   EurekaClientAutoConfiguration#eurekaClientConfigBean matched:
      - @ConditionalOnMissingBean (types: com.netflix.discovery.EurekaClientConfig; SearchStrategy: current) did not find any beans (OnBeanCondition)

   EurekaClientAutoConfiguration#eurekaInstanceConfigBean matched:
      - @ConditionalOnMissingBean (types: com.netflix.appinfo.EurekaInstanceConfig; SearchStrategy: current) did not find any beans (OnBeanCondition)

   EurekaClientAutoConfiguration#serviceManagementMetadataProvider matched:
      - @ConditionalOnMissingBean (types: org.springframework.cloud.netflix.eureka.metadata.ManagementMetadataProvider; SearchStrategy: all) did not find any beans (OnBeanCondition)

   EurekaClientAutoConfiguration.RefreshableEurekaClientConfiguration matched:
      - @ConditionalOnClass found required class 'org.springframework.cloud.context.scope.refresh.RefreshScope' (OnClassCondition)
      - @ConditionalOnProperty (eureka.client.refresh.enable=true) matched (OnPropertyCondition)
      - @ConditionalOnBean (types: org.springframework.cloud.autoconfigure.RefreshAutoConfiguration; SearchStrategy: all) found bean 'org.springframework.cloud.autoconfigure.RefreshAutoConfiguration' (OnBeanCondition)

   EurekaClientAutoConfiguration.RefreshableEurekaClientConfiguration#eurekaApplicationInfoManager matched:
      - @ConditionalOnMissingBean (types: com.netflix.appinfo.ApplicationInfoManager; SearchStrategy: current) did not find any beans (OnBeanCondition)

   EurekaClientAutoConfiguration.RefreshableEurekaClientConfiguration#eurekaClient matched:
      - @ConditionalOnMissingBean (types: com.netflix.discovery.EurekaClient; SearchStrategy: current) did not find any beans (OnBeanCondition)

   EurekaClientAutoConfiguration.RefreshableEurekaClientConfiguration#eurekaRegistration matched:
      - @ConditionalOnProperty (spring.cloud.service-registry.auto-registration.enabled) matched (OnPropertyCondition)
      - @ConditionalOnBean (types: org.springframework.cloud.client.serviceregistry.AutoServiceRegistrationProperties; SearchStrategy: all) found bean 'spring.cloud.service-registry.auto-registration-org.springframework.cloud.client.serviceregistry.AutoServiceRegistrationProperties' (OnBeanCondition)

   EurekaDiscoveryClientConfiguration matched:
      - @ConditionalOnClass found required class 'com.netflix.discovery.EurekaClientConfig' (OnClassCondition)
      - @ConditionalOnProperty (eureka.client.enabled) matched; @ConditionalOnProperty (spring.cloud.discovery.enabled) matched; @ConditionalOnProperty (spring.cloud.discovery.blocking.enabled) matched (OnPropertyCondition)

   EurekaDiscoveryClientConfiguration#discoveryClient matched:
      - @ConditionalOnMissingBean (types: org.springframework.cloud.netflix.eureka.EurekaDiscoveryClient; SearchStrategy: all) did not find any beans (OnBeanCondition)

   EurekaDiscoveryClientConfiguration.EurekaClientConfigurationRefresher matched:
      - @ConditionalOnClass found required class 'org.springframework.cloud.context.scope.refresh.RefreshScopeRefreshedEvent' (OnClassCondition)

   FeignAutoConfiguration matched:
      - @ConditionalOnClass found required class 'feign.Feign' (OnClassCondition)

   FeignAutoConfiguration.DefaultFeignTargeterConfiguration matched:
      - AnyNestedCondition 1 matched 1 did not; NestedCondition on FeignCircuitBreakerDisabledConditions.CircuitBreakerDisabled @ConditionalOnProperty (spring.cloud.openfeign.circuitbreaker.enabled=false) matched; NestedCondition on FeignCircuitBreakerDisabledConditions.CircuitBreakerClassMissing @ConditionalOnMissingClass found unwanted class 'org.springframework.cloud.client.circuitbreaker.CircuitBreaker' (FeignCircuitBreakerDisabledConditions)

   FeignAutoConfiguration.DefaultFeignTargeterConfiguration#feignTargeter matched:
      - @ConditionalOnMissingBean (types: org.springframework.cloud.openfeign.Targeter; SearchStrategy: all) did not find any beans (OnBeanCondition)

   FeignAutoConfiguration.FeignJacksonConfiguration matched:
      - @ConditionalOnClass found required classes 'com.fasterxml.jackson.databind.Module', 'org.springframework.data.domain.Page', 'org.springframework.data.domain.Sort' (OnClassCondition)
      - @ConditionalOnProperty (spring.cloud.openfeign.autoconfiguration.jackson.enabled=true) matched (OnPropertyCondition)

   FeignAutoConfiguration.FeignJacksonConfiguration#pageJacksonModule matched:
      - @ConditionalOnMissingBean (types: org.springframework.cloud.openfeign.support.PageJacksonModule; SearchStrategy: all) did not find any beans (OnBeanCondition)

   FeignAutoConfiguration.FeignJacksonConfiguration#sortModule matched:
      - @ConditionalOnMissingBean (types: org.springframework.cloud.openfeign.support.SortJacksonModule; SearchStrategy: all) did not find any beans (OnBeanCondition)

   FeignLoadBalancerAutoConfiguration matched:
      - @ConditionalOnClass found required class 'feign.Feign' (OnClassCondition)
      - @ConditionalOnBean (types: org.springframework.cloud.client.loadbalancer.LoadBalancerClient,org.springframework.cloud.loadbalancer.support.LoadBalancerClientFactory; SearchStrategy: all) found beans 'blockingLoadBalancerClient', 'loadBalancerClientFactory' (OnBeanCondition)

   FeignLoadBalancerAutoConfiguration#xForwarderHeadersFeignTransformer matched:
      - @ConditionalOnBean (types: org.springframework.cloud.loadbalancer.support.LoadBalancerClientFactory; SearchStrategy: all) found bean 'loadBalancerClientFactory'; @ConditionalOnMissingBean (types: org.springframework.cloud.openfeign.loadbalancer.XForwardedHeadersTransformer; SearchStrategy: all) did not find any beans (OnBeanCondition)

   GenericCacheConfiguration matched:
      - Cache org.springframework.boot.autoconfigure.cache.GenericCacheConfiguration automatic cache type (CacheCondition)

   GsonAutoConfiguration matched:
      - @ConditionalOnClass found required class 'com.google.gson.Gson' (OnClassCondition)

   GsonAutoConfiguration#gson matched:
      - @ConditionalOnMissingBean (types: com.google.gson.Gson; SearchStrategy: all) did not find any beans (OnBeanCondition)

   GsonAutoConfiguration#gsonBuilder matched:
      - @ConditionalOnMissingBean (types: com.google.gson.GsonBuilder; SearchStrategy: all) did not find any beans (OnBeanCondition)

   GsonHttpMessageConvertersConfiguration matched:
      - @ConditionalOnClass found required class 'com.google.gson.Gson' (OnClassCondition)

   HibernateJpaAutoConfiguration matched:
      - @ConditionalOnClass found required classes 'org.springframework.orm.jpa.LocalContainerEntityManagerFactoryBean', 'jakarta.persistence.EntityManager', 'org.hibernate.engine.spi.SessionImplementor' (OnClassCondition)

   HibernateJpaConfiguration matched:
      - @ConditionalOnSingleCandidate (types: javax.sql.DataSource; SearchStrategy: all) found a single bean 'dataSource' (OnBeanCondition)

   HttpEncodingAutoConfiguration matched:
      - @ConditionalOnClass found required class 'org.springframework.web.filter.CharacterEncodingFilter' (OnClassCondition)
      - found 'session' scope (OnWebApplicationCondition)
      - @ConditionalOnProperty (server.servlet.encoding.enabled) matched (OnPropertyCondition)

   HttpEncodingAutoConfiguration#characterEncodingFilter matched:
      - @ConditionalOnMissingBean (types: org.springframework.web.filter.CharacterEncodingFilter; SearchStrategy: all) did not find any beans (OnBeanCondition)

   HttpMessageConvertersAutoConfiguration matched:
      - @ConditionalOnClass found required class 'org.springframework.http.converter.HttpMessageConverter' (OnClassCondition)
      - NoneNestedConditions 0 matched 1 did not; NestedCondition on HttpMessageConvertersAutoConfiguration.NotReactiveWebApplicationCondition.ReactiveWebApplication did not find reactive web application classes (HttpMessageConvertersAutoConfiguration.NotReactiveWebApplicationCondition)

   HttpMessageConvertersAutoConfiguration#messageConverters matched:
      - @ConditionalOnMissingBean (types: org.springframework.boot.autoconfigure.http.HttpMessageConverters; SearchStrategy: all) did not find any beans (OnBeanCondition)

   HttpMessageConvertersAutoConfiguration.StringHttpMessageConverterConfiguration matched:
      - @ConditionalOnClass found required class 'org.springframework.http.converter.StringHttpMessageConverter' (OnClassCondition)

   HttpMessageConvertersAutoConfiguration.StringHttpMessageConverterConfiguration#stringHttpMessageConverter matched:
      - @ConditionalOnMissingBean (types: org.springframework.http.converter.StringHttpMessageConverter; SearchStrategy: all) did not find any beans (OnBeanCondition)

   JacksonAutoConfiguration matched:
      - @ConditionalOnClass found required class 'com.fasterxml.jackson.databind.ObjectMapper' (OnClassCondition)

   JacksonAutoConfiguration.Jackson2ObjectMapperBuilderCustomizerConfiguration matched:
      - @ConditionalOnClass found required class 'org.springframework.http.converter.json.Jackson2ObjectMapperBuilder' (OnClassCondition)

   JacksonAutoConfiguration.JacksonObjectMapperBuilderConfiguration matched:
      - @ConditionalOnClass found required class 'org.springframework.http.converter.json.Jackson2ObjectMapperBuilder' (OnClassCondition)

   JacksonAutoConfiguration.JacksonObjectMapperBuilderConfiguration#jacksonObjectMapperBuilder matched:
      - @ConditionalOnMissingBean (types: org.springframework.http.converter.json.Jackson2ObjectMapperBuilder; SearchStrategy: all) did not find any beans (OnBeanCondition)

   JacksonAutoConfiguration.JacksonObjectMapperConfiguration matched:
      - @ConditionalOnClass found required class 'org.springframework.http.converter.json.Jackson2ObjectMapperBuilder' (OnClassCondition)

   JacksonAutoConfiguration.JacksonObjectMapperConfiguration#jacksonObjectMapper matched:
      - @ConditionalOnMissingBean (types: com.fasterxml.jackson.databind.ObjectMapper; SearchStrategy: all) did not find any beans (OnBeanCondition)

   JacksonAutoConfiguration.ParameterNamesModuleConfiguration matched:
      - @ConditionalOnClass found required class 'com.fasterxml.jackson.module.paramnames.ParameterNamesModule' (OnClassCondition)

   JacksonAutoConfiguration.ParameterNamesModuleConfiguration#parameterNamesModule matched:
      - @ConditionalOnMissingBean (types: com.fasterxml.jackson.module.paramnames.ParameterNamesModule; SearchStrategy: all) did not find any beans (OnBeanCondition)

   JacksonHttpMessageConvertersConfiguration.MappingJackson2HttpMessageConverterConfiguration matched:
      - @ConditionalOnClass found required class 'com.fasterxml.jackson.databind.ObjectMapper' (OnClassCondition)
      - @ConditionalOnProperty (spring.mvc.converters.preferred-json-mapper=jackson) matched (OnPropertyCondition)
      - @ConditionalOnBean (types: com.fasterxml.jackson.databind.ObjectMapper; SearchStrategy: all) found bean 'jacksonObjectMapper' (OnBeanCondition)

   JacksonHttpMessageConvertersConfiguration.MappingJackson2HttpMessageConverterConfiguration#mappingJackson2HttpMessageConverter matched:
      - @ConditionalOnMissingBean (types: org.springframework.http.converter.json.MappingJackson2HttpMessageConverter ignored: org.springframework.hateoas.server.mvc.TypeConstrainedMappingJackson2HttpMessageConverter,org.springframework.data.rest.webmvc.alps.AlpsJsonHttpMessageConverter; SearchStrategy: all) did not find any beans (OnBeanCondition)

   JdbcClientAutoConfiguration matched:
      - @ConditionalOnSingleCandidate (types: org.springframework.jdbc.core.namedparam.NamedParameterJdbcTemplate; SearchStrategy: all) found a single bean 'namedParameterJdbcTemplate'; @ConditionalOnMissingBean (types: org.springframework.jdbc.core.simple.JdbcClient; SearchStrategy: all) did not find any beans (OnBeanCondition)

   JdbcTemplateAutoConfiguration matched:
      - @ConditionalOnClass found required classes 'javax.sql.DataSource', 'org.springframework.jdbc.core.JdbcTemplate' (OnClassCondition)
      - @ConditionalOnSingleCandidate (types: javax.sql.DataSource; SearchStrategy: all) found a single bean 'dataSource' (OnBeanCondition)

   JdbcTemplateConfiguration matched:
      - @ConditionalOnMissingBean (types: org.springframework.jdbc.core.JdbcOperations; SearchStrategy: all) did not find any beans (OnBeanCondition)

   JpaBaseConfiguration#entityManagerFactory matched:
      - @ConditionalOnMissingBean (types: org.springframework.orm.jpa.LocalContainerEntityManagerFactoryBean,jakarta.persistence.EntityManagerFactory; SearchStrategy: all) did not find any beans (OnBeanCondition)

   JpaBaseConfiguration#entityManagerFactoryBuilder matched:
      - @ConditionalOnMissingBean (types: org.springframework.boot.orm.jpa.EntityManagerFactoryBuilder; SearchStrategy: all) did not find any beans (OnBeanCondition)

   JpaBaseConfiguration#jpaVendorAdapter matched:
      - @ConditionalOnMissingBean (types: org.springframework.orm.jpa.JpaVendorAdapter; SearchStrategy: all) did not find any beans (OnBeanCondition)

   JpaBaseConfiguration#transactionManager matched:
      - @ConditionalOnMissingBean (types: org.springframework.transaction.TransactionManager; SearchStrategy: all) did not find any beans (OnBeanCondition)

   JpaBaseConfiguration.JpaWebConfiguration matched:
      - @ConditionalOnClass found required class 'org.springframework.web.servlet.config.annotation.WebMvcConfigurer' (OnClassCondition)
      - found 'session' scope (OnWebApplicationCondition)
      - @ConditionalOnProperty (spring.jpa.open-in-view=true) matched (OnPropertyCondition)
      - @ConditionalOnMissingBean (types: org.springframework.orm.jpa.support.OpenEntityManagerInViewInterceptor,org.springframework.orm.jpa.support.OpenEntityManagerInViewFilter; SearchStrategy: all) did not find any beans (OnBeanCondition)

   JpaBaseConfiguration.PersistenceManagedTypesConfiguration matched:
      - @ConditionalOnMissingBean (types: org.springframework.orm.jpa.LocalContainerEntityManagerFactoryBean,jakarta.persistence.EntityManagerFactory; SearchStrategy: all) did not find any beans (OnBeanCondition)

   JpaBaseConfiguration.PersistenceManagedTypesConfiguration#persistenceManagedTypes matched:
      - @ConditionalOnMissingBean (types: org.springframework.orm.jpa.persistenceunit.PersistenceManagedTypes; SearchStrategy: all) did not find any beans (OnBeanCondition)

   JpaRepositoriesAutoConfiguration matched:
      - @ConditionalOnClass found required class 'org.springframework.data.jpa.repository.JpaRepository' (OnClassCondition)
      - @ConditionalOnProperty (spring.data.jpa.repositories.enabled=true) matched (OnPropertyCondition)
      - @ConditionalOnBean (types: javax.sql.DataSource; SearchStrategy: all) found bean 'dataSource'; @ConditionalOnMissingBean (types: org.springframework.data.jpa.repository.support.JpaRepositoryFactoryBean,org.springframework.data.jpa.repository.config.JpaRepositoryConfigExtension; SearchStrategy: all) did not find any beans (OnBeanCondition)

   JtaAutoConfiguration matched:
      - @ConditionalOnClass found required class 'jakarta.transaction.Transaction' (OnClassCondition)
      - @ConditionalOnProperty (spring.jta.enabled) matched (OnPropertyCondition)

   LifecycleAutoConfiguration#defaultLifecycleProcessor matched:
      - @ConditionalOnMissingBean (names: lifecycleProcessor; SearchStrategy: current) did not find any beans (OnBeanCondition)

   LifecycleMvcEndpointAutoConfiguration#environmentManager matched:
      - @ConditionalOnMissingBean (types: org.springframework.cloud.context.environment.EnvironmentManager; SearchStrategy: all) did not find any beans (OnBeanCondition)

   org.springframework.cloud.client.loadbalancer.LoadBalancerAutoConfiguration matched:
      - AnyNestedCondition 2 matched 0 did not; NestedCondition on BlockingRestClassesPresentCondition.RestClientPresent @ConditionalOnClass found required class 'org.springframework.web.client.RestClient'; NestedCondition on BlockingRestClassesPresentCondition.RestTemplatePresent @ConditionalOnClass found required class 'org.springframework.web.client.RestTemplate' (BlockingRestClassesPresentCondition)
      - @ConditionalOnBean (types: org.springframework.cloud.client.loadbalancer.LoadBalancerClient; SearchStrategy: all) found bean 'blockingLoadBalancerClient' (OnBeanCondition)

   org.springframework.cloud.loadbalancer.config.LoadBalancerAutoConfiguration matched:
      - @ConditionalOnProperty (spring.cloud.loadbalancer.enabled=true) matched (OnPropertyCondition)

   LoadBalancerAutoConfiguration#loadBalancerClientFactory matched:
      - @ConditionalOnMissingBean (types: org.springframework.cloud.loadbalancer.support.LoadBalancerClientFactory; SearchStrategy: all) did not find any beans (OnBeanCondition)

   LoadBalancerAutoConfiguration#loadBalancerRequestFactory matched:
      - @ConditionalOnMissingBean (types: org.springframework.cloud.client.loadbalancer.LoadBalancerRequestFactory; SearchStrategy: all) did not find any beans (OnBeanCondition)

   LoadBalancerAutoConfiguration#zoneConfig matched:
      - @ConditionalOnMissingBean (types: org.springframework.cloud.loadbalancer.config.LoadBalancerZoneConfig; SearchStrategy: all) did not find any beans (OnBeanCondition)

   LoadBalancerAutoConfiguration.DeferringLoadBalancerInterceptorConfig#deferringLoadBalancerInterceptor matched:
      - @ConditionalOnMissingBean (types: org.springframework.cloud.client.loadbalancer.DeferringLoadBalancerInterceptor; SearchStrategy: all) did not find any beans (OnBeanCondition)

   LoadBalancerAutoConfiguration.DeferringLoadBalancerInterceptorConfig#lbRestClientPostProcessor matched:
      - @ConditionalOnBean (types: org.springframework.cloud.client.loadbalancer.DeferringLoadBalancerInterceptor; SearchStrategy: all) found bean 'deferringLoadBalancerInterceptor'; @ConditionalOnMissingBean (types: org.springframework.cloud.client.loadbalancer.LoadBalancerRestClientBuilderBeanPostProcessor; SearchStrategy: all) did not find any beans (OnBeanCondition)

   LoadBalancerAutoConfiguration.LoadBalancerInterceptorConfig matched:
      - AnyNestedCondition 1 matched 1 did not; NestedCondition on LoadBalancerAutoConfiguration.RetryMissingOrDisabledCondition.RetryDisabled @ConditionalOnProperty (spring.cloud.loadbalancer.retry.enabled=false) did not find property 'spring.cloud.loadbalancer.retry.enabled'; NestedCondition on LoadBalancerAutoConfiguration.RetryMissingOrDisabledCondition.RetryTemplateMissing @ConditionalOnMissingClass did not find unwanted class 'org.springframework.retry.support.RetryTemplate' (LoadBalancerAutoConfiguration.RetryMissingOrDisabledCondition)

   LoadBalancerAutoConfiguration.LoadBalancerInterceptorConfig#restTemplateCustomizer matched:
      - @ConditionalOnMissingBean (types: org.springframework.cloud.client.loadbalancer.RestTemplateCustomizer; SearchStrategy: all) did not find any beans (OnBeanCondition)

   LoadBalancerCacheAutoConfiguration matched:
      - @ConditionalOnClass found required classes 'org.springframework.cache.CacheManager', 'org.springframework.boot.autoconfigure.cache.CacheAutoConfiguration' (OnClassCondition)
      - AllNestedConditions 2 matched 0 did not; NestedCondition on LoadBalancerCacheAutoConfiguration.OnLoadBalancerCachingEnabledCondition.LoadBalancerCacheEnabled @ConditionalOnProperty (spring.cloud.loadbalancer.cache.enabled) matched; NestedCondition on LoadBalancerCacheAutoConfiguration.OnLoadBalancerCachingEnabledCondition.LoadBalancerEnabled @ConditionalOnProperty (spring.cloud.loadbalancer.enabled=true) matched (LoadBalancerCacheAutoConfiguration.OnLoadBalancerCachingEnabledCondition)

   LoadBalancerCacheAutoConfiguration.DefaultLoadBalancerCacheManagerConfiguration matched:
      - @ConditionalOnClass found required class 'com.stoyanr.evictor.ConcurrentMapWithTimedEviction' (OnClassCondition)
      - AnyNestedCondition 1 matched 1 did not; NestedCondition on LoadBalancerCacheAutoConfiguration.OnCaffeineCacheMissingCondition.CaffeineCacheManagerClassMissing @ConditionalOnMissingClass found unwanted class 'org.springframework.cache.caffeine.CaffeineCacheManager'; NestedCondition on LoadBalancerCacheAutoConfiguration.OnCaffeineCacheMissingCondition.CaffeineClassMissing @ConditionalOnMissingClass did not find unwanted class 'com.github.benmanes.caffeine.cache.Caffeine' (LoadBalancerCacheAutoConfiguration.OnCaffeineCacheMissingCondition)

   LoadBalancerCacheAutoConfiguration.DefaultLoadBalancerCacheManagerConfiguration#defaultLoadBalancerCacheManager matched:
      - @ConditionalOnMissingBean (types: org.springframework.cloud.loadbalancer.cache.LoadBalancerCacheManager; SearchStrategy: all) did not find any beans (OnBeanCondition)

   LoadBalancerCacheAutoConfiguration.LoadBalancerCacheManagerWarnConfiguration matched:
      - AnyNestedCondition 1 matched 1 did not; NestedCondition on LoadBalancerCacheAutoConfiguration.OnCaffeineCacheMissingCondition.CaffeineCacheManagerClassMissing @ConditionalOnMissingClass found unwanted class 'org.springframework.cache.caffeine.CaffeineCacheManager'; NestedCondition on LoadBalancerCacheAutoConfiguration.OnCaffeineCacheMissingCondition.CaffeineClassMissing @ConditionalOnMissingClass did not find unwanted class 'com.github.benmanes.caffeine.cache.Caffeine' (LoadBalancerCacheAutoConfiguration.OnCaffeineCacheMissingCondition)

   LoadBalancerEurekaAutoConfiguration matched:
      - @ConditionalOnClass found required class 'org.springframework.cloud.loadbalancer.annotation.LoadBalancerClientConfigurationRegistrar' (OnClassCondition)
      - @ConditionalOnProperty (eureka.client.enabled) matched (OnPropertyCondition)

   LoadBalancerEurekaAutoConfiguration#eurekaLoadBalancerProperties matched:
      - @ConditionalOnMissingBean (types: org.springframework.cloud.netflix.eureka.loadbalancer.EurekaLoadBalancerProperties; SearchStrategy: all) did not find any beans (OnBeanCondition)

   MultipartAutoConfiguration matched:
      - @ConditionalOnClass found required classes 'jakarta.servlet.Servlet', 'org.springframework.web.multipart.support.StandardServletMultipartResolver', 'jakarta.servlet.MultipartConfigElement' (OnClassCondition)
      - found 'session' scope (OnWebApplicationCondition)
      - @ConditionalOnProperty (spring.servlet.multipart.enabled) matched (OnPropertyCondition)

   MultipartAutoConfiguration#multipartConfigElement matched:
      - @ConditionalOnMissingBean (types: jakarta.servlet.MultipartConfigElement; SearchStrategy: all) did not find any beans (OnBeanCondition)

   MultipartAutoConfiguration#multipartResolver matched:
      - @ConditionalOnMissingBean (types: org.springframework.web.multipart.MultipartResolver; SearchStrategy: all) did not find any beans (OnBeanCondition)

   NamedParameterJdbcTemplateConfiguration matched:
      - @ConditionalOnSingleCandidate (types: org.springframework.jdbc.core.JdbcTemplate; SearchStrategy: all) found a single bean 'jdbcTemplate'; @ConditionalOnMissingBean (types: org.springframework.jdbc.core.namedparam.NamedParameterJdbcOperations; SearchStrategy: all) did not find any beans (OnBeanCondition)

   NoOpCacheConfiguration matched:
      - Cache org.springframework.boot.autoconfigure.cache.NoOpCacheConfiguration automatic cache type (CacheCondition)

   PersistenceExceptionTranslationAutoConfiguration matched:
      - @ConditionalOnClass found required class 'org.springframework.dao.annotation.PersistenceExceptionTranslationPostProcessor' (OnClassCondition)

   PersistenceExceptionTranslationAutoConfiguration#persistenceExceptionTranslationPostProcessor matched:
      - @ConditionalOnProperty (spring.dao.exceptiontranslation.enabled) matched (OnPropertyCondition)
      - @ConditionalOnMissingBean (types: org.springframework.dao.annotation.PersistenceExceptionTranslationPostProcessor; SearchStrategy: all) did not find any beans (OnBeanCondition)

   PropertyPlaceholderAutoConfiguration#propertySourcesPlaceholderConfigurer matched:
      - @ConditionalOnMissingBean (types: org.springframework.context.support.PropertySourcesPlaceholderConfigurer; SearchStrategy: current) did not find any beans (OnBeanCondition)

   ReactorAutoConfiguration matched:
      - @ConditionalOnClass found required class 'reactor.core.publisher.Hooks' (OnClassCondition)

   RefreshAutoConfiguration matched:
      - @ConditionalOnClass found required class 'org.springframework.cloud.context.scope.refresh.RefreshScope' (OnClassCondition)
      - @ConditionalOnProperty (spring.cloud.refresh.enabled) matched (OnPropertyCondition)

   RefreshAutoConfiguration#configDataContextRefresher matched:
      - @ConditionalOnMissingBean (types: org.springframework.cloud.context.refresh.ConfigDataContextRefresher; SearchStrategy: all) did not find any beans (OnBeanCondition)
      - NoneNestedConditions 0 matched 3 did not; NestedCondition on ConditionalOnBootstrapDisabled.OnBootstrapDisabledCondition.OnBootstrapEnabled @ConditionalOnProperty (spring.cloud.bootstrap.enabled) did not find property 'spring.cloud.bootstrap.enabled'; NestedCondition on ConditionalOnBootstrapDisabled.OnBootstrapDisabledCondition.OnUseLegacyProcessingEnabled @ConditionalOnProperty (spring.config.use-legacy-processing) did not find property 'spring.config.use-legacy-processing'; NestedCondition on ConditionalOnBootstrapDisabled.OnBootstrapDisabledCondition.OnBootstrapMarkerClassPresent @ConditionalOnClass did not find required class 'org.springframework.cloud.bootstrap.marker.Marker' (ConditionalOnBootstrapDisabled.OnBootstrapDisabledCondition)

   RefreshAutoConfiguration#loggingRebinder matched:
      - @ConditionalOnMissingBean (types: org.springframework.cloud.logging.LoggingRebinder; SearchStrategy: all) did not find any beans (OnBeanCondition)

   RefreshAutoConfiguration#refreshScope matched:
      - @ConditionalOnMissingBean (types: org.springframework.cloud.context.scope.refresh.RefreshScope; SearchStrategy: all) did not find any beans (OnBeanCondition)

   RefreshAutoConfiguration#refreshScopeLifecycle matched:
      - @ConditionalOnProperty (spring.cloud.refresh.on-restart.enabled) matched (OnPropertyCondition)

   ResourceServerTokenRelayAutoConfiguration matched:
      - @ConditionalOnClass found required class 'org.springframework.web.servlet.config.annotation.WebMvcConfigurer' (OnClassCondition)
      - found 'session' scope (OnWebApplicationCondition)
      - @ConditionalOnProperty (spring.cloud.mvc.token-relay.enabled) matched (OnPropertyCondition)

   RestClientAutoConfiguration matched:
      - @ConditionalOnClass found required class 'org.springframework.web.client.RestClient' (OnClassCondition)
      - NoneNestedConditions 0 matched 1 did not; NestedCondition on NotReactiveWebApplicationCondition.ReactiveWebApplication did not find reactive web application classes (NotReactiveWebApplicationCondition)

   RestClientAutoConfiguration#httpMessageConvertersRestClientCustomizer matched:
      - @ConditionalOnMissingBean (types: org.springframework.boot.autoconfigure.web.client.HttpMessageConvertersRestClientCustomizer; SearchStrategy: all) did not find any beans (OnBeanCondition)

   RestClientAutoConfiguration#restClientBuilder matched:
      - @ConditionalOnMissingBean (types: org.springframework.web.client.RestClient$Builder; SearchStrategy: all) did not find any beans (OnBeanCondition)

   RestClientAutoConfiguration#restClientBuilderConfigurer matched:
      - @ConditionalOnMissingBean (types: org.springframework.boot.autoconfigure.web.client.RestClientBuilderConfigurer; SearchStrategy: all) did not find any beans (OnBeanCondition)

   RestClientAutoConfiguration#restClientSsl matched:
      - @ConditionalOnBean (types: org.springframework.boot.ssl.SslBundles; SearchStrategy: all) found bean 'sslBundleRegistry'; @ConditionalOnMissingBean (types: org.springframework.boot.autoconfigure.web.client.RestClientSsl; SearchStrategy: all) did not find any beans (OnBeanCondition)

   RestTemplateAutoConfiguration matched:
      - @ConditionalOnClass found required class 'org.springframework.web.client.RestTemplate' (OnClassCondition)
      - NoneNestedConditions 0 matched 1 did not; NestedCondition on NotReactiveWebApplicationCondition.ReactiveWebApplication did not find reactive web application classes (NotReactiveWebApplicationCondition)

   RestTemplateAutoConfiguration#restTemplateBuilder matched:
      - @ConditionalOnMissingBean (types: org.springframework.boot.web.client.RestTemplateBuilder; SearchStrategy: all) did not find any beans (OnBeanCondition)

   ServletWebServerFactoryAutoConfiguration matched:
      - @ConditionalOnClass found required class 'jakarta.servlet.ServletRequest' (OnClassCondition)
      - found 'session' scope (OnWebApplicationCondition)

   ServletWebServerFactoryAutoConfiguration#tomcatServletWebServerFactoryCustomizer matched:
      - @ConditionalOnClass found required class 'org.apache.catalina.startup.Tomcat' (OnClassCondition)

   ServletWebServerFactoryConfiguration.EmbeddedTomcat matched:
      - @ConditionalOnClass found required classes 'jakarta.servlet.Servlet', 'org.apache.catalina.startup.Tomcat', 'org.apache.coyote.UpgradeProtocol' (OnClassCondition)
      - @ConditionalOnMissingBean (types: org.springframework.boot.web.servlet.server.ServletWebServerFactory; SearchStrategy: current) did not find any beans (OnBeanCondition)

   SimpleCacheConfiguration matched:
      - Cache org.springframework.boot.autoconfigure.cache.SimpleCacheConfiguration automatic cache type (CacheCondition)

   SimpleDiscoveryClientAutoConfiguration#simpleDiscoveryProperties matched:
      - @ConditionalOnMissingBean (types: org.springframework.cloud.client.discovery.simple.SimpleDiscoveryProperties; SearchStrategy: all) did not find any beans (OnBeanCondition)

   SpringDataWebAutoConfiguration matched:
      - @ConditionalOnClass found required classes 'org.springframework.data.web.PageableHandlerMethodArgumentResolver', 'org.springframework.web.servlet.config.annotation.WebMvcConfigurer' (OnClassCondition)
      - found 'session' scope (OnWebApplicationCondition)
      - @ConditionalOnMissingBean (types: org.springframework.data.web.PageableHandlerMethodArgumentResolver; SearchStrategy: all) did not find any beans (OnBeanCondition)

   SpringDataWebAutoConfiguration#pageableCustomizer matched:
      - @ConditionalOnMissingBean (types: org.springframework.data.web.config.PageableHandlerMethodArgumentResolverCustomizer; SearchStrategy: all) did not find any beans (OnBeanCondition)

   SpringDataWebAutoConfiguration#sortCustomizer matched:
      - @ConditionalOnMissingBean (types: org.springframework.data.web.config.SortHandlerMethodArgumentResolverCustomizer; SearchStrategy: all) did not find any beans (OnBeanCondition)

   SpringDocConfigProperties matched:
      - @ConditionalOnProperty (springdoc.api-docs.enabled) matched (OnPropertyCondition)
      - @ConditionalOnBean (types: org.springdoc.core.configuration.SpringDocConfiguration; SearchStrategy: all) found bean 'org.springdoc.core.configuration.SpringDocConfiguration' (OnBeanCondition)

   SpringDocConfiguration matched:
      - @ConditionalOnWebApplication (required) found 'session' scope (OnWebApplicationCondition)
      - @ConditionalOnProperty (springdoc.api-docs.enabled) matched (OnPropertyCondition)

   SpringDocConfiguration#fileSupportConverter matched:
      - @ConditionalOnMissingBean (types: org.springdoc.core.converters.FileSupportConverter; SearchStrategy: all) did not find any beans (OnBeanCondition)

   SpringDocConfiguration#objectMapperProvider matched:
      - @ConditionalOnMissingBean (types: org.springdoc.core.providers.ObjectMapperProvider; SearchStrategy: all) did not find any beans (OnBeanCondition)

   SpringDocConfiguration#openAPIBuilder matched:
      - @ConditionalOnMissingBean (types: org.springdoc.core.service.OpenAPIService; SearchStrategy: all) did not find any beans (OnBeanCondition)

   SpringDocConfiguration#operationBuilder matched:
      - @ConditionalOnMissingBean (types: org.springdoc.core.service.OperationService; SearchStrategy: all) did not find any beans (OnBeanCondition)

   SpringDocConfiguration#parameterBuilder matched:
      - @ConditionalOnMissingBean (types: org.springdoc.core.service.GenericParameterService; SearchStrategy: all) did not find any beans (OnBeanCondition)

   SpringDocConfiguration#polymorphicModelConverter matched:
      - @ConditionalOnProperty (springdoc.model-converters.polymorphic-converter.enabled) matched (OnPropertyCondition)
      - @ConditionalOnMissingBean (types: org.springdoc.core.converters.PolymorphicModelConverter; SearchStrategy: all) did not find any beans (OnBeanCondition)

   SpringDocConfiguration#requestBodyBuilder matched:
      - @ConditionalOnMissingBean (types: org.springdoc.core.service.RequestBodyService; SearchStrategy: all) did not find any beans (OnBeanCondition)

   SpringDocConfiguration#responseSupportConverter matched:
      - @ConditionalOnMissingBean (types: org.springdoc.core.converters.ResponseSupportConverter; SearchStrategy: all) did not find any beans (OnBeanCondition)

   SpringDocConfiguration#schemaPropertyDeprecatingConverter matched:
      - @ConditionalOnProperty (springdoc.model-converters.deprecating-converter.enabled) matched (OnPropertyCondition)
      - @ConditionalOnMissingBean (types: org.springdoc.core.converters.SchemaPropertyDeprecatingConverter; SearchStrategy: all) did not find any beans (OnBeanCondition)

   SpringDocConfiguration#securityParser matched:
      - @ConditionalOnMissingBean (types: org.springdoc.core.service.SecurityService; SearchStrategy: all) did not find any beans (OnBeanCondition)

   SpringDocConfiguration#springDocCustomizers matched:
      - @ConditionalOnMissingBean (types: org.springdoc.core.customizers.SpringDocCustomizers; SearchStrategy: all) did not find any beans (OnBeanCondition)

   SpringDocConfiguration#springDocProviders matched:
      - @ConditionalOnMissingBean (types: org.springdoc.core.providers.SpringDocProviders; SearchStrategy: all) did not find any beans (OnBeanCondition)

   SpringDocConfiguration.SpringDocSpringDataWebPropertiesProvider matched:
      - @ConditionalOnClass found required class 'org.springframework.boot.autoconfigure.data.web.SpringDataWebProperties' (OnClassCondition)

   SpringDocConfiguration.SpringDocSpringDataWebPropertiesProvider#springDataWebPropertiesProvider matched:
      - @ConditionalOnMissingBean (types: org.springdoc.core.providers.SpringDataWebPropertiesProvider; SearchStrategy: all) did not find any beans (OnBeanCondition)

   SpringDocConfiguration.SpringDocWebFluxSupportConfiguration matched:
      - @ConditionalOnClass found required class 'reactor.core.publisher.Flux' (OnClassCondition)

   SpringDocConfiguration.SpringDocWebFluxSupportConfiguration#webFluxSupportConverter matched:
      - @ConditionalOnMissingBean (types: org.springdoc.core.converters.WebFluxSupportConverter; SearchStrategy: all) did not find any beans (OnBeanCondition)

   SpringDocConfiguration.WebConversionServiceConfiguration matched:
      - @ConditionalOnClass found required class 'org.springframework.boot.autoconfigure.web.format.WebConversionService' (OnClassCondition)

   SpringDocPageableConfiguration matched:
      - @ConditionalOnClass found required class 'org.springframework.data.domain.Pageable' (OnClassCondition)
      - @ConditionalOnWebApplication (required) found 'session' scope (OnWebApplicationCondition)
      - @ConditionalOnProperty (springdoc.api-docs.enabled) matched (OnPropertyCondition)
      - @ConditionalOnBean (types: org.springdoc.core.configuration.SpringDocConfiguration; SearchStrategy: all) found bean 'org.springdoc.core.configuration.SpringDocConfiguration' (OnBeanCondition)

   SpringDocPageableConfiguration#delegatingMethodParameterCustomizer matched:
      - @ConditionalOnMissingBean (types: org.springdoc.core.customizers.DelegatingMethodParameterCustomizer; SearchStrategy: all) did not find any beans (OnBeanCondition)

   SpringDocPageableConfiguration#pageableOpenAPIConverter matched:
      - @ConditionalOnProperty (springdoc.model-converters.pageable-converter.enabled) matched (OnPropertyCondition)
      - @ConditionalOnMissingBean (types: org.springdoc.core.converters.PageableOpenAPIConverter; SearchStrategy: all) did not find any beans (OnBeanCondition)

   SpringDocSortConfiguration matched:
      - @ConditionalOnClass found required class 'org.springframework.data.domain.Sort' (OnClassCondition)
      - @ConditionalOnWebApplication (required) found 'session' scope (OnWebApplicationCondition)
      - @ConditionalOnProperty (springdoc.api-docs.enabled) matched (OnPropertyCondition)
      - @ConditionalOnBean (types: org.springdoc.core.configuration.SpringDocConfiguration; SearchStrategy: all) found bean 'org.springdoc.core.configuration.SpringDocConfiguration' (OnBeanCondition)

   SpringDocSortConfiguration#sortOpenAPIConverter matched:
      - @ConditionalOnProperty (springdoc.model-converters.sort-converter.enabled) matched (OnPropertyCondition)
      - @ConditionalOnMissingBean (types: org.springdoc.core.converters.SortOpenAPIConverter; SearchStrategy: all) did not find any beans (OnBeanCondition)

   SpringDocUIConfiguration matched:
      - @ConditionalOnWebApplication (required) found 'session' scope (OnWebApplicationCondition)
      - @ConditionalOnExpression (#{${springdoc.api-docs.enabled:true}}) resulted in true (OnExpressionCondition)
      - @ConditionalOnBean (types: org.springdoc.core.configuration.SpringDocConfiguration; SearchStrategy: all) found bean 'org.springdoc.core.configuration.SpringDocConfiguration' (OnBeanCondition)

   SpringDocWebMvcConfiguration matched:
      - found 'session' scope (OnWebApplicationCondition)
      - @ConditionalOnProperty (springdoc.api-docs.enabled) matched (OnPropertyCondition)
      - @ConditionalOnBean (types: org.springdoc.core.configuration.SpringDocConfiguration; SearchStrategy: all) found bean 'org.springdoc.core.configuration.SpringDocConfiguration' (OnBeanCondition)

   SpringDocWebMvcConfiguration#openApiResource matched:
      - @ConditionalOnProperty (springdoc.use-management-port=false) matched (OnPropertyCondition)
      - @ConditionalOnMissingBean (types: org.springdoc.webmvc.api.OpenApiWebMvcResource; SearchStrategy: all) did not find any beans (OnBeanCondition)

   SpringDocWebMvcConfiguration#requestBuilder matched:
      - @ConditionalOnMissingBean (types: org.springdoc.webmvc.core.service.RequestService; SearchStrategy: all) did not find any beans (OnBeanCondition)

   SpringDocWebMvcConfiguration#responseBuilder matched:
      - @ConditionalOnMissingBean (types: org.springdoc.core.service.GenericResponseService; SearchStrategy: all) did not find any beans (OnBeanCondition)

   SpringDocWebMvcConfiguration#springWebProvider matched:
      - @ConditionalOnMissingBean (types: org.springdoc.core.providers.SpringWebProvider; SearchStrategy: all) did not find any beans (OnBeanCondition)

   SpringDocWebMvcConfiguration.SpringDocWebMvcRouterConfiguration matched:
      - @ConditionalOnClass found required class 'org.springframework.web.servlet.function.RouterFunction' (OnClassCondition)

   SpringDocWebMvcConfiguration.SpringDocWebMvcRouterConfiguration#routerFunctionProvider matched:
      - @ConditionalOnMissingBean (types: org.springdoc.webmvc.core.providers.RouterFunctionWebMvcProvider; SearchStrategy: all) did not find any beans (OnBeanCondition)

   SqlInitializationAutoConfiguration matched:
      - @ConditionalOnProperty (spring.sql.init.enabled) matched (OnPropertyCondition)
      - NoneNestedConditions 0 matched 1 did not; NestedCondition on SqlInitializationAutoConfiguration.SqlInitializationModeCondition.ModeIsNever @ConditionalOnProperty (spring.sql.init.mode=never) did not find property 'mode' (SqlInitializationAutoConfiguration.SqlInitializationModeCondition)

   SslAutoConfiguration#sslBundleRegistry matched:
      - @ConditionalOnMissingBean (types: org.springframework.boot.ssl.SslBundleRegistry,org.springframework.boot.ssl.SslBundles; SearchStrategy: all) did not find any beans (OnBeanCondition)

   SwaggerConfig matched:
      - found 'session' scope (OnWebApplicationCondition)
      - @ConditionalOnProperty (springdoc.swagger-ui.enabled) matched (OnPropertyCondition)
      - @ConditionalOnBean (types: org.springdoc.core.configuration.SpringDocConfiguration; SearchStrategy: all) found bean 'org.springdoc.core.configuration.SpringDocConfiguration' (OnBeanCondition)

   SwaggerConfig#indexPageTransformer matched:
      - @ConditionalOnMissingBean (types: org.springdoc.webmvc.ui.SwaggerIndexTransformer; SearchStrategy: all) did not find any beans (OnBeanCondition)

   SwaggerConfig#swaggerConfigResource matched:
      - @ConditionalOnProperty (springdoc.use-management-port=false) matched (OnPropertyCondition)
      - @ConditionalOnMissingBean (types: org.springdoc.webmvc.ui.SwaggerConfigResource; SearchStrategy: all) did not find any beans (OnBeanCondition)

   SwaggerConfig#swaggerResourceResolver matched:
      - @ConditionalOnMissingBean (types: org.springdoc.webmvc.ui.SwaggerResourceResolver; SearchStrategy: all) did not find any beans (OnBeanCondition)

   SwaggerConfig#swaggerWebMvcConfigurer matched:
      - @ConditionalOnMissingBean (types: org.springdoc.webmvc.ui.SwaggerWebMvcConfigurer; SearchStrategy: all) did not find any beans (OnBeanCondition)

   SwaggerConfig#swaggerWelcome matched:
      - @ConditionalOnProperty (springdoc.use-management-port=false) matched (OnPropertyCondition)
      - @ConditionalOnMissingBean (types: org.springdoc.webmvc.ui.SwaggerWelcomeWebMvc; SearchStrategy: all) did not find any beans (OnBeanCondition)

   SwaggerUiConfigParameters matched:
      - @ConditionalOnProperty (springdoc.swagger-ui.enabled) matched (OnPropertyCondition)
      - @ConditionalOnBean (types: org.springdoc.core.configuration.SpringDocConfiguration; SearchStrategy: all) found bean 'org.springdoc.core.configuration.SpringDocConfiguration' (OnBeanCondition)

   SwaggerUiConfigProperties matched:
      - @ConditionalOnProperty (springdoc.swagger-ui.enabled) matched (OnPropertyCondition)
      - @ConditionalOnBean (types: org.springdoc.core.configuration.SpringDocConfiguration; SearchStrategy: all) found bean 'org.springdoc.core.configuration.SpringDocConfiguration' (OnBeanCondition)

   SwaggerUiOAuthProperties matched:
      - @ConditionalOnProperty (springdoc.swagger-ui.enabled) matched (OnPropertyCondition)
      - @ConditionalOnBean (types: org.springdoc.core.configuration.SpringDocConfiguration; SearchStrategy: all) found bean 'org.springdoc.core.configuration.SpringDocConfiguration' (OnBeanCondition)

   TaskExecutionAutoConfiguration matched:
      - @ConditionalOnClass found required class 'org.springframework.scheduling.concurrent.ThreadPoolTaskExecutor' (OnClassCondition)

   TaskExecutorConfigurations.SimpleAsyncTaskExecutorBuilderConfiguration#simpleAsyncTaskExecutorBuilder matched:
      - @ConditionalOnMissingBean (types: org.springframework.boot.task.SimpleAsyncTaskExecutorBuilder; SearchStrategy: all) did not find any beans (OnBeanCondition)
      - @ConditionalOnThreading found PLATFORM (OnThreadingCondition)

   TaskExecutorConfigurations.TaskExecutorBuilderConfiguration#taskExecutorBuilder matched:
      - @ConditionalOnMissingBean (types: org.springframework.boot.task.TaskExecutorBuilder; SearchStrategy: all) did not find any beans (OnBeanCondition)

   TaskExecutorConfigurations.ThreadPoolTaskExecutorBuilderConfiguration#threadPoolTaskExecutorBuilder matched:
      - @ConditionalOnMissingBean (types: org.springframework.boot.task.TaskExecutorBuilder,org.springframework.boot.task.ThreadPoolTaskExecutorBuilder; SearchStrategy: all) did not find any beans (OnBeanCondition)

   TaskSchedulingAutoConfiguration matched:
      - @ConditionalOnClass found required class 'org.springframework.scheduling.concurrent.ThreadPoolTaskScheduler' (OnClassCondition)

   TaskSchedulingConfigurations.SimpleAsyncTaskSchedulerBuilderConfiguration#simpleAsyncTaskSchedulerBuilder matched:
      - @ConditionalOnMissingBean (types: org.springframework.boot.task.SimpleAsyncTaskSchedulerBuilder; SearchStrategy: all) did not find any beans (OnBeanCondition)
      - @ConditionalOnThreading found PLATFORM (OnThreadingCondition)

   TaskSchedulingConfigurations.TaskSchedulerBuilderConfiguration#taskSchedulerBuilder matched:
      - @ConditionalOnMissingBean (types: org.springframework.boot.task.TaskSchedulerBuilder; SearchStrategy: all) did not find any beans (OnBeanCondition)

   TaskSchedulingConfigurations.ThreadPoolTaskSchedulerBuilderConfiguration#threadPoolTaskSchedulerBuilder matched:
      - @ConditionalOnMissingBean (types: org.springframework.boot.task.TaskSchedulerBuilder,org.springframework.boot.task.ThreadPoolTaskSchedulerBuilder; SearchStrategy: all) did not find any beans (OnBeanCondition)

   TransactionAutoConfiguration matched:
      - @ConditionalOnClass found required class 'org.springframework.transaction.PlatformTransactionManager' (OnClassCondition)

   TransactionAutoConfiguration.EnableTransactionManagementConfiguration matched:
      - @ConditionalOnBean (types: org.springframework.transaction.TransactionManager; SearchStrategy: all) found bean 'transactionManager'; @ConditionalOnMissingBean (types: org.springframework.transaction.annotation.AbstractTransactionManagementConfiguration; SearchStrategy: all) did not find any beans (OnBeanCondition)

   TransactionAutoConfiguration.EnableTransactionManagementConfiguration.CglibAutoProxyConfiguration matched:
      - @ConditionalOnProperty (spring.aop.proxy-target-class=true) matched (OnPropertyCondition)

   TransactionAutoConfiguration.TransactionTemplateConfiguration matched:
      - @ConditionalOnSingleCandidate (types: org.springframework.transaction.PlatformTransactionManager; SearchStrategy: all) found a single bean 'transactionManager' (OnBeanCondition)

   TransactionAutoConfiguration.TransactionTemplateConfiguration#transactionTemplate matched:
      - @ConditionalOnMissingBean (types: org.springframework.transaction.support.TransactionOperations; SearchStrategy: all) did not find any beans (OnBeanCondition)

   TransactionManagerCustomizationAutoConfiguration matched:
      - @ConditionalOnClass found required class 'org.springframework.transaction.PlatformTransactionManager' (OnClassCondition)

   TransactionManagerCustomizationAutoConfiguration#platformTransactionManagerCustomizers matched:
      - @ConditionalOnMissingBean (types: org.springframework.boot.autoconfigure.transaction.TransactionManagerCustomizers; SearchStrategy: all) did not find any beans (OnBeanCondition)

   UtilAutoConfiguration matched:
      - @ConditionalOnProperty (spring.cloud.util.enabled) matched (OnPropertyCondition)

   UtilAutoConfiguration#inetUtils matched:
      - @ConditionalOnMissingBean (types: org.springframework.cloud.commons.util.InetUtils; SearchStrategy: all) did not find any beans (OnBeanCondition)

   WebMvcAutoConfiguration matched:
      - @ConditionalOnClass found required classes 'jakarta.servlet.Servlet', 'org.springframework.web.servlet.DispatcherServlet', 'org.springframework.web.servlet.config.annotation.WebMvcConfigurer' (OnClassCondition)
      - found 'session' scope (OnWebApplicationCondition)
      - @ConditionalOnMissingBean (types: org.springframework.web.servlet.config.annotation.WebMvcConfigurationSupport; SearchStrategy: all) did not find any beans (OnBeanCondition)

   WebMvcAutoConfiguration#formContentFilter matched:
      - @ConditionalOnProperty (spring.mvc.formcontent.filter.enabled) matched (OnPropertyCondition)
      - @ConditionalOnMissingBean (types: org.springframework.web.filter.FormContentFilter; SearchStrategy: all) did not find any beans (OnBeanCondition)

   WebMvcAutoConfiguration.EnableWebMvcConfiguration#flashMapManager matched:
      - @ConditionalOnMissingBean (names: flashMapManager; SearchStrategy: all) did not find any beans (OnBeanCondition)

   WebMvcAutoConfiguration.EnableWebMvcConfiguration#localeResolver matched:
      - @ConditionalOnMissingBean (names: localeResolver; SearchStrategy: all) did not find any beans (OnBeanCondition)

   WebMvcAutoConfiguration.EnableWebMvcConfiguration#themeResolver matched:
      - @ConditionalOnMissingBean (names: themeResolver; SearchStrategy: all) did not find any beans (OnBeanCondition)

   WebMvcAutoConfiguration.WebMvcAutoConfigurationAdapter#defaultViewResolver matched:
      - @ConditionalOnMissingBean (types: org.springframework.web.servlet.view.InternalResourceViewResolver; SearchStrategy: all) did not find any beans (OnBeanCondition)

   WebMvcAutoConfiguration.WebMvcAutoConfigurationAdapter#requestContextFilter matched:
      - @ConditionalOnMissingBean (types: org.springframework.web.context.request.RequestContextListener,org.springframework.web.filter.RequestContextFilter; SearchStrategy: all) did not find any beans (OnBeanCondition)

   WebMvcAutoConfiguration.WebMvcAutoConfigurationAdapter#viewResolver matched:
      - @ConditionalOnBean (types: org.springframework.web.servlet.ViewResolver; SearchStrategy: all) found beans 'defaultViewResolver', 'beanNameViewResolver', 'mvcViewResolver'; @ConditionalOnMissingBean (names: viewResolver types: org.springframework.web.servlet.view.ContentNegotiatingViewResolver; SearchStrategy: all) did not find any beans (OnBeanCondition)

   WebSocketMessagingAutoConfiguration matched:
      - @ConditionalOnClass found required class 'org.springframework.web.socket.config.annotation.WebSocketMessageBrokerConfigurer' (OnClassCondition)
      - found 'session' scope (OnWebApplicationCondition)

   WebSocketMessagingAutoConfiguration.WebSocketMessageConverterConfiguration matched:
      - @ConditionalOnClass found required classes 'com.fasterxml.jackson.databind.ObjectMapper', 'org.springframework.messaging.simp.config.AbstractMessageBrokerConfiguration' (OnClassCondition)
      - @ConditionalOnBean (types: org.springframework.web.socket.config.annotation.DelegatingWebSocketMessageBrokerConfiguration,com.fasterxml.jackson.databind.ObjectMapper; SearchStrategy: all) found beans 'jacksonObjectMapper', 'org.springframework.web.socket.config.annotation.DelegatingWebSocketMessageBrokerConfiguration' (OnBeanCondition)

   WebSocketServletAutoConfiguration matched:
      - @ConditionalOnClass found required classes 'jakarta.servlet.Servlet', 'jakarta.websocket.server.ServerContainer' (OnClassCondition)
      - found 'session' scope (OnWebApplicationCondition)

   WebSocketServletAutoConfiguration.TomcatWebSocketConfiguration matched:
      - @ConditionalOnClass found required classes 'org.apache.catalina.startup.Tomcat', 'org.apache.tomcat.websocket.server.WsSci' (OnClassCondition)

   WebSocketServletAutoConfiguration.TomcatWebSocketConfiguration#websocketServletWebServerCustomizer matched:
      - @ConditionalOnMissingBean (names: websocketServletWebServerCustomizer; SearchStrategy: all) did not find any beans (OnBeanCondition)


Negative matches:
-----------------

   ActiveMQAutoConfiguration:
      Did not match:
         - @ConditionalOnClass did not find required class 'jakarta.jms.ConnectionFactory' (OnClassCondition)

   AopAutoConfiguration.AspectJAutoProxyingConfiguration.JdkDynamicAutoProxyConfiguration:
      Did not match:
         - @ConditionalOnProperty (spring.aop.proxy-target-class=false) did not find property 'proxy-target-class' (OnPropertyCondition)

   AopAutoConfiguration.ClassProxyingConfiguration:
      Did not match:
         - @ConditionalOnMissingClass found unwanted class 'org.aspectj.weaver.Advice' (OnClassCondition)

   ArtemisAutoConfiguration:
      Did not match:
         - @ConditionalOnClass did not find required class 'jakarta.jms.ConnectionFactory' (OnClassCondition)

   BatchAutoConfiguration:
      Did not match:
         - @ConditionalOnClass did not find required class 'org.springframework.batch.core.launch.JobLauncher' (OnClassCondition)

   BlockingLoadBalancerClientAutoConfiguration.BlockingLoadBalancerRetryConfig:
      Did not match:
         - @ConditionalOnClass did not find required class 'org.springframework.retry.support.RetryTemplate' (OnClassCondition)

   Cache2kCacheConfiguration:
      Did not match:
         - @ConditionalOnClass did not find required class 'org.cache2k.Cache2kBuilder' (OnClassCondition)

   CacheAutoConfiguration:
      Did not match:
         - @ConditionalOnBean (types: org.springframework.cache.interceptor.CacheAspectSupport; SearchStrategy: all) did not find any beans of type org.springframework.cache.interceptor.CacheAspectSupport (OnBeanCondition)
      Matched:
         - @ConditionalOnClass found required class 'org.springframework.cache.CacheManager' (OnClassCondition)

   CacheAutoConfiguration.CacheManagerEntityManagerFactoryDependsOnPostProcessor:
      Did not match:
         - Ancestor org.springframework.boot.autoconfigure.cache.CacheAutoConfiguration did not match (ConditionEvaluationReport.AncestorsMatchedCondition)
      Matched:
         - @ConditionalOnClass found required class 'org.springframework.orm.jpa.LocalContainerEntityManagerFactoryBean' (OnClassCondition)

   CaffeineCacheConfiguration:
      Did not match:
         - @ConditionalOnClass did not find required class 'com.github.benmanes.caffeine.cache.Caffeine' (OnClassCondition)

   CassandraAutoConfiguration:
      Did not match:
         - @ConditionalOnClass did not find required class 'com.datastax.oss.driver.api.core.CqlSession' (OnClassCondition)

   CassandraDataAutoConfiguration:
      Did not match:
         - @ConditionalOnClass did not find required class 'com.datastax.oss.driver.api.core.CqlSession' (OnClassCondition)

   CassandraReactiveDataAutoConfiguration:
      Did not match:
         - @ConditionalOnClass did not find required class 'com.datastax.oss.driver.api.core.CqlSession' (OnClassCondition)

   CassandraReactiveRepositoriesAutoConfiguration:
      Did not match:
         - @ConditionalOnClass did not find required class 'org.springframework.data.cassandra.ReactiveSession' (OnClassCondition)

   CassandraRepositoriesAutoConfiguration:
      Did not match:
         - @ConditionalOnClass did not find required class 'com.datastax.oss.driver.api.core.CqlSession' (OnClassCondition)

   ClientHttpConnectorAutoConfiguration:
      Did not match:
         - @ConditionalOnClass did not find required class 'org.springframework.web.reactive.function.client.WebClient' (OnClassCondition)

   CloudHypermediaAutoConfiguration:
      Did not match:
         - @ConditionalOnClass did not find required class 'org.springframework.hateoas.Link' (OnClassCondition)

   CodecsAutoConfiguration:
      Did not match:
         - @ConditionalOnClass did not find required class 'org.springframework.web.reactive.function.client.WebClient' (OnClassCondition)

   CommonsClientAutoConfiguration.ActuatorConfiguration:
      Did not match:
         - @ConditionalOnClass did not find required class 'org.springframework.boot.actuate.endpoint.annotation.Endpoint' (OnClassCondition)

   CommonsClientAutoConfiguration.DiscoveryLoadBalancerConfiguration:
      Did not match:
         - @ConditionalOnClass did not find required class 'org.springframework.boot.actuate.health.HealthIndicator' (OnClassCondition)

   CouchbaseAutoConfiguration:
      Did not match:
         - @ConditionalOnClass did not find required class 'com.couchbase.client.java.Cluster' (OnClassCondition)

   CouchbaseCacheConfiguration:
      Did not match:
         - @ConditionalOnClass did not find required class 'com.couchbase.client.java.Cluster' (OnClassCondition)

   CouchbaseDataAutoConfiguration:
      Did not match:
         - @ConditionalOnClass did not find required class 'com.couchbase.client.java.Bucket' (OnClassCondition)

   CouchbaseReactiveDataAutoConfiguration:
      Did not match:
         - @ConditionalOnClass did not find required class 'com.couchbase.client.java.Cluster' (OnClassCondition)

   CouchbaseReactiveRepositoriesAutoConfiguration:
      Did not match:
         - @ConditionalOnClass did not find required class 'com.couchbase.client.java.Cluster' (OnClassCondition)

   CouchbaseRepositoriesAutoConfiguration:
      Did not match:
         - @ConditionalOnClass did not find required class 'com.couchbase.client.java.Bucket' (OnClassCondition)

   DataSourceAutoConfiguration.EmbeddedDatabaseConfiguration:
      Did not match:
         - EmbeddedDataSource spring.datasource.url is set (DataSourceAutoConfiguration.EmbeddedDatabaseCondition)

   DataSourceCheckpointRestoreConfiguration:
      Did not match:
         - @ConditionalOnClass did not find required class 'org.crac.Resource' (OnClassCondition)

   DataSourceConfiguration.Dbcp2:
      Did not match:
         - @ConditionalOnClass did not find required class 'org.apache.commons.dbcp2.BasicDataSource' (OnClassCondition)

   DataSourceConfiguration.Generic:
      Did not match:
         - @ConditionalOnProperty (spring.datasource.type) did not find property 'spring.datasource.type' (OnPropertyCondition)

   DataSourceConfiguration.OracleUcp:
      Did not match:
         - @ConditionalOnClass did not find required classes 'oracle.ucp.jdbc.PoolDataSourceImpl', 'oracle.jdbc.OracleConnection' (OnClassCondition)

   DataSourceConfiguration.Tomcat:
      Did not match:
         - @ConditionalOnClass did not find required class 'org.apache.tomcat.jdbc.pool.DataSource' (OnClassCondition)

   DataSourceJmxConfiguration.TomcatDataSourceJmxConfiguration:
      Did not match:
         - @ConditionalOnClass did not find required class 'org.apache.tomcat.jdbc.pool.DataSourceProxy' (OnClassCondition)

   DataSourcePoolMetadataProvidersConfiguration.CommonsDbcp2PoolDataSourceMetadataProviderConfiguration:
      Did not match:
         - @ConditionalOnClass did not find required class 'org.apache.commons.dbcp2.BasicDataSource' (OnClassCondition)

   DataSourcePoolMetadataProvidersConfiguration.OracleUcpPoolDataSourceMetadataProviderConfiguration:
      Did not match:
         - @ConditionalOnClass did not find required classes 'oracle.ucp.jdbc.PoolDataSource', 'oracle.jdbc.OracleConnection' (OnClassCondition)

   DataSourcePoolMetadataProvidersConfiguration.TomcatDataSourcePoolMetadataProviderConfiguration:
      Did not match:
         - @ConditionalOnClass did not find required class 'org.apache.tomcat.jdbc.pool.DataSource' (OnClassCondition)

   DataSourceTransactionManagerAutoConfiguration.JdbcTransactionManagerConfiguration#transactionManager:
      Did not match:
         - @ConditionalOnMissingBean (types: org.springframework.transaction.TransactionManager; SearchStrategy: all) found beans of type 'org.springframework.transaction.TransactionManager' transactionManager (OnBeanCondition)

   DefaultFeignLoadBalancerConfiguration#feignRetryClient:
      Did not match:
         - @ConditionalOnClass did not find required class 'org.springframework.retry.support.RetryTemplate' (OnClassCondition)

   DiscoveryClientOptionalArgsConfiguration.DiscoveryClientOptionalArgsTlsConfiguration:
      Did not match:
         - AllNestedConditions 1 matched 1 did not; NestedCondition on DiscoveryClientOptionalArgsConfiguration.JerseyClientPresentAndEnabledCondition.OnJerseyClientEnabled @ConditionalOnProperty (eureka.client.jersey.enabled) matched; NestedCondition on DiscoveryClientOptionalArgsConfiguration.JerseyClientPresentAndEnabledCondition.OnJerseyClientPresent @ConditionalOnClass did not find required class 'org.glassfish.jersey.client.JerseyClient' (DiscoveryClientOptionalArgsConfiguration.JerseyClientPresentAndEnabledCondition)

   DiscoveryClientOptionalArgsConfiguration.WebClientConfiguration:
      Did not match:
         - @ConditionalOnClass did not find required class 'org.springframework.web.reactive.function.client.WebClient' (OnClassCondition)

   DiscoveryClientOptionalArgsConfiguration.WebClientNotFoundConfiguration:
      Did not match:
         - @ConditionalOnProperty (eureka.client.webclient.enabled=true) did not find property 'webclient.enabled' (OnPropertyCondition)
      Matched:
         - @ConditionalOnMissingClass did not find unwanted class 'org.springframework.web.reactive.function.client.WebClient' (OnClassCondition)

   DispatcherServletAutoConfiguration.DispatcherServletConfiguration#multipartResolver:
      Did not match:
         - @ConditionalOnBean (types: org.springframework.web.multipart.MultipartResolver; SearchStrategy: all) did not find any beans of type org.springframework.web.multipart.MultipartResolver (OnBeanCondition)

   ElasticsearchClientAutoConfiguration:
      Did not match:
         - @ConditionalOnClass did not find required class 'co.elastic.clients.elasticsearch.ElasticsearchClient' (OnClassCondition)

   ElasticsearchDataAutoConfiguration:
      Did not match:
         - @ConditionalOnClass did not find required class 'org.springframework.data.elasticsearch.client.elc.ElasticsearchTemplate' (OnClassCondition)

   ElasticsearchRepositoriesAutoConfiguration:
      Did not match:
         - @ConditionalOnClass did not find required class 'org.springframework.data.elasticsearch.repository.ElasticsearchRepository' (OnClassCondition)

   ElasticsearchRestClientAutoConfiguration:
      Did not match:
         - @ConditionalOnClass did not find required class 'org.elasticsearch.client.RestClientBuilder' (OnClassCondition)

   EmbeddedLdapAutoConfiguration:
      Did not match:
         - @ConditionalOnClass did not find required class 'com.unboundid.ldap.listener.InMemoryDirectoryServer' (OnClassCondition)

   EmbeddedWebServerFactoryCustomizerAutoConfiguration.JettyWebServerFactoryCustomizerConfiguration:
      Did not match:
         - @ConditionalOnClass did not find required classes 'org.eclipse.jetty.server.Server', 'org.eclipse.jetty.util.Loader', 'org.eclipse.jetty.ee10.webapp.WebAppContext' (OnClassCondition)

   EmbeddedWebServerFactoryCustomizerAutoConfiguration.NettyWebServerFactoryCustomizerConfiguration:
      Did not match:
         - @ConditionalOnClass did not find required class 'reactor.netty.http.server.HttpServer' (OnClassCondition)

   EmbeddedWebServerFactoryCustomizerAutoConfiguration.TomcatWebServerFactoryCustomizerConfiguration#tomcatVirtualThreadsProtocolHandlerCustomizer:
      Did not match:
         - @ConditionalOnThreading did not find VIRTUAL (OnThreadingCondition)

   EmbeddedWebServerFactoryCustomizerAutoConfiguration.UndertowWebServerFactoryCustomizerConfiguration:
      Did not match:
         - @ConditionalOnClass did not find required classes 'io.undertow.Undertow', 'org.xnio.SslClientAuthMode' (OnClassCondition)

   ErrorWebFluxAutoConfiguration:
      Did not match:
         - @ConditionalOnClass did not find required class 'org.springframework.web.reactive.config.WebFluxConfigurer' (OnClassCondition)

   EurekaClientAutoConfiguration.EurekaClientConfiguration:
      Did not match:
         - AnyNestedCondition 0 matched 3 did not; NestedCondition on EurekaClientAutoConfiguration.OnMissingRefreshScopeCondition.OnPropertyDisabled @ConditionalOnProperty (eureka.client.refresh.enable=false) did not find property 'eureka.client.refresh.enable'; NestedCondition on EurekaClientAutoConfiguration.OnMissingRefreshScopeCondition.MissingScope @ConditionalOnMissingBean (types: org.springframework.cloud.autoconfigure.RefreshAutoConfiguration; SearchStrategy: all) found beans of type 'org.springframework.cloud.autoconfigure.RefreshAutoConfiguration' org.springframework.cloud.autoconfigure.RefreshAutoConfiguration; NestedCondition on EurekaClientAutoConfiguration.OnMissingRefreshScopeCondition.MissingClass @ConditionalOnMissingClass found unwanted class 'org.springframework.cloud.context.scope.refresh.RefreshScope' (EurekaClientAutoConfiguration.OnMissingRefreshScopeCondition)

   EurekaClientAutoConfiguration.EurekaHealthIndicatorConfiguration:
      Did not match:
         - @ConditionalOnClass did not find required class 'org.springframework.boot.actuate.health.Health' (OnClassCondition)

   EurekaClientConfigServerAutoConfiguration:
      Did not match:
         - @ConditionalOnClass did not find required class 'org.springframework.cloud.config.server.config.ConfigServerProperties' (OnClassCondition)

   EurekaDiscoveryClientConfiguration.EurekaHealthCheckHandlerConfiguration:
      Did not match:
         - @ConditionalOnProperty (eureka.client.healthcheck.enabled) did not find property 'eureka.client.healthcheck.enabled' (OnPropertyCondition)

   EurekaReactiveDiscoveryClientConfiguration:
      Did not match:
         - @ConditionalOnClass did not find required class 'org.springframework.web.reactive.function.client.WebClient' (OnClassCondition)

   FeignAcceptGzipEncodingAutoConfiguration:
      Did not match:
         - @ConditionalOnProperty (spring.cloud.openfeign.compression.response.enabled) did not find property 'spring.cloud.openfeign.compression.response.enabled' (OnPropertyCondition)
      Matched:
         - @ConditionalOnClass found required class 'feign.Feign' (OnClassCondition)

   FeignAutoConfiguration#cachingCapability:
      Did not match:
         - @ConditionalOnBean (types: org.springframework.cache.interceptor.CacheInterceptor; SearchStrategy: all) did not find any beans of type org.springframework.cache.interceptor.CacheInterceptor (OnBeanCondition)
      Matched:
         - @ConditionalOnProperty (spring.cloud.openfeign.cache.enabled) matched (OnPropertyCondition)

   FeignAutoConfiguration.CircuitBreakerPresentFeignTargeterConfiguration:
      Did not match:
         - @ConditionalOnProperty (spring.cloud.openfeign.circuitbreaker.enabled=true) did not find property 'spring.cloud.openfeign.circuitbreaker.enabled' (OnPropertyCondition)
      Matched:
         - @ConditionalOnClass found required class 'org.springframework.cloud.client.circuitbreaker.CircuitBreaker' (OnClassCondition)

   FeignAutoConfiguration.Http2ClientFeignConfiguration:
      Did not match:
         - @ConditionalOnClass did not find required class 'feign.http2client.Http2Client' (OnClassCondition)

   FeignAutoConfiguration.HttpClient5FeignConfiguration:
      Did not match:
         - @ConditionalOnClass did not find required class 'feign.hc5.ApacheHttp5Client' (OnClassCondition)

   FeignAutoConfiguration.Oauth2FeignConfiguration:
      Did not match:
         - @ConditionalOnClass did not find required class 'org.springframework.security.oauth2.client.OAuth2AuthorizedClientManager' (OnClassCondition)

   FeignAutoConfiguration.OkHttpFeignConfiguration:
      Did not match:
         - @ConditionalOnClass did not find required class 'feign.okhttp.OkHttpClient' (OnClassCondition)

   FeignContentGzipEncodingAutoConfiguration:
      Did not match:
         - @ConditionalOnProperty (spring.cloud.openfeign.compression.request.enabled) did not find property 'spring.cloud.openfeign.compression.request.enabled' (OnPropertyCondition)
      Matched:
         - @ConditionalOnClass found required class 'feign.Feign' (OnClassCondition)

   FeignHalAutoConfiguration:
      Did not match:
         - @ConditionalOnClass did not find required class 'org.springframework.hateoas.config.WebConverters' (OnClassCondition)

   FlywayAutoConfiguration:
      Did not match:
         - @ConditionalOnClass did not find required class 'org.flywaydb.core.Flyway' (OnClassCondition)

   FreeMarkerAutoConfiguration:
      Did not match:
         - @ConditionalOnClass did not find required class 'freemarker.template.Configuration' (OnClassCondition)

   GraphQlAutoConfiguration:
      Did not match:
         - @ConditionalOnClass did not find required class 'graphql.GraphQL' (OnClassCondition)

   GraphQlQueryByExampleAutoConfiguration:
      Did not match:
         - @ConditionalOnClass did not find required class 'graphql.GraphQL' (OnClassCondition)

   GraphQlQuerydslAutoConfiguration:
      Did not match:
         - @ConditionalOnClass did not find required class 'com.querydsl.core.Query' (OnClassCondition)

   GraphQlRSocketAutoConfiguration:
      Did not match:
         - @ConditionalOnClass did not find required class 'graphql.GraphQL' (OnClassCondition)

   GraphQlReactiveQueryByExampleAutoConfiguration:
      Did not match:
         - @ConditionalOnClass did not find required class 'graphql.GraphQL' (OnClassCondition)

   GraphQlReactiveQuerydslAutoConfiguration:
      Did not match:
         - @ConditionalOnClass did not find required class 'com.querydsl.core.Query' (OnClassCondition)

   GraphQlWebFluxAutoConfiguration:
      Did not match:
         - @ConditionalOnClass did not find required class 'graphql.GraphQL' (OnClassCondition)

   GraphQlWebFluxSecurityAutoConfiguration:
      Did not match:
         - @ConditionalOnClass did not find required class 'graphql.GraphQL' (OnClassCondition)

   GraphQlWebMvcAutoConfiguration:
      Did not match:
         - @ConditionalOnClass did not find required class 'graphql.GraphQL' (OnClassCondition)

   GraphQlWebMvcSecurityAutoConfiguration:
      Did not match:
         - @ConditionalOnClass did not find required class 'graphql.GraphQL' (OnClassCondition)

   GroovyTemplateAutoConfiguration:
      Did not match:
         - @ConditionalOnClass did not find required class 'groovy.text.markup.MarkupTemplateEngine' (OnClassCondition)

   GsonHttpMessageConvertersConfiguration.GsonHttpMessageConverterConfiguration:
      Did not match:
         - AnyNestedCondition 0 matched 2 did not; NestedCondition on GsonHttpMessageConvertersConfiguration.PreferGsonOrJacksonAndJsonbUnavailableCondition.JacksonJsonbUnavailable NoneNestedConditions 1 matched 1 did not; NestedCondition on GsonHttpMessageConvertersConfiguration.JacksonAndJsonbUnavailableCondition.JsonbPreferred @ConditionalOnProperty (spring.mvc.converters.preferred-json-mapper=jsonb) did not find property 'spring.mvc.converters.preferred-json-mapper'; NestedCondition on GsonHttpMessageConvertersConfiguration.JacksonAndJsonbUnavailableCondition.JacksonAvailable @ConditionalOnBean (types: org.springframework.http.converter.json.MappingJackson2HttpMessageConverter; SearchStrategy: all) found bean 'mappingJackson2HttpMessageConverter'; NestedCondition on GsonHttpMessageConvertersConfiguration.PreferGsonOrJacksonAndJsonbUnavailableCondition.GsonPreferred @ConditionalOnProperty (spring.mvc.converters.preferred-json-mapper=gson) did not find property 'spring.mvc.converters.preferred-json-mapper' (GsonHttpMessageConvertersConfiguration.PreferGsonOrJacksonAndJsonbUnavailableCondition)

   H2ConsoleAutoConfiguration:
      Did not match:
         - @ConditionalOnProperty (spring.h2.console.enabled=true) did not find property 'enabled' (OnPropertyCondition)
      Matched:
         - @ConditionalOnClass found required class 'org.h2.server.web.JakartaWebServlet' (OnClassCondition)
         - found 'session' scope (OnWebApplicationCondition)

   HazelcastAutoConfiguration:
      Did not match:
         - @ConditionalOnClass did not find required class 'com.hazelcast.core.HazelcastInstance' (OnClassCondition)

   HazelcastCacheConfiguration:
      Did not match:
         - @ConditionalOnClass did not find required class 'com.hazelcast.core.HazelcastInstance' (OnClassCondition)

   HazelcastJpaDependencyAutoConfiguration:
      Did not match:
         - @ConditionalOnClass did not find required class 'com.hazelcast.core.HazelcastInstance' (OnClassCondition)

   Http2ClientFeignLoadBalancerConfiguration:
      Did not match:
         - @ConditionalOnClass did not find required class 'feign.http2client.Http2Client' (OnClassCondition)

   HttpClient5FeignLoadBalancerConfiguration:
      Did not match:
         - @ConditionalOnClass did not find required class 'feign.hc5.ApacheHttp5Client' (OnClassCondition)

   HttpHandlerAutoConfiguration:
      Did not match:
         - @ConditionalOnClass did not find required class 'org.springframework.web.reactive.DispatcherHandler' (OnClassCondition)

   HypermediaAutoConfiguration:
      Did not match:
         - @ConditionalOnClass did not find required class 'org.springframework.hateoas.EntityModel' (OnClassCondition)

   InfinispanCacheConfiguration:
      Did not match:
         - @ConditionalOnClass did not find required class 'org.infinispan.spring.embedded.provider.SpringEmbeddedCacheManager' (OnClassCondition)

   InfluxDbAutoConfiguration:
      Did not match:
         - @ConditionalOnClass did not find required class 'org.influxdb.InfluxDB' (OnClassCondition)

   IntegrationAutoConfiguration:
      Did not match:
         - @ConditionalOnClass did not find required class 'org.springframework.integration.config.EnableIntegration' (OnClassCondition)

   JCacheCacheConfiguration:
      Did not match:
         - @ConditionalOnClass did not find required class 'javax.cache.Caching' (OnClassCondition)

   JacksonHttpMessageConvertersConfiguration.MappingJackson2XmlHttpMessageConverterConfiguration:
      Did not match:
         - @ConditionalOnClass did not find required class 'com.fasterxml.jackson.dataformat.xml.XmlMapper' (OnClassCondition)

   JdbcRepositoriesAutoConfiguration:
      Did not match:
         - @ConditionalOnClass did not find required class 'org.springframework.data.jdbc.repository.config.AbstractJdbcConfiguration' (OnClassCondition)

   JerseyAutoConfiguration:
      Did not match:
         - @ConditionalOnClass did not find required class 'org.glassfish.jersey.server.spring.SpringComponentProvider' (OnClassCondition)

   JmsAutoConfiguration:
      Did not match:
         - @ConditionalOnClass did not find required class 'jakarta.jms.Message' (OnClassCondition)

   JmxAutoConfiguration:
      Did not match:
         - @ConditionalOnProperty (spring.jmx.enabled=true) did not find property 'enabled' (OnPropertyCondition)
      Matched:
         - @ConditionalOnClass found required class 'org.springframework.jmx.export.MBeanExporter' (OnClassCondition)

   JndiConnectionFactoryAutoConfiguration:
      Did not match:
         - @ConditionalOnClass did not find required class 'org.springframework.jms.core.JmsTemplate' (OnClassCondition)

   JndiDataSourceAutoConfiguration:
      Did not match:
         - @ConditionalOnProperty (spring.datasource.jndi-name) did not find property 'jndi-name' (OnPropertyCondition)
      Matched:
         - @ConditionalOnClass found required classes 'javax.sql.DataSource', 'org.springframework.jdbc.datasource.embedded.EmbeddedDatabaseType' (OnClassCondition)

   JndiJtaConfiguration:
      Did not match:
         - @ConditionalOnJndi JNDI environment is not available (OnJndiCondition)
      Matched:
         - @ConditionalOnClass found required class 'org.springframework.transaction.jta.JtaTransactionManager' (OnClassCondition)

   JooqAutoConfiguration:
      Did not match:
         - @ConditionalOnClass did not find required class 'org.jooq.DSLContext' (OnClassCondition)

   JpaRepositoriesAutoConfiguration#entityManagerFactoryBootstrapExecutorCustomizer:
      Did not match:
         - AnyNestedCondition 0 matched 2 did not; NestedCondition on JpaRepositoriesAutoConfiguration.BootstrapExecutorCondition.LazyBootstrapMode @ConditionalOnProperty (spring.data.jpa.repositories.bootstrap-mode=lazy) did not find property 'bootstrap-mode'; NestedCondition on JpaRepositoriesAutoConfiguration.BootstrapExecutorCondition.DeferredBootstrapMode @ConditionalOnProperty (spring.data.jpa.repositories.bootstrap-mode=deferred) did not find property 'bootstrap-mode' (JpaRepositoriesAutoConfiguration.BootstrapExecutorCondition)

   JsonbAutoConfiguration:
      Did not match:
         - @ConditionalOnClass did not find required class 'jakarta.json.bind.Jsonb' (OnClassCondition)

   JsonbHttpMessageConvertersConfiguration:
      Did not match:
         - @ConditionalOnClass did not find required class 'jakarta.json.bind.Jsonb' (OnClassCondition)

   KafkaAutoConfiguration:
      Did not match:
         - @ConditionalOnClass did not find required class 'org.springframework.kafka.core.KafkaTemplate' (OnClassCondition)

   LdapAutoConfiguration:
      Did not match:
         - @ConditionalOnClass did not find required class 'org.springframework.ldap.core.ContextSource' (OnClassCondition)

   LdapRepositoriesAutoConfiguration:
      Did not match:
         - @ConditionalOnClass did not find required class 'org.springframework.data.ldap.repository.LdapRepository' (OnClassCondition)

   LiquibaseAutoConfiguration:
      Did not match:
         - @ConditionalOnClass did not find required class 'liquibase.change.DatabaseChange' (OnClassCondition)

   LoadBalancerAutoConfiguration.RetryAutoConfiguration:
      Did not match:
         - @ConditionalOnClass did not find required class 'org.springframework.retry.support.RetryTemplate' (OnClassCondition)

   LoadBalancerAutoConfiguration.RetryInterceptorAutoConfiguration:
      Did not match:
         - @ConditionalOnClass did not find required class 'org.springframework.retry.support.RetryTemplate' (OnClassCondition)

   LoadBalancerBeanPostProcessorAutoConfiguration:
      Did not match:
         - @ConditionalOnClass did not find required class 'org.springframework.web.reactive.function.client.WebClient' (OnClassCondition)

   LoadBalancerCacheAutoConfiguration.CaffeineLoadBalancerCacheManagerConfiguration:
      Did not match:
         - @ConditionalOnClass did not find required class 'com.github.benmanes.caffeine.cache.Caffeine' (OnClassCondition)

   LoadBalancerEurekaAutoConfiguration#zoneConfig:
      Did not match:
         - @ConditionalOnMissingBean (types: org.springframework.cloud.loadbalancer.config.LoadBalancerZoneConfig; SearchStrategy: all) found beans of type 'org.springframework.cloud.loadbalancer.config.LoadBalancerZoneConfig' zoneConfig (OnBeanCondition)

   LoadBalancerStatsAutoConfiguration:
      Did not match:
         - @ConditionalOnClass did not find required class 'io.micrometer.core.instrument.MeterRegistry' (OnClassCondition)

   MailSenderAutoConfiguration:
      Did not match:
         - @ConditionalOnClass did not find required class 'jakarta.mail.internet.MimeMessage' (OnClassCondition)

   MailSenderValidatorAutoConfiguration:
      Did not match:
         - @ConditionalOnProperty (spring.mail.test-connection) did not find property 'test-connection' (OnPropertyCondition)

   MessageSourceAutoConfiguration:
      Did not match:
         - ResourceBundle did not find bundle with basename messages (MessageSourceAutoConfiguration.ResourceBundleCondition)

   MongoAutoConfiguration:
      Did not match:
         - @ConditionalOnClass did not find required class 'com.mongodb.client.MongoClient' (OnClassCondition)

   MongoDataAutoConfiguration:
      Did not match:
         - @ConditionalOnClass did not find required class 'com.mongodb.client.MongoClient' (OnClassCondition)

   MongoReactiveAutoConfiguration:
      Did not match:
         - @ConditionalOnClass did not find required class 'com.mongodb.reactivestreams.client.MongoClient' (OnClassCondition)

   MongoReactiveDataAutoConfiguration:
      Did not match:
         - @ConditionalOnClass did not find required class 'com.mongodb.reactivestreams.client.MongoClient' (OnClassCondition)

   MongoReactiveRepositoriesAutoConfiguration:
      Did not match:
         - @ConditionalOnClass did not find required class 'com.mongodb.reactivestreams.client.MongoClient' (OnClassCondition)

   MongoRepositoriesAutoConfiguration:
      Did not match:
         - @ConditionalOnClass did not find required class 'com.mongodb.client.MongoClient' (OnClassCondition)

   MultipleOpenApiSupportConfiguration:
      Did not match:
         - AnyNestedCondition 0 matched 2 did not; NestedCondition on MultipleOpenApiSupportCondition.OnActuatorDifferentPort @ConditionalOnProperty (springdoc.show-actuator) did not find property 'springdoc.show-actuator'; NestedCondition on MultipleOpenApiSupportCondition.OnMultipleOpenApiSupportCondition AnyNestedCondition 0 matched 2 did not; NestedCondition on MultipleOpenApiGroupsCondition.OnGroupConfigProperty @ConditionalOnProperty (springdoc.group-configs[0].group) did not find property 'springdoc.group-configs[0].group'; NestedCondition on MultipleOpenApiGroupsCondition.OnGroupedOpenApiBean @ConditionalOnBean (types: org.springdoc.core.models.GroupedOpenApi; SearchStrategy: all) did not find any beans of type org.springdoc.core.models.GroupedOpenApi (MultipleOpenApiSupportCondition)
      Matched:
         - found 'session' scope (OnWebApplicationCondition)
         - @ConditionalOnProperty (springdoc.api-docs.enabled) matched (OnPropertyCondition)

   MultipleOpenApiSupportConfiguration.SpringDocWebMvcActuatorDifferentConfiguration:
      Did not match:
         - @ConditionalOnClass did not find required class 'org.springframework.boot.actuate.endpoint.web.servlet.WebMvcEndpointHandlerMapping' (OnClassCondition)
         - Ancestor org.springdoc.webmvc.core.configuration.MultipleOpenApiSupportConfiguration did not match (ConditionEvaluationReport.AncestorsMatchedCondition)

   MustacheAutoConfiguration:
      Did not match:
         - @ConditionalOnClass did not find required class 'com.samskivert.mustache.Mustache' (OnClassCondition)

   Neo4jAutoConfiguration:
      Did not match:
         - @ConditionalOnClass did not find required class 'org.neo4j.driver.Driver' (OnClassCondition)

   Neo4jDataAutoConfiguration:
      Did not match:
         - @ConditionalOnClass did not find required class 'org.neo4j.driver.Driver' (OnClassCondition)

   Neo4jReactiveDataAutoConfiguration:
      Did not match:
         - @ConditionalOnClass did not find required class 'org.neo4j.driver.Driver' (OnClassCondition)

   Neo4jReactiveRepositoriesAutoConfiguration:
      Did not match:
         - @ConditionalOnClass did not find required class 'org.neo4j.driver.Driver' (OnClassCondition)

   Neo4jRepositoriesAutoConfiguration:
      Did not match:
         - @ConditionalOnClass did not find required class 'org.neo4j.driver.Driver' (OnClassCondition)

   NettyAutoConfiguration:
      Did not match:
         - @ConditionalOnClass did not find required class 'io.netty.util.NettyRuntime' (OnClassCondition)

   OAuth2AuthorizationServerAutoConfiguration:
      Did not match:
         - @ConditionalOnClass did not find required class 'org.springframework.security.oauth2.server.authorization.OAuth2Authorization' (OnClassCondition)

   OAuth2AuthorizationServerJwtAutoConfiguration:
      Did not match:
         - @ConditionalOnClass did not find required class 'org.springframework.security.oauth2.server.authorization.OAuth2Authorization' (OnClassCondition)

   OAuth2ClientAutoConfiguration:
      Did not match:
         - @ConditionalOnClass did not find required class 'org.springframework.security.config.annotation.web.configuration.EnableWebSecurity' (OnClassCondition)

   OAuth2LoadBalancerClientAutoConfiguration:
      Did not match:
         - @ConditionalOnProperty (spring.cloud.oauth2.load-balanced.enabled) did not find property 'spring.cloud.oauth2.load-balanced.enabled' (OnPropertyCondition)

   OAuth2ResourceServerAutoConfiguration:
      Did not match:
         - @ConditionalOnClass did not find required class 'org.springframework.security.oauth2.server.resource.authentication.BearerTokenAuthenticationToken' (OnClassCondition)

   OkHttpFeignLoadBalancerConfiguration:
      Did not match:
         - @ConditionalOnClass did not find required class 'feign.okhttp.OkHttpClient' (OnClassCondition)

   ProjectInfoAutoConfiguration#buildProperties:
      Did not match:
         - @ConditionalOnResource did not find resource '${spring.info.build.location:classpath:META-INF/build-info.properties}' (OnResourceCondition)

   ProjectInfoAutoConfiguration#gitProperties:
      Did not match:
         - GitResource did not find git info at classpath:git.properties (ProjectInfoAutoConfiguration.GitResourceAvailableCondition)

   PulsarAutoConfiguration:
      Did not match:
         - @ConditionalOnClass did not find required class 'org.apache.pulsar.client.api.PulsarClient' (OnClassCondition)

   PulsarReactiveAutoConfiguration:
      Did not match:
         - @ConditionalOnClass did not find required class 'org.apache.pulsar.client.api.PulsarClient' (OnClassCondition)

   QuartzAutoConfiguration:
      Did not match:
         - @ConditionalOnClass did not find required class 'org.quartz.Scheduler' (OnClassCondition)

   R2dbcAutoConfiguration:
      Did not match:
         - @ConditionalOnClass did not find required class 'io.r2dbc.spi.ConnectionFactory' (OnClassCondition)

   R2dbcDataAutoConfiguration:
      Did not match:
         - @ConditionalOnClass did not find required class 'org.springframework.data.r2dbc.core.R2dbcEntityTemplate' (OnClassCondition)

   R2dbcInitializationConfiguration:
      Did not match:
         - @ConditionalOnClass did not find required classes 'io.r2dbc.spi.ConnectionFactory', 'org.springframework.r2dbc.connection.init.DatabasePopulator' (OnClassCondition)

   R2dbcRepositoriesAutoConfiguration:
      Did not match:
         - @ConditionalOnClass did not find required class 'io.r2dbc.spi.ConnectionFactory' (OnClassCondition)

   R2dbcTransactionManagerAutoConfiguration:
      Did not match:
         - @ConditionalOnClass did not find required class 'org.springframework.r2dbc.connection.R2dbcTransactionManager' (OnClassCondition)

   RSocketGraphQlClientAutoConfiguration:
      Did not match:
         - @ConditionalOnClass did not find required class 'graphql.GraphQL' (OnClassCondition)

   RSocketMessagingAutoConfiguration:
      Did not match:
         - @ConditionalOnClass did not find required class 'io.rsocket.RSocket' (OnClassCondition)

   RSocketRequesterAutoConfiguration:
      Did not match:
         - @ConditionalOnClass did not find required class 'io.rsocket.RSocket' (OnClassCondition)

   RSocketSecurityAutoConfiguration:
      Did not match:
         - @ConditionalOnClass did not find required class 'org.springframework.security.rsocket.core.SecuritySocketAcceptorInterceptor' (OnClassCondition)

   RSocketServerAutoConfiguration:
      Did not match:
         - @ConditionalOnClass did not find required class 'io.rsocket.core.RSocketServer' (OnClassCondition)

   RSocketStrategiesAutoConfiguration:
      Did not match:
         - @ConditionalOnClass did not find required class 'io.netty.buffer.PooledByteBufAllocator' (OnClassCondition)

   RabbitAutoConfiguration:
      Did not match:
         - @ConditionalOnClass did not find required class 'com.rabbitmq.client.Channel' (OnClassCondition)

   ReactiveCommonsClientAutoConfiguration.ReactiveDiscoveryLoadBalancerConfiguration:
      Did not match:
         - @ConditionalOnClass did not find required classes 'org.springframework.boot.actuate.health.ReactiveHealthIndicator', 'org.springframework.web.reactive.function.client.WebClient' (OnClassCondition)

   ReactiveCompositeDiscoveryClientAutoConfiguration:
      Did not match:
         - @ConditionalOnClass did not find required class 'org.springframework.web.reactive.function.client.WebClient' (OnClassCondition)

   ReactiveElasticsearchClientAutoConfiguration:
      Did not match:
         - @ConditionalOnClass did not find required class 'co.elastic.clients.transport.ElasticsearchTransport' (OnClassCondition)

   ReactiveElasticsearchRepositoriesAutoConfiguration:
      Did not match:
         - @ConditionalOnClass did not find required class 'org.springframework.data.elasticsearch.client.elc.ReactiveElasticsearchClient' (OnClassCondition)

   ReactiveMultipartAutoConfiguration:
      Did not match:
         - @ConditionalOnClass did not find required class 'org.springframework.web.reactive.config.WebFluxConfigurer' (OnClassCondition)

   ReactiveOAuth2ClientAutoConfiguration:
      Did not match:
         - @ConditionalOnClass did not find required class 'org.springframework.security.config.annotation.web.reactive.EnableWebFluxSecurity' (OnClassCondition)

   ReactiveOAuth2ResourceServerAutoConfiguration:
      Did not match:
         - @ConditionalOnClass did not find required class 'org.springframework.security.config.annotation.web.reactive.EnableWebFluxSecurity' (OnClassCondition)

   ReactiveSecurityAutoConfiguration:
      Did not match:
         - @ConditionalOnClass did not find required class 'org.springframework.security.config.annotation.web.reactive.EnableWebFluxSecurity' (OnClassCondition)

   ReactiveUserDetailsServiceAutoConfiguration:
      Did not match:
         - @ConditionalOnClass did not find required class 'org.springframework.security.authentication.ReactiveAuthenticationManager' (OnClassCondition)

   ReactiveWebServerFactoryAutoConfiguration:
      Did not match:
         - @ConditionalOnWebApplication did not find reactive web application classes (OnWebApplicationCondition)

   ReactorLoadBalancerClientAutoConfiguration:
      Did not match:
         - @ConditionalOnClass did not find required class 'org.springframework.web.reactive.function.client.WebClient' (OnClassCondition)

   RedisAutoConfiguration:
      Did not match:
         - @ConditionalOnClass did not find required class 'org.springframework.data.redis.core.RedisOperations' (OnClassCondition)

   RedisCacheConfiguration:
      Did not match:
         - @ConditionalOnClass did not find required class 'org.springframework.data.redis.connection.RedisConnectionFactory' (OnClassCondition)

   RedisReactiveAutoConfiguration:
      Did not match:
         - @ConditionalOnClass did not find required class 'org.springframework.data.redis.connection.ReactiveRedisConnectionFactory' (OnClassCondition)

   RedisRepositoriesAutoConfiguration:
      Did not match:
         - @ConditionalOnClass did not find required class 'org.springframework.data.redis.repository.configuration.EnableRedisRepositories' (OnClassCondition)

   RefreshAutoConfiguration#legacyContextRefresher:
      Did not match:
         - AnyNestedCondition 0 matched 3 did not; NestedCondition on ConditionalOnBootstrapEnabled.OnBootstrapEnabledCondition.OnBootstrapEnabled @ConditionalOnProperty (spring.cloud.bootstrap.enabled) did not find property 'spring.cloud.bootstrap.enabled'; NestedCondition on ConditionalOnBootstrapEnabled.OnBootstrapEnabledCondition.OnUseLegacyProcessingEnabled @ConditionalOnProperty (spring.config.use-legacy-processing) did not find property 'spring.config.use-legacy-processing'; NestedCondition on ConditionalOnBootstrapEnabled.OnBootstrapEnabledCondition.OnBootstrapMarkerClassPresent @ConditionalOnClass did not find required class 'org.springframework.cloud.bootstrap.marker.Marker' (ConditionalOnBootstrapEnabled.OnBootstrapEnabledCondition)

   RefreshAutoConfiguration.JpaInvokerConfiguration:
      Did not match:
         - @ConditionalOnClass did not find required class 'javax.persistence.EntityManagerFactory' (OnClassCondition)

   RefreshEndpointAutoConfiguration:
      Did not match:
         - @ConditionalOnClass did not find required class 'org.springframework.boot.actuate.autoconfigure.endpoint.EndpointAutoConfiguration' (OnClassCondition)

   RepositoryRestMvcAutoConfiguration:
      Did not match:
         - @ConditionalOnClass did not find required class 'org.springframework.data.rest.webmvc.config.RepositoryRestMvcConfiguration' (OnClassCondition)

   Saml2RelyingPartyAutoConfiguration:
      Did not match:
         - @ConditionalOnClass did not find required class 'org.springframework.security.saml2.provider.service.registration.RelyingPartyRegistrationRepository' (OnClassCondition)

   SecurityAutoConfiguration:
      Did not match:
         - @ConditionalOnClass did not find required class 'org.springframework.security.authentication.DefaultAuthenticationEventPublisher' (OnClassCondition)

   SecurityFilterAutoConfiguration:
      Did not match:
         - @ConditionalOnClass did not find required class 'org.springframework.security.config.http.SessionCreationPolicy' (OnClassCondition)

   SendGridAutoConfiguration:
      Did not match:
         - @ConditionalOnClass did not find required class 'com.sendgrid.SendGrid' (OnClassCondition)

   ServiceRegistryAutoConfiguration.ServiceRegistryEndpointConfiguration:
      Did not match:
         - @ConditionalOnClass did not find required class 'org.springframework.boot.actuate.endpoint.annotation.Endpoint' (OnClassCondition)

   ServletWebServerFactoryAutoConfiguration.ForwardedHeaderFilterConfiguration:
      Did not match:
         - @ConditionalOnProperty (server.forward-headers-strategy=framework) did not find property 'server.forward-headers-strategy' (OnPropertyCondition)

   ServletWebServerFactoryConfiguration.EmbeddedJetty:
      Did not match:
         - @ConditionalOnClass did not find required classes 'org.eclipse.jetty.server.Server', 'org.eclipse.jetty.util.Loader', 'org.eclipse.jetty.ee10.webapp.WebAppContext' (OnClassCondition)

   ServletWebServerFactoryConfiguration.EmbeddedUndertow:
      Did not match:
         - @ConditionalOnClass did not find required classes 'io.undertow.Undertow', 'org.xnio.SslClientAuthMode' (OnClassCondition)

   SessionAutoConfiguration:
      Did not match:
         - @ConditionalOnClass did not find required class 'org.springframework.session.Session' (OnClassCondition)

   SimpleReactiveDiscoveryClientAutoConfiguration:
      Did not match:
         - @ConditionalOnClass did not find required class 'org.springframework.web.reactive.function.client.WebClient' (OnClassCondition)

   SpringApplicationAdminJmxAutoConfiguration:
      Did not match:
         - @ConditionalOnProperty (spring.application.admin.enabled=true) did not find property 'enabled' (OnPropertyCondition)

   SpringDocConfiguration#propertiesResolverForSchema:
      Did not match:
         - @ConditionalOnProperty (springdoc.api-docs.resolve-schema-properties) did not find property 'springdoc.api-docs.resolve-schema-properties' (OnPropertyCondition)

   SpringDocConfiguration#propertyCustomizingConverter:
      Did not match:
         - @ConditionalOnBean (types: org.springdoc.core.customizers.PropertyCustomizer; SearchStrategy: all) did not find any beans of type org.springdoc.core.customizers.PropertyCustomizer (OnBeanCondition)

   SpringDocConfiguration#springdocBeanFactoryPostProcessor:
      Did not match:
         - AnyNestedCondition 0 matched 2 did not; NestedCondition on CacheOrGroupedOpenApiCondition.OnCacheDisabled found non-matching nested conditions @ConditionalOnProperty (springdoc.cache.disabled) did not find property 'springdoc.cache.disabled'; NestedCondition on CacheOrGroupedOpenApiCondition.OnMultipleOpenApiSupportCondition AnyNestedCondition 0 matched 2 did not; NestedCondition on MultipleOpenApiSupportCondition.OnActuatorDifferentPort @ConditionalOnProperty (springdoc.show-actuator) did not find property 'springdoc.show-actuator'; NestedCondition on MultipleOpenApiSupportCondition.OnMultipleOpenApiSupportCondition AnyNestedCondition 0 matched 2 did not; NestedCondition on MultipleOpenApiGroupsCondition.OnGroupConfigProperty @ConditionalOnProperty (springdoc.group-configs[0].group) did not find property 'springdoc.group-configs[0].group'; NestedCondition on MultipleOpenApiGroupsCondition.OnGroupedOpenApiBean @ConditionalOnBean (types: org.springdoc.core.models.GroupedOpenApi; SearchStrategy: all) did not find any beans of type org.springdoc.core.models.GroupedOpenApi (CacheOrGroupedOpenApiCondition)
      Matched:
         - @ConditionalOnClass found required class 'org.springframework.boot.context.properties.bind.BindResult' (OnClassCondition)

   SpringDocConfiguration#springdocBeanFactoryPostProcessor2:
      Did not match:
         - @ConditionalOnMissingClass found unwanted class 'org.springframework.boot.context.properties.bind.BindResult' (OnClassCondition)

   SpringDocConfiguration.SpringDocActuatorConfiguration:
      Did not match:
         - @ConditionalOnClass did not find required class 'org.springframework.boot.actuate.autoconfigure.endpoint.web.WebEndpointProperties' (OnClassCondition)

   SpringDocConfiguration.SpringDocRepositoryRestConfiguration:
      Did not match:
         - @ConditionalOnClass did not find required class 'org.springframework.data.rest.core.config.RepositoryRestConfiguration' (OnClassCondition)

   SpringDocDataRestConfiguration:
      Did not match:
         - @ConditionalOnClass did not find required class 'org.springframework.data.rest.core.config.RepositoryRestConfiguration' (OnClassCondition)

   SpringDocFunctionCatalogConfiguration:
      Did not match:
         - @ConditionalOnClass did not find required class 'org.springframework.cloud.function.web.function.FunctionEndpointInitializer' (OnClassCondition)

   SpringDocGroovyConfiguration:
      Did not match:
         - @ConditionalOnClass did not find required class 'groovy.lang.MetaClass' (OnClassCondition)

   SpringDocHateoasConfiguration:
      Did not match:
         - @ConditionalOnClass did not find required class 'org.springframework.hateoas.server.LinkRelationProvider' (OnClassCondition)

   SpringDocJacksonKotlinModuleConfiguration:
      Did not match:
         - @ConditionalOnClass did not find required class 'com.fasterxml.jackson.module.kotlin.KotlinModule' (OnClassCondition)

   SpringDocJavadocConfiguration:
      Did not match:
         - @ConditionalOnClass did not find required class 'com.github.therapi.runtimejavadoc.CommentFormatter' (OnClassCondition)

   SpringDocKotlinConfiguration:
      Did not match:
         - @ConditionalOnClass did not find required class 'kotlin.coroutines.Continuation' (OnClassCondition)

   SpringDocKotlinxConfiguration:
      Did not match:
         - @ConditionalOnClass did not find required class 'kotlinx.coroutines.flow.Flow' (OnClassCondition)

   SpringDocSecurityConfiguration:
      Did not match:
         - @ConditionalOnClass did not find required class 'org.springframework.security.web.SecurityFilterChain' (OnClassCondition)

   SpringDocSortConfiguration#delegatingMethodParameterCustomizer:
      Did not match:
         - @ConditionalOnMissingBean (types: org.springdoc.core.customizers.DelegatingMethodParameterCustomizer; SearchStrategy: all) found beans of type 'org.springdoc.core.customizers.DelegatingMethodParameterCustomizer' delegatingMethodParameterCustomizer (OnBeanCondition)

   SpringDocWebMvcConfiguration.SpringDocWebMvcActuatorConfiguration:
      Did not match:
         - @ConditionalOnClass did not find required class 'org.springframework.boot.actuate.endpoint.web.servlet.WebMvcEndpointHandlerMapping' (OnClassCondition)

   SwaggerConfig#springWebProvider:
      Did not match:
         - @ConditionalOnMissingBean (types: org.springdoc.core.providers.SpringWebProvider; SearchStrategy: all) found beans of type 'org.springdoc.core.providers.SpringWebProvider' springWebProvider (OnBeanCondition)

   SwaggerConfig#swaggerUiConfigParameters:
      Did not match:
         - @ConditionalOnMissingBean (types: org.springdoc.core.properties.SwaggerUiConfigParameters; SearchStrategy: all) found beans of type 'org.springdoc.core.properties.SwaggerUiConfigParameters' org.springdoc.core.properties.SwaggerUiConfigParameters (OnBeanCondition)

   SwaggerConfig#swaggerUiHome:
      Did not match:
         - @ConditionalOnProperty (springdoc.swagger-ui.use-root-path=true) did not find property 'springdoc.swagger-ui.use-root-path' (OnPropertyCondition)

   SwaggerConfig.SwaggerActuatorWelcomeConfiguration:
      Did not match:
         - @ConditionalOnClass did not find required class 'org.springframework.boot.actuate.endpoint.web.servlet.WebMvcEndpointHandlerMapping' (OnClassCondition)

   TaskExecutorConfigurations.SimpleAsyncTaskExecutorBuilderConfiguration#simpleAsyncTaskExecutorBuilderVirtualThreads:
      Did not match:
         - @ConditionalOnMissingBean (types: org.springframework.boot.task.SimpleAsyncTaskExecutorBuilder; SearchStrategy: all) found beans of type 'org.springframework.boot.task.SimpleAsyncTaskExecutorBuilder' simpleAsyncTaskExecutorBuilder (OnBeanCondition)

   TaskExecutorConfigurations.TaskExecutorConfiguration:
      Did not match:
         - @ConditionalOnMissingBean (types: java.util.concurrent.Executor; SearchStrategy: all) found beans of type 'java.util.concurrent.Executor' clientInboundChannelExecutor, clientOutboundChannelExecutor, brokerChannelExecutor (OnBeanCondition)

   TaskSchedulingAutoConfiguration#scheduledBeanLazyInitializationExcludeFilter:
      Did not match:
         - @ConditionalOnBean (names: org.springframework.context.annotation.internalScheduledAnnotationProcessor; SearchStrategy: all) did not find any beans named org.springframework.context.annotation.internalScheduledAnnotationProcessor (OnBeanCondition)

   TaskSchedulingConfigurations.SimpleAsyncTaskSchedulerBuilderConfiguration#simpleAsyncTaskSchedulerBuilderVirtualThreads:
      Did not match:
         - @ConditionalOnMissingBean (types: org.springframework.boot.task.SimpleAsyncTaskSchedulerBuilder; SearchStrategy: all) found beans of type 'org.springframework.boot.task.SimpleAsyncTaskSchedulerBuilder' simpleAsyncTaskSchedulerBuilder (OnBeanCondition)

   TaskSchedulingConfigurations.TaskSchedulerConfiguration:
      Did not match:
         - @ConditionalOnBean (names: org.springframework.context.annotation.internalScheduledAnnotationProcessor; SearchStrategy: all) did not find any beans named org.springframework.context.annotation.internalScheduledAnnotationProcessor (OnBeanCondition)

   ThymeleafAutoConfiguration:
      Did not match:
         - @ConditionalOnClass did not find required class 'org.thymeleaf.spring6.SpringTemplateEngine' (OnClassCondition)

   TransactionAutoConfiguration#transactionalOperator:
      Did not match:
         - @ConditionalOnSingleCandidate (types: org.springframework.transaction.ReactiveTransactionManager; SearchStrategy: all) did not find any beans (OnBeanCondition)

   TransactionAutoConfiguration.AspectJTransactionManagementConfiguration:
      Did not match:
         - @ConditionalOnBean (types: org.springframework.transaction.aspectj.AbstractTransactionAspect; SearchStrategy: all) did not find any beans of type org.springframework.transaction.aspectj.AbstractTransactionAspect (OnBeanCondition)

   TransactionAutoConfiguration.EnableTransactionManagementConfiguration.JdkDynamicAutoProxyConfiguration:
      Did not match:
         - @ConditionalOnProperty (spring.aop.proxy-target-class=false) did not find property 'proxy-target-class' (OnPropertyCondition)

   UserDetailsServiceAutoConfiguration:
      Did not match:
         - @ConditionalOnClass did not find required class 'org.springframework.security.authentication.AuthenticationManager' (OnClassCondition)

   ValidationAutoConfiguration:
      Did not match:
         - @ConditionalOnResource did not find resource 'classpath:META-INF/services/jakarta.validation.spi.ValidationProvider' (OnResourceCondition)
      Matched:
         - @ConditionalOnClass found required class 'jakarta.validation.executable.ExecutableValidator' (OnClassCondition)

   WebClientAutoConfiguration:
      Did not match:
         - @ConditionalOnClass did not find required class 'org.springframework.web.reactive.function.client.WebClient' (OnClassCondition)

   WebFluxAutoConfiguration:
      Did not match:
         - @ConditionalOnClass did not find required class 'org.springframework.web.reactive.config.WebFluxConfigurer' (OnClassCondition)

   WebMvcAutoConfiguration#hiddenHttpMethodFilter:
      Did not match:
         - @ConditionalOnProperty (spring.mvc.hiddenmethod.filter.enabled) did not find property 'enabled' (OnPropertyCondition)

   WebMvcAutoConfiguration.ProblemDetailsErrorHandlingConfiguration:
      Did not match:
         - @ConditionalOnProperty (spring.mvc.problemdetails.enabled=true) did not find property 'enabled' (OnPropertyCondition)

   WebMvcAutoConfiguration.ResourceChainCustomizerConfiguration:
      Did not match:
         - @ConditionalOnEnabledResourceChain did not find class org.webjars.WebJarAssetLocator (OnEnabledResourceChainCondition)

   WebMvcAutoConfiguration.WebMvcAutoConfigurationAdapter#beanNameViewResolver:
      Did not match:
         - @ConditionalOnMissingBean (types: org.springframework.web.servlet.view.BeanNameViewResolver; SearchStrategy: all) found beans of type 'org.springframework.web.servlet.view.BeanNameViewResolver' beanNameViewResolver (OnBeanCondition)

   WebServiceTemplateAutoConfiguration:
      Did not match:
         - @ConditionalOnClass did not find required class 'org.springframework.oxm.Marshaller' (OnClassCondition)

   WebServicesAutoConfiguration:
      Did not match:
         - @ConditionalOnClass did not find required class 'org.springframework.ws.transport.http.MessageDispatcherServlet' (OnClassCondition)

   WebSessionIdResolverAutoConfiguration:
      Did not match:
         - @ConditionalOnWebApplication did not find reactive web application classes (OnWebApplicationCondition)

   WebSocketReactiveAutoConfiguration:
      Did not match:
         - @ConditionalOnWebApplication did not find reactive web application classes (OnWebApplicationCondition)

   WebSocketServletAutoConfiguration.JettyWebSocketConfiguration:
      Did not match:
         - @ConditionalOnClass did not find required class 'org.eclipse.jetty.ee10.websocket.jakarta.server.config.JakartaWebSocketServletContainerInitializer' (OnClassCondition)

   WebSocketServletAutoConfiguration.UndertowWebSocketConfiguration:
      Did not match:
         - @ConditionalOnClass did not find required class 'io.undertow.websockets.jsr.Bootstrap' (OnClassCondition)

   WritableEnvironmentEndpointAutoConfiguration:
      Did not match:
         - @ConditionalOnClass did not find required class 'org.springframework.boot.actuate.autoconfigure.env.EnvironmentEndpointProperties' (OnClassCondition)

   XADataSourceAutoConfiguration:
      Did not match:
         - @ConditionalOnBean (types: org.springframework.boot.jdbc.XADataSourceWrapper; SearchStrategy: all) did not find any beans of type org.springframework.boot.jdbc.XADataSourceWrapper (OnBeanCondition)
      Matched:
         - @ConditionalOnClass found required classes 'javax.sql.DataSource', 'jakarta.transaction.TransactionManager', 'org.springframework.jdbc.datasource.embedded.EmbeddedDatabaseType' (OnClassCondition)


Exclusions:
-----------

    None


Unconditional classes:
----------------------

    org.springframework.boot.autoconfigure.context.ConfigurationPropertiesAutoConfiguration

    org.springframework.cloud.client.ReactiveCommonsClientAutoConfiguration

    org.springframework.boot.autoconfigure.ssl.SslAutoConfiguration

    org.springframework.cloud.client.discovery.simple.SimpleDiscoveryClientAutoConfiguration

    org.springframework.boot.autoconfigure.context.PropertyPlaceholderAutoConfiguration

    org.springframework.boot.autoconfigure.context.LifecycleAutoConfiguration

    org.springframework.cloud.client.CommonsClientAutoConfiguration

    org.springframework.cloud.commons.config.CommonsConfigAutoConfiguration

    org.springframework.cloud.netflix.eureka.config.DiscoveryClientOptionalArgsConfiguration

    org.springframework.cloud.client.loadbalancer.LoadBalancerDefaultMappingsProviderAutoConfiguration

    org.springframework.cloud.client.discovery.composite.CompositeDiscoveryClientAutoConfiguration

    org.springframework.cloud.client.serviceregistry.ServiceRegistryAutoConfiguration

    org.springframework.cloud.autoconfigure.LifecycleMvcEndpointAutoConfiguration

    org.springframework.boot.autoconfigure.availability.ApplicationAvailabilityAutoConfiguration

    org.springframework.boot.autoconfigure.info.ProjectInfoAutoConfiguration



2026-04-28T13:20:31.444+01:00  INFO 17852 --- [ticket-service] [           main] o.example.plansync.PlanSyncApplication   : Started PlanSyncApplication in 7.833 seconds (process running for 8.039)
2026-04-28T13:20:31.445+01:00 DEBUG 17852 --- [ticket-service] [           main] o.s.b.a.ApplicationAvailabilityBean      : Application availability state LivenessState changed to CORRECT
2026-04-28T13:20:31.447+01:00 DEBUG 17852 --- [ticket-service] [           main] o.s.b.a.ApplicationAvailabilityBean      : Application availability state ReadinessState changed to ACCEPTING_TRAFFIC
2026-04-28T13:21:01.375+01:00 DEBUG 17852 --- [ticket-service] [reshExecutor-%d] o.s.web.client.RestTemplate              : HTTP GET http://localhost:8761/eureka/apps/delta
2026-04-28T13:21:01.377+01:00 DEBUG 17852 --- [ticket-service] [beatExecutor-%d] o.s.web.client.RestTemplate              : HTTP PUT http://localhost:8761/eureka/apps/TICKET-SERVICE/ticket-service:8739a602d7a8d6c702048d5214c4754a?status=UP&lastDirtyTimestamp=1777378831360
2026-04-28T13:21:01.378+01:00 DEBUG 17852 --- [ticket-service] [reshExecutor-%d] o.s.web.client.RestTemplate              : Accept=[application/json, application/*+json]
2026-04-28T13:21:01.397+01:00 DEBUG 17852 --- [ticket-service] [beatExecutor-%d] o.s.web.client.RestTemplate              : Accept=[application/json, application/*+json]
2026-04-28T13:21:01.399+01:00 DEBUG 17852 --- [ticket-service] [reshExecutor-%d] o.s.web.client.RestTemplate              : Response 200 OK
2026-04-28T13:21:01.402+01:00 DEBUG 17852 --- [ticket-service] [reshExecutor-%d] o.s.web.client.RestTemplate              : Reading to [org.springframework.cloud.netflix.eureka.http.EurekaApplications]
2026-04-28T13:21:01.418+01:00 DEBUG 17852 --- [ticket-service] [beatExecutor-%d] o.s.web.client.RestTemplate              : Response 200 OK
2026-04-28T13:21:31.114+01:00  INFO 17852 --- [ticket-service] [MessageBroker-1] o.s.w.s.c.WebSocketMessageBrokerStats    : WebSocketSession[0 current WS(0)-HttpStream(0)-HttpPoll(0), 0 total, 0 closed abnormally (0 connect failure, 0 send limit, 0 transport error)], stompSubProtocol[processed CONNECT(0)-CONNECTED(0)-DISCONNECT(0)], stompBrokerRelay[null], inboundChannel[pool size = 0, active threads = 0, queued tasks = 0, completed tasks = 0], outboundChannel[pool size = 0, active threads = 0, queued tasks = 0, completed tasks = 0], sockJsScheduler[pool size = 1, active threads = 1, queued tasks = 0, completed tasks = 0]
2026-04-28T13:21:31.423+01:00 DEBUG 17852 --- [ticket-service] [reshExecutor-%d] o.s.web.client.RestTemplate              : HTTP GET http://localhost:8761/eureka/apps/delta
2026-04-28T13:21:31.423+01:00 DEBUG 17852 --- [ticket-service] [beatExecutor-%d] o.s.web.client.RestTemplate              : HTTP PUT http://localhost:8761/eureka/apps/TICKET-SERVICE/ticket-service:8739a602d7a8d6c702048d5214c4754a?status=UP&lastDirtyTimestamp=1777378831360
2026-04-28T13:21:31.428+01:00 DEBUG 17852 --- [ticket-service] [reshExecutor-%d] o.s.web.client.RestTemplate              : Accept=[application/json, application/*+json]
2026-04-28T13:21:31.429+01:00 DEBUG 17852 --- [ticket-service] [beatExecutor-%d] o.s.web.client.RestTemplate              : Accept=[application/json, application/*+json]
2026-04-28T13:21:31.444+01:00 DEBUG 17852 --- [ticket-service] [beatExecutor-%d] o.s.web.client.RestTemplate              : Response 200 OK
2026-04-28T13:21:31.444+01:00 DEBUG 17852 --- [ticket-service] [reshExecutor-%d] o.s.web.client.RestTemplate              : Response 200 OK
2026-04-28T13:21:31.445+01:00 DEBUG 17852 --- [ticket-service] [reshExecutor-%d] o.s.web.client.RestTemplate              : Reading to [org.springframework.cloud.netflix.eureka.http.EurekaApplications]
2026-04-28T13:22:01.452+01:00 DEBUG 17852 --- [ticket-service] [reshExecutor-%d] o.s.web.client.RestTemplate              : HTTP GET http://localhost:8761/eureka/apps/delta
2026-04-28T13:22:01.452+01:00 DEBUG 17852 --- [ticket-service] [beatExecutor-%d] o.s.web.client.RestTemplate              : HTTP PUT http://localhost:8761/eureka/apps/TICKET-SERVICE/ticket-service:8739a602d7a8d6c702048d5214c4754a?status=UP&lastDirtyTimestamp=1777378831360
2026-04-28T13:22:01.457+01:00 DEBUG 17852 --- [ticket-service] [reshExecutor-%d] o.s.web.client.RestTemplate              : Accept=[application/json, application/*+json]
2026-04-28T13:22:01.457+01:00 DEBUG 17852 --- [ticket-service] [beatExecutor-%d] o.s.web.client.RestTemplate              : Accept=[application/json, application/*+json]
2026-04-28T13:22:01.469+01:00 DEBUG 17852 --- [ticket-service] [beatExecutor-%d] o.s.web.client.RestTemplate              : Response 200 OK
2026-04-28T13:22:01.471+01:00 DEBUG 17852 --- [ticket-service] [reshExecutor-%d] o.s.web.client.RestTemplate              : Response 200 OK
2026-04-28T13:22:01.472+01:00 DEBUG 17852 --- [ticket-service] [reshExecutor-%d] o.s.web.client.RestTemplate              : Reading to [org.springframework.cloud.netflix.eureka.http.EurekaApplications]
2026-04-28T13:22:31.480+01:00 DEBUG 17852 --- [ticket-service] [beatExecutor-%d] o.s.web.client.RestTemplate              : HTTP PUT http://localhost:8761/eureka/apps/TICKET-SERVICE/ticket-service:8739a602d7a8d6c702048d5214c4754a?status=UP&lastDirtyTimestamp=1777378831360
2026-04-28T13:22:31.480+01:00 DEBUG 17852 --- [ticket-service] [reshExecutor-%d] o.s.web.client.RestTemplate              : HTTP GET http://localhost:8761/eureka/apps/delta
2026-04-28T13:22:31.481+01:00 DEBUG 17852 --- [ticket-service] [beatExecutor-%d] o.s.web.client.RestTemplate              : Accept=[application/json, application/*+json]
2026-04-28T13:22:31.481+01:00 DEBUG 17852 --- [ticket-service] [reshExecutor-%d] o.s.web.client.RestTemplate              : Accept=[application/json, application/*+json]
2026-04-28T13:22:31.497+01:00 DEBUG 17852 --- [ticket-service] [reshExecutor-%d] o.s.web.client.RestTemplate              : Response 200 OK
2026-04-28T13:22:31.497+01:00 DEBUG 17852 --- [ticket-service] [beatExecutor-%d] o.s.web.client.RestTemplate              : Response 200 OK
2026-04-28T13:22:31.497+01:00 DEBUG 17852 --- [ticket-service] [reshExecutor-%d] o.s.web.client.RestTemplate              : Reading to [org.springframework.cloud.netflix.eureka.http.EurekaApplications]
2026-04-28T13:23:01.509+01:00 DEBUG 17852 --- [ticket-service] [reshExecutor-%d] o.s.web.client.RestTemplate              : HTTP GET http://localhost:8761/eureka/apps/delta
2026-04-28T13:23:01.509+01:00 DEBUG 17852 --- [ticket-service] [beatExecutor-%d] o.s.web.client.RestTemplate              : HTTP PUT http://localhost:8761/eureka/apps/TICKET-SERVICE/ticket-service:8739a602d7a8d6c702048d5214c4754a?status=UP&lastDirtyTimestamp=1777378831360
2026-04-28T13:23:01.513+01:00 DEBUG 17852 --- [ticket-service] [beatExecutor-%d] o.s.web.client.RestTemplate              : Accept=[application/json, application/*+json]
2026-04-28T13:23:01.513+01:00 DEBUG 17852 --- [ticket-service] [reshExecutor-%d] o.s.web.client.RestTemplate              : Accept=[application/json, application/*+json]
2026-04-28T13:23:01.528+01:00 DEBUG 17852 --- [ticket-service] [beatExecutor-%d] o.s.web.client.RestTemplate              : Response 200 OK
2026-04-28T13:23:01.528+01:00 DEBUG 17852 --- [ticket-service] [reshExecutor-%d] o.s.web.client.RestTemplate              : Response 200 OK
2026-04-28T13:23:01.530+01:00 DEBUG 17852 --- [ticket-service] [reshExecutor-%d] o.s.web.client.RestTemplate              : Reading to [org.springframework.cloud.netflix.eureka.http.EurekaApplications]
2026-04-28T13:23:31.538+01:00 DEBUG 17852 --- [ticket-service] [beatExecutor-%d] o.s.web.client.RestTemplate              : HTTP PUT http://localhost:8761/eureka/apps/TICKET-SERVICE/ticket-service:8739a602d7a8d6c702048d5214c4754a?status=UP&lastDirtyTimestamp=1777378831360
2026-04-28T13:23:31.544+01:00 DEBUG 17852 --- [ticket-service] [beatExecutor-%d] o.s.web.client.RestTemplate              : Accept=[application/json, application/*+json]
2026-04-28T13:23:31.551+01:00 DEBUG 17852 --- [ticket-service] [reshExecutor-%d] o.s.web.client.RestTemplate              : HTTP GET http://localhost:8761/eureka/apps/delta
2026-04-28T13:23:31.554+01:00 DEBUG 17852 --- [ticket-service] [reshExecutor-%d] o.s.web.client.RestTemplate              : Accept=[application/json, application/*+json]
2026-04-28T13:23:31.571+01:00 DEBUG 17852 --- [ticket-service] [beatExecutor-%d] o.s.web.client.RestTemplate              : Response 200 OK
2026-04-28T13:23:31.576+01:00 DEBUG 17852 --- [ticket-service] [reshExecutor-%d] o.s.web.client.RestTemplate              : Response 200 OK
2026-04-28T13:23:31.578+01:00 DEBUG 17852 --- [ticket-service] [reshExecutor-%d] o.s.web.client.RestTemplate              : Reading to [org.springframework.cloud.netflix.eureka.http.EurekaApplications]
2026-04-28T13:24:01.601+01:00 DEBUG 17852 --- [ticket-service] [reshExecutor-%d] o.s.web.client.RestTemplate              : HTTP GET http://localhost:8761/eureka/apps/delta
2026-04-28T13:24:01.607+01:00 DEBUG 17852 --- [ticket-service] [reshExecutor-%d] o.s.web.client.RestTemplate              : Accept=[application/json, application/*+json]
2026-04-28T13:24:01.601+01:00 DEBUG 17852 --- [ticket-service] [beatExecutor-%d] o.s.web.client.RestTemplate              : HTTP PUT http://localhost:8761/eureka/apps/TICKET-SERVICE/ticket-service:8739a602d7a8d6c702048d5214c4754a?status=UP&lastDirtyTimestamp=1777378831360
2026-04-28T13:24:01.612+01:00 DEBUG 17852 --- [ticket-service] [beatExecutor-%d] o.s.web.client.RestTemplate              : Accept=[application/json, application/*+json]
2026-04-28T13:24:01.648+01:00 DEBUG 17852 --- [ticket-service] [reshExecutor-%d] o.s.web.client.RestTemplate              : Response 200 OK
2026-04-28T13:24:01.650+01:00 DEBUG 17852 --- [ticket-service] [beatExecutor-%d] o.s.web.client.RestTemplate              : Response 200 OK
2026-04-28T13:24:01.652+01:00 DEBUG 17852 --- [ticket-service] [reshExecutor-%d] o.s.web.client.RestTemplate              : Reading to [org.springframework.cloud.netflix.eureka.http.EurekaApplications]
2026-04-28T13:24:31.662+01:00 DEBUG 17852 --- [ticket-service] [beatExecutor-%d] o.s.web.client.RestTemplate              : HTTP PUT http://localhost:8761/eureka/apps/TICKET-SERVICE/ticket-service:8739a602d7a8d6c702048d5214c4754a?status=UP&lastDirtyTimestamp=1777378831360
2026-04-28T13:24:31.662+01:00 DEBUG 17852 --- [ticket-service] [beatExecutor-%d] o.s.web.client.RestTemplate              : Accept=[application/json, application/*+json]
2026-04-28T13:24:31.678+01:00 DEBUG 17852 --- [ticket-service] [reshExecutor-%d] o.s.web.client.RestTemplate              : HTTP GET http://localhost:8761/eureka/apps/delta
2026-04-28T13:24:31.678+01:00 DEBUG 17852 --- [ticket-service] [reshExecutor-%d] o.s.web.client.RestTemplate              : Accept=[application/json, application/*+json]
2026-04-28T13:24:31.678+01:00 DEBUG 17852 --- [ticket-service] [beatExecutor-%d] o.s.web.client.RestTemplate              : Response 200 OK
2026-04-28T13:24:31.708+01:00 DEBUG 17852 --- [ticket-service] [reshExecutor-%d] o.s.web.client.RestTemplate              : Response 200 OK
2026-04-28T13:24:31.712+01:00 DEBUG 17852 --- [ticket-service] [reshExecutor-%d] o.s.web.client.RestTemplate              : Reading to [org.springframework.cloud.netflix.eureka.http.EurekaApplications]
2026-04-28T13:25:01.698+01:00 DEBUG 17852 --- [ticket-service] [beatExecutor-%d] o.s.web.client.RestTemplate              : HTTP PUT http://localhost:8761/eureka/apps/TICKET-SERVICE/ticket-service:8739a602d7a8d6c702048d5214c4754a?status=UP&lastDirtyTimestamp=1777378831360
2026-04-28T13:25:01.704+01:00 DEBUG 17852 --- [ticket-service] [beatExecutor-%d] o.s.web.client.RestTemplate              : Accept=[application/json, application/*+json]
2026-04-28T13:25:01.725+01:00 DEBUG 17852 --- [ticket-service] [beatExecutor-%d] o.s.web.client.RestTemplate              : Response 200 OK
2026-04-28T13:25:01.725+01:00 DEBUG 17852 --- [ticket-service] [reshExecutor-%d] o.s.web.client.RestTemplate              : HTTP GET http://localhost:8761/eureka/apps/delta
2026-04-28T13:25:01.725+01:00 DEBUG 17852 --- [ticket-service] [reshExecutor-%d] o.s.web.client.RestTemplate              : Accept=[application/json, application/*+json]
2026-04-28T13:25:01.756+01:00 DEBUG 17852 --- [ticket-service] [reshExecutor-%d] o.s.web.client.RestTemplate              : Response 200 OK
2026-04-28T13:25:01.772+01:00 DEBUG 17852 --- [ticket-service] [reshExecutor-%d] o.s.web.client.RestTemplate              : Reading to [org.springframework.cloud.netflix.eureka.http.EurekaApplications]
2026-04-28T13:25:31.142+01:00  INFO 17852 --- [ticket-service] [rap-executor-%d] c.n.d.s.r.aws.ConfigClusterResolver      : Resolving eureka endpoints via configuration
2026-04-28T13:25:31.740+01:00 DEBUG 17852 --- [ticket-service] [beatExecutor-%d] o.s.web.client.RestTemplate              : HTTP PUT http://localhost:8761/eureka/apps/TICKET-SERVICE/ticket-service:8739a602d7a8d6c702048d5214c4754a?status=UP&lastDirtyTimestamp=1777378831360
2026-04-28T13:25:31.740+01:00 DEBUG 17852 --- [ticket-service] [beatExecutor-%d] o.s.web.client.RestTemplate              : Accept=[application/json, application/*+json]
2026-04-28T13:25:31.756+01:00 DEBUG 17852 --- [ticket-service] [beatExecutor-%d] o.s.web.client.RestTemplate              : Response 200 OK
2026-04-28T13:25:31.788+01:00 DEBUG 17852 --- [ticket-service] [reshExecutor-%d] o.s.web.client.RestTemplate              : HTTP GET http://localhost:8761/eureka/apps/delta
2026-04-28T13:25:31.788+01:00 DEBUG 17852 --- [ticket-service] [reshExecutor-%d] o.s.web.client.RestTemplate              : Accept=[application/json, application/*+json]
2026-04-28T13:25:31.808+01:00 DEBUG 17852 --- [ticket-service] [reshExecutor-%d] o.s.web.client.RestTemplate              : Response 200 OK
2026-04-28T13:25:31.809+01:00 DEBUG 17852 --- [ticket-service] [reshExecutor-%d] o.s.web.client.RestTemplate              : Reading to [org.springframework.cloud.netflix.eureka.http.EurekaApplications]
2026-04-28T13:26:01.773+01:00 DEBUG 17852 --- [ticket-service] [beatExecutor-%d] o.s.web.client.RestTemplate              : HTTP PUT http://localhost:8761/eureka/apps/TICKET-SERVICE/ticket-service:8739a602d7a8d6c702048d5214c4754a?status=UP&lastDirtyTimestamp=1777378831360
2026-04-28T13:26:01.775+01:00 DEBUG 17852 --- [ticket-service] [beatExecutor-%d] o.s.web.client.RestTemplate              : Accept=[application/json, application/*+json]
2026-04-28T13:26:01.786+01:00 DEBUG 17852 --- [ticket-service] [beatExecutor-%d] o.s.web.client.RestTemplate              : Response 200 OK
2026-04-28T13:26:01.814+01:00 DEBUG 17852 --- [ticket-service] [reshExecutor-%d] o.s.web.client.RestTemplate              : HTTP GET http://localhost:8761/eureka/apps/delta
2026-04-28T13:26:01.816+01:00 DEBUG 17852 --- [ticket-service] [reshExecutor-%d] o.s.web.client.RestTemplate              : Accept=[application/json, application/*+json]
2026-04-28T13:26:01.833+01:00 DEBUG 17852 --- [ticket-service] [reshExecutor-%d] o.s.web.client.RestTemplate              : Response 200 OK
2026-04-28T13:26:01.835+01:00 DEBUG 17852 --- [ticket-service] [reshExecutor-%d] o.s.web.client.RestTemplate              : Reading to [org.springframework.cloud.netflix.eureka.http.EurekaApplications]
2026-04-28T13:26:31.790+01:00 DEBUG 17852 --- [ticket-service] [beatExecutor-%d] o.s.web.client.RestTemplate              : HTTP PUT http://localhost:8761/eureka/apps/TICKET-SERVICE/ticket-service:8739a602d7a8d6c702048d5214c4754a?status=UP&lastDirtyTimestamp=1777378831360
2026-04-28T13:26:31.791+01:00 DEBUG 17852 --- [ticket-service] [beatExecutor-%d] o.s.web.client.RestTemplate              : Accept=[application/json, application/*+json]
2026-04-28T13:26:31.816+01:00 DEBUG 17852 --- [ticket-service] [beatExecutor-%d] o.s.web.client.RestTemplate              : Response 200 OK
2026-04-28T13:26:31.850+01:00 DEBUG 17852 --- [ticket-service] [reshExecutor-%d] o.s.web.client.RestTemplate              : HTTP GET http://localhost:8761/eureka/apps/delta
2026-04-28T13:26:31.852+01:00 DEBUG 17852 --- [ticket-service] [reshExecutor-%d] o.s.web.client.RestTemplate              : Accept=[application/json, application/*+json]
2026-04-28T13:26:31.876+01:00 DEBUG 17852 --- [ticket-service] [reshExecutor-%d] o.s.web.client.RestTemplate              : Response 200 OK
2026-04-28T13:26:31.880+01:00 DEBUG 17852 --- [ticket-service] [reshExecutor-%d] o.s.web.client.RestTemplate              : Reading to [org.springframework.cloud.netflix.eureka.http.EurekaApplications]
2026-04-28T13:27:01.841+01:00 DEBUG 17852 --- [ticket-service] [beatExecutor-%d] o.s.web.client.RestTemplate              : HTTP PUT http://localhost:8761/eureka/apps/TICKET-SERVICE/ticket-service:8739a602d7a8d6c702048d5214c4754a?status=UP&lastDirtyTimestamp=1777378831360
2026-04-28T13:27:01.844+01:00 DEBUG 17852 --- [ticket-service] [beatExecutor-%d] o.s.web.client.RestTemplate              : Accept=[application/json, application/*+json]
2026-04-28T13:27:01.873+01:00 DEBUG 17852 --- [ticket-service] [beatExecutor-%d] o.s.web.client.RestTemplate              : Response 200 OK
2026-04-28T13:27:01.891+01:00 DEBUG 17852 --- [ticket-service] [reshExecutor-%d] o.s.web.client.RestTemplate              : HTTP GET http://localhost:8761/eureka/apps/delta
2026-04-28T13:27:01.891+01:00 DEBUG 17852 --- [ticket-service] [reshExecutor-%d] o.s.web.client.RestTemplate              : Accept=[application/json, application/*+json]
2026-04-28T13:27:01.914+01:00 DEBUG 17852 --- [ticket-service] [reshExecutor-%d] o.s.web.client.RestTemplate              : Response 200 OK
2026-04-28T13:27:01.917+01:00 DEBUG 17852 --- [ticket-service] [reshExecutor-%d] o.s.web.client.RestTemplate              : Reading to [org.springframework.cloud.netflix.eureka.http.EurekaApplications]
2026-04-28T13:27:31.894+01:00 DEBUG 17852 --- [ticket-service] [beatExecutor-%d] o.s.web.client.RestTemplate              : HTTP PUT http://localhost:8761/eureka/apps/TICKET-SERVICE/ticket-service:8739a602d7a8d6c702048d5214c4754a?status=UP&lastDirtyTimestamp=1777378831360
2026-04-28T13:27:31.895+01:00 DEBUG 17852 --- [ticket-service] [beatExecutor-%d] o.s.web.client.RestTemplate              : Accept=[application/json, application/*+json]
2026-04-28T13:27:31.916+01:00 DEBUG 17852 --- [ticket-service] [beatExecutor-%d] o.s.web.client.RestTemplate              : Response 200 OK
2026-04-28T13:27:31.940+01:00 DEBUG 17852 --- [ticket-service] [reshExecutor-%d] o.s.web.client.RestTemplate              : HTTP GET http://localhost:8761/eureka/apps/delta
2026-04-28T13:27:31.943+01:00 DEBUG 17852 --- [ticket-service] [reshExecutor-%d] o.s.web.client.RestTemplate              : Accept=[application/json, application/*+json]
2026-04-28T13:27:31.964+01:00 DEBUG 17852 --- [ticket-service] [reshExecutor-%d] o.s.web.client.RestTemplate              : Response 200 OK
2026-04-28T13:27:31.965+01:00 DEBUG 17852 --- [ticket-service] [reshExecutor-%d] o.s.web.client.RestTemplate              : Reading to [org.springframework.cloud.netflix.eureka.http.EurekaApplications]
2026-04-28T13:28:01.923+01:00 DEBUG 17852 --- [ticket-service] [beatExecutor-%d] o.s.web.client.RestTemplate              : HTTP PUT http://localhost:8761/eureka/apps/TICKET-SERVICE/ticket-service:8739a602d7a8d6c702048d5214c4754a?status=UP&lastDirtyTimestamp=1777378831360
2026-04-28T13:28:01.924+01:00 DEBUG 17852 --- [ticket-service] [beatExecutor-%d] o.s.web.client.RestTemplate              : Accept=[application/json, application/*+json]
2026-04-28T13:28:01.939+01:00 DEBUG 17852 --- [ticket-service] [beatExecutor-%d] o.s.web.client.RestTemplate              : Response 200 OK
2026-04-28T13:28:01.980+01:00 DEBUG 17852 --- [ticket-service] [reshExecutor-%d] o.s.web.client.RestTemplate              : HTTP GET http://localhost:8761/eureka/apps/delta
2026-04-28T13:28:01.982+01:00 DEBUG 17852 --- [ticket-service] [reshExecutor-%d] o.s.web.client.RestTemplate              : Accept=[application/json, application/*+json]
2026-04-28T13:28:02.006+01:00 DEBUG 17852 --- [ticket-service] [reshExecutor-%d] o.s.web.client.RestTemplate              : Response 200 OK
2026-04-28T13:28:02.008+01:00 DEBUG 17852 --- [ticket-service] [reshExecutor-%d] o.s.web.client.RestTemplate              : Reading to [org.springframework.cloud.netflix.eureka.http.EurekaApplications]
2026-04-28T13:28:31.951+01:00 DEBUG 17852 --- [ticket-service] [beatExecutor-%d] o.s.web.client.RestTemplate              : HTTP PUT http://localhost:8761/eureka/apps/TICKET-SERVICE/ticket-service:8739a602d7a8d6c702048d5214c4754a?status=UP&lastDirtyTimestamp=1777378831360
2026-04-28T13:28:31.952+01:00 DEBUG 17852 --- [ticket-service] [beatExecutor-%d] o.s.web.client.RestTemplate              : Accept=[application/json, application/*+json]
2026-04-28T13:28:31.973+01:00 DEBUG 17852 --- [ticket-service] [beatExecutor-%d] o.s.web.client.RestTemplate              : Response 200 OK
2026-04-28T13:28:32.020+01:00 DEBUG 17852 --- [ticket-service] [reshExecutor-%d] o.s.web.client.RestTemplate              : HTTP GET http://localhost:8761/eureka/apps/delta
2026-04-28T13:28:32.020+01:00 DEBUG 17852 --- [ticket-service] [reshExecutor-%d] o.s.web.client.RestTemplate              : Accept=[application/json, application/*+json]
2026-04-28T13:28:32.039+01:00 DEBUG 17852 --- [ticket-service] [reshExecutor-%d] o.s.web.client.RestTemplate              : Response 200 OK
2026-04-28T13:28:32.041+01:00 DEBUG 17852 --- [ticket-service] [reshExecutor-%d] o.s.web.client.RestTemplate              : Reading to [org.springframework.cloud.netflix.eureka.http.EurekaApplications]
2026-04-28T13:29:01.978+01:00 DEBUG 17852 --- [ticket-service] [beatExecutor-%d] o.s.web.client.RestTemplate              : HTTP PUT http://localhost:8761/eureka/apps/TICKET-SERVICE/ticket-service:8739a602d7a8d6c702048d5214c4754a?status=UP&lastDirtyTimestamp=1777378831360
2026-04-28T13:29:01.983+01:00 DEBUG 17852 --- [ticket-service] [beatExecutor-%d] o.s.web.client.RestTemplate              : Accept=[application/json, application/*+json]
2026-04-28T13:29:02.002+01:00 DEBUG 17852 --- [ticket-service] [beatExecutor-%d] o.s.web.client.RestTemplate              : Response 200 OK
2026-04-28T13:29:02.051+01:00 DEBUG 17852 --- [ticket-service] [reshExecutor-%d] o.s.web.client.RestTemplate              : HTTP GET http://localhost:8761/eureka/apps/delta
2026-04-28T13:29:02.053+01:00 DEBUG 17852 --- [ticket-service] [reshExecutor-%d] o.s.web.client.RestTemplate              : Accept=[application/json, application/*+json]
2026-04-28T13:29:02.080+01:00 DEBUG 17852 --- [ticket-service] [reshExecutor-%d] o.s.web.client.RestTemplate              : Response 200 OK
2026-04-28T13:29:02.081+01:00 DEBUG 17852 --- [ticket-service] [reshExecutor-%d] o.s.web.client.RestTemplate              : Reading to [org.springframework.cloud.netflix.eureka.http.EurekaApplications]
2026-04-28T13:29:32.009+01:00 DEBUG 17852 --- [ticket-service] [beatExecutor-%d] o.s.web.client.RestTemplate              : HTTP PUT http://localhost:8761/eureka/apps/TICKET-SERVICE/ticket-service:8739a602d7a8d6c702048d5214c4754a?status=UP&lastDirtyTimestamp=1777378831360
2026-04-28T13:29:32.014+01:00 DEBUG 17852 --- [ticket-service] [beatExecutor-%d] o.s.web.client.RestTemplate              : Accept=[application/json, application/*+json]
2026-04-28T13:29:32.032+01:00 DEBUG 17852 --- [ticket-service] [beatExecutor-%d] o.s.web.client.RestTemplate              : Response 200 OK
2026-04-28T13:29:32.105+01:00 DEBUG 17852 --- [ticket-service] [reshExecutor-%d] o.s.web.client.RestTemplate              : HTTP GET http://localhost:8761/eureka/apps/delta
2026-04-28T13:29:32.107+01:00 DEBUG 17852 --- [ticket-service] [reshExecutor-%d] o.s.web.client.RestTemplate              : Accept=[application/json, application/*+json]
2026-04-28T13:29:32.125+01:00 DEBUG 17852 --- [ticket-service] [reshExecutor-%d] o.s.web.client.RestTemplate              : Response 200 OK
2026-04-28T13:29:32.128+01:00 DEBUG 17852 --- [ticket-service] [reshExecutor-%d] o.s.web.client.RestTemplate              : Reading to [org.springframework.cloud.netflix.eureka.http.EurekaApplications]
2026-04-28T13:30:02.049+01:00 DEBUG 17852 --- [ticket-service] [beatExecutor-%d] o.s.web.client.RestTemplate              : HTTP PUT http://localhost:8761/eureka/apps/TICKET-SERVICE/ticket-service:8739a602d7a8d6c702048d5214c4754a?status=UP&lastDirtyTimestamp=1777378831360
2026-04-28T13:30:02.055+01:00 DEBUG 17852 --- [ticket-service] [beatExecutor-%d] o.s.web.client.RestTemplate              : Accept=[application/json, application/*+json]
2026-04-28T13:30:02.070+01:00 DEBUG 17852 --- [ticket-service] [beatExecutor-%d] o.s.web.client.RestTemplate              : Response 200 OK
2026-04-28T13:30:02.141+01:00 DEBUG 17852 --- [ticket-service] [reshExecutor-%d] o.s.web.client.RestTemplate              : HTTP GET http://localhost:8761/eureka/apps/delta
2026-04-28T13:30:02.145+01:00 DEBUG 17852 --- [ticket-service] [reshExecutor-%d] o.s.web.client.RestTemplate              : Accept=[application/json, application/*+json]
2026-04-28T13:30:02.161+01:00 DEBUG 17852 --- [ticket-service] [reshExecutor-%d] o.s.web.client.RestTemplate              : Response 200 OK
2026-04-28T13:30:02.163+01:00 DEBUG 17852 --- [ticket-service] [reshExecutor-%d] o.s.web.client.RestTemplate              : Reading to [org.springframework.cloud.netflix.eureka.http.EurekaApplications]
2026-04-28T13:30:31.159+01:00  INFO 17852 --- [ticket-service] [rap-executor-%d] c.n.d.s.r.aws.ConfigClusterResolver      : Resolving eureka endpoints via configuration
2026-04-28T13:30:32.074+01:00 DEBUG 17852 --- [ticket-service] [beatExecutor-%d] o.s.web.client.RestTemplate              : HTTP PUT http://localhost:8761/eureka/apps/TICKET-SERVICE/ticket-service:8739a602d7a8d6c702048d5214c4754a?status=UP&lastDirtyTimestamp=1777378831360
2026-04-28T13:30:32.074+01:00 DEBUG 17852 --- [ticket-service] [beatExecutor-%d] o.s.web.client.RestTemplate              : Accept=[application/json, application/*+json]
2026-04-28T13:30:32.090+01:00 DEBUG 17852 --- [ticket-service] [beatExecutor-%d] o.s.web.client.RestTemplate              : Response 200 OK
2026-04-28T13:30:32.184+01:00 DEBUG 17852 --- [ticket-service] [reshExecutor-%d] o.s.web.client.RestTemplate              : HTTP GET http://localhost:8761/eureka/apps/delta
2026-04-28T13:30:32.184+01:00 DEBUG 17852 --- [ticket-service] [reshExecutor-%d] o.s.web.client.RestTemplate              : Accept=[application/json, application/*+json]
2026-04-28T13:30:32.200+01:00 DEBUG 17852 --- [ticket-service] [reshExecutor-%d] o.s.web.client.RestTemplate              : Response 200 OK
2026-04-28T13:30:32.200+01:00 DEBUG 17852 --- [ticket-service] [reshExecutor-%d] o.s.web.client.RestTemplate              : Reading to [org.springframework.cloud.netflix.eureka.http.EurekaApplications]
2026-04-28T13:31:02.107+01:00 DEBUG 17852 --- [ticket-service] [beatExecutor-%d] o.s.web.client.RestTemplate              : HTTP PUT http://localhost:8761/eureka/apps/TICKET-SERVICE/ticket-service:8739a602d7a8d6c702048d5214c4754a?status=UP&lastDirtyTimestamp=1777378831360
2026-04-28T13:31:02.111+01:00 DEBUG 17852 --- [ticket-service] [beatExecutor-%d] o.s.web.client.RestTemplate              : Accept=[application/json, application/*+json]
2026-04-28T13:31:02.125+01:00 DEBUG 17852 --- [ticket-service] [beatExecutor-%d] o.s.web.client.RestTemplate              : Response 200 OK
2026-04-28T13:31:02.217+01:00 DEBUG 17852 --- [ticket-service] [reshExecutor-%d] o.s.web.client.RestTemplate              : HTTP GET http://localhost:8761/eureka/apps/delta
2026-04-28T13:31:02.219+01:00 DEBUG 17852 --- [ticket-service] [reshExecutor-%d] o.s.web.client.RestTemplate              : Accept=[application/json, application/*+json]
2026-04-28T13:31:02.236+01:00 DEBUG 17852 --- [ticket-service] [reshExecutor-%d] o.s.web.client.RestTemplate              : Response 200 OK
2026-04-28T13:31:02.238+01:00 DEBUG 17852 --- [ticket-service] [reshExecutor-%d] o.s.web.client.RestTemplate              : Reading to [org.springframework.cloud.netflix.eureka.http.EurekaApplications]
2026-04-28T13:31:32.131+01:00 DEBUG 17852 --- [ticket-service] [beatExecutor-%d] o.s.web.client.RestTemplate              : HTTP PUT http://localhost:8761/eureka/apps/TICKET-SERVICE/ticket-service:8739a602d7a8d6c702048d5214c4754a?status=UP&lastDirtyTimestamp=1777378831360
2026-04-28T13:31:32.131+01:00 DEBUG 17852 --- [ticket-service] [beatExecutor-%d] o.s.web.client.RestTemplate              : Accept=[application/json, application/*+json]
2026-04-28T13:31:32.148+01:00 DEBUG 17852 --- [ticket-service] [beatExecutor-%d] o.s.web.client.RestTemplate              : Response 200 OK
2026-04-28T13:31:32.248+01:00 DEBUG 17852 --- [ticket-service] [reshExecutor-%d] o.s.web.client.RestTemplate              : HTTP GET http://localhost:8761/eureka/apps/delta
2026-04-28T13:31:32.248+01:00 DEBUG 17852 --- [ticket-service] [reshExecutor-%d] o.s.web.client.RestTemplate              : Accept=[application/json, application/*+json]
2026-04-28T13:31:32.257+01:00 DEBUG 17852 --- [ticket-service] [reshExecutor-%d] o.s.web.client.RestTemplate              : Response 200 OK
2026-04-28T13:31:32.258+01:00 DEBUG 17852 --- [ticket-service] [reshExecutor-%d] o.s.web.client.RestTemplate              : Reading to [org.springframework.cloud.netflix.eureka.http.EurekaApplications]
2026-04-28T13:32:02.157+01:00 DEBUG 17852 --- [ticket-service] [beatExecutor-%d] o.s.web.client.RestTemplate              : HTTP PUT http://localhost:8761/eureka/apps/TICKET-SERVICE/ticket-service:8739a602d7a8d6c702048d5214c4754a?status=UP&lastDirtyTimestamp=1777378831360
2026-04-28T13:32:02.162+01:00 DEBUG 17852 --- [ticket-service] [beatExecutor-%d] o.s.web.client.RestTemplate              : Accept=[application/json, application/*+json]
2026-04-28T13:32:02.172+01:00 DEBUG 17852 --- [ticket-service] [beatExecutor-%d] o.s.web.client.RestTemplate              : Response 200 OK
2026-04-28T13:32:02.263+01:00 DEBUG 17852 --- [ticket-service] [reshExecutor-%d] o.s.web.client.RestTemplate              : HTTP GET http://localhost:8761/eureka/apps/delta
2026-04-28T13:32:02.267+01:00 DEBUG 17852 --- [ticket-service] [reshExecutor-%d] o.s.web.client.RestTemplate              : Accept=[application/json, application/*+json]
2026-04-28T13:32:02.284+01:00 DEBUG 17852 --- [ticket-service] [reshExecutor-%d] o.s.web.client.RestTemplate              : Response 200 OK
2026-04-28T13:32:02.286+01:00 DEBUG 17852 --- [ticket-service] [reshExecutor-%d] o.s.web.client.RestTemplate              : Reading to [org.springframework.cloud.netflix.eureka.http.EurekaApplications]
2026-04-28T13:32:32.175+01:00 DEBUG 17852 --- [ticket-service] [beatExecutor-%d] o.s.web.client.RestTemplate              : HTTP PUT http://localhost:8761/eureka/apps/TICKET-SERVICE/ticket-service:8739a602d7a8d6c702048d5214c4754a?status=UP&lastDirtyTimestamp=1777378831360
2026-04-28T13:32:32.177+01:00 DEBUG 17852 --- [ticket-service] [beatExecutor-%d] o.s.web.client.RestTemplate              : Accept=[application/json, application/*+json]
2026-04-28T13:32:32.190+01:00 DEBUG 17852 --- [ticket-service] [beatExecutor-%d] o.s.web.client.RestTemplate              : Response 200 OK
2026-04-28T13:32:32.300+01:00 DEBUG 17852 --- [ticket-service] [reshExecutor-%d] o.s.web.client.RestTemplate              : HTTP GET http://localhost:8761/eureka/apps/delta
2026-04-28T13:32:32.305+01:00 DEBUG 17852 --- [ticket-service] [reshExecutor-%d] o.s.web.client.RestTemplate              : Accept=[application/json, application/*+json]
2026-04-28T13:32:32.318+01:00 DEBUG 17852 --- [ticket-service] [reshExecutor-%d] o.s.web.client.RestTemplate              : Response 200 OK
2026-04-28T13:32:32.319+01:00 DEBUG 17852 --- [ticket-service] [reshExecutor-%d] o.s.web.client.RestTemplate              : Reading to [org.springframework.cloud.netflix.eureka.http.EurekaApplications]
2026-04-28T13:33:02.199+01:00 DEBUG 17852 --- [ticket-service] [beatExecutor-%d] o.s.web.client.RestTemplate              : HTTP PUT http://localhost:8761/eureka/apps/TICKET-SERVICE/ticket-service:8739a602d7a8d6c702048d5214c4754a?status=UP&lastDirtyTimestamp=1777378831360
2026-04-28T13:33:02.205+01:00 DEBUG 17852 --- [ticket-service] [beatExecutor-%d] o.s.web.client.RestTemplate              : Accept=[application/json, application/*+json]
2026-04-28T13:33:02.218+01:00 DEBUG 17852 --- [ticket-service] [beatExecutor-%d] o.s.web.client.RestTemplate              : Response 200 OK
2026-04-28T13:33:02.324+01:00 DEBUG 17852 --- [ticket-service] [reshExecutor-%d] o.s.web.client.RestTemplate              : HTTP GET http://localhost:8761/eureka/apps/delta
2026-04-28T13:33:02.329+01:00 DEBUG 17852 --- [ticket-service] [reshExecutor-%d] o.s.web.client.RestTemplate              : Accept=[application/json, application/*+json]
2026-04-28T13:33:02.343+01:00 DEBUG 17852 --- [ticket-service] [reshExecutor-%d] o.s.web.client.RestTemplate              : Response 200 OK
2026-04-28T13:33:02.345+01:00 DEBUG 17852 --- [ticket-service] [reshExecutor-%d] o.s.web.client.RestTemplate              : Reading to [org.springframework.cloud.netflix.eureka.http.EurekaApplications]
2026-04-28T13:33:32.223+01:00 DEBUG 17852 --- [ticket-service] [beatExecutor-%d] o.s.web.client.RestTemplate              : HTTP PUT http://localhost:8761/eureka/apps/TICKET-SERVICE/ticket-service:8739a602d7a8d6c702048d5214c4754a?status=UP&lastDirtyTimestamp=1777378831360
2026-04-28T13:33:32.227+01:00 DEBUG 17852 --- [ticket-service] [beatExecutor-%d] o.s.web.client.RestTemplate              : Accept=[application/json, application/*+json]
2026-04-28T13:33:32.242+01:00 DEBUG 17852 --- [ticket-service] [beatExecutor-%d] o.s.web.client.RestTemplate              : Response 200 OK
2026-04-28T13:33:32.363+01:00 DEBUG 17852 --- [ticket-service] [reshExecutor-%d] o.s.web.client.RestTemplate              : HTTP GET http://localhost:8761/eureka/apps/delta
2026-04-28T13:33:32.368+01:00 DEBUG 17852 --- [ticket-service] [reshExecutor-%d] o.s.web.client.RestTemplate              : Accept=[application/json, application/*+json]
2026-04-28T13:33:32.383+01:00 DEBUG 17852 --- [ticket-service] [reshExecutor-%d] o.s.web.client.RestTemplate              : Response 200 OK
2026-04-28T13:33:32.385+01:00 DEBUG 17852 --- [ticket-service] [reshExecutor-%d] o.s.web.client.RestTemplate              : Reading to [org.springframework.cloud.netflix.eureka.http.EurekaApplications]
2026-04-28T13:34:02.247+01:00 DEBUG 17852 --- [ticket-service] [beatExecutor-%d] o.s.web.client.RestTemplate              : HTTP PUT http://localhost:8761/eureka/apps/TICKET-SERVICE/ticket-service:8739a602d7a8d6c702048d5214c4754a?status=UP&lastDirtyTimestamp=1777378831360
2026-04-28T13:34:02.247+01:00 DEBUG 17852 --- [ticket-service] [beatExecutor-%d] o.s.web.client.RestTemplate              : Accept=[application/json, application/*+json]
2026-04-28T13:34:02.271+01:00 DEBUG 17852 --- [ticket-service] [beatExecutor-%d] o.s.web.client.RestTemplate              : Response 200 OK
2026-04-28T13:34:02.400+01:00 DEBUG 17852 --- [ticket-service] [reshExecutor-%d] o.s.web.client.RestTemplate              : HTTP GET http://localhost:8761/eureka/apps/delta
2026-04-28T13:34:02.405+01:00 DEBUG 17852 --- [ticket-service] [reshExecutor-%d] o.s.web.client.RestTemplate              : Accept=[application/json, application/*+json]
2026-04-28T13:34:02.425+01:00 DEBUG 17852 --- [ticket-service] [reshExecutor-%d] o.s.web.client.RestTemplate              : Response 200 OK
2026-04-28T13:34:02.425+01:00 DEBUG 17852 --- [ticket-service] [reshExecutor-%d] o.s.web.client.RestTemplate              : Reading to [org.springframework.cloud.netflix.eureka.http.EurekaApplications]
2026-04-28T13:34:32.290+01:00 DEBUG 17852 --- [ticket-service] [beatExecutor-%d] o.s.web.client.RestTemplate              : HTTP PUT http://localhost:8761/eureka/apps/TICKET-SERVICE/ticket-service:8739a602d7a8d6c702048d5214c4754a?status=UP&lastDirtyTimestamp=1777378831360
2026-04-28T13:34:32.296+01:00 DEBUG 17852 --- [ticket-service] [beatExecutor-%d] o.s.web.client.RestTemplate              : Accept=[application/json, application/*+json]
2026-04-28T13:34:32.310+01:00 DEBUG 17852 --- [ticket-service] [beatExecutor-%d] o.s.web.client.RestTemplate              : Response 200 OK
2026-04-28T13:34:32.459+01:00 DEBUG 17852 --- [ticket-service] [reshExecutor-%d] o.s.web.client.RestTemplate              : HTTP GET http://localhost:8761/eureka/apps/delta
2026-04-28T13:34:32.461+01:00 DEBUG 17852 --- [ticket-service] [reshExecutor-%d] o.s.web.client.RestTemplate              : Accept=[application/json, application/*+json]
2026-04-28T13:34:32.477+01:00 DEBUG 17852 --- [ticket-service] [reshExecutor-%d] o.s.web.client.RestTemplate              : Response 200 OK
2026-04-28T13:34:32.479+01:00 DEBUG 17852 --- [ticket-service] [reshExecutor-%d] o.s.web.client.RestTemplate              : Reading to [org.springframework.cloud.netflix.eureka.http.EurekaApplications]
2026-04-28T13:35:02.325+01:00 DEBUG 17852 --- [ticket-service] [beatExecutor-%d] o.s.web.client.RestTemplate              : HTTP PUT http://localhost:8761/eureka/apps/TICKET-SERVICE/ticket-service:8739a602d7a8d6c702048d5214c4754a?status=UP&lastDirtyTimestamp=1777378831360
2026-04-28T13:35:02.329+01:00 DEBUG 17852 --- [ticket-service] [beatExecutor-%d] o.s.web.client.RestTemplate              : Accept=[application/json, application/*+json]
2026-04-28T13:35:02.341+01:00 DEBUG 17852 --- [ticket-service] [beatExecutor-%d] o.s.web.client.RestTemplate              : Response 200 OK
2026-04-28T13:35:02.496+01:00 DEBUG 17852 --- [ticket-service] [reshExecutor-%d] o.s.web.client.RestTemplate              : HTTP GET http://localhost:8761/eureka/apps/delta
2026-04-28T13:35:02.498+01:00 DEBUG 17852 --- [ticket-service] [reshExecutor-%d] o.s.web.client.RestTemplate              : Accept=[application/json, application/*+json]
2026-04-28T13:35:02.512+01:00 DEBUG 17852 --- [ticket-service] [reshExecutor-%d] o.s.web.client.RestTemplate              : Response 200 OK
2026-04-28T13:35:02.513+01:00 DEBUG 17852 --- [ticket-service] [reshExecutor-%d] o.s.web.client.RestTemplate              : Reading to [org.springframework.cloud.netflix.eureka.http.EurekaApplications]
2026-04-28T13:35:31.168+01:00  INFO 17852 --- [ticket-service] [rap-executor-%d] c.n.d.s.r.aws.ConfigClusterResolver      : Resolving eureka endpoints via configuration
2026-04-28T13:35:32.350+01:00 DEBUG 17852 --- [ticket-service] [beatExecutor-%d] o.s.web.client.RestTemplate              : HTTP PUT http://localhost:8761/eureka/apps/TICKET-SERVICE/ticket-service:8739a602d7a8d6c702048d5214c4754a?status=UP&lastDirtyTimestamp=1777378831360
2026-04-28T13:35:32.350+01:00 DEBUG 17852 --- [ticket-service] [beatExecutor-%d] o.s.web.client.RestTemplate              : Accept=[application/json, application/*+json]
2026-04-28T13:35:32.369+01:00 DEBUG 17852 --- [ticket-service] [beatExecutor-%d] o.s.web.client.RestTemplate              : Response 200 OK
2026-04-28T13:35:32.518+01:00 DEBUG 17852 --- [ticket-service] [reshExecutor-%d] o.s.web.client.RestTemplate              : HTTP GET http://localhost:8761/eureka/apps/delta
2026-04-28T13:35:32.518+01:00 DEBUG 17852 --- [ticket-service] [reshExecutor-%d] o.s.web.client.RestTemplate              : Accept=[application/json, application/*+json]
2026-04-28T13:35:32.527+01:00 DEBUG 17852 --- [ticket-service] [reshExecutor-%d] o.s.web.client.RestTemplate              : Response 200 OK
2026-04-28T13:35:32.527+01:00 DEBUG 17852 --- [ticket-service] [reshExecutor-%d] o.s.web.client.RestTemplate              : Reading to [org.springframework.cloud.netflix.eureka.http.EurekaApplications]
2026-04-28T13:36:02.382+01:00 DEBUG 17852 --- [ticket-service] [beatExecutor-%d] o.s.web.client.RestTemplate              : HTTP PUT http://localhost:8761/eureka/apps/TICKET-SERVICE/ticket-service:8739a602d7a8d6c702048d5214c4754a?status=UP&lastDirtyTimestamp=1777378831360
2026-04-28T13:36:02.386+01:00 DEBUG 17852 --- [ticket-service] [beatExecutor-%d] o.s.web.client.RestTemplate              : Accept=[application/json, application/*+json]
2026-04-28T13:36:02.403+01:00 DEBUG 17852 --- [ticket-service] [beatExecutor-%d] o.s.web.client.RestTemplate              : Response 200 OK
2026-04-28T13:36:02.536+01:00 DEBUG 17852 --- [ticket-service] [reshExecutor-%d] o.s.web.client.RestTemplate              : HTTP GET http://localhost:8761/eureka/apps/delta
2026-04-28T13:36:02.540+01:00 DEBUG 17852 --- [ticket-service] [reshExecutor-%d] o.s.web.client.RestTemplate              : Accept=[application/json, application/*+json]
2026-04-28T13:36:02.553+01:00 DEBUG 17852 --- [ticket-service] [reshExecutor-%d] o.s.web.client.RestTemplate              : Response 200 OK
2026-04-28T13:36:02.554+01:00 DEBUG 17852 --- [ticket-service] [reshExecutor-%d] o.s.web.client.RestTemplate              : Reading to [org.springframework.cloud.netflix.eureka.http.EurekaApplications]
2026-04-28T13:36:32.407+01:00 DEBUG 17852 --- [ticket-service] [beatExecutor-%d] o.s.web.client.RestTemplate              : HTTP PUT http://localhost:8761/eureka/apps/TICKET-SERVICE/ticket-service:8739a602d7a8d6c702048d5214c4754a?status=UP&lastDirtyTimestamp=1777378831360
2026-04-28T13:36:32.407+01:00 DEBUG 17852 --- [ticket-service] [beatExecutor-%d] o.s.web.client.RestTemplate              : Accept=[application/json, application/*+json]
2026-04-28T13:36:32.423+01:00 DEBUG 17852 --- [ticket-service] [beatExecutor-%d] o.s.web.client.RestTemplate              : Response 200 OK
2026-04-28T13:36:32.568+01:00 DEBUG 17852 --- [ticket-service] [reshExecutor-%d] o.s.web.client.RestTemplate              : HTTP GET http://localhost:8761/eureka/apps/delta
2026-04-28T13:36:32.572+01:00 DEBUG 17852 --- [ticket-service] [reshExecutor-%d] o.s.web.client.RestTemplate              : Accept=[application/json, application/*+json]
2026-04-28T13:36:32.590+01:00 DEBUG 17852 --- [ticket-service] [reshExecutor-%d] o.s.web.client.RestTemplate              : Response 200 OK
2026-04-28T13:36:32.592+01:00 DEBUG 17852 --- [ticket-service] [reshExecutor-%d] o.s.web.client.RestTemplate              : Reading to [org.springframework.cloud.netflix.eureka.http.EurekaApplications]
2026-04-28T13:37:02.437+01:00 DEBUG 17852 --- [ticket-service] [beatExecutor-%d] o.s.web.client.RestTemplate              : HTTP PUT http://localhost:8761/eureka/apps/TICKET-SERVICE/ticket-service:8739a602d7a8d6c702048d5214c4754a?status=UP&lastDirtyTimestamp=1777378831360
2026-04-28T13:37:02.442+01:00 DEBUG 17852 --- [ticket-service] [beatExecutor-%d] o.s.web.client.RestTemplate              : Accept=[application/json, application/*+json]
2026-04-28T13:37:02.462+01:00 DEBUG 17852 --- [ticket-service] [beatExecutor-%d] o.s.web.client.RestTemplate              : Response 200 OK
2026-04-28T13:37:02.602+01:00 DEBUG 17852 --- [ticket-service] [reshExecutor-%d] o.s.web.client.RestTemplate              : HTTP GET http://localhost:8761/eureka/apps/delta
2026-04-28T13:37:02.605+01:00 DEBUG 17852 --- [ticket-service] [reshExecutor-%d] o.s.web.client.RestTemplate              : Accept=[application/json, application/*+json]
2026-04-28T13:37:02.611+01:00 DEBUG 17852 --- [ticket-service] [reshExecutor-%d] o.s.web.client.RestTemplate              : Response 200 OK
2026-04-28T13:37:02.614+01:00 DEBUG 17852 --- [ticket-service] [reshExecutor-%d] o.s.web.client.RestTemplate              : Reading to [org.springframework.cloud.netflix.eureka.http.EurekaApplications]
2026-04-28T13:37:32.471+01:00 DEBUG 17852 --- [ticket-service] [beatExecutor-%d] o.s.web.client.RestTemplate              : HTTP PUT http://localhost:8761/eureka/apps/TICKET-SERVICE/ticket-service:8739a602d7a8d6c702048d5214c4754a?status=UP&lastDirtyTimestamp=1777378831360
2026-04-28T13:37:32.475+01:00 DEBUG 17852 --- [ticket-service] [beatExecutor-%d] o.s.web.client.RestTemplate              : Accept=[application/json, application/*+json]
2026-04-28T13:37:32.489+01:00 DEBUG 17852 --- [ticket-service] [beatExecutor-%d] o.s.web.client.RestTemplate              : Response 200 OK
2026-04-28T13:37:32.626+01:00 DEBUG 17852 --- [ticket-service] [reshExecutor-%d] o.s.web.client.RestTemplate              : HTTP GET http://localhost:8761/eureka/apps/delta
2026-04-28T13:37:32.629+01:00 DEBUG 17852 --- [ticket-service] [reshExecutor-%d] o.s.web.client.RestTemplate              : Accept=[application/json, application/*+json]
2026-04-28T13:37:32.643+01:00 DEBUG 17852 --- [ticket-service] [reshExecutor-%d] o.s.web.client.RestTemplate              : Response 200 OK
2026-04-28T13:37:32.643+01:00 DEBUG 17852 --- [ticket-service] [reshExecutor-%d] o.s.web.client.RestTemplate              : Reading to [org.springframework.cloud.netflix.eureka.http.EurekaApplications]
2026-04-28T13:38:02.498+01:00 DEBUG 17852 --- [ticket-service] [beatExecutor-%d] o.s.web.client.RestTemplate              : HTTP PUT http://localhost:8761/eureka/apps/TICKET-SERVICE/ticket-service:8739a602d7a8d6c702048d5214c4754a?status=UP&lastDirtyTimestamp=1777378831360
2026-04-28T13:38:02.503+01:00 DEBUG 17852 --- [ticket-service] [beatExecutor-%d] o.s.web.client.RestTemplate              : Accept=[application/json, application/*+json]
2026-04-28T13:38:02.516+01:00 DEBUG 17852 --- [ticket-service] [beatExecutor-%d] o.s.web.client.RestTemplate              : Response 200 OK
2026-04-28T13:38:02.652+01:00 DEBUG 17852 --- [ticket-service] [reshExecutor-%d] o.s.web.client.RestTemplate              : HTTP GET http://localhost:8761/eureka/apps/delta
2026-04-28T13:38:02.656+01:00 DEBUG 17852 --- [ticket-service] [reshExecutor-%d] o.s.web.client.RestTemplate              : Accept=[application/json, application/*+json]
2026-04-28T13:38:02.672+01:00 DEBUG 17852 --- [ticket-service] [reshExecutor-%d] o.s.web.client.RestTemplate              : Response 200 OK
2026-04-28T13:38:02.673+01:00 DEBUG 17852 --- [ticket-service] [reshExecutor-%d] o.s.web.client.RestTemplate              : Reading to [org.springframework.cloud.netflix.eureka.http.EurekaApplications]
2026-04-28T13:38:32.529+01:00 DEBUG 17852 --- [ticket-service] [beatExecutor-%d] o.s.web.client.RestTemplate              : HTTP PUT http://localhost:8761/eureka/apps/TICKET-SERVICE/ticket-service:8739a602d7a8d6c702048d5214c4754a?status=UP&lastDirtyTimestamp=1777378831360
2026-04-28T13:38:32.535+01:00 DEBUG 17852 --- [ticket-service] [beatExecutor-%d] o.s.web.client.RestTemplate              : Accept=[application/json, application/*+json]
2026-04-28T13:38:32.549+01:00 DEBUG 17852 --- [ticket-service] [beatExecutor-%d] o.s.web.client.RestTemplate              : Response 200 OK
2026-04-28T13:38:32.686+01:00 DEBUG 17852 --- [ticket-service] [reshExecutor-%d] o.s.web.client.RestTemplate              : HTTP GET http://localhost:8761/eureka/apps/delta
2026-04-28T13:38:32.691+01:00 DEBUG 17852 --- [ticket-service] [reshExecutor-%d] o.s.web.client.RestTemplate              : Accept=[application/json, application/*+json]
2026-04-28T13:38:32.705+01:00 DEBUG 17852 --- [ticket-service] [reshExecutor-%d] o.s.web.client.RestTemplate              : Response 200 OK
2026-04-28T13:38:32.707+01:00 DEBUG 17852 --- [ticket-service] [reshExecutor-%d] o.s.web.client.RestTemplate              : Reading to [org.springframework.cloud.netflix.eureka.http.EurekaApplications]
2026-04-28T13:39:02.551+01:00 DEBUG 17852 --- [ticket-service] [beatExecutor-%d] o.s.web.client.RestTemplate              : HTTP PUT http://localhost:8761/eureka/apps/TICKET-SERVICE/ticket-service:8739a602d7a8d6c702048d5214c4754a?status=UP&lastDirtyTimestamp=1777378831360
2026-04-28T13:39:02.562+01:00 DEBUG 17852 --- [ticket-service] [beatExecutor-%d] o.s.web.client.RestTemplate              : Accept=[application/json, application/*+json]
2026-04-28T13:39:02.579+01:00 DEBUG 17852 --- [ticket-service] [beatExecutor-%d] o.s.web.client.RestTemplate              : Response 200 OK
2026-04-28T13:39:02.747+01:00 DEBUG 17852 --- [ticket-service] [reshExecutor-%d] o.s.web.client.RestTemplate              : HTTP GET http://localhost:8761/eureka/apps/delta
2026-04-28T13:39:02.881+01:00 DEBUG 17852 --- [ticket-service] [reshExecutor-%d] o.s.web.client.RestTemplate              : Accept=[application/json, application/*+json]
2026-04-28T13:39:02.899+01:00 DEBUG 17852 --- [ticket-service] [reshExecutor-%d] o.s.web.client.RestTemplate              : Response 200 OK
2026-04-28T13:39:02.901+01:00 DEBUG 17852 --- [ticket-service] [reshExecutor-%d] o.s.web.client.RestTemplate              : Reading to [org.springframework.cloud.netflix.eureka.http.EurekaApplications]
2026-04-28T13:39:32.593+01:00 DEBUG 17852 --- [ticket-service] [beatExecutor-%d] o.s.web.client.RestTemplate              : HTTP PUT http://localhost:8761/eureka/apps/TICKET-SERVICE/ticket-service:8739a602d7a8d6c702048d5214c4754a?status=UP&lastDirtyTimestamp=1777378831360
2026-04-28T13:39:32.597+01:00 DEBUG 17852 --- [ticket-service] [beatExecutor-%d] o.s.web.client.RestTemplate              : Accept=[application/json, application/*+json]
2026-04-28T13:39:32.612+01:00 DEBUG 17852 --- [ticket-service] [beatExecutor-%d] o.s.web.client.RestTemplate              : Response 200 OK
2026-04-28T13:39:32.920+01:00 DEBUG 17852 --- [ticket-service] [reshExecutor-%d] o.s.web.client.RestTemplate              : HTTP GET http://localhost:8761/eureka/apps/delta
2026-04-28T13:39:32.921+01:00 DEBUG 17852 --- [ticket-service] [reshExecutor-%d] o.s.web.client.RestTemplate              : Accept=[application/json, application/*+json]
2026-04-28T13:39:32.941+01:00 DEBUG 17852 --- [ticket-service] [reshExecutor-%d] o.s.web.client.RestTemplate              : Response 200 OK
2026-04-28T13:39:32.943+01:00 DEBUG 17852 --- [ticket-service] [reshExecutor-%d] o.s.web.client.RestTemplate              : Reading to [org.springframework.cloud.netflix.eureka.http.EurekaApplications]
2026-04-28T13:40:02.630+01:00 DEBUG 17852 --- [ticket-service] [beatExecutor-%d] o.s.web.client.RestTemplate              : HTTP PUT http://localhost:8761/eureka/apps/TICKET-SERVICE/ticket-service:8739a602d7a8d6c702048d5214c4754a?status=UP&lastDirtyTimestamp=1777378831360
2026-04-28T13:40:02.635+01:00 DEBUG 17852 --- [ticket-service] [beatExecutor-%d] o.s.web.client.RestTemplate              : Accept=[application/json, application/*+json]
2026-04-28T13:40:02.648+01:00 DEBUG 17852 --- [ticket-service] [beatExecutor-%d] o.s.web.client.RestTemplate              : Response 200 OK
2026-04-28T13:40:02.957+01:00 DEBUG 17852 --- [ticket-service] [reshExecutor-%d] o.s.web.client.RestTemplate              : HTTP GET http://localhost:8761/eureka/apps/delta
2026-04-28T13:40:02.963+01:00 DEBUG 17852 --- [ticket-service] [reshExecutor-%d] o.s.web.client.RestTemplate              : Accept=[application/json, application/*+json]
2026-04-28T13:40:02.978+01:00 DEBUG 17852 --- [ticket-service] [reshExecutor-%d] o.s.web.client.RestTemplate              : Response 200 OK
2026-04-28T13:40:02.980+01:00 DEBUG 17852 --- [ticket-service] [reshExecutor-%d] o.s.web.client.RestTemplate              : Reading to [org.springframework.cloud.netflix.eureka.http.EurekaApplications]
2026-04-28T13:40:31.180+01:00  INFO 17852 --- [ticket-service] [rap-executor-%d] c.n.d.s.r.aws.ConfigClusterResolver      : Resolving eureka endpoints via configuration
2026-04-28T13:40:32.666+01:00 DEBUG 17852 --- [ticket-service] [beatExecutor-%d] o.s.web.client.RestTemplate              : HTTP PUT http://localhost:8761/eureka/apps/TICKET-SERVICE/ticket-service:8739a602d7a8d6c702048d5214c4754a?status=UP&lastDirtyTimestamp=1777378831360
2026-04-28T13:40:32.681+01:00 DEBUG 17852 --- [ticket-service] [beatExecutor-%d] o.s.web.client.RestTemplate              : Accept=[application/json, application/*+json]
2026-04-28T13:40:32.692+01:00 DEBUG 17852 --- [ticket-service] [beatExecutor-%d] o.s.web.client.RestTemplate              : Response 200 OK
2026-04-28T13:40:32.998+01:00 DEBUG 17852 --- [ticket-service] [reshExecutor-%d] o.s.web.client.RestTemplate              : HTTP GET http://localhost:8761/eureka/apps/delta
2026-04-28T13:40:33.003+01:00 DEBUG 17852 --- [ticket-service] [reshExecutor-%d] o.s.web.client.RestTemplate              : Accept=[application/json, application/*+json]
2026-04-28T13:40:33.017+01:00 DEBUG 17852 --- [ticket-service] [reshExecutor-%d] o.s.web.client.RestTemplate              : Response 200 OK
2026-04-28T13:40:33.019+01:00 DEBUG 17852 --- [ticket-service] [reshExecutor-%d] o.s.web.client.RestTemplate              : Reading to [org.springframework.cloud.netflix.eureka.http.EurekaApplications]
2026-04-28T13:41:02.697+01:00 DEBUG 17852 --- [ticket-service] [beatExecutor-%d] o.s.web.client.RestTemplate              : HTTP PUT http://localhost:8761/eureka/apps/TICKET-SERVICE/ticket-service:8739a602d7a8d6c702048d5214c4754a?status=UP&lastDirtyTimestamp=1777378831360
2026-04-28T13:41:02.699+01:00 DEBUG 17852 --- [ticket-service] [beatExecutor-%d] o.s.web.client.RestTemplate              : Accept=[application/json, application/*+json]
2026-04-28T13:41:02.732+01:00 DEBUG 17852 --- [ticket-service] [beatExecutor-%d] o.s.web.client.RestTemplate              : Response 200 OK
2026-04-28T13:41:03.024+01:00 DEBUG 17852 --- [ticket-service] [reshExecutor-%d] o.s.web.client.RestTemplate              : HTTP GET http://localhost:8761/eureka/apps/delta
2026-04-28T13:41:03.031+01:00 DEBUG 17852 --- [ticket-service] [reshExecutor-%d] o.s.web.client.RestTemplate              : Accept=[application/json, application/*+json]
2026-04-28T13:41:03.052+01:00 DEBUG 17852 --- [ticket-service] [reshExecutor-%d] o.s.web.client.RestTemplate              : Response 200 OK
2026-04-28T13:41:03.053+01:00 DEBUG 17852 --- [ticket-service] [reshExecutor-%d] o.s.web.client.RestTemplate              : Reading to [org.springframework.cloud.netflix.eureka.http.EurekaApplications]
2026-04-28T13:41:32.748+01:00 DEBUG 17852 --- [ticket-service] [beatExecutor-%d] o.s.web.client.RestTemplate              : HTTP PUT http://localhost:8761/eureka/apps/TICKET-SERVICE/ticket-service:8739a602d7a8d6c702048d5214c4754a?status=UP&lastDirtyTimestamp=1777378831360
2026-04-28T13:41:32.752+01:00 DEBUG 17852 --- [ticket-service] [beatExecutor-%d] o.s.web.client.RestTemplate              : Accept=[application/json, application/*+json]
2026-04-28T13:41:32.768+01:00 DEBUG 17852 --- [ticket-service] [beatExecutor-%d] o.s.web.client.RestTemplate              : Response 200 OK
2026-04-28T13:41:33.062+01:00 DEBUG 17852 --- [ticket-service] [reshExecutor-%d] o.s.web.client.RestTemplate              : HTTP GET http://localhost:8761/eureka/apps/delta
2026-04-28T13:41:33.062+01:00 DEBUG 17852 --- [ticket-service] [reshExecutor-%d] o.s.web.client.RestTemplate              : Accept=[application/json, application/*+json]
2026-04-28T13:41:33.079+01:00 DEBUG 17852 --- [ticket-service] [reshExecutor-%d] o.s.web.client.RestTemplate              : Response 200 OK
2026-04-28T13:41:33.079+01:00 DEBUG 17852 --- [ticket-service] [reshExecutor-%d] o.s.web.client.RestTemplate              : Reading to [org.springframework.cloud.netflix.eureka.http.EurekaApplications]
2026-04-28T13:42:02.785+01:00 DEBUG 17852 --- [ticket-service] [beatExecutor-%d] o.s.web.client.RestTemplate              : HTTP PUT http://localhost:8761/eureka/apps/TICKET-SERVICE/ticket-service:8739a602d7a8d6c702048d5214c4754a?status=UP&lastDirtyTimestamp=1777378831360
2026-04-28T13:42:02.788+01:00 DEBUG 17852 --- [ticket-service] [beatExecutor-%d] o.s.web.client.RestTemplate              : Accept=[application/json, application/*+json]
2026-04-28T13:42:02.792+01:00 DEBUG 17852 --- [ticket-service] [beatExecutor-%d] o.s.web.client.RestTemplate              : Response 200 OK
2026-04-28T13:42:03.092+01:00 DEBUG 17852 --- [ticket-service] [reshExecutor-%d] o.s.web.client.RestTemplate              : HTTP GET http://localhost:8761/eureka/apps/delta
2026-04-28T13:42:03.092+01:00 DEBUG 17852 --- [ticket-service] [reshExecutor-%d] o.s.web.client.RestTemplate              : Accept=[application/json, application/*+json]
2026-04-28T13:42:03.103+01:00 DEBUG 17852 --- [ticket-service] [reshExecutor-%d] o.s.web.client.RestTemplate              : Response 200 OK
2026-04-28T13:42:03.105+01:00 DEBUG 17852 --- [ticket-service] [reshExecutor-%d] o.s.web.client.RestTemplate              : Reading to [org.springframework.cloud.netflix.eureka.http.EurekaApplications]
2026-04-28T13:42:32.801+01:00 DEBUG 17852 --- [ticket-service] [beatExecutor-%d] o.s.web.client.RestTemplate              : HTTP PUT http://localhost:8761/eureka/apps/TICKET-SERVICE/ticket-service:8739a602d7a8d6c702048d5214c4754a?status=UP&lastDirtyTimestamp=1777378831360
2026-04-28T13:42:32.806+01:00 DEBUG 17852 --- [ticket-service] [beatExecutor-%d] o.s.web.client.RestTemplate              : Accept=[application/json, application/*+json]
2026-04-28T13:42:32.826+01:00 DEBUG 17852 --- [ticket-service] [beatExecutor-%d] o.s.web.client.RestTemplate              : Response 200 OK
2026-04-28T13:42:33.112+01:00 DEBUG 17852 --- [ticket-service] [reshExecutor-%d] o.s.web.client.RestTemplate              : HTTP GET http://localhost:8761/eureka/apps/delta
2026-04-28T13:42:33.120+01:00 DEBUG 17852 --- [ticket-service] [reshExecutor-%d] o.s.web.client.RestTemplate              : Accept=[application/json, application/*+json]
2026-04-28T13:42:33.128+01:00 DEBUG 17852 --- [ticket-service] [reshExecutor-%d] o.s.web.client.RestTemplate              : Response 200 OK
2026-04-28T13:42:33.128+01:00 DEBUG 17852 --- [ticket-service] [reshExecutor-%d] o.s.web.client.RestTemplate              : Reading to [org.springframework.cloud.netflix.eureka.http.EurekaApplications]
2026-04-28T13:43:02.840+01:00 DEBUG 17852 --- [ticket-service] [beatExecutor-%d] o.s.web.client.RestTemplate              : HTTP PUT http://localhost:8761/eureka/apps/TICKET-SERVICE/ticket-service:8739a602d7a8d6c702048d5214c4754a?status=UP&lastDirtyTimestamp=1777378831360
2026-04-28T13:43:02.843+01:00 DEBUG 17852 --- [ticket-service] [beatExecutor-%d] o.s.web.client.RestTemplate              : Accept=[application/json, application/*+json]
2026-04-28T13:43:02.862+01:00 DEBUG 17852 --- [ticket-service] [beatExecutor-%d] o.s.web.client.RestTemplate              : Response 200 OK
2026-04-28T13:43:03.141+01:00 DEBUG 17852 --- [ticket-service] [reshExecutor-%d] o.s.web.client.RestTemplate              : HTTP GET http://localhost:8761/eureka/apps/delta
2026-04-28T13:43:03.145+01:00 DEBUG 17852 --- [ticket-service] [reshExecutor-%d] o.s.web.client.RestTemplate              : Accept=[application/json, application/*+json]
2026-04-28T13:43:03.155+01:00 DEBUG 17852 --- [ticket-service] [reshExecutor-%d] o.s.web.client.RestTemplate              : Response 200 OK
2026-04-28T13:43:03.157+01:00 DEBUG 17852 --- [ticket-service] [reshExecutor-%d] o.s.web.client.RestTemplate              : Reading to [org.springframework.cloud.netflix.eureka.http.EurekaApplications]
2026-04-28T13:43:32.883+01:00 DEBUG 17852 --- [ticket-service] [beatExecutor-%d] o.s.web.client.RestTemplate              : HTTP PUT http://localhost:8761/eureka/apps/TICKET-SERVICE/ticket-service:8739a602d7a8d6c702048d5214c4754a?status=UP&lastDirtyTimestamp=1777378831360
2026-04-28T13:43:32.888+01:00 DEBUG 17852 --- [ticket-service] [beatExecutor-%d] o.s.web.client.RestTemplate              : Accept=[application/json, application/*+json]
2026-04-28T13:43:32.908+01:00 DEBUG 17852 --- [ticket-service] [beatExecutor-%d] o.s.web.client.RestTemplate              : Response 200 OK
2026-04-28T13:43:33.165+01:00 DEBUG 17852 --- [ticket-service] [reshExecutor-%d] o.s.web.client.RestTemplate              : HTTP GET http://localhost:8761/eureka/apps/delta
2026-04-28T13:43:33.173+01:00 DEBUG 17852 --- [ticket-service] [reshExecutor-%d] o.s.web.client.RestTemplate              : Accept=[application/json, application/*+json]
2026-04-28T13:43:33.193+01:00 DEBUG 17852 --- [ticket-service] [reshExecutor-%d] o.s.web.client.RestTemplate              : Response 200 OK
2026-04-28T13:43:33.194+01:00 DEBUG 17852 --- [ticket-service] [reshExecutor-%d] o.s.web.client.RestTemplate              : Reading to [org.springframework.cloud.netflix.eureka.http.EurekaApplications]
2026-04-28T13:44:02.915+01:00 DEBUG 17852 --- [ticket-service] [beatExecutor-%d] o.s.web.client.RestTemplate              : HTTP PUT http://localhost:8761/eureka/apps/TICKET-SERVICE/ticket-service:8739a602d7a8d6c702048d5214c4754a?status=UP&lastDirtyTimestamp=1777378831360
2026-04-28T13:44:02.921+01:00 DEBUG 17852 --- [ticket-service] [beatExecutor-%d] o.s.web.client.RestTemplate              : Accept=[application/json, application/*+json]
2026-04-28T13:44:02.944+01:00 DEBUG 17852 --- [ticket-service] [beatExecutor-%d] o.s.web.client.RestTemplate              : Response 200 OK
2026-04-28T13:44:03.215+01:00 DEBUG 17852 --- [ticket-service] [reshExecutor-%d] o.s.web.client.RestTemplate              : HTTP GET http://localhost:8761/eureka/apps/delta
2026-04-28T13:44:03.221+01:00 DEBUG 17852 --- [ticket-service] [reshExecutor-%d] o.s.web.client.RestTemplate              : Accept=[application/json, application/*+json]
2026-04-28T13:44:03.237+01:00 DEBUG 17852 --- [ticket-service] [reshExecutor-%d] o.s.web.client.RestTemplate              : Response 200 OK
2026-04-28T13:44:03.242+01:00 DEBUG 17852 --- [ticket-service] [reshExecutor-%d] o.s.web.client.RestTemplate              : Reading to [org.springframework.cloud.netflix.eureka.http.EurekaApplications]
2026-04-28T13:44:32.955+01:00 DEBUG 17852 --- [ticket-service] [beatExecutor-%d] o.s.web.client.RestTemplate              : HTTP PUT http://localhost:8761/eureka/apps/TICKET-SERVICE/ticket-service:8739a602d7a8d6c702048d5214c4754a?status=UP&lastDirtyTimestamp=1777378831360
2026-04-28T13:44:32.963+01:00 DEBUG 17852 --- [ticket-service] [beatExecutor-%d] o.s.web.client.RestTemplate              : Accept=[application/json, application/*+json]
2026-04-28T13:44:32.979+01:00 DEBUG 17852 --- [ticket-service] [beatExecutor-%d] o.s.web.client.RestTemplate              : Response 200 OK
2026-04-28T13:44:33.255+01:00 DEBUG 17852 --- [ticket-service] [reshExecutor-%d] o.s.web.client.RestTemplate              : HTTP GET http://localhost:8761/eureka/apps/delta
2026-04-28T13:44:33.261+01:00 DEBUG 17852 --- [ticket-service] [reshExecutor-%d] o.s.web.client.RestTemplate              : Accept=[application/json, application/*+json]
2026-04-28T13:44:33.281+01:00 DEBUG 17852 --- [ticket-service] [reshExecutor-%d] o.s.web.client.RestTemplate              : Response 200 OK
2026-04-28T13:44:33.285+01:00 DEBUG 17852 --- [ticket-service] [reshExecutor-%d] o.s.web.client.RestTemplate              : Reading to [org.springframework.cloud.netflix.eureka.http.EurekaApplications]
2026-04-28T13:45:02.998+01:00 DEBUG 17852 --- [ticket-service] [beatExecutor-%d] o.s.web.client.RestTemplate              : HTTP PUT http://localhost:8761/eureka/apps/TICKET-SERVICE/ticket-service:8739a602d7a8d6c702048d5214c4754a?status=UP&lastDirtyTimestamp=1777378831360
2026-04-28T13:45:02.998+01:00 DEBUG 17852 --- [ticket-service] [beatExecutor-%d] o.s.web.client.RestTemplate              : Accept=[application/json, application/*+json]
2026-04-28T13:45:03.018+01:00 DEBUG 17852 --- [ticket-service] [beatExecutor-%d] o.s.web.client.RestTemplate              : Response 200 OK
2026-04-28T13:45:03.307+01:00 DEBUG 17852 --- [ticket-service] [reshExecutor-%d] o.s.web.client.RestTemplate              : HTTP GET http://localhost:8761/eureka/apps/delta
2026-04-28T13:45:03.309+01:00 DEBUG 17852 --- [ticket-service] [reshExecutor-%d] o.s.web.client.RestTemplate              : Accept=[application/json, application/*+json]
2026-04-28T13:45:03.324+01:00 DEBUG 17852 --- [ticket-service] [reshExecutor-%d] o.s.web.client.RestTemplate              : Response 200 OK
2026-04-28T13:45:03.324+01:00 DEBUG 17852 --- [ticket-service] [reshExecutor-%d] o.s.web.client.RestTemplate              : Reading to [org.springframework.cloud.netflix.eureka.http.EurekaApplications]
2026-04-28T13:45:31.191+01:00  INFO 17852 --- [ticket-service] [rap-executor-%d] c.n.d.s.r.aws.ConfigClusterResolver      : Resolving eureka endpoints via configuration
2026-04-28T13:45:33.024+01:00 DEBUG 17852 --- [ticket-service] [beatExecutor-%d] o.s.web.client.RestTemplate              : HTTP PUT http://localhost:8761/eureka/apps/TICKET-SERVICE/ticket-service:8739a602d7a8d6c702048d5214c4754a?status=UP&lastDirtyTimestamp=1777378831360
2026-04-28T13:45:33.032+01:00 DEBUG 17852 --- [ticket-service] [beatExecutor-%d] o.s.web.client.RestTemplate              : Accept=[application/json, application/*+json]
2026-04-28T13:45:33.040+01:00 DEBUG 17852 --- [ticket-service] [beatExecutor-%d] o.s.web.client.RestTemplate              : Response 200 OK
2026-04-28T13:45:33.339+01:00 DEBUG 17852 --- [ticket-service] [reshExecutor-%d] o.s.web.client.RestTemplate              : HTTP GET http://localhost:8761/eureka/apps/delta
2026-04-28T13:45:33.343+01:00 DEBUG 17852 --- [ticket-service] [reshExecutor-%d] o.s.web.client.RestTemplate              : Accept=[application/json, application/*+json]
2026-04-28T13:45:33.356+01:00 DEBUG 17852 --- [ticket-service] [reshExecutor-%d] o.s.web.client.RestTemplate              : Response 200 OK
2026-04-28T13:45:33.364+01:00 DEBUG 17852 --- [ticket-service] [reshExecutor-%d] o.s.web.client.RestTemplate              : Reading to [org.springframework.cloud.netflix.eureka.http.EurekaApplications]
2026-04-28T13:46:03.054+01:00 DEBUG 17852 --- [ticket-service] [beatExecutor-%d] o.s.web.client.RestTemplate              : HTTP PUT http://localhost:8761/eureka/apps/TICKET-SERVICE/ticket-service:8739a602d7a8d6c702048d5214c4754a?status=UP&lastDirtyTimestamp=1777378831360
2026-04-28T13:46:03.054+01:00 DEBUG 17852 --- [ticket-service] [beatExecutor-%d] o.s.web.client.RestTemplate              : Accept=[application/json, application/*+json]
2026-04-28T13:46:03.070+01:00 DEBUG 17852 --- [ticket-service] [beatExecutor-%d] o.s.web.client.RestTemplate              : Response 200 OK
2026-04-28T13:46:03.375+01:00 DEBUG 17852 --- [ticket-service] [reshExecutor-%d] o.s.web.client.RestTemplate              : HTTP GET http://localhost:8761/eureka/apps/delta
2026-04-28T13:46:03.378+01:00 DEBUG 17852 --- [ticket-service] [reshExecutor-%d] o.s.web.client.RestTemplate              : Accept=[application/json, application/*+json]
2026-04-28T13:46:03.386+01:00 DEBUG 17852 --- [ticket-service] [reshExecutor-%d] o.s.web.client.RestTemplate              : Response 200 OK
2026-04-28T13:46:03.386+01:00 DEBUG 17852 --- [ticket-service] [reshExecutor-%d] o.s.web.client.RestTemplate              : Reading to [org.springframework.cloud.netflix.eureka.http.EurekaApplications]
2026-04-28T13:46:33.084+01:00 DEBUG 17852 --- [ticket-service] [beatExecutor-%d] o.s.web.client.RestTemplate              : HTTP PUT http://localhost:8761/eureka/apps/TICKET-SERVICE/ticket-service:8739a602d7a8d6c702048d5214c4754a?status=UP&lastDirtyTimestamp=1777378831360
2026-04-28T13:46:33.092+01:00 DEBUG 17852 --- [ticket-service] [beatExecutor-%d] o.s.web.client.RestTemplate              : Accept=[application/json, application/*+json]
2026-04-28T13:46:33.121+01:00 DEBUG 17852 --- [ticket-service] [beatExecutor-%d] o.s.web.client.RestTemplate              : Response 200 OK
2026-04-28T13:46:33.404+01:00 DEBUG 17852 --- [ticket-service] [reshExecutor-%d] o.s.web.client.RestTemplate              : HTTP GET http://localhost:8761/eureka/apps/delta
2026-04-28T13:46:33.405+01:00 DEBUG 17852 --- [ticket-service] [reshExecutor-%d] o.s.web.client.RestTemplate              : Accept=[application/json, application/*+json]
2026-04-28T13:46:33.423+01:00 DEBUG 17852 --- [ticket-service] [reshExecutor-%d] o.s.web.client.RestTemplate              : Response 200 OK
2026-04-28T13:46:33.426+01:00 DEBUG 17852 --- [ticket-service] [reshExecutor-%d] o.s.web.client.RestTemplate              : Reading to [org.springframework.cloud.netflix.eureka.http.EurekaApplications]
2026-04-28T13:47:03.139+01:00 DEBUG 17852 --- [ticket-service] [beatExecutor-%d] o.s.web.client.RestTemplate              : HTTP PUT http://localhost:8761/eureka/apps/TICKET-SERVICE/ticket-service:8739a602d7a8d6c702048d5214c4754a?status=UP&lastDirtyTimestamp=1777378831360
2026-04-28T13:47:03.143+01:00 DEBUG 17852 --- [ticket-service] [beatExecutor-%d] o.s.web.client.RestTemplate              : Accept=[application/json, application/*+json]
2026-04-28T13:47:03.157+01:00 DEBUG 17852 --- [ticket-service] [beatExecutor-%d] o.s.web.client.RestTemplate              : Response 200 OK
2026-04-28T13:47:03.434+01:00 DEBUG 17852 --- [ticket-service] [reshExecutor-%d] o.s.web.client.RestTemplate              : HTTP GET http://localhost:8761/eureka/apps/delta
2026-04-28T13:47:03.437+01:00 DEBUG 17852 --- [ticket-service] [reshExecutor-%d] o.s.web.client.RestTemplate              : Accept=[application/json, application/*+json]
2026-04-28T13:47:03.454+01:00 DEBUG 17852 --- [ticket-service] [reshExecutor-%d] o.s.web.client.RestTemplate              : Response 200 OK
2026-04-28T13:47:03.456+01:00 DEBUG 17852 --- [ticket-service] [reshExecutor-%d] o.s.web.client.RestTemplate              : Reading to [org.springframework.cloud.netflix.eureka.http.EurekaApplications]
2026-04-28T13:47:33.167+01:00 DEBUG 17852 --- [ticket-service] [beatExecutor-%d] o.s.web.client.RestTemplate              : HTTP PUT http://localhost:8761/eureka/apps/TICKET-SERVICE/ticket-service:8739a602d7a8d6c702048d5214c4754a?status=UP&lastDirtyTimestamp=1777378831360
2026-04-28T13:47:33.170+01:00 DEBUG 17852 --- [ticket-service] [beatExecutor-%d] o.s.web.client.RestTemplate              : Accept=[application/json, application/*+json]
2026-04-28T13:47:33.186+01:00 DEBUG 17852 --- [ticket-service] [beatExecutor-%d] o.s.web.client.RestTemplate              : Response 200 OK
2026-04-28T13:47:33.461+01:00 DEBUG 17852 --- [ticket-service] [reshExecutor-%d] o.s.web.client.RestTemplate              : HTTP GET http://localhost:8761/eureka/apps/delta
2026-04-28T13:47:33.463+01:00 DEBUG 17852 --- [ticket-service] [reshExecutor-%d] o.s.web.client.RestTemplate              : Accept=[application/json, application/*+json]
2026-04-28T13:47:33.481+01:00 DEBUG 17852 --- [ticket-service] [reshExecutor-%d] o.s.web.client.RestTemplate              : Response 200 OK
2026-04-28T13:47:33.483+01:00 DEBUG 17852 --- [ticket-service] [reshExecutor-%d] o.s.web.client.RestTemplate              : Reading to [org.springframework.cloud.netflix.eureka.http.EurekaApplications]
2026-04-28T13:48:03.197+01:00 DEBUG 17852 --- [ticket-service] [beatExecutor-%d] o.s.web.client.RestTemplate              : HTTP PUT http://localhost:8761/eureka/apps/TICKET-SERVICE/ticket-service:8739a602d7a8d6c702048d5214c4754a?status=UP&lastDirtyTimestamp=1777378831360
2026-04-28T13:48:03.199+01:00 DEBUG 17852 --- [ticket-service] [beatExecutor-%d] o.s.web.client.RestTemplate              : Accept=[application/json, application/*+json]
2026-04-28T13:48:03.217+01:00 DEBUG 17852 --- [ticket-service] [beatExecutor-%d] o.s.web.client.RestTemplate              : Response 200 OK
2026-04-28T13:48:03.493+01:00 DEBUG 17852 --- [ticket-service] [reshExecutor-%d] o.s.web.client.RestTemplate              : HTTP GET http://localhost:8761/eureka/apps/delta
2026-04-28T13:48:03.498+01:00 DEBUG 17852 --- [ticket-service] [reshExecutor-%d] o.s.web.client.RestTemplate              : Accept=[application/json, application/*+json]
2026-04-28T13:48:03.512+01:00 DEBUG 17852 --- [ticket-service] [reshExecutor-%d] o.s.web.client.RestTemplate              : Response 200 OK
2026-04-28T13:48:03.514+01:00 DEBUG 17852 --- [ticket-service] [reshExecutor-%d] o.s.web.client.RestTemplate              : Reading to [org.springframework.cloud.netflix.eureka.http.EurekaApplications]
2026-04-28T13:48:33.231+01:00 DEBUG 17852 --- [ticket-service] [beatExecutor-%d] o.s.web.client.RestTemplate              : HTTP PUT http://localhost:8761/eureka/apps/TICKET-SERVICE/ticket-service:8739a602d7a8d6c702048d5214c4754a?status=UP&lastDirtyTimestamp=1777378831360
2026-04-28T13:48:33.235+01:00 DEBUG 17852 --- [ticket-service] [beatExecutor-%d] o.s.web.client.RestTemplate              : Accept=[application/json, application/*+json]
2026-04-28T13:48:33.251+01:00 DEBUG 17852 --- [ticket-service] [beatExecutor-%d] o.s.web.client.RestTemplate              : Response 200 OK
2026-04-28T13:48:33.526+01:00 DEBUG 17852 --- [ticket-service] [reshExecutor-%d] o.s.web.client.RestTemplate              : HTTP GET http://localhost:8761/eureka/apps/delta
2026-04-28T13:48:33.531+01:00 DEBUG 17852 --- [ticket-service] [reshExecutor-%d] o.s.web.client.RestTemplate              : Accept=[application/json, application/*+json]
2026-04-28T13:48:33.544+01:00 DEBUG 17852 --- [ticket-service] [reshExecutor-%d] o.s.web.client.RestTemplate              : Response 200 OK
2026-04-28T13:48:33.546+01:00 DEBUG 17852 --- [ticket-service] [reshExecutor-%d] o.s.web.client.RestTemplate              : Reading to [org.springframework.cloud.netflix.eureka.http.EurekaApplications]
2026-04-28T13:49:03.267+01:00 DEBUG 17852 --- [ticket-service] [beatExecutor-%d] o.s.web.client.RestTemplate              : HTTP PUT http://localhost:8761/eureka/apps/TICKET-SERVICE/ticket-service:8739a602d7a8d6c702048d5214c4754a?status=UP&lastDirtyTimestamp=1777378831360
2026-04-28T13:49:03.272+01:00 DEBUG 17852 --- [ticket-service] [beatExecutor-%d] o.s.web.client.RestTemplate              : Accept=[application/json, application/*+json]
2026-04-28T13:49:03.285+01:00 DEBUG 17852 --- [ticket-service] [beatExecutor-%d] o.s.web.client.RestTemplate              : Response 200 OK
2026-04-28T13:49:03.563+01:00 DEBUG 17852 --- [ticket-service] [reshExecutor-%d] o.s.web.client.RestTemplate              : HTTP GET http://localhost:8761/eureka/apps/delta
2026-04-28T13:49:03.564+01:00 DEBUG 17852 --- [ticket-service] [reshExecutor-%d] o.s.web.client.RestTemplate              : Accept=[application/json, application/*+json]
2026-04-28T13:49:03.581+01:00 DEBUG 17852 --- [ticket-service] [reshExecutor-%d] o.s.web.client.RestTemplate              : Response 200 OK
2026-04-28T13:49:03.583+01:00 DEBUG 17852 --- [ticket-service] [reshExecutor-%d] o.s.web.client.RestTemplate              : Reading to [org.springframework.cloud.netflix.eureka.http.EurekaApplications]
2026-04-28T13:49:33.304+01:00 DEBUG 17852 --- [ticket-service] [beatExecutor-%d] o.s.web.client.RestTemplate              : HTTP PUT http://localhost:8761/eureka/apps/TICKET-SERVICE/ticket-service:8739a602d7a8d6c702048d5214c4754a?status=UP&lastDirtyTimestamp=1777378831360
2026-04-28T13:49:33.309+01:00 DEBUG 17852 --- [ticket-service] [beatExecutor-%d] o.s.web.client.RestTemplate              : Accept=[application/json, application/*+json]
2026-04-28T13:49:33.323+01:00 DEBUG 17852 --- [ticket-service] [beatExecutor-%d] o.s.web.client.RestTemplate              : Response 200 OK
2026-04-28T13:49:33.598+01:00 DEBUG 17852 --- [ticket-service] [reshExecutor-%d] o.s.web.client.RestTemplate              : HTTP GET http://localhost:8761/eureka/apps/delta
2026-04-28T13:49:33.603+01:00 DEBUG 17852 --- [ticket-service] [reshExecutor-%d] o.s.web.client.RestTemplate              : Accept=[application/json, application/*+json]
2026-04-28T13:49:33.617+01:00 DEBUG 17852 --- [ticket-service] [reshExecutor-%d] o.s.web.client.RestTemplate              : Response 200 OK
2026-04-28T13:49:33.618+01:00 DEBUG 17852 --- [ticket-service] [reshExecutor-%d] o.s.web.client.RestTemplate              : Reading to [org.springframework.cloud.netflix.eureka.http.EurekaApplications]
2026-04-28T13:50:03.338+01:00 DEBUG 17852 --- [ticket-service] [beatExecutor-%d] o.s.web.client.RestTemplate              : HTTP PUT http://localhost:8761/eureka/apps/TICKET-SERVICE/ticket-service:8739a602d7a8d6c702048d5214c4754a?status=UP&lastDirtyTimestamp=1777378831360
2026-04-28T13:50:03.341+01:00 DEBUG 17852 --- [ticket-service] [beatExecutor-%d] o.s.web.client.RestTemplate              : Accept=[application/json, application/*+json]
2026-04-28T13:50:03.354+01:00 DEBUG 17852 --- [ticket-service] [beatExecutor-%d] o.s.web.client.RestTemplate              : Response 200 OK
2026-04-28T13:50:03.635+01:00 DEBUG 17852 --- [ticket-service] [reshExecutor-%d] o.s.web.client.RestTemplate              : HTTP GET http://localhost:8761/eureka/apps/delta
2026-04-28T13:50:03.639+01:00 DEBUG 17852 --- [ticket-service] [reshExecutor-%d] o.s.web.client.RestTemplate              : Accept=[application/json, application/*+json]
2026-04-28T13:50:03.652+01:00 DEBUG 17852 --- [ticket-service] [reshExecutor-%d] o.s.web.client.RestTemplate              : Response 200 OK
2026-04-28T13:50:03.653+01:00 DEBUG 17852 --- [ticket-service] [reshExecutor-%d] o.s.web.client.RestTemplate              : Reading to [org.springframework.cloud.netflix.eureka.http.EurekaApplications]
2026-04-28T13:50:31.198+01:00  INFO 17852 --- [ticket-service] [rap-executor-%d] c.n.d.s.r.aws.ConfigClusterResolver      : Resolving eureka endpoints via configuration
2026-04-28T13:50:33.361+01:00 DEBUG 17852 --- [ticket-service] [beatExecutor-%d] o.s.web.client.RestTemplate              : HTTP PUT http://localhost:8761/eureka/apps/TICKET-SERVICE/ticket-service:8739a602d7a8d6c702048d5214c4754a?status=UP&lastDirtyTimestamp=1777378831360
2026-04-28T13:50:33.361+01:00 DEBUG 17852 --- [ticket-service] [beatExecutor-%d] o.s.web.client.RestTemplate              : Accept=[application/json, application/*+json]
2026-04-28T13:50:33.378+01:00 DEBUG 17852 --- [ticket-service] [beatExecutor-%d] o.s.web.client.RestTemplate              : Response 200 OK
2026-04-28T13:50:33.659+01:00 DEBUG 17852 --- [ticket-service] [reshExecutor-%d] o.s.web.client.RestTemplate              : HTTP GET http://localhost:8761/eureka/apps/delta
2026-04-28T13:50:33.659+01:00 DEBUG 17852 --- [ticket-service] [reshExecutor-%d] o.s.web.client.RestTemplate              : Accept=[application/json, application/*+json]
2026-04-28T13:50:33.677+01:00 DEBUG 17852 --- [ticket-service] [reshExecutor-%d] o.s.web.client.RestTemplate              : Response 200 OK
2026-04-28T13:50:33.679+01:00 DEBUG 17852 --- [ticket-service] [reshExecutor-%d] o.s.web.client.RestTemplate              : Reading to [org.springframework.cloud.netflix.eureka.http.EurekaApplications]
2026-04-28T13:51:03.393+01:00 DEBUG 17852 --- [ticket-service] [beatExecutor-%d] o.s.web.client.RestTemplate              : HTTP PUT http://localhost:8761/eureka/apps/TICKET-SERVICE/ticket-service:8739a602d7a8d6c702048d5214c4754a?status=UP&lastDirtyTimestamp=1777378831360
2026-04-28T13:51:03.396+01:00 DEBUG 17852 --- [ticket-service] [beatExecutor-%d] o.s.web.client.RestTemplate              : Accept=[application/json, application/*+json]
2026-04-28T13:51:03.414+01:00 DEBUG 17852 --- [ticket-service] [beatExecutor-%d] o.s.web.client.RestTemplate              : Response 200 OK
2026-04-28T13:51:03.686+01:00 DEBUG 17852 --- [ticket-service] [reshExecutor-%d] o.s.web.client.RestTemplate              : HTTP GET http://localhost:8761/eureka/apps/delta
2026-04-28T13:51:03.690+01:00 DEBUG 17852 --- [ticket-service] [reshExecutor-%d] o.s.web.client.RestTemplate              : Accept=[application/json, application/*+json]
2026-04-28T13:51:03.704+01:00 DEBUG 17852 --- [ticket-service] [reshExecutor-%d] o.s.web.client.RestTemplate              : Response 200 OK
2026-04-28T13:51:03.704+01:00 DEBUG 17852 --- [ticket-service] [reshExecutor-%d] o.s.web.client.RestTemplate              : Reading to [org.springframework.cloud.netflix.eureka.http.EurekaApplications]
2026-04-28T13:51:31.127+01:00  INFO 17852 --- [ticket-service] [MessageBroker-1] o.s.w.s.c.WebSocketMessageBrokerStats    : WebSocketSession[0 current WS(0)-HttpStream(0)-HttpPoll(0), 0 total, 0 closed abnormally (0 connect failure, 0 send limit, 0 transport error)], stompSubProtocol[processed CONNECT(0)-CONNECTED(0)-DISCONNECT(0)], stompBrokerRelay[null], inboundChannel[pool size = 0, active threads = 0, queued tasks = 0, completed tasks = 0], outboundChannel[pool size = 0, active threads = 0, queued tasks = 0, completed tasks = 0], sockJsScheduler[pool size = 2, active threads = 1, queued tasks = 0, completed tasks = 1]
2026-04-28T13:51:33.423+01:00 DEBUG 17852 --- [ticket-service] [beatExecutor-%d] o.s.web.client.RestTemplate              : HTTP PUT http://localhost:8761/eureka/apps/TICKET-SERVICE/ticket-service:8739a602d7a8d6c702048d5214c4754a?status=UP&lastDirtyTimestamp=1777378831360
2026-04-28T13:51:33.429+01:00 DEBUG 17852 --- [ticket-service] [beatExecutor-%d] o.s.web.client.RestTemplate              : Accept=[application/json, application/*+json]
2026-04-28T13:51:33.442+01:00 DEBUG 17852 --- [ticket-service] [beatExecutor-%d] o.s.web.client.RestTemplate              : Response 200 OK
2026-04-28T13:51:33.719+01:00 DEBUG 17852 --- [ticket-service] [reshExecutor-%d] o.s.web.client.RestTemplate              : HTTP GET http://localhost:8761/eureka/apps/delta
2026-04-28T13:51:33.723+01:00 DEBUG 17852 --- [ticket-service] [reshExecutor-%d] o.s.web.client.RestTemplate              : Accept=[application/json, application/*+json]
2026-04-28T13:51:33.738+01:00 DEBUG 17852 --- [ticket-service] [reshExecutor-%d] o.s.web.client.RestTemplate              : Response 200 OK
2026-04-28T13:51:33.739+01:00 DEBUG 17852 --- [ticket-service] [reshExecutor-%d] o.s.web.client.RestTemplate              : Reading to [org.springframework.cloud.netflix.eureka.http.EurekaApplications]
2026-04-28T13:52:03.456+01:00 DEBUG 17852 --- [ticket-service] [beatExecutor-%d] o.s.web.client.RestTemplate              : HTTP PUT http://localhost:8761/eureka/apps/TICKET-SERVICE/ticket-service:8739a602d7a8d6c702048d5214c4754a?status=UP&lastDirtyTimestamp=1777378831360
2026-04-28T13:52:03.460+01:00 DEBUG 17852 --- [ticket-service] [beatExecutor-%d] o.s.web.client.RestTemplate              : Accept=[application/json, application/*+json]
2026-04-28T13:52:03.475+01:00 DEBUG 17852 --- [ticket-service] [beatExecutor-%d] o.s.web.client.RestTemplate              : Response 200 OK
2026-04-28T13:52:03.754+01:00 DEBUG 17852 --- [ticket-service] [reshExecutor-%d] o.s.web.client.RestTemplate              : HTTP GET http://localhost:8761/eureka/apps/delta
2026-04-28T13:52:03.757+01:00 DEBUG 17852 --- [ticket-service] [reshExecutor-%d] o.s.web.client.RestTemplate              : Accept=[application/json, application/*+json]
2026-04-28T13:52:03.777+01:00 DEBUG 17852 --- [ticket-service] [reshExecutor-%d] o.s.web.client.RestTemplate              : Response 200 OK
2026-04-28T13:52:03.779+01:00 DEBUG 17852 --- [ticket-service] [reshExecutor-%d] o.s.web.client.RestTemplate              : Reading to [org.springframework.cloud.netflix.eureka.http.EurekaApplications]
2026-04-28T13:52:33.488+01:00 DEBUG 17852 --- [ticket-service] [beatExecutor-%d] o.s.web.client.RestTemplate              : HTTP PUT http://localhost:8761/eureka/apps/TICKET-SERVICE/ticket-service:8739a602d7a8d6c702048d5214c4754a?status=UP&lastDirtyTimestamp=1777378831360
2026-04-28T13:52:33.492+01:00 DEBUG 17852 --- [ticket-service] [beatExecutor-%d] o.s.web.client.RestTemplate              : Accept=[application/json, application/*+json]
2026-04-28T13:52:33.503+01:00 DEBUG 17852 --- [ticket-service] [beatExecutor-%d] o.s.web.client.RestTemplate              : Response 200 OK
2026-04-28T13:52:33.787+01:00 DEBUG 17852 --- [ticket-service] [reshExecutor-%d] o.s.web.client.RestTemplate              : HTTP GET http://localhost:8761/eureka/apps/delta
2026-04-28T13:52:33.793+01:00 DEBUG 17852 --- [ticket-service] [reshExecutor-%d] o.s.web.client.RestTemplate              : Accept=[application/json, application/*+json]
2026-04-28T13:52:33.808+01:00 DEBUG 17852 --- [ticket-service] [reshExecutor-%d] o.s.web.client.RestTemplate              : Response 200 OK
2026-04-28T13:52:33.811+01:00 DEBUG 17852 --- [ticket-service] [reshExecutor-%d] o.s.web.client.RestTemplate              : Reading to [org.springframework.cloud.netflix.eureka.http.EurekaApplications]
2026-04-28T13:53:03.519+01:00 DEBUG 17852 --- [ticket-service] [beatExecutor-%d] o.s.web.client.RestTemplate              : HTTP PUT http://localhost:8761/eureka/apps/TICKET-SERVICE/ticket-service:8739a602d7a8d6c702048d5214c4754a?status=UP&lastDirtyTimestamp=1777378831360
2026-04-28T13:53:03.525+01:00 DEBUG 17852 --- [ticket-service] [beatExecutor-%d] o.s.web.client.RestTemplate              : Accept=[application/json, application/*+json]
2026-04-28T13:53:03.539+01:00 DEBUG 17852 --- [ticket-service] [beatExecutor-%d] o.s.web.client.RestTemplate              : Response 200 OK
2026-04-28T13:53:03.818+01:00 DEBUG 17852 --- [ticket-service] [reshExecutor-%d] o.s.web.client.RestTemplate              : HTTP GET http://localhost:8761/eureka/apps/delta
2026-04-28T13:53:03.823+01:00 DEBUG 17852 --- [ticket-service] [reshExecutor-%d] o.s.web.client.RestTemplate              : Accept=[application/json, application/*+json]
2026-04-28T13:53:03.837+01:00 DEBUG 17852 --- [ticket-service] [reshExecutor-%d] o.s.web.client.RestTemplate              : Response 200 OK
2026-04-28T13:53:03.838+01:00 DEBUG 17852 --- [ticket-service] [reshExecutor-%d] o.s.web.client.RestTemplate              : Reading to [org.springframework.cloud.netflix.eureka.http.EurekaApplications]
2026-04-28T13:53:33.559+01:00 DEBUG 17852 --- [ticket-service] [beatExecutor-%d] o.s.web.client.RestTemplate              : HTTP PUT http://localhost:8761/eureka/apps/TICKET-SERVICE/ticket-service:8739a602d7a8d6c702048d5214c4754a?status=UP&lastDirtyTimestamp=1777378831360
2026-04-28T13:53:33.565+01:00 DEBUG 17852 --- [ticket-service] [beatExecutor-%d] o.s.web.client.RestTemplate              : Accept=[application/json, application/*+json]
2026-04-28T13:53:33.578+01:00 DEBUG 17852 --- [ticket-service] [beatExecutor-%d] o.s.web.client.RestTemplate              : Response 200 OK
2026-04-28T13:53:33.856+01:00 DEBUG 17852 --- [ticket-service] [reshExecutor-%d] o.s.web.client.RestTemplate              : HTTP GET http://localhost:8761/eureka/apps/delta
2026-04-28T13:53:33.860+01:00 DEBUG 17852 --- [ticket-service] [reshExecutor-%d] o.s.web.client.RestTemplate              : Accept=[application/json, application/*+json]
2026-04-28T13:53:33.873+01:00 DEBUG 17852 --- [ticket-service] [reshExecutor-%d] o.s.web.client.RestTemplate              : Response 200 OK
2026-04-28T13:53:33.873+01:00 DEBUG 17852 --- [ticket-service] [reshExecutor-%d] o.s.web.client.RestTemplate              : Reading to [org.springframework.cloud.netflix.eureka.http.EurekaApplications]
2026-04-28T13:54:03.590+01:00 DEBUG 17852 --- [ticket-service] [beatExecutor-%d] o.s.web.client.RestTemplate              : HTTP PUT http://localhost:8761/eureka/apps/TICKET-SERVICE/ticket-service:8739a602d7a8d6c702048d5214c4754a?status=UP&lastDirtyTimestamp=1777378831360
2026-04-28T13:54:03.596+01:00 DEBUG 17852 --- [ticket-service] [beatExecutor-%d] o.s.web.client.RestTemplate              : Accept=[application/json, application/*+json]
2026-04-28T13:54:03.609+01:00 DEBUG 17852 --- [ticket-service] [beatExecutor-%d] o.s.web.client.RestTemplate              : Response 200 OK
2026-04-28T13:54:03.902+01:00 DEBUG 17852 --- [ticket-service] [reshExecutor-%d] o.s.web.client.RestTemplate              : HTTP GET http://localhost:8761/eureka/apps/delta
2026-04-28T13:54:03.914+01:00 DEBUG 17852 --- [ticket-service] [reshExecutor-%d] o.s.web.client.RestTemplate              : Accept=[application/json, application/*+json]
2026-04-28T13:54:03.918+01:00 DEBUG 17852 --- [ticket-service] [reshExecutor-%d] o.s.web.client.RestTemplate              : Response 200 OK
2026-04-28T13:54:03.919+01:00 DEBUG 17852 --- [ticket-service] [reshExecutor-%d] o.s.web.client.RestTemplate              : Reading to [org.springframework.cloud.netflix.eureka.http.EurekaApplications]
2026-04-28T13:54:33.619+01:00 DEBUG 17852 --- [ticket-service] [beatExecutor-%d] o.s.web.client.RestTemplate              : HTTP PUT http://localhost:8761/eureka/apps/TICKET-SERVICE/ticket-service:8739a602d7a8d6c702048d5214c4754a?status=UP&lastDirtyTimestamp=1777378831360
2026-04-28T13:54:33.622+01:00 DEBUG 17852 --- [ticket-service] [beatExecutor-%d] o.s.web.client.RestTemplate              : Accept=[application/json, application/*+json]
2026-04-28T13:54:33.638+01:00 DEBUG 17852 --- [ticket-service] [beatExecutor-%d] o.s.web.client.RestTemplate              : Response 200 OK
2026-04-28T13:54:33.932+01:00 DEBUG 17852 --- [ticket-service] [reshExecutor-%d] o.s.web.client.RestTemplate              : HTTP GET http://localhost:8761/eureka/apps/delta
2026-04-28T13:54:33.936+01:00 DEBUG 17852 --- [ticket-service] [reshExecutor-%d] o.s.web.client.RestTemplate              : Accept=[application/json, application/*+json]
2026-04-28T13:54:33.951+01:00 DEBUG 17852 --- [ticket-service] [reshExecutor-%d] o.s.web.client.RestTemplate              : Response 200 OK
2026-04-28T13:54:33.954+01:00 DEBUG 17852 --- [ticket-service] [reshExecutor-%d] o.s.web.client.RestTemplate              : Reading to [org.springframework.cloud.netflix.eureka.http.EurekaApplications]
2026-04-28T13:55:03.647+01:00 DEBUG 17852 --- [ticket-service] [beatExecutor-%d] o.s.web.client.RestTemplate              : HTTP PUT http://localhost:8761/eureka/apps/TICKET-SERVICE/ticket-service:8739a602d7a8d6c702048d5214c4754a?status=UP&lastDirtyTimestamp=1777378831360
2026-04-28T13:55:03.653+01:00 DEBUG 17852 --- [ticket-service] [beatExecutor-%d] o.s.web.client.RestTemplate              : Accept=[application/json, application/*+json]
2026-04-28T13:55:03.667+01:00 DEBUG 17852 --- [ticket-service] [beatExecutor-%d] o.s.web.client.RestTemplate              : Response 200 OK
2026-04-28T13:55:03.959+01:00 DEBUG 17852 --- [ticket-service] [reshExecutor-%d] o.s.web.client.RestTemplate              : HTTP GET http://localhost:8761/eureka/apps/delta
2026-04-28T13:55:03.964+01:00 DEBUG 17852 --- [ticket-service] [reshExecutor-%d] o.s.web.client.RestTemplate              : Accept=[application/json, application/*+json]
2026-04-28T13:55:03.977+01:00 DEBUG 17852 --- [ticket-service] [reshExecutor-%d] o.s.web.client.RestTemplate              : Response 200 OK
2026-04-28T13:55:03.977+01:00 DEBUG 17852 --- [ticket-service] [reshExecutor-%d] o.s.web.client.RestTemplate              : Reading to [org.springframework.cloud.netflix.eureka.http.EurekaApplications]
2026-04-28T13:55:31.203+01:00  INFO 17852 --- [ticket-service] [rap-executor-%d] c.n.d.s.r.aws.ConfigClusterResolver      : Resolving eureka endpoints via configuration
2026-04-28T13:55:33.676+01:00 DEBUG 17852 --- [ticket-service] [beatExecutor-%d] o.s.web.client.RestTemplate              : HTTP PUT http://localhost:8761/eureka/apps/TICKET-SERVICE/ticket-service:8739a602d7a8d6c702048d5214c4754a?status=UP&lastDirtyTimestamp=1777378831360
2026-04-28T13:55:33.681+01:00 DEBUG 17852 --- [ticket-service] [beatExecutor-%d] o.s.web.client.RestTemplate              : Accept=[application/json, application/*+json]
2026-04-28T13:55:33.692+01:00 DEBUG 17852 --- [ticket-service] [beatExecutor-%d] o.s.web.client.RestTemplate              : Response 200 OK
2026-04-28T13:55:33.987+01:00 DEBUG 17852 --- [ticket-service] [reshExecutor-%d] o.s.web.client.RestTemplate              : HTTP GET http://localhost:8761/eureka/apps/delta
2026-04-28T13:55:33.991+01:00 DEBUG 17852 --- [ticket-service] [reshExecutor-%d] o.s.web.client.RestTemplate              : Accept=[application/json, application/*+json]
2026-04-28T13:55:34.003+01:00 DEBUG 17852 --- [ticket-service] [reshExecutor-%d] o.s.web.client.RestTemplate              : Response 200 OK
2026-04-28T13:55:34.004+01:00 DEBUG 17852 --- [ticket-service] [reshExecutor-%d] o.s.web.client.RestTemplate              : Reading to [org.springframework.cloud.netflix.eureka.http.EurekaApplications]
2026-04-28T13:56:03.695+01:00 DEBUG 17852 --- [ticket-service] [beatExecutor-%d] o.s.web.client.RestTemplate              : HTTP PUT http://localhost:8761/eureka/apps/TICKET-SERVICE/ticket-service:8739a602d7a8d6c702048d5214c4754a?status=UP&lastDirtyTimestamp=1777378831360
2026-04-28T13:56:03.698+01:00 DEBUG 17852 --- [ticket-service] [beatExecutor-%d] o.s.web.client.RestTemplate              : Accept=[application/json, application/*+json]
2026-04-28T13:56:03.713+01:00 DEBUG 17852 --- [ticket-service] [beatExecutor-%d] o.s.web.client.RestTemplate              : Response 200 OK
2026-04-28T13:56:04.024+01:00 DEBUG 17852 --- [ticket-service] [reshExecutor-%d] o.s.web.client.RestTemplate              : HTTP GET http://localhost:8761/eureka/apps/delta
2026-04-28T13:56:04.025+01:00 DEBUG 17852 --- [ticket-service] [reshExecutor-%d] o.s.web.client.RestTemplate              : Accept=[application/json, application/*+json]
2026-04-28T13:56:04.040+01:00 DEBUG 17852 --- [ticket-service] [reshExecutor-%d] o.s.web.client.RestTemplate              : Response 200 OK
2026-04-28T13:56:04.041+01:00 DEBUG 17852 --- [ticket-service] [reshExecutor-%d] o.s.web.client.RestTemplate              : Reading to [org.springframework.cloud.netflix.eureka.http.EurekaApplications]
2026-04-28T13:56:33.727+01:00 DEBUG 17852 --- [ticket-service] [beatExecutor-%d] o.s.web.client.RestTemplate              : HTTP PUT http://localhost:8761/eureka/apps/TICKET-SERVICE/ticket-service:8739a602d7a8d6c702048d5214c4754a?status=UP&lastDirtyTimestamp=1777378831360
2026-04-28T13:56:33.732+01:00 DEBUG 17852 --- [ticket-service] [beatExecutor-%d] o.s.web.client.RestTemplate              : Accept=[application/json, application/*+json]
2026-04-28T13:56:33.746+01:00 DEBUG 17852 --- [ticket-service] [beatExecutor-%d] o.s.web.client.RestTemplate              : Response 200 OK
2026-04-28T13:56:34.057+01:00 DEBUG 17852 --- [ticket-service] [reshExecutor-%d] o.s.web.client.RestTemplate              : HTTP GET http://localhost:8761/eureka/apps/delta
2026-04-28T13:56:34.060+01:00 DEBUG 17852 --- [ticket-service] [reshExecutor-%d] o.s.web.client.RestTemplate              : Accept=[application/json, application/*+json]
2026-04-28T13:56:34.074+01:00 DEBUG 17852 --- [ticket-service] [reshExecutor-%d] o.s.web.client.RestTemplate              : Response 200 OK
2026-04-28T13:56:34.075+01:00 DEBUG 17852 --- [ticket-service] [reshExecutor-%d] o.s.web.client.RestTemplate              : Reading to [org.springframework.cloud.netflix.eureka.http.EurekaApplications]
2026-04-28T13:57:03.753+01:00 DEBUG 17852 --- [ticket-service] [beatExecutor-%d] o.s.web.client.RestTemplate              : HTTP PUT http://localhost:8761/eureka/apps/TICKET-SERVICE/ticket-service:8739a602d7a8d6c702048d5214c4754a?status=UP&lastDirtyTimestamp=1777378831360
2026-04-28T13:57:03.753+01:00 DEBUG 17852 --- [ticket-service] [beatExecutor-%d] o.s.web.client.RestTemplate              : Accept=[application/json, application/*+json]
2026-04-28T13:57:03.768+01:00 DEBUG 17852 --- [ticket-service] [beatExecutor-%d] o.s.web.client.RestTemplate              : Response 200 OK
2026-04-28T13:57:04.081+01:00 DEBUG 17852 --- [ticket-service] [reshExecutor-%d] o.s.web.client.RestTemplate              : HTTP GET http://localhost:8761/eureka/apps/delta
2026-04-28T13:57:04.084+01:00 DEBUG 17852 --- [ticket-service] [reshExecutor-%d] o.s.web.client.RestTemplate              : Accept=[application/json, application/*+json]
2026-04-28T13:57:04.099+01:00 DEBUG 17852 --- [ticket-service] [reshExecutor-%d] o.s.web.client.RestTemplate              : Response 200 OK
2026-04-28T13:57:04.100+01:00 DEBUG 17852 --- [ticket-service] [reshExecutor-%d] o.s.web.client.RestTemplate              : Reading to [org.springframework.cloud.netflix.eureka.http.EurekaApplications]
2026-04-28T13:57:33.774+01:00 DEBUG 17852 --- [ticket-service] [beatExecutor-%d] o.s.web.client.RestTemplate              : HTTP PUT http://localhost:8761/eureka/apps/TICKET-SERVICE/ticket-service:8739a602d7a8d6c702048d5214c4754a?status=UP&lastDirtyTimestamp=1777378831360
2026-04-28T13:57:33.778+01:00 DEBUG 17852 --- [ticket-service] [beatExecutor-%d] o.s.web.client.RestTemplate              : Accept=[application/json, application/*+json]
2026-04-28T13:57:33.791+01:00 DEBUG 17852 --- [ticket-service] [beatExecutor-%d] o.s.web.client.RestTemplate              : Response 200 OK
2026-04-28T13:57:34.103+01:00 DEBUG 17852 --- [ticket-service] [reshExecutor-%d] o.s.web.client.RestTemplate              : HTTP GET http://localhost:8761/eureka/apps/delta
2026-04-28T13:57:34.103+01:00 DEBUG 17852 --- [ticket-service] [reshExecutor-%d] o.s.web.client.RestTemplate              : Accept=[application/json, application/*+json]
2026-04-28T13:57:34.118+01:00 DEBUG 17852 --- [ticket-service] [reshExecutor-%d] o.s.web.client.RestTemplate              : Response 200 OK
2026-04-28T13:57:34.121+01:00 DEBUG 17852 --- [ticket-service] [reshExecutor-%d] o.s.web.client.RestTemplate              : Reading to [org.springframework.cloud.netflix.eureka.http.EurekaApplications]
2026-04-28T13:58:03.801+01:00 DEBUG 17852 --- [ticket-service] [beatExecutor-%d] o.s.web.client.RestTemplate              : HTTP PUT http://localhost:8761/eureka/apps/TICKET-SERVICE/ticket-service:8739a602d7a8d6c702048d5214c4754a?status=UP&lastDirtyTimestamp=1777378831360
2026-04-28T13:58:03.803+01:00 DEBUG 17852 --- [ticket-service] [beatExecutor-%d] o.s.web.client.RestTemplate              : Accept=[application/json, application/*+json]
2026-04-28T13:58:03.819+01:00 DEBUG 17852 --- [ticket-service] [beatExecutor-%d] o.s.web.client.RestTemplate              : Response 200 OK
2026-04-28T13:58:04.126+01:00 DEBUG 17852 --- [ticket-service] [reshExecutor-%d] o.s.web.client.RestTemplate              : HTTP GET http://localhost:8761/eureka/apps/delta
2026-04-28T13:58:04.131+01:00 DEBUG 17852 --- [ticket-service] [reshExecutor-%d] o.s.web.client.RestTemplate              : Accept=[application/json, application/*+json]
2026-04-28T13:58:04.145+01:00 DEBUG 17852 --- [ticket-service] [reshExecutor-%d] o.s.web.client.RestTemplate              : Response 200 OK
2026-04-28T13:58:04.146+01:00 DEBUG 17852 --- [ticket-service] [reshExecutor-%d] o.s.web.client.RestTemplate              : Reading to [org.springframework.cloud.netflix.eureka.http.EurekaApplications]
2026-04-28T13:58:33.822+01:00 DEBUG 17852 --- [ticket-service] [beatExecutor-%d] o.s.web.client.RestTemplate              : HTTP PUT http://localhost:8761/eureka/apps/TICKET-SERVICE/ticket-service:8739a602d7a8d6c702048d5214c4754a?status=UP&lastDirtyTimestamp=1777378831360
2026-04-28T13:58:33.826+01:00 DEBUG 17852 --- [ticket-service] [beatExecutor-%d] o.s.web.client.RestTemplate              : Accept=[application/json, application/*+json]
2026-04-28T13:58:33.838+01:00 DEBUG 17852 --- [ticket-service] [beatExecutor-%d] o.s.web.client.RestTemplate              : Response 200 OK
2026-04-28T13:58:34.153+01:00 DEBUG 17852 --- [ticket-service] [reshExecutor-%d] o.s.web.client.RestTemplate              : HTTP GET http://localhost:8761/eureka/apps/delta
2026-04-28T13:58:34.157+01:00 DEBUG 17852 --- [ticket-service] [reshExecutor-%d] o.s.web.client.RestTemplate              : Accept=[application/json, application/*+json]
2026-04-28T13:58:34.171+01:00 DEBUG 17852 --- [ticket-service] [reshExecutor-%d] o.s.web.client.RestTemplate              : Response 200 OK
2026-04-28T13:58:34.172+01:00 DEBUG 17852 --- [ticket-service] [reshExecutor-%d] o.s.web.client.RestTemplate              : Reading to [org.springframework.cloud.netflix.eureka.http.EurekaApplications]
2026-04-28T13:59:03.849+01:00 DEBUG 17852 --- [ticket-service] [beatExecutor-%d] o.s.web.client.RestTemplate              : HTTP PUT http://localhost:8761/eureka/apps/TICKET-SERVICE/ticket-service:8739a602d7a8d6c702048d5214c4754a?status=UP&lastDirtyTimestamp=1777378831360
2026-04-28T13:59:03.850+01:00 DEBUG 17852 --- [ticket-service] [beatExecutor-%d] o.s.web.client.RestTemplate              : Accept=[application/json, application/*+json]
2026-04-28T13:59:03.865+01:00 DEBUG 17852 --- [ticket-service] [beatExecutor-%d] o.s.web.client.RestTemplate              : Response 200 OK
2026-04-28T13:59:04.175+01:00 DEBUG 17852 --- [ticket-service] [reshExecutor-%d] o.s.web.client.RestTemplate              : HTTP GET http://localhost:8761/eureka/apps/delta
2026-04-28T13:59:04.178+01:00 DEBUG 17852 --- [ticket-service] [reshExecutor-%d] o.s.web.client.RestTemplate              : Accept=[application/json, application/*+json]
2026-04-28T13:59:04.191+01:00 DEBUG 17852 --- [ticket-service] [reshExecutor-%d] o.s.web.client.RestTemplate              : Response 200 OK
2026-04-28T13:59:04.192+01:00 DEBUG 17852 --- [ticket-service] [reshExecutor-%d] o.s.web.client.RestTemplate              : Reading to [org.springframework.cloud.netflix.eureka.http.EurekaApplications]
2026-04-28T13:59:33.866+01:00 DEBUG 17852 --- [ticket-service] [beatExecutor-%d] o.s.web.client.RestTemplate              : HTTP PUT http://localhost:8761/eureka/apps/TICKET-SERVICE/ticket-service:8739a602d7a8d6c702048d5214c4754a?status=UP&lastDirtyTimestamp=1777378831360
2026-04-28T13:59:33.870+01:00 DEBUG 17852 --- [ticket-service] [beatExecutor-%d] o.s.web.client.RestTemplate              : Accept=[application/json, application/*+json]
2026-04-28T13:59:33.882+01:00 DEBUG 17852 --- [ticket-service] [beatExecutor-%d] o.s.web.client.RestTemplate              : Response 200 OK
2026-04-28T13:59:34.195+01:00 DEBUG 17852 --- [ticket-service] [reshExecutor-%d] o.s.web.client.RestTemplate              : HTTP GET http://localhost:8761/eureka/apps/delta
2026-04-28T13:59:34.200+01:00 DEBUG 17852 --- [ticket-service] [reshExecutor-%d] o.s.web.client.RestTemplate              : Accept=[application/json, application/*+json]
2026-04-28T13:59:34.212+01:00 DEBUG 17852 --- [ticket-service] [reshExecutor-%d] o.s.web.client.RestTemplate              : Response 200 OK
2026-04-28T13:59:34.212+01:00 DEBUG 17852 --- [ticket-service] [reshExecutor-%d] o.s.web.client.RestTemplate              : Reading to [org.springframework.cloud.netflix.eureka.http.EurekaApplications]
2026-04-28T14:00:03.891+01:00 DEBUG 17852 --- [ticket-service] [beatExecutor-%d] o.s.web.client.RestTemplate              : HTTP PUT http://localhost:8761/eureka/apps/TICKET-SERVICE/ticket-service:8739a602d7a8d6c702048d5214c4754a?status=UP&lastDirtyTimestamp=1777378831360
2026-04-28T14:00:03.895+01:00 DEBUG 17852 --- [ticket-service] [beatExecutor-%d] o.s.web.client.RestTemplate              : Accept=[application/json, application/*+json]
2026-04-28T14:00:03.907+01:00 DEBUG 17852 --- [ticket-service] [beatExecutor-%d] o.s.web.client.RestTemplate              : Response 200 OK
2026-04-28T14:00:04.218+01:00 DEBUG 17852 --- [ticket-service] [reshExecutor-%d] o.s.web.client.RestTemplate              : HTTP GET http://localhost:8761/eureka/apps/delta
2026-04-28T14:00:04.222+01:00 DEBUG 17852 --- [ticket-service] [reshExecutor-%d] o.s.web.client.RestTemplate              : Accept=[application/json, application/*+json]
2026-04-28T14:00:04.235+01:00 DEBUG 17852 --- [ticket-service] [reshExecutor-%d] o.s.web.client.RestTemplate              : Response 200 OK
2026-04-28T14:00:04.236+01:00 DEBUG 17852 --- [ticket-service] [reshExecutor-%d] o.s.web.client.RestTemplate              : Reading to [org.springframework.cloud.netflix.eureka.http.EurekaApplications]
2026-04-28T14:00:31.213+01:00  INFO 17852 --- [ticket-service] [rap-executor-%d] c.n.d.s.r.aws.ConfigClusterResolver      : Resolving eureka endpoints via configuration
2026-04-28T14:00:33.910+01:00 DEBUG 17852 --- [ticket-service] [beatExecutor-%d] o.s.web.client.RestTemplate              : HTTP PUT http://localhost:8761/eureka/apps/TICKET-SERVICE/ticket-service:8739a602d7a8d6c702048d5214c4754a?status=UP&lastDirtyTimestamp=1777378831360
2026-04-28T14:00:33.911+01:00 DEBUG 17852 --- [ticket-service] [beatExecutor-%d] o.s.web.client.RestTemplate              : Accept=[application/json, application/*+json]
2026-04-28T14:00:33.925+01:00 DEBUG 17852 --- [ticket-service] [beatExecutor-%d] o.s.web.client.RestTemplate              : Response 200 OK
2026-04-28T14:00:34.251+01:00 DEBUG 17852 --- [ticket-service] [reshExecutor-%d] o.s.web.client.RestTemplate              : HTTP GET http://localhost:8761/eureka/apps/delta
2026-04-28T14:00:34.255+01:00 DEBUG 17852 --- [ticket-service] [reshExecutor-%d] o.s.web.client.RestTemplate              : Accept=[application/json, application/*+json]
2026-04-28T14:00:34.268+01:00 DEBUG 17852 --- [ticket-service] [reshExecutor-%d] o.s.web.client.RestTemplate              : Response 200 OK
2026-04-28T14:00:34.268+01:00 DEBUG 17852 --- [ticket-service] [reshExecutor-%d] o.s.web.client.RestTemplate              : Reading to [org.springframework.cloud.netflix.eureka.http.EurekaApplications]
2026-04-28T14:01:03.935+01:00 DEBUG 17852 --- [ticket-service] [beatExecutor-%d] o.s.web.client.RestTemplate              : HTTP PUT http://localhost:8761/eureka/apps/TICKET-SERVICE/ticket-service:8739a602d7a8d6c702048d5214c4754a?status=UP&lastDirtyTimestamp=1777378831360
2026-04-28T14:01:03.940+01:00 DEBUG 17852 --- [ticket-service] [beatExecutor-%d] o.s.web.client.RestTemplate              : Accept=[application/json, application/*+json]
2026-04-28T14:01:03.982+01:00  INFO 17852 --- [ticket-service] [beatExecutor-%d] c.n.d.s.t.d.RedirectingEurekaHttpClient  : Request execution error. endpoint=DefaultEndpoint{ serviceUrl='http://localhost:8761/eureka/} exception=I/O error on PUT request for "http://localhost:8761/eureka/apps/TICKET-SERVICE/ticket-service:8739a602d7a8d6c702048d5214c4754a": Connect to http://localhost:8761 [localhost/127.0.0.1, localhost/0:0:0:0:0:0:0:1] failed: Connection refused: no further information stacktrace=org.springframework.web.client.ResourceAccessException: I/O error on PUT request for "http://localhost:8761/eureka/apps/TICKET-SERVICE/ticket-service:8739a602d7a8d6c702048d5214c4754a": Connect to http://localhost:8761 [localhost/127.0.0.1, localhost/0:0:0:0:0:0:0:1] failed: Connection refused: no further information
	at org.springframework.web.client.RestTemplate.createResourceAccessException(RestTemplate.java:915)
	at org.springframework.web.client.RestTemplate.doExecute(RestTemplate.java:895)
	at org.springframework.web.client.RestTemplate.execute(RestTemplate.java:830)
	at org.springframework.web.client.RestTemplate.exchange(RestTemplate.java:691)
	at org.springframework.cloud.netflix.eureka.http.RestTemplateEurekaHttpClient.sendHeartBeat(RestTemplateEurekaHttpClient.java:115)
	at com.netflix.discovery.shared.transport.decorator.EurekaHttpClientDecorator$3.execute(EurekaHttpClientDecorator.java:92)
	at com.netflix.discovery.shared.transport.decorator.RedirectingEurekaHttpClient.execute(RedirectingEurekaHttpClient.java:91)
	at com.netflix.discovery.shared.transport.decorator.EurekaHttpClientDecorator.sendHeartBeat(EurekaHttpClientDecorator.java:89)
	at com.netflix.discovery.shared.transport.decorator.EurekaHttpClientDecorator$3.execute(EurekaHttpClientDecorator.java:92)
	at com.netflix.discovery.shared.transport.decorator.RetryableEurekaHttpClient.execute(RetryableEurekaHttpClient.java:120)
	at com.netflix.discovery.shared.transport.decorator.EurekaHttpClientDecorator.sendHeartBeat(EurekaHttpClientDecorator.java:89)
	at com.netflix.discovery.shared.transport.decorator.EurekaHttpClientDecorator$3.execute(EurekaHttpClientDecorator.java:92)
	at com.netflix.discovery.shared.transport.decorator.SessionedEurekaHttpClient.execute(SessionedEurekaHttpClient.java:76)
	at com.netflix.discovery.shared.transport.decorator.EurekaHttpClientDecorator.sendHeartBeat(EurekaHttpClientDecorator.java:89)
	at com.netflix.discovery.DiscoveryClient.renew(DiscoveryClient.java:845)
	at com.netflix.discovery.DiscoveryClient$HeartbeatThread.run(DiscoveryClient.java:1402)
	at java.base/java.util.concurrent.Executors$RunnableAdapter.call(Executors.java:539)
	at java.base/java.util.concurrent.FutureTask.run(FutureTask.java:264)
	at java.base/java.util.concurrent.ThreadPoolExecutor.runWorker(ThreadPoolExecutor.java:1136)
	at java.base/java.util.concurrent.ThreadPoolExecutor$Worker.run(ThreadPoolExecutor.java:635)
	at java.base/java.lang.Thread.run(Thread.java:842)
Caused by: org.apache.hc.client5.http.HttpHostConnectException: Connect to http://localhost:8761 [localhost/127.0.0.1, localhost/0:0:0:0:0:0:0:1] failed: Connection refused: no further information
	at java.base/sun.nio.ch.Net.pollConnect(Native Method)
	at java.base/sun.nio.ch.Net.pollConnectNow(Net.java:672)
	at java.base/sun.nio.ch.NioSocketImpl.timedFinishConnect(NioSocketImpl.java:547)
	at java.base/sun.nio.ch.NioSocketImpl.connect(NioSocketImpl.java:602)
	at java.base/java.net.SocksSocketImpl.connect(SocksSocketImpl.java:327)
	at java.base/java.net.Socket.connect(Socket.java:633)
	at org.apache.hc.client5.http.socket.PlainConnectionSocketFactory.lambda$connectSocket$0(PlainConnectionSocketFactory.java:91)
	at java.base/java.security.AccessController.doPrivileged(AccessController.java:569)
	at org.apache.hc.client5.http.socket.PlainConnectionSocketFactory.connectSocket(PlainConnectionSocketFactory.java:90)
	at org.apache.hc.client5.http.socket.ConnectionSocketFactory.connectSocket(ConnectionSocketFactory.java:123)
	at org.apache.hc.client5.http.impl.io.DefaultHttpClientConnectionOperator.connect(DefaultHttpClientConnectionOperator.java:189)
	at org.apache.hc.client5.http.impl.io.PoolingHttpClientConnectionManager.connect(PoolingHttpClientConnectionManager.java:450)
	at org.apache.hc.client5.http.impl.classic.InternalExecRuntime.connectEndpoint(InternalExecRuntime.java:162)
	at org.apache.hc.client5.http.impl.classic.InternalExecRuntime.connectEndpoint(InternalExecRuntime.java:172)
	at org.apache.hc.client5.http.impl.classic.ConnectExec.execute(ConnectExec.java:142)
	at org.apache.hc.client5.http.impl.classic.ExecChainElement.execute(ExecChainElement.java:51)
	at org.apache.hc.client5.http.impl.classic.ProtocolExec.execute(ProtocolExec.java:192)
	at org.apache.hc.client5.http.impl.classic.ExecChainElement.execute(ExecChainElement.java:51)
	at org.apache.hc.client5.http.impl.classic.HttpRequestRetryExec.execute(HttpRequestRetryExec.java:113)
	at org.apache.hc.client5.http.impl.classic.ExecChainElement.execute(ExecChainElement.java:51)
	at org.apache.hc.client5.http.impl.classic.ContentCompressionExec.execute(ContentCompressionExec.java:152)
	at org.apache.hc.client5.http.impl.classic.ExecChainElement.execute(ExecChainElement.java:51)
	at org.apache.hc.client5.http.impl.classic.RedirectExec.execute(RedirectExec.java:116)
	at org.apache.hc.client5.http.impl.classic.ExecChainElement.execute(ExecChainElement.java:51)
	at org.apache.hc.client5.http.impl.classic.InternalHttpClient.doExecute(InternalHttpClient.java:170)
	at org.apache.hc.client5.http.impl.classic.CloseableHttpClient.execute(CloseableHttpClient.java:87)
	at org.apache.hc.client5.http.impl.classic.CloseableHttpClient.execute(CloseableHttpClient.java:55)
	at org.apache.hc.client5.http.classic.HttpClient.executeOpen(HttpClient.java:183)
	at org.springframework.http.client.HttpComponentsClientHttpRequest.executeInternal(HttpComponentsClientHttpRequest.java:99)
	at org.springframework.http.client.AbstractStreamingClientHttpRequest.executeInternal(AbstractStreamingClientHttpRequest.java:70)
	at org.springframework.http.client.AbstractClientHttpRequest.execute(AbstractClientHttpRequest.java:66)
	at org.springframework.http.client.InterceptingClientHttpRequest$InterceptingRequestExecution.execute(InterceptingClientHttpRequest.java:112)
	at org.springframework.cloud.netflix.eureka.http.RestTemplateTransportClientFactory.lambda$restTemplate$3(RestTemplateTransportClientFactory.java:170)
	at org.springframework.http.client.InterceptingClientHttpRequest$InterceptingRequestExecution.execute(InterceptingClientHttpRequest.java:88)
	at org.springframework.http.client.InterceptingClientHttpRequest.executeInternal(InterceptingClientHttpRequest.java:72)
	at org.springframework.http.client.AbstractBufferingClientHttpRequest.executeInternal(AbstractBufferingClientHttpRequest.java:48)
	at org.springframework.http.client.AbstractClientHttpRequest.execute(AbstractClientHttpRequest.java:66)
	at org.springframework.web.client.RestTemplate.doExecute(RestTemplate.java:889)
	... 19 more

2026-04-28T14:01:03.983+01:00  WARN 17852 --- [ticket-service] [beatExecutor-%d] c.n.d.s.t.d.RetryableEurekaHttpClient    : Request execution failed with message: I/O error on PUT request for "http://localhost:8761/eureka/apps/TICKET-SERVICE/ticket-service:8739a602d7a8d6c702048d5214c4754a": Connect to http://localhost:8761 [localhost/127.0.0.1, localhost/0:0:0:0:0:0:0:1] failed: Connection refused: no further information
2026-04-28T14:01:03.986+01:00 DEBUG 17852 --- [ticket-service] [beatExecutor-%d] o.s.web.client.RestTemplate              : HTTP PUT http://localhost:8761/eureka/apps/TICKET-SERVICE/ticket-service:8739a602d7a8d6c702048d5214c4754a?status=UP&lastDirtyTimestamp=1777378831360
2026-04-28T14:01:03.993+01:00 DEBUG 17852 --- [ticket-service] [beatExecutor-%d] o.s.web.client.RestTemplate              : Accept=[application/json, application/*+json]
2026-04-28T14:01:04.014+01:00  INFO 17852 --- [ticket-service] [beatExecutor-%d] c.n.d.s.t.d.RedirectingEurekaHttpClient  : Request execution error. endpoint=DefaultEndpoint{ serviceUrl='http://localhost:8761/eureka/}, exception=I/O error on PUT request for "http://localhost:8761/eureka/apps/TICKET-SERVICE/ticket-service:8739a602d7a8d6c702048d5214c4754a": Connect to http://localhost:8761 [localhost/127.0.0.1, localhost/0:0:0:0:0:0:0:1] failed: Connection refused: no further information stacktrace=org.springframework.web.client.ResourceAccessException: I/O error on PUT request for "http://localhost:8761/eureka/apps/TICKET-SERVICE/ticket-service:8739a602d7a8d6c702048d5214c4754a": Connect to http://localhost:8761 [localhost/127.0.0.1, localhost/0:0:0:0:0:0:0:1] failed: Connection refused: no further information
	at org.springframework.web.client.RestTemplate.createResourceAccessException(RestTemplate.java:915)
	at org.springframework.web.client.RestTemplate.doExecute(RestTemplate.java:895)
	at org.springframework.web.client.RestTemplate.execute(RestTemplate.java:830)
	at org.springframework.web.client.RestTemplate.exchange(RestTemplate.java:691)
	at org.springframework.cloud.netflix.eureka.http.RestTemplateEurekaHttpClient.sendHeartBeat(RestTemplateEurekaHttpClient.java:115)
	at com.netflix.discovery.shared.transport.decorator.EurekaHttpClientDecorator$3.execute(EurekaHttpClientDecorator.java:92)
	at com.netflix.discovery.shared.transport.decorator.RedirectingEurekaHttpClient.executeOnNewServer(RedirectingEurekaHttpClient.java:121)
	at com.netflix.discovery.shared.transport.decorator.RedirectingEurekaHttpClient.execute(RedirectingEurekaHttpClient.java:80)
	at com.netflix.discovery.shared.transport.decorator.EurekaHttpClientDecorator.sendHeartBeat(EurekaHttpClientDecorator.java:89)
	at com.netflix.discovery.shared.transport.decorator.EurekaHttpClientDecorator$3.execute(EurekaHttpClientDecorator.java:92)
	at com.netflix.discovery.shared.transport.decorator.RetryableEurekaHttpClient.execute(RetryableEurekaHttpClient.java:120)
	at com.netflix.discovery.shared.transport.decorator.EurekaHttpClientDecorator.sendHeartBeat(EurekaHttpClientDecorator.java:89)
	at com.netflix.discovery.shared.transport.decorator.EurekaHttpClientDecorator$3.execute(EurekaHttpClientDecorator.java:92)
	at com.netflix.discovery.shared.transport.decorator.SessionedEurekaHttpClient.execute(SessionedEurekaHttpClient.java:76)
	at com.netflix.discovery.shared.transport.decorator.EurekaHttpClientDecorator.sendHeartBeat(EurekaHttpClientDecorator.java:89)
	at com.netflix.discovery.DiscoveryClient.renew(DiscoveryClient.java:845)
	at com.netflix.discovery.DiscoveryClient$HeartbeatThread.run(DiscoveryClient.java:1402)
	at java.base/java.util.concurrent.Executors$RunnableAdapter.call(Executors.java:539)
	at java.base/java.util.concurrent.FutureTask.run(FutureTask.java:264)
	at java.base/java.util.concurrent.ThreadPoolExecutor.runWorker(ThreadPoolExecutor.java:1136)
	at java.base/java.util.concurrent.ThreadPoolExecutor$Worker.run(ThreadPoolExecutor.java:635)
	at java.base/java.lang.Thread.run(Thread.java:842)
Caused by: org.apache.hc.client5.http.HttpHostConnectException: Connect to http://localhost:8761 [localhost/127.0.0.1, localhost/0:0:0:0:0:0:0:1] failed: Connection refused: no further information
	at java.base/sun.nio.ch.Net.pollConnect(Native Method)
	at java.base/sun.nio.ch.Net.pollConnectNow(Net.java:672)
	at java.base/sun.nio.ch.NioSocketImpl.timedFinishConnect(NioSocketImpl.java:547)
	at java.base/sun.nio.ch.NioSocketImpl.connect(NioSocketImpl.java:602)
	at java.base/java.net.SocksSocketImpl.connect(SocksSocketImpl.java:327)
	at java.base/java.net.Socket.connect(Socket.java:633)
	at org.apache.hc.client5.http.socket.PlainConnectionSocketFactory.lambda$connectSocket$0(PlainConnectionSocketFactory.java:91)
	at java.base/java.security.AccessController.doPrivileged(AccessController.java:569)
	at org.apache.hc.client5.http.socket.PlainConnectionSocketFactory.connectSocket(PlainConnectionSocketFactory.java:90)
	at org.apache.hc.client5.http.socket.ConnectionSocketFactory.connectSocket(ConnectionSocketFactory.java:123)
	at org.apache.hc.client5.http.impl.io.DefaultHttpClientConnectionOperator.connect(DefaultHttpClientConnectionOperator.java:189)
	at org.apache.hc.client5.http.impl.io.PoolingHttpClientConnectionManager.connect(PoolingHttpClientConnectionManager.java:450)
	at org.apache.hc.client5.http.impl.classic.InternalExecRuntime.connectEndpoint(InternalExecRuntime.java:162)
	at org.apache.hc.client5.http.impl.classic.InternalExecRuntime.connectEndpoint(InternalExecRuntime.java:172)
	at org.apache.hc.client5.http.impl.classic.ConnectExec.execute(ConnectExec.java:142)
	at org.apache.hc.client5.http.impl.classic.ExecChainElement.execute(ExecChainElement.java:51)
	at org.apache.hc.client5.http.impl.classic.ProtocolExec.execute(ProtocolExec.java:192)
	at org.apache.hc.client5.http.impl.classic.ExecChainElement.execute(ExecChainElement.java:51)
	at org.apache.hc.client5.http.impl.classic.HttpRequestRetryExec.execute(HttpRequestRetryExec.java:113)
	at org.apache.hc.client5.http.impl.classic.ExecChainElement.execute(ExecChainElement.java:51)
	at org.apache.hc.client5.http.impl.classic.ContentCompressionExec.execute(ContentCompressionExec.java:152)
	at org.apache.hc.client5.http.impl.classic.ExecChainElement.execute(ExecChainElement.java:51)
	at org.apache.hc.client5.http.impl.classic.RedirectExec.execute(RedirectExec.java:116)
	at org.apache.hc.client5.http.impl.classic.ExecChainElement.execute(ExecChainElement.java:51)
	at org.apache.hc.client5.http.impl.classic.InternalHttpClient.doExecute(InternalHttpClient.java:170)
	at org.apache.hc.client5.http.impl.classic.CloseableHttpClient.execute(CloseableHttpClient.java:87)
	at org.apache.hc.client5.http.impl.classic.CloseableHttpClient.execute(CloseableHttpClient.java:55)
	at org.apache.hc.client5.http.classic.HttpClient.executeOpen(HttpClient.java:183)
	at org.springframework.http.client.HttpComponentsClientHttpRequest.executeInternal(HttpComponentsClientHttpRequest.java:99)
	at org.springframework.http.client.AbstractStreamingClientHttpRequest.executeInternal(AbstractStreamingClientHttpRequest.java:70)
	at org.springframework.http.client.AbstractClientHttpRequest.execute(AbstractClientHttpRequest.java:66)
	at org.springframework.http.client.InterceptingClientHttpRequest$InterceptingRequestExecution.execute(InterceptingClientHttpRequest.java:112)
	at org.springframework.cloud.netflix.eureka.http.RestTemplateTransportClientFactory.lambda$restTemplate$3(RestTemplateTransportClientFactory.java:170)
	at org.springframework.http.client.InterceptingClientHttpRequest$InterceptingRequestExecution.execute(InterceptingClientHttpRequest.java:88)
	at org.springframework.http.client.InterceptingClientHttpRequest.executeInternal(InterceptingClientHttpRequest.java:72)
	at org.springframework.http.client.AbstractBufferingClientHttpRequest.executeInternal(AbstractBufferingClientHttpRequest.java:48)
	at org.springframework.http.client.AbstractClientHttpRequest.execute(AbstractClientHttpRequest.java:66)
	at org.springframework.web.client.RestTemplate.doExecute(RestTemplate.java:889)
	... 20 more

2026-04-28T14:01:04.014+01:00  WARN 17852 --- [ticket-service] [beatExecutor-%d] c.n.d.s.t.d.RetryableEurekaHttpClient    : Request execution failed with message: I/O error on PUT request for "http://localhost:8761/eureka/apps/TICKET-SERVICE/ticket-service:8739a602d7a8d6c702048d5214c4754a": Connect to http://localhost:8761 [localhost/127.0.0.1, localhost/0:0:0:0:0:0:0:1] failed: Connection refused: no further information
2026-04-28T14:01:04.014+01:00 ERROR 17852 --- [ticket-service] [beatExecutor-%d] com.netflix.discovery.DiscoveryClient    : DiscoveryClient_TICKET-SERVICE/ticket-service:8739a602d7a8d6c702048d5214c4754a - was unable to send heartbeat!

com.netflix.discovery.shared.transport.TransportException: Cannot execute request on any known server
	at com.netflix.discovery.shared.transport.decorator.RetryableEurekaHttpClient.execute(RetryableEurekaHttpClient.java:112) ~[eureka-client-2.0.4.jar:2.0.4]
	at com.netflix.discovery.shared.transport.decorator.EurekaHttpClientDecorator.sendHeartBeat(EurekaHttpClientDecorator.java:89) ~[eureka-client-2.0.4.jar:2.0.4]
	at com.netflix.discovery.shared.transport.decorator.EurekaHttpClientDecorator$3.execute(EurekaHttpClientDecorator.java:92) ~[eureka-client-2.0.4.jar:2.0.4]
	at com.netflix.discovery.shared.transport.decorator.SessionedEurekaHttpClient.execute(SessionedEurekaHttpClient.java:76) ~[eureka-client-2.0.4.jar:2.0.4]
	at com.netflix.discovery.shared.transport.decorator.EurekaHttpClientDecorator.sendHeartBeat(EurekaHttpClientDecorator.java:89) ~[eureka-client-2.0.4.jar:2.0.4]
	at com.netflix.discovery.DiscoveryClient.renew(DiscoveryClient.java:845) ~[eureka-client-2.0.4.jar:2.0.4]
	at com.netflix.discovery.DiscoveryClient$HeartbeatThread.run(DiscoveryClient.java:1402) ~[eureka-client-2.0.4.jar:2.0.4]
	at java.base/java.util.concurrent.Executors$RunnableAdapter.call(Executors.java:539) ~[na:na]
	at java.base/java.util.concurrent.FutureTask.run(FutureTask.java:264) ~[na:na]
	at java.base/java.util.concurrent.ThreadPoolExecutor.runWorker(ThreadPoolExecutor.java:1136) ~[na:na]
	at java.base/java.util.concurrent.ThreadPoolExecutor$Worker.run(ThreadPoolExecutor.java:635) ~[na:na]
	at java.base/java.lang.Thread.run(Thread.java:842) ~[na:na]

2026-04-28T14:01:04.281+01:00 DEBUG 17852 --- [ticket-service] [reshExecutor-%d] o.s.web.client.RestTemplate              : HTTP GET http://localhost:8761/eureka/apps/delta
2026-04-28T14:01:04.285+01:00 DEBUG 17852 --- [ticket-service] [reshExecutor-%d] o.s.web.client.RestTemplate              : Accept=[application/json, application/*+json]
2026-04-28T14:01:04.314+01:00  INFO 17852 --- [ticket-service] [reshExecutor-%d] c.n.d.s.t.d.RedirectingEurekaHttpClient  : Request execution error. endpoint=DefaultEndpoint{ serviceUrl='http://localhost:8761/eureka/} exception=I/O error on GET request for "http://localhost:8761/eureka/apps/delta": Connect to http://localhost:8761 [localhost/127.0.0.1, localhost/0:0:0:0:0:0:0:1] failed: Connection refused: no further information stacktrace=org.springframework.web.client.ResourceAccessException: I/O error on GET request for "http://localhost:8761/eureka/apps/delta": Connect to http://localhost:8761 [localhost/127.0.0.1, localhost/0:0:0:0:0:0:0:1] failed: Connection refused: no further information
	at org.springframework.web.client.RestTemplate.createResourceAccessException(RestTemplate.java:915)
	at org.springframework.web.client.RestTemplate.doExecute(RestTemplate.java:895)
	at org.springframework.web.client.RestTemplate.execute(RestTemplate.java:830)
	at org.springframework.web.client.RestTemplate.exchange(RestTemplate.java:691)
	at org.springframework.cloud.netflix.eureka.http.RestTemplateEurekaHttpClient.getApplicationsInternal(RestTemplateEurekaHttpClient.java:170)
	at org.springframework.cloud.netflix.eureka.http.RestTemplateEurekaHttpClient.getDelta(RestTemplateEurekaHttpClient.java:182)
	at com.netflix.discovery.shared.transport.decorator.EurekaHttpClientDecorator$7.execute(EurekaHttpClientDecorator.java:152)
	at com.netflix.discovery.shared.transport.decorator.RedirectingEurekaHttpClient.execute(RedirectingEurekaHttpClient.java:91)
	at com.netflix.discovery.shared.transport.decorator.EurekaHttpClientDecorator.getDelta(EurekaHttpClientDecorator.java:149)
	at com.netflix.discovery.shared.transport.decorator.EurekaHttpClientDecorator$7.execute(EurekaHttpClientDecorator.java:152)
	at com.netflix.discovery.shared.transport.decorator.RetryableEurekaHttpClient.execute(RetryableEurekaHttpClient.java:120)
	at com.netflix.discovery.shared.transport.decorator.EurekaHttpClientDecorator.getDelta(EurekaHttpClientDecorator.java:149)
	at com.netflix.discovery.shared.transport.decorator.EurekaHttpClientDecorator$7.execute(EurekaHttpClientDecorator.java:152)
	at com.netflix.discovery.shared.transport.decorator.SessionedEurekaHttpClient.execute(SessionedEurekaHttpClient.java:76)
	at com.netflix.discovery.shared.transport.decorator.EurekaHttpClientDecorator.getDelta(EurekaHttpClientDecorator.java:149)
	at com.netflix.discovery.DiscoveryClient.getAndUpdateDelta(DiscoveryClient.java:1080)
	at com.netflix.discovery.DiscoveryClient.fetchRegistry(DiscoveryClient.java:963)
	at com.netflix.discovery.DiscoveryClient.refreshRegistry(DiscoveryClient.java:1473)
	at com.netflix.discovery.DiscoveryClient$CacheRefreshThread.run(DiscoveryClient.java:1441)
	at java.base/java.util.concurrent.Executors$RunnableAdapter.call(Executors.java:539)
	at java.base/java.util.concurrent.FutureTask.run(FutureTask.java:264)
	at java.base/java.util.concurrent.ThreadPoolExecutor.runWorker(ThreadPoolExecutor.java:1136)
	at java.base/java.util.concurrent.ThreadPoolExecutor$Worker.run(ThreadPoolExecutor.java:635)
	at java.base/java.lang.Thread.run(Thread.java:842)
Caused by: org.apache.hc.client5.http.HttpHostConnectException: Connect to http://localhost:8761 [localhost/127.0.0.1, localhost/0:0:0:0:0:0:0:1] failed: Connection refused: no further information
	at java.base/sun.nio.ch.Net.pollConnect(Native Method)
	at java.base/sun.nio.ch.Net.pollConnectNow(Net.java:672)
	at java.base/sun.nio.ch.NioSocketImpl.timedFinishConnect(NioSocketImpl.java:547)
	at java.base/sun.nio.ch.NioSocketImpl.connect(NioSocketImpl.java:602)
	at java.base/java.net.SocksSocketImpl.connect(SocksSocketImpl.java:327)
	at java.base/java.net.Socket.connect(Socket.java:633)
	at org.apache.hc.client5.http.socket.PlainConnectionSocketFactory.lambda$connectSocket$0(PlainConnectionSocketFactory.java:91)
	at java.base/java.security.AccessController.doPrivileged(AccessController.java:569)
	at org.apache.hc.client5.http.socket.PlainConnectionSocketFactory.connectSocket(PlainConnectionSocketFactory.java:90)
	at org.apache.hc.client5.http.socket.ConnectionSocketFactory.connectSocket(ConnectionSocketFactory.java:123)
	at org.apache.hc.client5.http.impl.io.DefaultHttpClientConnectionOperator.connect(DefaultHttpClientConnectionOperator.java:189)
	at org.apache.hc.client5.http.impl.io.PoolingHttpClientConnectionManager.connect(PoolingHttpClientConnectionManager.java:450)
	at org.apache.hc.client5.http.impl.classic.InternalExecRuntime.connectEndpoint(InternalExecRuntime.java:162)
	at org.apache.hc.client5.http.impl.classic.InternalExecRuntime.connectEndpoint(InternalExecRuntime.java:172)
	at org.apache.hc.client5.http.impl.classic.ConnectExec.execute(ConnectExec.java:142)
	at org.apache.hc.client5.http.impl.classic.ExecChainElement.execute(ExecChainElement.java:51)
	at org.apache.hc.client5.http.impl.classic.ProtocolExec.execute(ProtocolExec.java:192)
	at org.apache.hc.client5.http.impl.classic.ExecChainElement.execute(ExecChainElement.java:51)
	at org.apache.hc.client5.http.impl.classic.HttpRequestRetryExec.execute(HttpRequestRetryExec.java:113)
	at org.apache.hc.client5.http.impl.classic.ExecChainElement.execute(ExecChainElement.java:51)
	at org.apache.hc.client5.http.impl.classic.ContentCompressionExec.execute(ContentCompressionExec.java:152)
	at org.apache.hc.client5.http.impl.classic.ExecChainElement.execute(ExecChainElement.java:51)
	at org.apache.hc.client5.http.impl.classic.RedirectExec.execute(RedirectExec.java:116)
	at org.apache.hc.client5.http.impl.classic.ExecChainElement.execute(ExecChainElement.java:51)
	at org.apache.hc.client5.http.impl.classic.InternalHttpClient.doExecute(InternalHttpClient.java:170)
	at org.apache.hc.client5.http.impl.classic.CloseableHttpClient.execute(CloseableHttpClient.java:87)
	at org.apache.hc.client5.http.impl.classic.CloseableHttpClient.execute(CloseableHttpClient.java:55)
	at org.apache.hc.client5.http.classic.HttpClient.executeOpen(HttpClient.java:183)
	at org.springframework.http.client.HttpComponentsClientHttpRequest.executeInternal(HttpComponentsClientHttpRequest.java:99)
	at org.springframework.http.client.AbstractStreamingClientHttpRequest.executeInternal(AbstractStreamingClientHttpRequest.java:70)
	at org.springframework.http.client.AbstractClientHttpRequest.execute(AbstractClientHttpRequest.java:66)
	at org.springframework.http.client.InterceptingClientHttpRequest$InterceptingRequestExecution.execute(InterceptingClientHttpRequest.java:112)
	at org.springframework.cloud.netflix.eureka.http.RestTemplateTransportClientFactory.lambda$restTemplate$3(RestTemplateTransportClientFactory.java:170)
	at org.springframework.http.client.InterceptingClientHttpRequest$InterceptingRequestExecution.execute(InterceptingClientHttpRequest.java:88)
	at org.springframework.http.client.InterceptingClientHttpRequest.executeInternal(InterceptingClientHttpRequest.java:72)
	at org.springframework.http.client.AbstractBufferingClientHttpRequest.executeInternal(AbstractBufferingClientHttpRequest.java:48)
	at org.springframework.http.client.AbstractClientHttpRequest.execute(AbstractClientHttpRequest.java:66)
	at org.springframework.web.client.RestTemplate.doExecute(RestTemplate.java:889)
	... 22 more

2026-04-28T14:01:04.315+01:00  WARN 17852 --- [ticket-service] [reshExecutor-%d] c.n.d.s.t.d.RetryableEurekaHttpClient    : Request execution failed with message: I/O error on GET request for "http://localhost:8761/eureka/apps/delta": Connect to http://localhost:8761 [localhost/127.0.0.1, localhost/0:0:0:0:0:0:0:1] failed: Connection refused: no further information
2026-04-28T14:01:04.319+01:00 DEBUG 17852 --- [ticket-service] [reshExecutor-%d] o.s.web.client.RestTemplate              : HTTP GET http://localhost:8761/eureka/apps/delta
2026-04-28T14:01:04.323+01:00 DEBUG 17852 --- [ticket-service] [reshExecutor-%d] o.s.web.client.RestTemplate              : Accept=[application/json, application/*+json]
2026-04-28T14:01:04.344+01:00  INFO 17852 --- [ticket-service] [reshExecutor-%d] c.n.d.s.t.d.RedirectingEurekaHttpClient  : Request execution error. endpoint=DefaultEndpoint{ serviceUrl='http://localhost:8761/eureka/}, exception=I/O error on GET request for "http://localhost:8761/eureka/apps/delta": Connect to http://localhost:8761 [localhost/127.0.0.1, localhost/0:0:0:0:0:0:0:1] failed: Connection refused: no further information stacktrace=org.springframework.web.client.ResourceAccessException: I/O error on GET request for "http://localhost:8761/eureka/apps/delta": Connect to http://localhost:8761 [localhost/127.0.0.1, localhost/0:0:0:0:0:0:0:1] failed: Connection refused: no further information
	at org.springframework.web.client.RestTemplate.createResourceAccessException(RestTemplate.java:915)
	at org.springframework.web.client.RestTemplate.doExecute(RestTemplate.java:895)
	at org.springframework.web.client.RestTemplate.execute(RestTemplate.java:830)
	at org.springframework.web.client.RestTemplate.exchange(RestTemplate.java:691)
	at org.springframework.cloud.netflix.eureka.http.RestTemplateEurekaHttpClient.getApplicationsInternal(RestTemplateEurekaHttpClient.java:170)
	at org.springframework.cloud.netflix.eureka.http.RestTemplateEurekaHttpClient.getDelta(RestTemplateEurekaHttpClient.java:182)
	at com.netflix.discovery.shared.transport.decorator.EurekaHttpClientDecorator$7.execute(EurekaHttpClientDecorator.java:152)
	at com.netflix.discovery.shared.transport.decorator.RedirectingEurekaHttpClient.executeOnNewServer(RedirectingEurekaHttpClient.java:121)
	at com.netflix.discovery.shared.transport.decorator.RedirectingEurekaHttpClient.execute(RedirectingEurekaHttpClient.java:80)
	at com.netflix.discovery.shared.transport.decorator.EurekaHttpClientDecorator.getDelta(EurekaHttpClientDecorator.java:149)
	at com.netflix.discovery.shared.transport.decorator.EurekaHttpClientDecorator$7.execute(EurekaHttpClientDecorator.java:152)
	at com.netflix.discovery.shared.transport.decorator.RetryableEurekaHttpClient.execute(RetryableEurekaHttpClient.java:120)
	at com.netflix.discovery.shared.transport.decorator.EurekaHttpClientDecorator.getDelta(EurekaHttpClientDecorator.java:149)
	at com.netflix.discovery.shared.transport.decorator.EurekaHttpClientDecorator$7.execute(EurekaHttpClientDecorator.java:152)
	at com.netflix.discovery.shared.transport.decorator.SessionedEurekaHttpClient.execute(SessionedEurekaHttpClient.java:76)
	at com.netflix.discovery.shared.transport.decorator.EurekaHttpClientDecorator.getDelta(EurekaHttpClientDecorator.java:149)
	at com.netflix.discovery.DiscoveryClient.getAndUpdateDelta(DiscoveryClient.java:1080)
	at com.netflix.discovery.DiscoveryClient.fetchRegistry(DiscoveryClient.java:963)
	at com.netflix.discovery.DiscoveryClient.refreshRegistry(DiscoveryClient.java:1473)
	at com.netflix.discovery.DiscoveryClient$CacheRefreshThread.run(DiscoveryClient.java:1441)
	at java.base/java.util.concurrent.Executors$RunnableAdapter.call(Executors.java:539)
	at java.base/java.util.concurrent.FutureTask.run(FutureTask.java:264)
	at java.base/java.util.concurrent.ThreadPoolExecutor.runWorker(ThreadPoolExecutor.java:1136)
	at java.base/java.util.concurrent.ThreadPoolExecutor$Worker.run(ThreadPoolExecutor.java:635)
	at java.base/java.lang.Thread.run(Thread.java:842)
Caused by: org.apache.hc.client5.http.HttpHostConnectException: Connect to http://localhost:8761 [localhost/127.0.0.1, localhost/0:0:0:0:0:0:0:1] failed: Connection refused: no further information
	at java.base/sun.nio.ch.Net.pollConnect(Native Method)
	at java.base/sun.nio.ch.Net.pollConnectNow(Net.java:672)
	at java.base/sun.nio.ch.NioSocketImpl.timedFinishConnect(NioSocketImpl.java:547)
	at java.base/sun.nio.ch.NioSocketImpl.connect(NioSocketImpl.java:602)
	at java.base/java.net.SocksSocketImpl.connect(SocksSocketImpl.java:327)
	at java.base/java.net.Socket.connect(Socket.java:633)
	at org.apache.hc.client5.http.socket.PlainConnectionSocketFactory.lambda$connectSocket$0(PlainConnectionSocketFactory.java:91)
	at java.base/java.security.AccessController.doPrivileged(AccessController.java:569)
	at org.apache.hc.client5.http.socket.PlainConnectionSocketFactory.connectSocket(PlainConnectionSocketFactory.java:90)
	at org.apache.hc.client5.http.socket.ConnectionSocketFactory.connectSocket(ConnectionSocketFactory.java:123)
	at org.apache.hc.client5.http.impl.io.DefaultHttpClientConnectionOperator.connect(DefaultHttpClientConnectionOperator.java:189)
	at org.apache.hc.client5.http.impl.io.PoolingHttpClientConnectionManager.connect(PoolingHttpClientConnectionManager.java:450)
	at org.apache.hc.client5.http.impl.classic.InternalExecRuntime.connectEndpoint(InternalExecRuntime.java:162)
	at org.apache.hc.client5.http.impl.classic.InternalExecRuntime.connectEndpoint(InternalExecRuntime.java:172)
	at org.apache.hc.client5.http.impl.classic.ConnectExec.execute(ConnectExec.java:142)
	at org.apache.hc.client5.http.impl.classic.ExecChainElement.execute(ExecChainElement.java:51)
	at org.apache.hc.client5.http.impl.classic.ProtocolExec.execute(ProtocolExec.java:192)
	at org.apache.hc.client5.http.impl.classic.ExecChainElement.execute(ExecChainElement.java:51)
	at org.apache.hc.client5.http.impl.classic.HttpRequestRetryExec.execute(HttpRequestRetryExec.java:113)
	at org.apache.hc.client5.http.impl.classic.ExecChainElement.execute(ExecChainElement.java:51)
	at org.apache.hc.client5.http.impl.classic.ContentCompressionExec.execute(ContentCompressionExec.java:152)
	at org.apache.hc.client5.http.impl.classic.ExecChainElement.execute(ExecChainElement.java:51)
	at org.apache.hc.client5.http.impl.classic.RedirectExec.execute(RedirectExec.java:116)
	at org.apache.hc.client5.http.impl.classic.ExecChainElement.execute(ExecChainElement.java:51)
	at org.apache.hc.client5.http.impl.classic.InternalHttpClient.doExecute(InternalHttpClient.java:170)
	at org.apache.hc.client5.http.impl.classic.CloseableHttpClient.execute(CloseableHttpClient.java:87)
	at org.apache.hc.client5.http.impl.classic.CloseableHttpClient.execute(CloseableHttpClient.java:55)
	at org.apache.hc.client5.http.classic.HttpClient.executeOpen(HttpClient.java:183)
	at org.springframework.http.client.HttpComponentsClientHttpRequest.executeInternal(HttpComponentsClientHttpRequest.java:99)
	at org.springframework.http.client.AbstractStreamingClientHttpRequest.executeInternal(AbstractStreamingClientHttpRequest.java:70)
	at org.springframework.http.client.AbstractClientHttpRequest.execute(AbstractClientHttpRequest.java:66)
	at org.springframework.http.client.InterceptingClientHttpRequest$InterceptingRequestExecution.execute(InterceptingClientHttpRequest.java:112)
	at org.springframework.cloud.netflix.eureka.http.RestTemplateTransportClientFactory.lambda$restTemplate$3(RestTemplateTransportClientFactory.java:170)
	at org.springframework.http.client.InterceptingClientHttpRequest$InterceptingRequestExecution.execute(InterceptingClientHttpRequest.java:88)
	at org.springframework.http.client.InterceptingClientHttpRequest.executeInternal(InterceptingClientHttpRequest.java:72)
	at org.springframework.http.client.AbstractBufferingClientHttpRequest.executeInternal(AbstractBufferingClientHttpRequest.java:48)
	at org.springframework.http.client.AbstractClientHttpRequest.execute(AbstractClientHttpRequest.java:66)
	at org.springframework.web.client.RestTemplate.doExecute(RestTemplate.java:889)
	... 23 more

2026-04-28T14:01:04.345+01:00  WARN 17852 --- [ticket-service] [reshExecutor-%d] c.n.d.s.t.d.RetryableEurekaHttpClient    : Request execution failed with message: I/O error on GET request for "http://localhost:8761/eureka/apps/delta": Connect to http://localhost:8761 [localhost/127.0.0.1, localhost/0:0:0:0:0:0:0:1] failed: Connection refused: no further information
2026-04-28T14:01:04.347+01:00  INFO 17852 --- [ticket-service] [reshExecutor-%d] com.netflix.discovery.DiscoveryClient    : DiscoveryClient_TICKET-SERVICE/ticket-service:8739a602d7a8d6c702048d5214c4754a - was unable to refresh its cache! This periodic background refresh will be retried in 30 seconds. status = Cannot execute request on any known server stacktrace = com.netflix.discovery.shared.transport.TransportException: Cannot execute request on any known server
	at com.netflix.discovery.shared.transport.decorator.RetryableEurekaHttpClient.execute(RetryableEurekaHttpClient.java:112)
	at com.netflix.discovery.shared.transport.decorator.EurekaHttpClientDecorator.getDelta(EurekaHttpClientDecorator.java:149)
	at com.netflix.discovery.shared.transport.decorator.EurekaHttpClientDecorator$7.execute(EurekaHttpClientDecorator.java:152)
	at com.netflix.discovery.shared.transport.decorator.SessionedEurekaHttpClient.execute(SessionedEurekaHttpClient.java:76)
	at com.netflix.discovery.shared.transport.decorator.EurekaHttpClientDecorator.getDelta(EurekaHttpClientDecorator.java:149)
	at com.netflix.discovery.DiscoveryClient.getAndUpdateDelta(DiscoveryClient.java:1080)
	at com.netflix.discovery.DiscoveryClient.fetchRegistry(DiscoveryClient.java:963)
	at com.netflix.discovery.DiscoveryClient.refreshRegistry(DiscoveryClient.java:1473)
	at com.netflix.discovery.DiscoveryClient$CacheRefreshThread.run(DiscoveryClient.java:1441)
	at java.base/java.util.concurrent.Executors$RunnableAdapter.call(Executors.java:539)
	at java.base/java.util.concurrent.FutureTask.run(FutureTask.java:264)
	at java.base/java.util.concurrent.ThreadPoolExecutor.runWorker(ThreadPoolExecutor.java:1136)
	at java.base/java.util.concurrent.ThreadPoolExecutor$Worker.run(ThreadPoolExecutor.java:635)
	at java.base/java.lang.Thread.run(Thread.java:842)

2026-04-28T14:01:34.032+01:00 DEBUG 17852 --- [ticket-service] [beatExecutor-%d] o.s.web.client.RestTemplate              : HTTP PUT http://localhost:8761/eureka/apps/TICKET-SERVICE/ticket-service:8739a602d7a8d6c702048d5214c4754a?status=UP&lastDirtyTimestamp=1777378831360
2026-04-28T14:01:34.038+01:00 DEBUG 17852 --- [ticket-service] [beatExecutor-%d] o.s.web.client.RestTemplate              : Accept=[application/json, application/*+json]
2026-04-28T14:01:34.043+01:00 DEBUG 17852 --- [ticket-service] [beatExecutor-%d] o.s.web.client.RestTemplate              : Response 404 NOT_FOUND
2026-04-28T14:01:34.044+01:00  INFO 17852 --- [ticket-service] [beatExecutor-%d] com.netflix.discovery.DiscoveryClient    : DiscoveryClient_TICKET-SERVICE/ticket-service:8739a602d7a8d6c702048d5214c4754a - Re-registering apps/TICKET-SERVICE
2026-04-28T14:01:34.044+01:00  INFO 17852 --- [ticket-service] [beatExecutor-%d] com.netflix.discovery.DiscoveryClient    : DiscoveryClient_TICKET-SERVICE/ticket-service:8739a602d7a8d6c702048d5214c4754a: registering service...
2026-04-28T14:01:34.044+01:00 DEBUG 17852 --- [ticket-service] [beatExecutor-%d] o.s.web.client.RestTemplate              : HTTP POST http://localhost:8761/eureka/apps/TICKET-SERVICE
2026-04-28T14:01:34.045+01:00 DEBUG 17852 --- [ticket-service] [beatExecutor-%d] o.s.web.client.RestTemplate              : Accept=[application/json, application/*+json]
2026-04-28T14:01:34.046+01:00 DEBUG 17852 --- [ticket-service] [beatExecutor-%d] o.s.web.client.RestTemplate              : Writing [InstanceInfo [instanceId = ticket-service:8739a602d7a8d6c702048d5214c4754a, appName = TICKET-SERVICE, hostName = localhost, status = UP, ipAddr = 172.20.10.2, port = 8088, securePort = 443, dataCenterInfo = com.netflix.appinfo.MyDataCenterInfo@2afa1b1a] as "application/json"
2026-04-28T14:01:34.050+01:00 DEBUG 17852 --- [ticket-service] [beatExecutor-%d] o.s.web.client.RestTemplate              : Response 204 NO_CONTENT
2026-04-28T14:01:34.050+01:00  INFO 17852 --- [ticket-service] [beatExecutor-%d] com.netflix.discovery.DiscoveryClient    : DiscoveryClient_TICKET-SERVICE/ticket-service:8739a602d7a8d6c702048d5214c4754a - registration status: 204
2026-04-28T14:01:34.361+01:00 DEBUG 17852 --- [ticket-service] [reshExecutor-%d] o.s.web.client.RestTemplate              : HTTP GET http://localhost:8761/eureka/apps/delta
2026-04-28T14:01:34.368+01:00 DEBUG 17852 --- [ticket-service] [reshExecutor-%d] o.s.web.client.RestTemplate              : Accept=[application/json, application/*+json]
2026-04-28T14:01:34.371+01:00 DEBUG 17852 --- [ticket-service] [reshExecutor-%d] o.s.web.client.RestTemplate              : Response 200 OK
2026-04-28T14:01:34.371+01:00 DEBUG 17852 --- [ticket-service] [reshExecutor-%d] o.s.web.client.RestTemplate              : Reading to [org.springframework.cloud.netflix.eureka.http.EurekaApplications]
2026-04-28T14:01:34.372+01:00 DEBUG 17852 --- [ticket-service] [reshExecutor-%d] o.s.web.client.RestTemplate              : HTTP GET http://localhost:8761/eureka/apps/
2026-04-28T14:01:34.372+01:00 DEBUG 17852 --- [ticket-service] [reshExecutor-%d] o.s.web.client.RestTemplate              : Accept=[application/json, application/*+json]
2026-04-28T14:01:34.375+01:00 DEBUG 17852 --- [ticket-service] [reshExecutor-%d] o.s.web.client.RestTemplate              : Response 200 OK
2026-04-28T14:01:34.375+01:00 DEBUG 17852 --- [ticket-service] [reshExecutor-%d] o.s.web.client.RestTemplate              : Reading to [org.springframework.cloud.netflix.eureka.http.EurekaApplications]
2026-04-28T14:02:04.052+01:00 DEBUG 17852 --- [ticket-service] [beatExecutor-%d] o.s.web.client.RestTemplate              : HTTP PUT http://localhost:8761/eureka/apps/TICKET-SERVICE/ticket-service:8739a602d7a8d6c702048d5214c4754a?status=UP&lastDirtyTimestamp=1777381294044
2026-04-28T14:02:04.055+01:00 DEBUG 17852 --- [ticket-service] [beatExecutor-%d] o.s.web.client.RestTemplate              : Accept=[application/json, application/*+json]
2026-04-28T14:02:04.069+01:00 DEBUG 17852 --- [ticket-service] [beatExecutor-%d] o.s.web.client.RestTemplate              : Response 200 OK
2026-04-28T14:02:04.379+01:00 DEBUG 17852 --- [ticket-service] [reshExecutor-%d] o.s.web.client.RestTemplate              : HTTP GET http://localhost:8761/eureka/apps/delta
2026-04-28T14:02:04.382+01:00 DEBUG 17852 --- [ticket-service] [reshExecutor-%d] o.s.web.client.RestTemplate              : Accept=[application/json, application/*+json]
2026-04-28T14:02:04.396+01:00 DEBUG 17852 --- [ticket-service] [reshExecutor-%d] o.s.web.client.RestTemplate              : Response 200 OK
2026-04-28T14:02:04.397+01:00 DEBUG 17852 --- [ticket-service] [reshExecutor-%d] o.s.web.client.RestTemplate              : Reading to [org.springframework.cloud.netflix.eureka.http.EurekaApplications]
2026-04-28T14:02:34.080+01:00 DEBUG 17852 --- [ticket-service] [beatExecutor-%d] o.s.web.client.RestTemplate              : HTTP PUT http://localhost:8761/eureka/apps/TICKET-SERVICE/ticket-service:8739a602d7a8d6c702048d5214c4754a?status=UP&lastDirtyTimestamp=1777381294044
2026-04-28T14:02:34.083+01:00 DEBUG 17852 --- [ticket-service] [beatExecutor-%d] o.s.web.client.RestTemplate              : Accept=[application/json, application/*+json]
2026-04-28T14:02:34.097+01:00 DEBUG 17852 --- [ticket-service] [beatExecutor-%d] o.s.web.client.RestTemplate              : Response 200 OK
2026-04-28T14:02:34.408+01:00 DEBUG 17852 --- [ticket-service] [reshExecutor-%d] o.s.web.client.RestTemplate              : HTTP GET http://localhost:8761/eureka/apps/delta
2026-04-28T14:02:34.412+01:00 DEBUG 17852 --- [ticket-service] [reshExecutor-%d] o.s.web.client.RestTemplate              : Accept=[application/json, application/*+json]
2026-04-28T14:02:34.431+01:00 DEBUG 17852 --- [ticket-service] [reshExecutor-%d] o.s.web.client.RestTemplate              : Response 200 OK
2026-04-28T14:02:34.432+01:00 DEBUG 17852 --- [ticket-service] [reshExecutor-%d] o.s.web.client.RestTemplate              : Reading to [org.springframework.cloud.netflix.eureka.http.EurekaApplications]
2026-04-28T14:03:04.108+01:00 DEBUG 17852 --- [ticket-service] [beatExecutor-%d] o.s.web.client.RestTemplate              : HTTP PUT http://localhost:8761/eureka/apps/TICKET-SERVICE/ticket-service:8739a602d7a8d6c702048d5214c4754a?status=UP&lastDirtyTimestamp=1777381294044
2026-04-28T14:03:04.113+01:00 DEBUG 17852 --- [ticket-service] [beatExecutor-%d] o.s.web.client.RestTemplate              : Accept=[application/json, application/*+json]
2026-04-28T14:03:04.128+01:00 DEBUG 17852 --- [ticket-service] [beatExecutor-%d] o.s.web.client.RestTemplate              : Response 200 OK
2026-04-28T14:03:04.448+01:00 DEBUG 17852 --- [ticket-service] [reshExecutor-%d] o.s.web.client.RestTemplate              : HTTP GET http://localhost:8761/eureka/apps/delta
2026-04-28T14:03:04.452+01:00 DEBUG 17852 --- [ticket-service] [reshExecutor-%d] o.s.web.client.RestTemplate              : Accept=[application/json, application/*+json]
2026-04-28T14:03:04.468+01:00 DEBUG 17852 --- [ticket-service] [reshExecutor-%d] o.s.web.client.RestTemplate              : Response 200 OK
2026-04-28T14:03:04.469+01:00 DEBUG 17852 --- [ticket-service] [reshExecutor-%d] o.s.web.client.RestTemplate              : Reading to [org.springframework.cloud.netflix.eureka.http.EurekaApplications]
2026-04-28T14:03:34.133+01:00 DEBUG 17852 --- [ticket-service] [beatExecutor-%d] o.s.web.client.RestTemplate              : HTTP PUT http://localhost:8761/eureka/apps/TICKET-SERVICE/ticket-service:8739a602d7a8d6c702048d5214c4754a?status=UP&lastDirtyTimestamp=1777381294044
2026-04-28T14:03:34.138+01:00 DEBUG 17852 --- [ticket-service] [beatExecutor-%d] o.s.web.client.RestTemplate              : Accept=[application/json, application/*+json]
2026-04-28T14:03:34.156+01:00 DEBUG 17852 --- [ticket-service] [beatExecutor-%d] o.s.web.client.RestTemplate              : Response 200 OK
2026-04-28T14:03:34.485+01:00 DEBUG 17852 --- [ticket-service] [reshExecutor-%d] o.s.web.client.RestTemplate              : HTTP GET http://localhost:8761/eureka/apps/delta
2026-04-28T14:03:34.486+01:00 DEBUG 17852 --- [ticket-service] [reshExecutor-%d] o.s.web.client.RestTemplate              : Accept=[application/json, application/*+json]
2026-04-28T14:03:34.503+01:00 DEBUG 17852 --- [ticket-service] [reshExecutor-%d] o.s.web.client.RestTemplate              : Response 200 OK
2026-04-28T14:03:34.504+01:00 DEBUG 17852 --- [ticket-service] [reshExecutor-%d] o.s.web.client.RestTemplate              : Reading to [org.springframework.cloud.netflix.eureka.http.EurekaApplications]
2026-04-28T14:04:04.160+01:00 DEBUG 17852 --- [ticket-service] [beatExecutor-%d] o.s.web.client.RestTemplate              : HTTP PUT http://localhost:8761/eureka/apps/TICKET-SERVICE/ticket-service:8739a602d7a8d6c702048d5214c4754a?status=UP&lastDirtyTimestamp=1777381294044
2026-04-28T14:04:04.164+01:00 DEBUG 17852 --- [ticket-service] [beatExecutor-%d] o.s.web.client.RestTemplate              : Accept=[application/json, application/*+json]
2026-04-28T14:04:04.178+01:00 DEBUG 17852 --- [ticket-service] [beatExecutor-%d] o.s.web.client.RestTemplate              : Response 200 OK
2026-04-28T14:04:04.513+01:00 DEBUG 17852 --- [ticket-service] [reshExecutor-%d] o.s.web.client.RestTemplate              : HTTP GET http://localhost:8761/eureka/apps/delta
2026-04-28T14:04:04.514+01:00 DEBUG 17852 --- [ticket-service] [reshExecutor-%d] o.s.web.client.RestTemplate              : Accept=[application/json, application/*+json]
2026-04-28T14:04:04.535+01:00 DEBUG 17852 --- [ticket-service] [reshExecutor-%d] o.s.web.client.RestTemplate              : Response 200 OK
2026-04-28T14:04:04.536+01:00 DEBUG 17852 --- [ticket-service] [reshExecutor-%d] o.s.web.client.RestTemplate              : Reading to [org.springframework.cloud.netflix.eureka.http.EurekaApplications]
2026-04-28T14:04:34.184+01:00 DEBUG 17852 --- [ticket-service] [beatExecutor-%d] o.s.web.client.RestTemplate              : HTTP PUT http://localhost:8761/eureka/apps/TICKET-SERVICE/ticket-service:8739a602d7a8d6c702048d5214c4754a?status=UP&lastDirtyTimestamp=1777381294044
2026-04-28T14:04:34.187+01:00 DEBUG 17852 --- [ticket-service] [beatExecutor-%d] o.s.web.client.RestTemplate              : Accept=[application/json, application/*+json]
2026-04-28T14:04:34.201+01:00 DEBUG 17852 --- [ticket-service] [beatExecutor-%d] o.s.web.client.RestTemplate              : Response 200 OK
2026-04-28T14:04:34.543+01:00 DEBUG 17852 --- [ticket-service] [reshExecutor-%d] o.s.web.client.RestTemplate              : HTTP GET http://localhost:8761/eureka/apps/delta
2026-04-28T14:04:34.546+01:00 DEBUG 17852 --- [ticket-service] [reshExecutor-%d] o.s.web.client.RestTemplate              : Accept=[application/json, application/*+json]
2026-04-28T14:04:34.561+01:00 DEBUG 17852 --- [ticket-service] [reshExecutor-%d] o.s.web.client.RestTemplate              : Response 200 OK
2026-04-28T14:04:34.561+01:00 DEBUG 17852 --- [ticket-service] [reshExecutor-%d] o.s.web.client.RestTemplate              : Reading to [org.springframework.cloud.netflix.eureka.http.EurekaApplications]
2026-04-28T14:05:04.214+01:00 DEBUG 17852 --- [ticket-service] [beatExecutor-%d] o.s.web.client.RestTemplate              : HTTP PUT http://localhost:8761/eureka/apps/TICKET-SERVICE/ticket-service:8739a602d7a8d6c702048d5214c4754a?status=UP&lastDirtyTimestamp=1777381294044
2026-04-28T14:05:04.220+01:00 DEBUG 17852 --- [ticket-service] [beatExecutor-%d] o.s.web.client.RestTemplate              : Accept=[application/json, application/*+json]
2026-04-28T14:05:04.236+01:00 DEBUG 17852 --- [ticket-service] [beatExecutor-%d] o.s.web.client.RestTemplate              : Response 200 OK
2026-04-28T14:05:04.572+01:00 DEBUG 17852 --- [ticket-service] [reshExecutor-%d] o.s.web.client.RestTemplate              : HTTP GET http://localhost:8761/eureka/apps/delta
2026-04-28T14:05:04.577+01:00 DEBUG 17852 --- [ticket-service] [reshExecutor-%d] o.s.web.client.RestTemplate              : Accept=[application/json, application/*+json]
2026-04-28T14:05:04.596+01:00 DEBUG 17852 --- [ticket-service] [reshExecutor-%d] o.s.web.client.RestTemplate              : Response 200 OK
2026-04-28T14:05:04.598+01:00 DEBUG 17852 --- [ticket-service] [reshExecutor-%d] o.s.web.client.RestTemplate              : Reading to [org.springframework.cloud.netflix.eureka.http.EurekaApplications]
2026-04-28T14:05:31.220+01:00  INFO 17852 --- [ticket-service] [rap-executor-%d] c.n.d.s.r.aws.ConfigClusterResolver      : Resolving eureka endpoints via configuration
2026-04-28T14:05:34.248+01:00 DEBUG 17852 --- [ticket-service] [beatExecutor-%d] o.s.web.client.RestTemplate              : HTTP PUT http://localhost:8761/eureka/apps/TICKET-SERVICE/ticket-service:8739a602d7a8d6c702048d5214c4754a?status=UP&lastDirtyTimestamp=1777381294044
2026-04-28T14:05:34.249+01:00 DEBUG 17852 --- [ticket-service] [beatExecutor-%d] o.s.web.client.RestTemplate              : Accept=[application/json, application/*+json]
2026-04-28T14:05:34.266+01:00 DEBUG 17852 --- [ticket-service] [beatExecutor-%d] o.s.web.client.RestTemplate              : Response 200 OK
2026-04-28T14:05:34.606+01:00 DEBUG 17852 --- [ticket-service] [reshExecutor-%d] o.s.web.client.RestTemplate              : HTTP GET http://localhost:8761/eureka/apps/delta
2026-04-28T14:05:34.609+01:00 DEBUG 17852 --- [ticket-service] [reshExecutor-%d] o.s.web.client.RestTemplate              : Accept=[application/json, application/*+json]
2026-04-28T14:05:34.623+01:00 DEBUG 17852 --- [ticket-service] [reshExecutor-%d] o.s.web.client.RestTemplate              : Response 200 OK
2026-04-28T14:05:34.624+01:00 DEBUG 17852 --- [ticket-service] [reshExecutor-%d] o.s.web.client.RestTemplate              : Reading to [org.springframework.cloud.netflix.eureka.http.EurekaApplications]
2026-04-28T14:06:04.276+01:00 DEBUG 17852 --- [ticket-service] [beatExecutor-%d] o.s.web.client.RestTemplate              : HTTP PUT http://localhost:8761/eureka/apps/TICKET-SERVICE/ticket-service:8739a602d7a8d6c702048d5214c4754a?status=UP&lastDirtyTimestamp=1777381294044
2026-04-28T14:06:04.276+01:00 DEBUG 17852 --- [ticket-service] [beatExecutor-%d] o.s.web.client.RestTemplate              : Accept=[application/json, application/*+json]
2026-04-28T14:06:04.293+01:00 DEBUG 17852 --- [ticket-service] [beatExecutor-%d] o.s.web.client.RestTemplate              : Response 200 OK
2026-04-28T14:06:04.634+01:00 DEBUG 17852 --- [ticket-service] [reshExecutor-%d] o.s.web.client.RestTemplate              : HTTP GET http://localhost:8761/eureka/apps/delta
2026-04-28T14:06:04.640+01:00 DEBUG 17852 --- [ticket-service] [reshExecutor-%d] o.s.web.client.RestTemplate              : Accept=[application/json, application/*+json]
2026-04-28T14:06:04.658+01:00 DEBUG 17852 --- [ticket-service] [reshExecutor-%d] o.s.web.client.RestTemplate              : Response 200 OK
2026-04-28T14:06:04.660+01:00 DEBUG 17852 --- [ticket-service] [reshExecutor-%d] o.s.web.client.RestTemplate              : Reading to [org.springframework.cloud.netflix.eureka.http.EurekaApplications]
2026-04-28T14:06:34.301+01:00 DEBUG 17852 --- [ticket-service] [beatExecutor-%d] o.s.web.client.RestTemplate              : HTTP PUT http://localhost:8761/eureka/apps/TICKET-SERVICE/ticket-service:8739a602d7a8d6c702048d5214c4754a?status=UP&lastDirtyTimestamp=1777381294044
2026-04-28T14:06:34.301+01:00 DEBUG 17852 --- [ticket-service] [beatExecutor-%d] o.s.web.client.RestTemplate              : Accept=[application/json, application/*+json]
2026-04-28T14:06:34.318+01:00 DEBUG 17852 --- [ticket-service] [beatExecutor-%d] o.s.web.client.RestTemplate              : Response 200 OK
2026-04-28T14:06:34.663+01:00 DEBUG 17852 --- [ticket-service] [reshExecutor-%d] o.s.web.client.RestTemplate              : HTTP GET http://localhost:8761/eureka/apps/delta
2026-04-28T14:06:34.667+01:00 DEBUG 17852 --- [ticket-service] [reshExecutor-%d] o.s.web.client.RestTemplate              : Accept=[application/json, application/*+json]
2026-04-28T14:06:34.687+01:00 DEBUG 17852 --- [ticket-service] [reshExecutor-%d] o.s.web.client.RestTemplate              : Response 200 OK
2026-04-28T14:06:34.688+01:00 DEBUG 17852 --- [ticket-service] [reshExecutor-%d] o.s.web.client.RestTemplate              : Reading to [org.springframework.cloud.netflix.eureka.http.EurekaApplications]
2026-04-28T14:07:04.319+01:00 DEBUG 17852 --- [ticket-service] [beatExecutor-%d] o.s.web.client.RestTemplate              : HTTP PUT http://localhost:8761/eureka/apps/TICKET-SERVICE/ticket-service:8739a602d7a8d6c702048d5214c4754a?status=UP&lastDirtyTimestamp=1777381294044
2026-04-28T14:07:04.322+01:00 DEBUG 17852 --- [ticket-service] [beatExecutor-%d] o.s.web.client.RestTemplate              : Accept=[application/json, application/*+json]
2026-04-28T14:07:04.336+01:00 DEBUG 17852 --- [ticket-service] [beatExecutor-%d] o.s.web.client.RestTemplate              : Response 200 OK
2026-04-28T14:07:04.693+01:00 DEBUG 17852 --- [ticket-service] [reshExecutor-%d] o.s.web.client.RestTemplate              : HTTP GET http://localhost:8761/eureka/apps/delta
2026-04-28T14:07:04.697+01:00 DEBUG 17852 --- [ticket-service] [reshExecutor-%d] o.s.web.client.RestTemplate              : Accept=[application/json, application/*+json]
2026-04-28T14:07:04.711+01:00 DEBUG 17852 --- [ticket-service] [reshExecutor-%d] o.s.web.client.RestTemplate              : Response 200 OK
2026-04-28T14:07:04.711+01:00 DEBUG 17852 --- [ticket-service] [reshExecutor-%d] o.s.web.client.RestTemplate              : Reading to [org.springframework.cloud.netflix.eureka.http.EurekaApplications]
2026-04-28T14:07:34.345+01:00 DEBUG 17852 --- [ticket-service] [beatExecutor-%d] o.s.web.client.RestTemplate              : HTTP PUT http://localhost:8761/eureka/apps/TICKET-SERVICE/ticket-service:8739a602d7a8d6c702048d5214c4754a?status=UP&lastDirtyTimestamp=1777381294044
2026-04-28T14:07:34.348+01:00 DEBUG 17852 --- [ticket-service] [beatExecutor-%d] o.s.web.client.RestTemplate              : Accept=[application/json, application/*+json]
2026-04-28T14:07:34.363+01:00 DEBUG 17852 --- [ticket-service] [beatExecutor-%d] o.s.web.client.RestTemplate              : Response 200 OK
2026-04-28T14:07:34.720+01:00 DEBUG 17852 --- [ticket-service] [reshExecutor-%d] o.s.web.client.RestTemplate              : HTTP GET http://localhost:8761/eureka/apps/delta
2026-04-28T14:07:34.720+01:00 DEBUG 17852 --- [ticket-service] [reshExecutor-%d] o.s.web.client.RestTemplate              : Accept=[application/json, application/*+json]
2026-04-28T14:07:34.737+01:00 DEBUG 17852 --- [ticket-service] [reshExecutor-%d] o.s.web.client.RestTemplate              : Response 200 OK
2026-04-28T14:07:34.737+01:00 DEBUG 17852 --- [ticket-service] [reshExecutor-%d] o.s.web.client.RestTemplate              : Reading to [org.springframework.cloud.netflix.eureka.http.EurekaApplications]
2026-04-28T14:08:04.372+01:00 DEBUG 17852 --- [ticket-service] [beatExecutor-%d] o.s.web.client.RestTemplate              : HTTP PUT http://localhost:8761/eureka/apps/TICKET-SERVICE/ticket-service:8739a602d7a8d6c702048d5214c4754a?status=UP&lastDirtyTimestamp=1777381294044
2026-04-28T14:08:04.373+01:00 DEBUG 17852 --- [ticket-service] [beatExecutor-%d] o.s.web.client.RestTemplate              : Accept=[application/json, application/*+json]
2026-04-28T14:08:04.388+01:00 DEBUG 17852 --- [ticket-service] [beatExecutor-%d] o.s.web.client.RestTemplate              : Response 200 OK
2026-04-28T14:08:04.743+01:00 DEBUG 17852 --- [ticket-service] [reshExecutor-%d] o.s.web.client.RestTemplate              : HTTP GET http://localhost:8761/eureka/apps/delta
2026-04-28T14:08:04.746+01:00 DEBUG 17852 --- [ticket-service] [reshExecutor-%d] o.s.web.client.RestTemplate              : Accept=[application/json, application/*+json]
2026-04-28T14:08:04.762+01:00 DEBUG 17852 --- [ticket-service] [reshExecutor-%d] o.s.web.client.RestTemplate              : Response 200 OK
2026-04-28T14:08:04.762+01:00 DEBUG 17852 --- [ticket-service] [reshExecutor-%d] o.s.web.client.RestTemplate              : Reading to [org.springframework.cloud.netflix.eureka.http.EurekaApplications]
2026-04-28T14:08:34.396+01:00 DEBUG 17852 --- [ticket-service] [beatExecutor-%d] o.s.web.client.RestTemplate              : HTTP PUT http://localhost:8761/eureka/apps/TICKET-SERVICE/ticket-service:8739a602d7a8d6c702048d5214c4754a?status=UP&lastDirtyTimestamp=1777381294044
2026-04-28T14:08:34.396+01:00 DEBUG 17852 --- [ticket-service] [beatExecutor-%d] o.s.web.client.RestTemplate              : Accept=[application/json, application/*+json]
2026-04-28T14:08:34.412+01:00 DEBUG 17852 --- [ticket-service] [beatExecutor-%d] o.s.web.client.RestTemplate              : Response 200 OK
2026-04-28T14:08:34.775+01:00 DEBUG 17852 --- [ticket-service] [reshExecutor-%d] o.s.web.client.RestTemplate              : HTTP GET http://localhost:8761/eureka/apps/delta
2026-04-28T14:08:34.775+01:00 DEBUG 17852 --- [ticket-service] [reshExecutor-%d] o.s.web.client.RestTemplate              : Accept=[application/json, application/*+json]
2026-04-28T14:08:34.799+01:00 DEBUG 17852 --- [ticket-service] [reshExecutor-%d] o.s.web.client.RestTemplate              : Response 200 OK
2026-04-28T14:08:34.801+01:00 DEBUG 17852 --- [ticket-service] [reshExecutor-%d] o.s.web.client.RestTemplate              : Reading to [org.springframework.cloud.netflix.eureka.http.EurekaApplications]
2026-04-28T14:09:04.427+01:00 DEBUG 17852 --- [ticket-service] [beatExecutor-%d] o.s.web.client.RestTemplate              : HTTP PUT http://localhost:8761/eureka/apps/TICKET-SERVICE/ticket-service:8739a602d7a8d6c702048d5214c4754a?status=UP&lastDirtyTimestamp=1777381294044
2026-04-28T14:09:04.429+01:00 DEBUG 17852 --- [ticket-service] [beatExecutor-%d] o.s.web.client.RestTemplate              : Accept=[application/json, application/*+json]
2026-04-28T14:09:04.431+01:00 DEBUG 17852 --- [ticket-service] [beatExecutor-%d] o.s.web.client.RestTemplate              : Response 200 OK
2026-04-28T14:09:04.811+01:00 DEBUG 17852 --- [ticket-service] [reshExecutor-%d] o.s.web.client.RestTemplate              : HTTP GET http://localhost:8761/eureka/apps/delta
2026-04-28T14:09:04.816+01:00 DEBUG 17852 --- [ticket-service] [reshExecutor-%d] o.s.web.client.RestTemplate              : Accept=[application/json, application/*+json]
2026-04-28T14:09:04.830+01:00 DEBUG 17852 --- [ticket-service] [reshExecutor-%d] o.s.web.client.RestTemplate              : Response 200 OK
2026-04-28T14:09:04.830+01:00 DEBUG 17852 --- [ticket-service] [reshExecutor-%d] o.s.web.client.RestTemplate              : Reading to [org.springframework.cloud.netflix.eureka.http.EurekaApplications]
2026-04-28T14:09:34.444+01:00 DEBUG 17852 --- [ticket-service] [beatExecutor-%d] o.s.web.client.RestTemplate              : HTTP PUT http://localhost:8761/eureka/apps/TICKET-SERVICE/ticket-service:8739a602d7a8d6c702048d5214c4754a?status=UP&lastDirtyTimestamp=1777381294044
2026-04-28T14:09:34.449+01:00 DEBUG 17852 --- [ticket-service] [beatExecutor-%d] o.s.web.client.RestTemplate              : Accept=[application/json, application/*+json]
2026-04-28T14:09:34.463+01:00 DEBUG 17852 --- [ticket-service] [beatExecutor-%d] o.s.web.client.RestTemplate              : Response 200 OK
2026-04-28T14:09:34.837+01:00 DEBUG 17852 --- [ticket-service] [reshExecutor-%d] o.s.web.client.RestTemplate              : HTTP GET http://localhost:8761/eureka/apps/delta
2026-04-28T14:09:34.837+01:00 DEBUG 17852 --- [ticket-service] [reshExecutor-%d] o.s.web.client.RestTemplate              : Accept=[application/json, application/*+json]
2026-04-28T14:09:34.853+01:00 DEBUG 17852 --- [ticket-service] [reshExecutor-%d] o.s.web.client.RestTemplate              : Response 200 OK
2026-04-28T14:09:34.853+01:00 DEBUG 17852 --- [ticket-service] [reshExecutor-%d] o.s.web.client.RestTemplate              : Reading to [org.springframework.cloud.netflix.eureka.http.EurekaApplications]
2026-04-28T14:10:04.466+01:00 DEBUG 17852 --- [ticket-service] [beatExecutor-%d] o.s.web.client.RestTemplate              : HTTP PUT http://localhost:8761/eureka/apps/TICKET-SERVICE/ticket-service:8739a602d7a8d6c702048d5214c4754a?status=UP&lastDirtyTimestamp=1777381294044
2026-04-28T14:10:04.470+01:00 DEBUG 17852 --- [ticket-service] [beatExecutor-%d] o.s.web.client.RestTemplate              : Accept=[application/json, application/*+json]
2026-04-28T14:10:04.483+01:00 DEBUG 17852 --- [ticket-service] [beatExecutor-%d] o.s.web.client.RestTemplate              : Response 200 OK
2026-04-28T14:10:04.872+01:00 DEBUG 17852 --- [ticket-service] [reshExecutor-%d] o.s.web.client.RestTemplate              : HTTP GET http://localhost:8761/eureka/apps/delta
2026-04-28T14:10:04.875+01:00 DEBUG 17852 --- [ticket-service] [reshExecutor-%d] o.s.web.client.RestTemplate              : Accept=[application/json, application/*+json]
2026-04-28T14:10:04.893+01:00 DEBUG 17852 --- [ticket-service] [reshExecutor-%d] o.s.web.client.RestTemplate              : Response 200 OK
2026-04-28T14:10:04.895+01:00 DEBUG 17852 --- [ticket-service] [reshExecutor-%d] o.s.web.client.RestTemplate              : Reading to [org.springframework.cloud.netflix.eureka.http.EurekaApplications]
2026-04-28T14:10:31.226+01:00  INFO 17852 --- [ticket-service] [rap-executor-%d] c.n.d.s.r.aws.ConfigClusterResolver      : Resolving eureka endpoints via configuration
2026-04-28T14:10:34.499+01:00 DEBUG 17852 --- [ticket-service] [beatExecutor-%d] o.s.web.client.RestTemplate              : HTTP PUT http://localhost:8761/eureka/apps/TICKET-SERVICE/ticket-service:8739a602d7a8d6c702048d5214c4754a?status=UP&lastDirtyTimestamp=1777381294044
2026-04-28T14:10:34.503+01:00 DEBUG 17852 --- [ticket-service] [beatExecutor-%d] o.s.web.client.RestTemplate              : Accept=[application/json, application/*+json]
2026-04-28T14:10:34.515+01:00 DEBUG 17852 --- [ticket-service] [beatExecutor-%d] o.s.web.client.RestTemplate              : Response 200 OK
2026-04-28T14:10:34.906+01:00 DEBUG 17852 --- [ticket-service] [reshExecutor-%d] o.s.web.client.RestTemplate              : HTTP GET http://localhost:8761/eureka/apps/delta
2026-04-28T14:10:34.909+01:00 DEBUG 17852 --- [ticket-service] [reshExecutor-%d] o.s.web.client.RestTemplate              : Accept=[application/json, application/*+json]
2026-04-28T14:10:34.923+01:00 DEBUG 17852 --- [ticket-service] [reshExecutor-%d] o.s.web.client.RestTemplate              : Response 200 OK
2026-04-28T14:10:34.923+01:00 DEBUG 17852 --- [ticket-service] [reshExecutor-%d] o.s.web.client.RestTemplate              : Reading to [org.springframework.cloud.netflix.eureka.http.EurekaApplications]
2026-04-28T14:11:04.524+01:00 DEBUG 17852 --- [ticket-service] [beatExecutor-%d] o.s.web.client.RestTemplate              : HTTP PUT http://localhost:8761/eureka/apps/TICKET-SERVICE/ticket-service:8739a602d7a8d6c702048d5214c4754a?status=UP&lastDirtyTimestamp=1777381294044
2026-04-28T14:11:04.524+01:00 DEBUG 17852 --- [ticket-service] [beatExecutor-%d] o.s.web.client.RestTemplate              : Accept=[application/json, application/*+json]
2026-04-28T14:11:04.553+01:00 DEBUG 17852 --- [ticket-service] [beatExecutor-%d] o.s.web.client.RestTemplate              : Response 200 OK
2026-04-28T14:11:04.933+01:00 DEBUG 17852 --- [ticket-service] [reshExecutor-%d] o.s.web.client.RestTemplate              : HTTP GET http://localhost:8761/eureka/apps/delta
2026-04-28T14:11:04.933+01:00 DEBUG 17852 --- [ticket-service] [reshExecutor-%d] o.s.web.client.RestTemplate              : Accept=[application/json, application/*+json]
2026-04-28T14:11:04.952+01:00 DEBUG 17852 --- [ticket-service] [reshExecutor-%d] o.s.web.client.RestTemplate              : Response 200 OK
2026-04-28T14:11:04.953+01:00 DEBUG 17852 --- [ticket-service] [reshExecutor-%d] o.s.web.client.RestTemplate              : Reading to [org.springframework.cloud.netflix.eureka.http.EurekaApplications]
2026-04-28T14:11:34.570+01:00 DEBUG 17852 --- [ticket-service] [beatExecutor-%d] o.s.web.client.RestTemplate              : HTTP PUT http://localhost:8761/eureka/apps/TICKET-SERVICE/ticket-service:8739a602d7a8d6c702048d5214c4754a?status=UP&lastDirtyTimestamp=1777381294044
2026-04-28T14:11:34.572+01:00 DEBUG 17852 --- [ticket-service] [beatExecutor-%d] o.s.web.client.RestTemplate              : Accept=[application/json, application/*+json]
2026-04-28T14:11:34.588+01:00 DEBUG 17852 --- [ticket-service] [beatExecutor-%d] o.s.web.client.RestTemplate              : Response 200 OK
2026-04-28T14:11:34.963+01:00 DEBUG 17852 --- [ticket-service] [reshExecutor-%d] o.s.web.client.RestTemplate              : HTTP GET http://localhost:8761/eureka/apps/delta
2026-04-28T14:11:34.966+01:00 DEBUG 17852 --- [ticket-service] [reshExecutor-%d] o.s.web.client.RestTemplate              : Accept=[application/json, application/*+json]
2026-04-28T14:11:34.980+01:00 DEBUG 17852 --- [ticket-service] [reshExecutor-%d] o.s.web.client.RestTemplate              : Response 200 OK
2026-04-28T14:11:34.982+01:00 DEBUG 17852 --- [ticket-service] [reshExecutor-%d] o.s.web.client.RestTemplate              : Reading to [org.springframework.cloud.netflix.eureka.http.EurekaApplications]
2026-04-28T14:12:04.595+01:00 DEBUG 17852 --- [ticket-service] [beatExecutor-%d] o.s.web.client.RestTemplate              : HTTP PUT http://localhost:8761/eureka/apps/TICKET-SERVICE/ticket-service:8739a602d7a8d6c702048d5214c4754a?status=UP&lastDirtyTimestamp=1777381294044
2026-04-28T14:12:04.596+01:00 DEBUG 17852 --- [ticket-service] [beatExecutor-%d] o.s.web.client.RestTemplate              : Accept=[application/json, application/*+json]
2026-04-28T14:12:04.611+01:00 DEBUG 17852 --- [ticket-service] [beatExecutor-%d] o.s.web.client.RestTemplate              : Response 200 OK
2026-04-28T14:12:04.999+01:00 DEBUG 17852 --- [ticket-service] [reshExecutor-%d] o.s.web.client.RestTemplate              : HTTP GET http://localhost:8761/eureka/apps/delta
2026-04-28T14:12:05.000+01:00 DEBUG 17852 --- [ticket-service] [reshExecutor-%d] o.s.web.client.RestTemplate              : Accept=[application/json, application/*+json]
2026-04-28T14:12:05.012+01:00 DEBUG 17852 --- [ticket-service] [reshExecutor-%d] o.s.web.client.RestTemplate              : Response 200 OK
2026-04-28T14:12:05.012+01:00 DEBUG 17852 --- [ticket-service] [reshExecutor-%d] o.s.web.client.RestTemplate              : Reading to [org.springframework.cloud.netflix.eureka.http.EurekaApplications]
2026-04-28T14:12:34.613+01:00 DEBUG 17852 --- [ticket-service] [beatExecutor-%d] o.s.web.client.RestTemplate              : HTTP PUT http://localhost:8761/eureka/apps/TICKET-SERVICE/ticket-service:8739a602d7a8d6c702048d5214c4754a?status=UP&lastDirtyTimestamp=1777381294044
2026-04-28T14:12:34.613+01:00 DEBUG 17852 --- [ticket-service] [beatExecutor-%d] o.s.web.client.RestTemplate              : Accept=[application/json, application/*+json]
2026-04-28T14:12:34.646+01:00 DEBUG 17852 --- [ticket-service] [beatExecutor-%d] o.s.web.client.RestTemplate              : Response 200 OK
2026-04-28T14:12:35.029+01:00 DEBUG 17852 --- [ticket-service] [reshExecutor-%d] o.s.web.client.RestTemplate              : HTTP GET http://localhost:8761/eureka/apps/delta
2026-04-28T14:12:35.029+01:00 DEBUG 17852 --- [ticket-service] [reshExecutor-%d] o.s.web.client.RestTemplate              : Accept=[application/json, application/*+json]
2026-04-28T14:12:35.062+01:00 DEBUG 17852 --- [ticket-service] [reshExecutor-%d] o.s.web.client.RestTemplate              : Response 200 OK
2026-04-28T14:12:35.065+01:00 DEBUG 17852 --- [ticket-service] [reshExecutor-%d] o.s.web.client.RestTemplate              : Reading to [org.springframework.cloud.netflix.eureka.http.EurekaApplications]
2026-04-28T14:13:04.668+01:00 DEBUG 17852 --- [ticket-service] [beatExecutor-%d] o.s.web.client.RestTemplate              : HTTP PUT http://localhost:8761/eureka/apps/TICKET-SERVICE/ticket-service:8739a602d7a8d6c702048d5214c4754a?status=UP&lastDirtyTimestamp=1777381294044
2026-04-28T14:13:04.672+01:00 DEBUG 17852 --- [ticket-service] [beatExecutor-%d] o.s.web.client.RestTemplate              : Accept=[application/json, application/*+json]
2026-04-28T14:13:04.695+01:00 DEBUG 17852 --- [ticket-service] [beatExecutor-%d] o.s.web.client.RestTemplate              : Response 200 OK
2026-04-28T14:13:05.084+01:00 DEBUG 17852 --- [ticket-service] [reshExecutor-%d] o.s.web.client.RestTemplate              : HTTP GET http://localhost:8761/eureka/apps/delta
2026-04-28T14:13:05.086+01:00 DEBUG 17852 --- [ticket-service] [reshExecutor-%d] o.s.web.client.RestTemplate              : Accept=[application/json, application/*+json]
2026-04-28T14:13:05.091+01:00 DEBUG 17852 --- [ticket-service] [reshExecutor-%d] o.s.web.client.RestTemplate              : Response 200 OK
2026-04-28T14:13:05.093+01:00 DEBUG 17852 --- [ticket-service] [reshExecutor-%d] o.s.web.client.RestTemplate              : Reading to [org.springframework.cloud.netflix.eureka.http.EurekaApplications]
2026-04-28T14:13:34.702+01:00 DEBUG 17852 --- [ticket-service] [beatExecutor-%d] o.s.web.client.RestTemplate              : HTTP PUT http://localhost:8761/eureka/apps/TICKET-SERVICE/ticket-service:8739a602d7a8d6c702048d5214c4754a?status=UP&lastDirtyTimestamp=1777381294044
2026-04-28T14:13:34.707+01:00 DEBUG 17852 --- [ticket-service] [beatExecutor-%d] o.s.web.client.RestTemplate              : Accept=[application/json, application/*+json]
2026-04-28T14:13:34.726+01:00 DEBUG 17852 --- [ticket-service] [beatExecutor-%d] o.s.web.client.RestTemplate              : Response 200 OK
2026-04-28T14:13:35.116+01:00 DEBUG 17852 --- [ticket-service] [reshExecutor-%d] o.s.web.client.RestTemplate              : HTTP GET http://localhost:8761/eureka/apps/delta
2026-04-28T14:13:35.136+01:00 DEBUG 17852 --- [ticket-service] [reshExecutor-%d] o.s.web.client.RestTemplate              : Accept=[application/json, application/*+json]
2026-04-28T14:13:35.144+01:00 DEBUG 17852 --- [ticket-service] [reshExecutor-%d] o.s.web.client.RestTemplate              : Response 200 OK
2026-04-28T14:13:35.144+01:00 DEBUG 17852 --- [ticket-service] [reshExecutor-%d] o.s.web.client.RestTemplate              : Reading to [org.springframework.cloud.netflix.eureka.http.EurekaApplications]
2026-04-28T14:14:04.734+01:00 DEBUG 17852 --- [ticket-service] [beatExecutor-%d] o.s.web.client.RestTemplate              : HTTP PUT http://localhost:8761/eureka/apps/TICKET-SERVICE/ticket-service:8739a602d7a8d6c702048d5214c4754a?status=UP&lastDirtyTimestamp=1777381294044
2026-04-28T14:14:04.734+01:00 DEBUG 17852 --- [ticket-service] [beatExecutor-%d] o.s.web.client.RestTemplate              : Accept=[application/json, application/*+json]
2026-04-28T14:14:04.741+01:00 DEBUG 17852 --- [ticket-service] [beatExecutor-%d] o.s.web.client.RestTemplate              : Response 200 OK
2026-04-28T14:14:05.150+01:00 DEBUG 17852 --- [ticket-service] [reshExecutor-%d] o.s.web.client.RestTemplate              : HTTP GET http://localhost:8761/eureka/apps/delta
2026-04-28T14:14:05.151+01:00 DEBUG 17852 --- [ticket-service] [reshExecutor-%d] o.s.web.client.RestTemplate              : Accept=[application/json, application/*+json]
2026-04-28T14:14:05.168+01:00 DEBUG 17852 --- [ticket-service] [reshExecutor-%d] o.s.web.client.RestTemplate              : Response 200 OK
2026-04-28T14:14:05.168+01:00 DEBUG 17852 --- [ticket-service] [reshExecutor-%d] o.s.web.client.RestTemplate              : Reading to [org.springframework.cloud.netflix.eureka.http.EurekaApplications]
2026-04-28T14:14:34.747+01:00 DEBUG 17852 --- [ticket-service] [beatExecutor-%d] o.s.web.client.RestTemplate              : HTTP PUT http://localhost:8761/eureka/apps/TICKET-SERVICE/ticket-service:8739a602d7a8d6c702048d5214c4754a?status=UP&lastDirtyTimestamp=1777381294044
2026-04-28T14:14:34.751+01:00 DEBUG 17852 --- [ticket-service] [beatExecutor-%d] o.s.web.client.RestTemplate              : Accept=[application/json, application/*+json]
2026-04-28T14:14:34.754+01:00 DEBUG 17852 --- [ticket-service] [beatExecutor-%d] o.s.web.client.RestTemplate              : Response 200 OK
2026-04-28T14:14:35.177+01:00 DEBUG 17852 --- [ticket-service] [reshExecutor-%d] o.s.web.client.RestTemplate              : HTTP GET http://localhost:8761/eureka/apps/delta
2026-04-28T14:14:35.180+01:00 DEBUG 17852 --- [ticket-service] [reshExecutor-%d] o.s.web.client.RestTemplate              : Accept=[application/json, application/*+json]
2026-04-28T14:14:35.184+01:00 DEBUG 17852 --- [ticket-service] [reshExecutor-%d] o.s.web.client.RestTemplate              : Response 200 OK
2026-04-28T14:14:35.184+01:00 DEBUG 17852 --- [ticket-service] [reshExecutor-%d] o.s.web.client.RestTemplate              : Reading to [org.springframework.cloud.netflix.eureka.http.EurekaApplications]
2026-04-28T14:15:04.762+01:00 DEBUG 17852 --- [ticket-service] [beatExecutor-%d] o.s.web.client.RestTemplate              : HTTP PUT http://localhost:8761/eureka/apps/TICKET-SERVICE/ticket-service:8739a602d7a8d6c702048d5214c4754a?status=UP&lastDirtyTimestamp=1777381294044
2026-04-28T14:15:04.765+01:00 DEBUG 17852 --- [ticket-service] [beatExecutor-%d] o.s.web.client.RestTemplate              : Accept=[application/json, application/*+json]
2026-04-28T14:15:04.782+01:00 DEBUG 17852 --- [ticket-service] [beatExecutor-%d] o.s.web.client.RestTemplate              : Response 200 OK
2026-04-28T14:15:05.199+01:00 DEBUG 17852 --- [ticket-service] [reshExecutor-%d] o.s.web.client.RestTemplate              : HTTP GET http://localhost:8761/eureka/apps/delta
2026-04-28T14:15:05.200+01:00 DEBUG 17852 --- [ticket-service] [reshExecutor-%d] o.s.web.client.RestTemplate              : Accept=[application/json, application/*+json]
2026-04-28T14:15:05.214+01:00 DEBUG 17852 --- [ticket-service] [reshExecutor-%d] o.s.web.client.RestTemplate              : Response 200 OK
2026-04-28T14:15:05.214+01:00 DEBUG 17852 --- [ticket-service] [reshExecutor-%d] o.s.web.client.RestTemplate              : Reading to [org.springframework.cloud.netflix.eureka.http.EurekaApplications]
2026-04-28T14:15:31.232+01:00  INFO 17852 --- [ticket-service] [rap-executor-%d] c.n.d.s.r.aws.ConfigClusterResolver      : Resolving eureka endpoints via configuration
2026-04-28T14:15:34.800+01:00 DEBUG 17852 --- [ticket-service] [beatExecutor-%d] o.s.web.client.RestTemplate              : HTTP PUT http://localhost:8761/eureka/apps/TICKET-SERVICE/ticket-service:8739a602d7a8d6c702048d5214c4754a?status=UP&lastDirtyTimestamp=1777381294044
2026-04-28T14:15:34.804+01:00 DEBUG 17852 --- [ticket-service] [beatExecutor-%d] o.s.web.client.RestTemplate              : Accept=[application/json, application/*+json]
2026-04-28T14:15:34.817+01:00 DEBUG 17852 --- [ticket-service] [beatExecutor-%d] o.s.web.client.RestTemplate              : Response 200 OK
2026-04-28T14:15:35.222+01:00 DEBUG 17852 --- [ticket-service] [reshExecutor-%d] o.s.web.client.RestTemplate              : HTTP GET http://localhost:8761/eureka/apps/delta
2026-04-28T14:15:35.225+01:00 DEBUG 17852 --- [ticket-service] [reshExecutor-%d] o.s.web.client.RestTemplate              : Accept=[application/json, application/*+json]
2026-04-28T14:15:35.237+01:00 DEBUG 17852 --- [ticket-service] [reshExecutor-%d] o.s.web.client.RestTemplate              : Response 200 OK
2026-04-28T14:15:35.238+01:00 DEBUG 17852 --- [ticket-service] [reshExecutor-%d] o.s.web.client.RestTemplate              : Reading to [org.springframework.cloud.netflix.eureka.http.EurekaApplications]
2026-04-28T14:16:04.819+01:00 DEBUG 17852 --- [ticket-service] [beatExecutor-%d] o.s.web.client.RestTemplate              : HTTP PUT http://localhost:8761/eureka/apps/TICKET-SERVICE/ticket-service:8739a602d7a8d6c702048d5214c4754a?status=UP&lastDirtyTimestamp=1777381294044
2026-04-28T14:16:04.823+01:00 DEBUG 17852 --- [ticket-service] [beatExecutor-%d] o.s.web.client.RestTemplate              : Accept=[application/json, application/*+json]
2026-04-28T14:16:04.837+01:00 DEBUG 17852 --- [ticket-service] [beatExecutor-%d] o.s.web.client.RestTemplate              : Response 200 OK
2026-04-28T14:16:05.244+01:00 DEBUG 17852 --- [ticket-service] [reshExecutor-%d] o.s.web.client.RestTemplate              : HTTP GET http://localhost:8761/eureka/apps/delta
2026-04-28T14:16:05.248+01:00 DEBUG 17852 --- [ticket-service] [reshExecutor-%d] o.s.web.client.RestTemplate              : Accept=[application/json, application/*+json]
2026-04-28T14:16:05.261+01:00 DEBUG 17852 --- [ticket-service] [reshExecutor-%d] o.s.web.client.RestTemplate              : Response 200 OK
2026-04-28T14:16:05.261+01:00 DEBUG 17852 --- [ticket-service] [reshExecutor-%d] o.s.web.client.RestTemplate              : Reading to [org.springframework.cloud.netflix.eureka.http.EurekaApplications]
2026-04-28T14:16:34.852+01:00 DEBUG 17852 --- [ticket-service] [beatExecutor-%d] o.s.web.client.RestTemplate              : HTTP PUT http://localhost:8761/eureka/apps/TICKET-SERVICE/ticket-service:8739a602d7a8d6c702048d5214c4754a?status=UP&lastDirtyTimestamp=1777381294044
2026-04-28T14:16:34.860+01:00 DEBUG 17852 --- [ticket-service] [beatExecutor-%d] o.s.web.client.RestTemplate              : Accept=[application/json, application/*+json]
2026-04-28T14:16:34.877+01:00 DEBUG 17852 --- [ticket-service] [beatExecutor-%d] o.s.web.client.RestTemplate              : Response 200 OK
2026-04-28T14:16:35.265+01:00 DEBUG 17852 --- [ticket-service] [reshExecutor-%d] o.s.web.client.RestTemplate              : HTTP GET http://localhost:8761/eureka/apps/delta
2026-04-28T14:16:35.272+01:00 DEBUG 17852 --- [ticket-service] [reshExecutor-%d] o.s.web.client.RestTemplate              : Accept=[application/json, application/*+json]
2026-04-28T14:16:35.279+01:00 DEBUG 17852 --- [ticket-service] [reshExecutor-%d] o.s.web.client.RestTemplate              : Response 200 OK
2026-04-28T14:16:35.279+01:00 DEBUG 17852 --- [ticket-service] [reshExecutor-%d] o.s.web.client.RestTemplate              : Reading to [org.springframework.cloud.netflix.eureka.http.EurekaApplications]
2026-04-28T14:17:04.887+01:00 DEBUG 17852 --- [ticket-service] [beatExecutor-%d] o.s.web.client.RestTemplate              : HTTP PUT http://localhost:8761/eureka/apps/TICKET-SERVICE/ticket-service:8739a602d7a8d6c702048d5214c4754a?status=UP&lastDirtyTimestamp=1777381294044
2026-04-28T14:17:04.889+01:00 DEBUG 17852 --- [ticket-service] [beatExecutor-%d] o.s.web.client.RestTemplate              : Accept=[application/json, application/*+json]
2026-04-28T14:17:04.905+01:00 DEBUG 17852 --- [ticket-service] [beatExecutor-%d] o.s.web.client.RestTemplate              : Response 200 OK
2026-04-28T14:17:05.295+01:00 DEBUG 17852 --- [ticket-service] [reshExecutor-%d] o.s.web.client.RestTemplate              : HTTP GET http://localhost:8761/eureka/apps/delta
2026-04-28T14:17:05.295+01:00 DEBUG 17852 --- [ticket-service] [reshExecutor-%d] o.s.web.client.RestTemplate              : Accept=[application/json, application/*+json]
2026-04-28T14:17:05.313+01:00 DEBUG 17852 --- [ticket-service] [reshExecutor-%d] o.s.web.client.RestTemplate              : Response 200 OK
2026-04-28T14:17:05.313+01:00 DEBUG 17852 --- [ticket-service] [reshExecutor-%d] o.s.web.client.RestTemplate              : Reading to [org.springframework.cloud.netflix.eureka.http.EurekaApplications]
2026-04-28T14:17:34.911+01:00 DEBUG 17852 --- [ticket-service] [beatExecutor-%d] o.s.web.client.RestTemplate              : HTTP PUT http://localhost:8761/eureka/apps/TICKET-SERVICE/ticket-service:8739a602d7a8d6c702048d5214c4754a?status=UP&lastDirtyTimestamp=1777381294044
2026-04-28T14:17:34.913+01:00 DEBUG 17852 --- [ticket-service] [beatExecutor-%d] o.s.web.client.RestTemplate              : Accept=[application/json, application/*+json]
2026-04-28T14:17:34.926+01:00 DEBUG 17852 --- [ticket-service] [beatExecutor-%d] o.s.web.client.RestTemplate              : Response 200 OK
2026-04-28T14:17:35.323+01:00 DEBUG 17852 --- [ticket-service] [reshExecutor-%d] o.s.web.client.RestTemplate              : HTTP GET http://localhost:8761/eureka/apps/delta
2026-04-28T14:17:35.323+01:00 DEBUG 17852 --- [ticket-service] [reshExecutor-%d] o.s.web.client.RestTemplate              : Accept=[application/json, application/*+json]
2026-04-28T14:17:35.340+01:00 DEBUG 17852 --- [ticket-service] [reshExecutor-%d] o.s.web.client.RestTemplate              : Response 200 OK
2026-04-28T14:17:35.341+01:00 DEBUG 17852 --- [ticket-service] [reshExecutor-%d] o.s.web.client.RestTemplate              : Reading to [org.springframework.cloud.netflix.eureka.http.EurekaApplications]
2026-04-28T14:18:04.937+01:00 DEBUG 17852 --- [ticket-service] [beatExecutor-%d] o.s.web.client.RestTemplate              : HTTP PUT http://localhost:8761/eureka/apps/TICKET-SERVICE/ticket-service:8739a602d7a8d6c702048d5214c4754a?status=UP&lastDirtyTimestamp=1777381294044
2026-04-28T14:18:04.942+01:00 DEBUG 17852 --- [ticket-service] [beatExecutor-%d] o.s.web.client.RestTemplate              : Accept=[application/json, application/*+json]
2026-04-28T14:18:04.955+01:00 DEBUG 17852 --- [ticket-service] [beatExecutor-%d] o.s.web.client.RestTemplate              : Response 200 OK
2026-04-28T14:18:05.344+01:00 DEBUG 17852 --- [ticket-service] [reshExecutor-%d] o.s.web.client.RestTemplate              : HTTP GET http://localhost:8761/eureka/apps/delta
2026-04-28T14:18:05.349+01:00 DEBUG 17852 --- [ticket-service] [reshExecutor-%d] o.s.web.client.RestTemplate              : Accept=[application/json, application/*+json]
2026-04-28T14:18:05.364+01:00 DEBUG 17852 --- [ticket-service] [reshExecutor-%d] o.s.web.client.RestTemplate              : Response 200 OK
2026-04-28T14:18:05.365+01:00 DEBUG 17852 --- [ticket-service] [reshExecutor-%d] o.s.web.client.RestTemplate              : Reading to [org.springframework.cloud.netflix.eureka.http.EurekaApplications]
2026-04-28T14:18:34.959+01:00 DEBUG 17852 --- [ticket-service] [beatExecutor-%d] o.s.web.client.RestTemplate              : HTTP PUT http://localhost:8761/eureka/apps/TICKET-SERVICE/ticket-service:8739a602d7a8d6c702048d5214c4754a?status=UP&lastDirtyTimestamp=1777381294044
2026-04-28T14:18:34.964+01:00 DEBUG 17852 --- [ticket-service] [beatExecutor-%d] o.s.web.client.RestTemplate              : Accept=[application/json, application/*+json]
2026-04-28T14:18:34.978+01:00 DEBUG 17852 --- [ticket-service] [beatExecutor-%d] o.s.web.client.RestTemplate              : Response 200 OK
2026-04-28T14:18:35.379+01:00 DEBUG 17852 --- [ticket-service] [reshExecutor-%d] o.s.web.client.RestTemplate              : HTTP GET http://localhost:8761/eureka/apps/delta
2026-04-28T14:18:35.385+01:00 DEBUG 17852 --- [ticket-service] [reshExecutor-%d] o.s.web.client.RestTemplate              : Accept=[application/json, application/*+json]
2026-04-28T14:18:35.401+01:00 DEBUG 17852 --- [ticket-service] [reshExecutor-%d] o.s.web.client.RestTemplate              : Response 200 OK
2026-04-28T14:18:35.402+01:00 DEBUG 17852 --- [ticket-service] [reshExecutor-%d] o.s.web.client.RestTemplate              : Reading to [org.springframework.cloud.netflix.eureka.http.EurekaApplications]
2026-04-28T14:19:04.986+01:00 DEBUG 17852 --- [ticket-service] [beatExecutor-%d] o.s.web.client.RestTemplate              : HTTP PUT http://localhost:8761/eureka/apps/TICKET-SERVICE/ticket-service:8739a602d7a8d6c702048d5214c4754a?status=UP&lastDirtyTimestamp=1777381294044
2026-04-28T14:19:04.987+01:00 DEBUG 17852 --- [ticket-service] [beatExecutor-%d] o.s.web.client.RestTemplate              : Accept=[application/json, application/*+json]
2026-04-28T14:19:05.003+01:00 DEBUG 17852 --- [ticket-service] [beatExecutor-%d] o.s.web.client.RestTemplate              : Response 200 OK
2026-04-28T14:19:05.409+01:00 DEBUG 17852 --- [ticket-service] [reshExecutor-%d] o.s.web.client.RestTemplate              : HTTP GET http://localhost:8761/eureka/apps/delta
2026-04-28T14:19:05.409+01:00 DEBUG 17852 --- [ticket-service] [reshExecutor-%d] o.s.web.client.RestTemplate              : Accept=[application/json, application/*+json]
2026-04-28T14:19:05.424+01:00 DEBUG 17852 --- [ticket-service] [reshExecutor-%d] o.s.web.client.RestTemplate              : Response 200 OK
2026-04-28T14:19:05.424+01:00 DEBUG 17852 --- [ticket-service] [reshExecutor-%d] o.s.web.client.RestTemplate              : Reading to [org.springframework.cloud.netflix.eureka.http.EurekaApplications]
2026-04-28T14:19:35.013+01:00 DEBUG 17852 --- [ticket-service] [beatExecutor-%d] o.s.web.client.RestTemplate              : HTTP PUT http://localhost:8761/eureka/apps/TICKET-SERVICE/ticket-service:8739a602d7a8d6c702048d5214c4754a?status=UP&lastDirtyTimestamp=1777381294044
2026-04-28T14:19:35.013+01:00 DEBUG 17852 --- [ticket-service] [beatExecutor-%d] o.s.web.client.RestTemplate              : Accept=[application/json, application/*+json]
2026-04-28T14:19:35.029+01:00 DEBUG 17852 --- [ticket-service] [beatExecutor-%d] o.s.web.client.RestTemplate              : Response 200 OK
2026-04-28T14:19:35.433+01:00 DEBUG 17852 --- [ticket-service] [reshExecutor-%d] o.s.web.client.RestTemplate              : HTTP GET http://localhost:8761/eureka/apps/delta
2026-04-28T14:19:35.433+01:00 DEBUG 17852 --- [ticket-service] [reshExecutor-%d] o.s.web.client.RestTemplate              : Accept=[application/json, application/*+json]
2026-04-28T14:19:35.448+01:00 DEBUG 17852 --- [ticket-service] [reshExecutor-%d] o.s.web.client.RestTemplate              : Response 200 OK
2026-04-28T14:19:35.448+01:00 DEBUG 17852 --- [ticket-service] [reshExecutor-%d] o.s.web.client.RestTemplate              : Reading to [org.springframework.cloud.netflix.eureka.http.EurekaApplications]
2026-04-28T14:20:05.034+01:00 DEBUG 17852 --- [ticket-service] [beatExecutor-%d] o.s.web.client.RestTemplate              : HTTP PUT http://localhost:8761/eureka/apps/TICKET-SERVICE/ticket-service:8739a602d7a8d6c702048d5214c4754a?status=UP&lastDirtyTimestamp=1777381294044
2026-04-28T14:20:05.036+01:00 DEBUG 17852 --- [ticket-service] [beatExecutor-%d] o.s.web.client.RestTemplate              : Accept=[application/json, application/*+json]
2026-04-28T14:20:05.050+01:00 DEBUG 17852 --- [ticket-service] [beatExecutor-%d] o.s.web.client.RestTemplate              : Response 200 OK
2026-04-28T14:20:05.458+01:00 DEBUG 17852 --- [ticket-service] [reshExecutor-%d] o.s.web.client.RestTemplate              : HTTP GET http://localhost:8761/eureka/apps/delta
2026-04-28T14:20:05.460+01:00 DEBUG 17852 --- [ticket-service] [reshExecutor-%d] o.s.web.client.RestTemplate              : Accept=[application/json, application/*+json]
2026-04-28T14:20:05.475+01:00 DEBUG 17852 --- [ticket-service] [reshExecutor-%d] o.s.web.client.RestTemplate              : Response 200 OK
2026-04-28T14:20:05.475+01:00 DEBUG 17852 --- [ticket-service] [reshExecutor-%d] o.s.web.client.RestTemplate              : Reading to [org.springframework.cloud.netflix.eureka.http.EurekaApplications]
2026-04-28T14:20:31.246+01:00  INFO 17852 --- [ticket-service] [rap-executor-%d] c.n.d.s.r.aws.ConfigClusterResolver      : Resolving eureka endpoints via configuration
2026-04-28T14:20:35.053+01:00 DEBUG 17852 --- [ticket-service] [beatExecutor-%d] o.s.web.client.RestTemplate              : HTTP PUT http://localhost:8761/eureka/apps/TICKET-SERVICE/ticket-service:8739a602d7a8d6c702048d5214c4754a?status=UP&lastDirtyTimestamp=1777381294044
2026-04-28T14:20:35.053+01:00 DEBUG 17852 --- [ticket-service] [beatExecutor-%d] o.s.web.client.RestTemplate              : Accept=[application/json, application/*+json]
2026-04-28T14:20:35.069+01:00 DEBUG 17852 --- [ticket-service] [beatExecutor-%d] o.s.web.client.RestTemplate              : Response 200 OK
2026-04-28T14:20:35.489+01:00 DEBUG 17852 --- [ticket-service] [reshExecutor-%d] o.s.web.client.RestTemplate              : HTTP GET http://localhost:8761/eureka/apps/delta
2026-04-28T14:20:35.489+01:00 DEBUG 17852 --- [ticket-service] [reshExecutor-%d] o.s.web.client.RestTemplate              : Accept=[application/json, application/*+json]
2026-04-28T14:20:35.506+01:00 DEBUG 17852 --- [ticket-service] [reshExecutor-%d] o.s.web.client.RestTemplate              : Response 200 OK
2026-04-28T14:20:35.506+01:00 DEBUG 17852 --- [ticket-service] [reshExecutor-%d] o.s.web.client.RestTemplate              : Reading to [org.springframework.cloud.netflix.eureka.http.EurekaApplications]
2026-04-28T14:21:05.086+01:00 DEBUG 17852 --- [ticket-service] [beatExecutor-%d] o.s.web.client.RestTemplate              : HTTP PUT http://localhost:8761/eureka/apps/TICKET-SERVICE/ticket-service:8739a602d7a8d6c702048d5214c4754a?status=UP&lastDirtyTimestamp=1777381294044
2026-04-28T14:21:05.088+01:00 DEBUG 17852 --- [ticket-service] [beatExecutor-%d] o.s.web.client.RestTemplate              : Accept=[application/json, application/*+json]
2026-04-28T14:21:05.102+01:00 DEBUG 17852 --- [ticket-service] [beatExecutor-%d] o.s.web.client.RestTemplate              : Response 200 OK
2026-04-28T14:21:05.525+01:00 DEBUG 17852 --- [ticket-service] [reshExecutor-%d] o.s.web.client.RestTemplate              : HTTP GET http://localhost:8761/eureka/apps/delta
2026-04-28T14:21:05.525+01:00 DEBUG 17852 --- [ticket-service] [reshExecutor-%d] o.s.web.client.RestTemplate              : Accept=[application/json, application/*+json]
2026-04-28T14:21:05.541+01:00 DEBUG 17852 --- [ticket-service] [reshExecutor-%d] o.s.web.client.RestTemplate              : Response 200 OK
2026-04-28T14:21:05.541+01:00 DEBUG 17852 --- [ticket-service] [reshExecutor-%d] o.s.web.client.RestTemplate              : Reading to [org.springframework.cloud.netflix.eureka.http.EurekaApplications]
2026-04-28T14:21:31.137+01:00  INFO 17852 --- [ticket-service] [MessageBroker-2] o.s.w.s.c.WebSocketMessageBrokerStats    : WebSocketSession[0 current WS(0)-HttpStream(0)-HttpPoll(0), 0 total, 0 closed abnormally (0 connect failure, 0 send limit, 0 transport error)], stompSubProtocol[processed CONNECT(0)-CONNECTED(0)-DISCONNECT(0)], stompBrokerRelay[null], inboundChannel[pool size = 0, active threads = 0, queued tasks = 0, completed tasks = 0], outboundChannel[pool size = 0, active threads = 0, queued tasks = 0, completed tasks = 0], sockJsScheduler[pool size = 3, active threads = 1, queued tasks = 0, completed tasks = 2]
2026-04-28T14:21:35.110+01:00 DEBUG 17852 --- [ticket-service] [beatExecutor-%d] o.s.web.client.RestTemplate              : HTTP PUT http://localhost:8761/eureka/apps/TICKET-SERVICE/ticket-service:8739a602d7a8d6c702048d5214c4754a?status=UP&lastDirtyTimestamp=1777381294044
2026-04-28T14:21:35.110+01:00 DEBUG 17852 --- [ticket-service] [beatExecutor-%d] o.s.web.client.RestTemplate              : Accept=[application/json, application/*+json]
2026-04-28T14:21:35.126+01:00 DEBUG 17852 --- [ticket-service] [beatExecutor-%d] o.s.web.client.RestTemplate              : Response 200 OK
2026-04-28T14:21:35.560+01:00 DEBUG 17852 --- [ticket-service] [reshExecutor-%d] o.s.web.client.RestTemplate              : HTTP GET http://localhost:8761/eureka/apps/delta
2026-04-28T14:21:35.560+01:00 DEBUG 17852 --- [ticket-service] [reshExecutor-%d] o.s.web.client.RestTemplate              : Accept=[application/json, application/*+json]
2026-04-28T14:21:35.577+01:00 DEBUG 17852 --- [ticket-service] [reshExecutor-%d] o.s.web.client.RestTemplate              : Response 200 OK
2026-04-28T14:21:35.577+01:00 DEBUG 17852 --- [ticket-service] [reshExecutor-%d] o.s.web.client.RestTemplate              : Reading to [org.springframework.cloud.netflix.eureka.http.EurekaApplications]
2026-04-28T14:22:05.136+01:00 DEBUG 17852 --- [ticket-service] [beatExecutor-%d] o.s.web.client.RestTemplate              : HTTP PUT http://localhost:8761/eureka/apps/TICKET-SERVICE/ticket-service:8739a602d7a8d6c702048d5214c4754a?status=UP&lastDirtyTimestamp=1777381294044
2026-04-28T14:22:05.140+01:00 DEBUG 17852 --- [ticket-service] [beatExecutor-%d] o.s.web.client.RestTemplate              : Accept=[application/json, application/*+json]
2026-04-28T14:22:05.153+01:00 DEBUG 17852 --- [ticket-service] [beatExecutor-%d] o.s.web.client.RestTemplate              : Response 200 OK
2026-04-28T14:22:05.589+01:00 DEBUG 17852 --- [ticket-service] [reshExecutor-%d] o.s.web.client.RestTemplate              : HTTP GET http://localhost:8761/eureka/apps/delta
2026-04-28T14:22:05.593+01:00 DEBUG 17852 --- [ticket-service] [reshExecutor-%d] o.s.web.client.RestTemplate              : Accept=[application/json, application/*+json]
2026-04-28T14:22:05.606+01:00 DEBUG 17852 --- [ticket-service] [reshExecutor-%d] o.s.web.client.RestTemplate              : Response 200 OK
2026-04-28T14:22:05.606+01:00 DEBUG 17852 --- [ticket-service] [reshExecutor-%d] o.s.web.client.RestTemplate              : Reading to [org.springframework.cloud.netflix.eureka.http.EurekaApplications]
2026-04-28T14:22:35.154+01:00 DEBUG 17852 --- [ticket-service] [beatExecutor-%d] o.s.web.client.RestTemplate              : HTTP PUT http://localhost:8761/eureka/apps/TICKET-SERVICE/ticket-service:8739a602d7a8d6c702048d5214c4754a?status=UP&lastDirtyTimestamp=1777381294044
2026-04-28T14:22:35.160+01:00 DEBUG 17852 --- [ticket-service] [beatExecutor-%d] o.s.web.client.RestTemplate              : Accept=[application/json, application/*+json]
2026-04-28T14:22:35.186+01:00 DEBUG 17852 --- [ticket-service] [beatExecutor-%d] o.s.web.client.RestTemplate              : Response 200 OK
2026-04-28T14:22:35.623+01:00 DEBUG 17852 --- [ticket-service] [reshExecutor-%d] o.s.web.client.RestTemplate              : HTTP GET http://localhost:8761/eureka/apps/delta
2026-04-28T14:22:35.629+01:00 DEBUG 17852 --- [ticket-service] [reshExecutor-%d] o.s.web.client.RestTemplate              : Accept=[application/json, application/*+json]
2026-04-28T14:22:35.655+01:00 DEBUG 17852 --- [ticket-service] [reshExecutor-%d] o.s.web.client.RestTemplate              : Response 200 OK
2026-04-28T14:22:35.657+01:00 DEBUG 17852 --- [ticket-service] [reshExecutor-%d] o.s.web.client.RestTemplate              : Reading to [org.springframework.cloud.netflix.eureka.http.EurekaApplications]
2026-04-28T14:23:05.198+01:00 DEBUG 17852 --- [ticket-service] [beatExecutor-%d] o.s.web.client.RestTemplate              : HTTP PUT http://localhost:8761/eureka/apps/TICKET-SERVICE/ticket-service:8739a602d7a8d6c702048d5214c4754a?status=UP&lastDirtyTimestamp=1777381294044
2026-04-28T14:23:05.202+01:00 DEBUG 17852 --- [ticket-service] [beatExecutor-%d] o.s.web.client.RestTemplate              : Accept=[application/json, application/*+json]
2026-04-28T14:23:05.215+01:00 DEBUG 17852 --- [ticket-service] [beatExecutor-%d] o.s.web.client.RestTemplate              : Response 200 OK
2026-04-28T14:23:05.665+01:00 DEBUG 17852 --- [ticket-service] [reshExecutor-%d] o.s.web.client.RestTemplate              : HTTP GET http://localhost:8761/eureka/apps/delta
2026-04-28T14:23:05.670+01:00 DEBUG 17852 --- [ticket-service] [reshExecutor-%d] o.s.web.client.RestTemplate              : Accept=[application/json, application/*+json]
2026-04-28T14:23:05.683+01:00 DEBUG 17852 --- [ticket-service] [reshExecutor-%d] o.s.web.client.RestTemplate              : Response 200 OK
2026-04-28T14:23:05.683+01:00 DEBUG 17852 --- [ticket-service] [reshExecutor-%d] o.s.web.client.RestTemplate              : Reading to [org.springframework.cloud.netflix.eureka.http.EurekaApplications]
2026-04-28T14:23:35.225+01:00 DEBUG 17852 --- [ticket-service] [beatExecutor-%d] o.s.web.client.RestTemplate              : HTTP PUT http://localhost:8761/eureka/apps/TICKET-SERVICE/ticket-service:8739a602d7a8d6c702048d5214c4754a?status=UP&lastDirtyTimestamp=1777381294044
2026-04-28T14:23:35.240+01:00 DEBUG 17852 --- [ticket-service] [beatExecutor-%d] o.s.web.client.RestTemplate              : Accept=[application/json, application/*+json]
2026-04-28T14:23:35.257+01:00 DEBUG 17852 --- [ticket-service] [beatExecutor-%d] o.s.web.client.RestTemplate              : Response 200 OK
2026-04-28T14:23:35.691+01:00 DEBUG 17852 --- [ticket-service] [reshExecutor-%d] o.s.web.client.RestTemplate              : HTTP GET http://localhost:8761/eureka/apps/delta
2026-04-28T14:23:35.705+01:00 DEBUG 17852 --- [ticket-service] [reshExecutor-%d] o.s.web.client.RestTemplate              : Accept=[application/json, application/*+json]
2026-04-28T14:23:35.728+01:00 DEBUG 17852 --- [ticket-service] [reshExecutor-%d] o.s.web.client.RestTemplate              : Response 200 OK
2026-04-28T14:23:35.729+01:00 DEBUG 17852 --- [ticket-service] [reshExecutor-%d] o.s.web.client.RestTemplate              : Reading to [org.springframework.cloud.netflix.eureka.http.EurekaApplications]
2026-04-28T14:24:05.270+01:00 DEBUG 17852 --- [ticket-service] [beatExecutor-%d] o.s.web.client.RestTemplate              : HTTP PUT http://localhost:8761/eureka/apps/TICKET-SERVICE/ticket-service:8739a602d7a8d6c702048d5214c4754a?status=UP&lastDirtyTimestamp=1777381294044
2026-04-28T14:24:05.274+01:00 DEBUG 17852 --- [ticket-service] [beatExecutor-%d] o.s.web.client.RestTemplate              : Accept=[application/json, application/*+json]
2026-04-28T14:24:05.288+01:00 DEBUG 17852 --- [ticket-service] [beatExecutor-%d] o.s.web.client.RestTemplate              : Response 200 OK
2026-04-28T14:24:05.750+01:00 DEBUG 17852 --- [ticket-service] [reshExecutor-%d] o.s.web.client.RestTemplate              : HTTP GET http://localhost:8761/eureka/apps/delta
2026-04-28T14:24:05.753+01:00 DEBUG 17852 --- [ticket-service] [reshExecutor-%d] o.s.web.client.RestTemplate              : Accept=[application/json, application/*+json]
2026-04-28T14:24:05.772+01:00 DEBUG 17852 --- [ticket-service] [reshExecutor-%d] o.s.web.client.RestTemplate              : Response 200 OK
2026-04-28T14:24:05.775+01:00 DEBUG 17852 --- [ticket-service] [reshExecutor-%d] o.s.web.client.RestTemplate              : Reading to [org.springframework.cloud.netflix.eureka.http.EurekaApplications]
2026-04-28T14:24:35.296+01:00 DEBUG 17852 --- [ticket-service] [beatExecutor-%d] o.s.web.client.RestTemplate              : HTTP PUT http://localhost:8761/eureka/apps/TICKET-SERVICE/ticket-service:8739a602d7a8d6c702048d5214c4754a?status=UP&lastDirtyTimestamp=1777381294044
2026-04-28T14:24:35.300+01:00 DEBUG 17852 --- [ticket-service] [beatExecutor-%d] o.s.web.client.RestTemplate              : Accept=[application/json, application/*+json]
2026-04-28T14:24:35.313+01:00 DEBUG 17852 --- [ticket-service] [beatExecutor-%d] o.s.web.client.RestTemplate              : Response 200 OK
2026-04-28T14:24:35.792+01:00 DEBUG 17852 --- [ticket-service] [reshExecutor-%d] o.s.web.client.RestTemplate              : HTTP GET http://localhost:8761/eureka/apps/delta
2026-04-28T14:24:35.797+01:00 DEBUG 17852 --- [ticket-service] [reshExecutor-%d] o.s.web.client.RestTemplate              : Accept=[application/json, application/*+json]
2026-04-28T14:24:35.813+01:00 DEBUG 17852 --- [ticket-service] [reshExecutor-%d] o.s.web.client.RestTemplate              : Response 200 OK
2026-04-28T14:24:35.815+01:00 DEBUG 17852 --- [ticket-service] [reshExecutor-%d] o.s.web.client.RestTemplate              : Reading to [org.springframework.cloud.netflix.eureka.http.EurekaApplications]
2026-04-28T14:25:05.330+01:00 DEBUG 17852 --- [ticket-service] [beatExecutor-%d] o.s.web.client.RestTemplate              : HTTP PUT http://localhost:8761/eureka/apps/TICKET-SERVICE/ticket-service:8739a602d7a8d6c702048d5214c4754a?status=UP&lastDirtyTimestamp=1777381294044
2026-04-28T14:25:05.334+01:00 DEBUG 17852 --- [ticket-service] [beatExecutor-%d] o.s.web.client.RestTemplate              : Accept=[application/json, application/*+json]
2026-04-28T14:25:05.347+01:00 DEBUG 17852 --- [ticket-service] [beatExecutor-%d] o.s.web.client.RestTemplate              : Response 200 OK
2026-04-28T14:25:05.832+01:00 DEBUG 17852 --- [ticket-service] [reshExecutor-%d] o.s.web.client.RestTemplate              : HTTP GET http://localhost:8761/eureka/apps/delta
2026-04-28T14:25:05.836+01:00 DEBUG 17852 --- [ticket-service] [reshExecutor-%d] o.s.web.client.RestTemplate              : Accept=[application/json, application/*+json]
2026-04-28T14:25:05.851+01:00 DEBUG 17852 --- [ticket-service] [reshExecutor-%d] o.s.web.client.RestTemplate              : Response 200 OK
2026-04-28T14:25:05.851+01:00 DEBUG 17852 --- [ticket-service] [reshExecutor-%d] o.s.web.client.RestTemplate              : Reading to [org.springframework.cloud.netflix.eureka.http.EurekaApplications]
2026-04-28T14:25:31.266+01:00  INFO 17852 --- [ticket-service] [rap-executor-%d] c.n.d.s.r.aws.ConfigClusterResolver      : Resolving eureka endpoints via configuration
2026-04-28T14:25:35.355+01:00 DEBUG 17852 --- [ticket-service] [beatExecutor-%d] o.s.web.client.RestTemplate              : HTTP PUT http://localhost:8761/eureka/apps/TICKET-SERVICE/ticket-service:8739a602d7a8d6c702048d5214c4754a?status=UP&lastDirtyTimestamp=1777381294044
2026-04-28T14:25:35.359+01:00 DEBUG 17852 --- [ticket-service] [beatExecutor-%d] o.s.web.client.RestTemplate              : Accept=[application/json, application/*+json]
2026-04-28T14:25:35.375+01:00 DEBUG 17852 --- [ticket-service] [beatExecutor-%d] o.s.web.client.RestTemplate              : Response 200 OK
2026-04-28T14:25:35.870+01:00 DEBUG 17852 --- [ticket-service] [reshExecutor-%d] o.s.web.client.RestTemplate              : HTTP GET http://localhost:8761/eureka/apps/delta
2026-04-28T14:25:35.876+01:00 DEBUG 17852 --- [ticket-service] [reshExecutor-%d] o.s.web.client.RestTemplate              : Accept=[application/json, application/*+json]
2026-04-28T14:25:35.889+01:00 DEBUG 17852 --- [ticket-service] [reshExecutor-%d] o.s.web.client.RestTemplate              : Response 200 OK
2026-04-28T14:25:35.890+01:00 DEBUG 17852 --- [ticket-service] [reshExecutor-%d] o.s.web.client.RestTemplate              : Reading to [org.springframework.cloud.netflix.eureka.http.EurekaApplications]
2026-04-28T14:26:05.383+01:00 DEBUG 17852 --- [ticket-service] [beatExecutor-%d] o.s.web.client.RestTemplate              : HTTP PUT http://localhost:8761/eureka/apps/TICKET-SERVICE/ticket-service:8739a602d7a8d6c702048d5214c4754a?status=UP&lastDirtyTimestamp=1777381294044
2026-04-28T14:26:05.388+01:00 DEBUG 17852 --- [ticket-service] [beatExecutor-%d] o.s.web.client.RestTemplate              : Accept=[application/json, application/*+json]
2026-04-28T14:26:05.399+01:00 DEBUG 17852 --- [ticket-service] [beatExecutor-%d] o.s.web.client.RestTemplate              : Response 200 OK
2026-04-28T14:26:05.897+01:00 DEBUG 17852 --- [ticket-service] [reshExecutor-%d] o.s.web.client.RestTemplate              : HTTP GET http://localhost:8761/eureka/apps/delta
2026-04-28T14:26:05.900+01:00 DEBUG 17852 --- [ticket-service] [reshExecutor-%d] o.s.web.client.RestTemplate              : Accept=[application/json, application/*+json]
2026-04-28T14:26:05.914+01:00 DEBUG 17852 --- [ticket-service] [reshExecutor-%d] o.s.web.client.RestTemplate              : Response 200 OK
2026-04-28T14:26:05.914+01:00 DEBUG 17852 --- [ticket-service] [reshExecutor-%d] o.s.web.client.RestTemplate              : Reading to [org.springframework.cloud.netflix.eureka.http.EurekaApplications]
2026-04-28T14:26:35.412+01:00 DEBUG 17852 --- [ticket-service] [beatExecutor-%d] o.s.web.client.RestTemplate              : HTTP PUT http://localhost:8761/eureka/apps/TICKET-SERVICE/ticket-service:8739a602d7a8d6c702048d5214c4754a?status=UP&lastDirtyTimestamp=1777381294044
2026-04-28T14:26:35.415+01:00 DEBUG 17852 --- [ticket-service] [beatExecutor-%d] o.s.web.client.RestTemplate              : Accept=[application/json, application/*+json]
2026-04-28T14:26:35.430+01:00 DEBUG 17852 --- [ticket-service] [beatExecutor-%d] o.s.web.client.RestTemplate              : Response 200 OK
2026-04-28T14:26:35.938+01:00 DEBUG 17852 --- [ticket-service] [reshExecutor-%d] o.s.web.client.RestTemplate              : HTTP GET http://localhost:8761/eureka/apps/delta
2026-04-28T14:26:35.951+01:00 DEBUG 17852 --- [ticket-service] [reshExecutor-%d] o.s.web.client.RestTemplate              : Accept=[application/json, application/*+json]
2026-04-28T14:26:35.957+01:00 DEBUG 17852 --- [ticket-service] [reshExecutor-%d] o.s.web.client.RestTemplate              : Response 200 OK
2026-04-28T14:26:35.957+01:00 DEBUG 17852 --- [ticket-service] [reshExecutor-%d] o.s.web.client.RestTemplate              : Reading to [org.springframework.cloud.netflix.eureka.http.EurekaApplications]
2026-04-28T14:27:05.438+01:00 DEBUG 17852 --- [ticket-service] [beatExecutor-%d] o.s.web.client.RestTemplate              : HTTP PUT http://localhost:8761/eureka/apps/TICKET-SERVICE/ticket-service:8739a602d7a8d6c702048d5214c4754a?status=UP&lastDirtyTimestamp=1777381294044
2026-04-28T14:27:05.440+01:00 DEBUG 17852 --- [ticket-service] [beatExecutor-%d] o.s.web.client.RestTemplate              : Accept=[application/json, application/*+json]
2026-04-28T14:27:05.453+01:00 DEBUG 17852 --- [ticket-service] [beatExecutor-%d] o.s.web.client.RestTemplate              : Response 200 OK
2026-04-28T14:27:05.972+01:00 DEBUG 17852 --- [ticket-service] [reshExecutor-%d] o.s.web.client.RestTemplate              : HTTP GET http://localhost:8761/eureka/apps/delta
2026-04-28T14:27:05.975+01:00 DEBUG 17852 --- [ticket-service] [reshExecutor-%d] o.s.web.client.RestTemplate              : Accept=[application/json, application/*+json]
2026-04-28T14:27:05.988+01:00 DEBUG 17852 --- [ticket-service] [reshExecutor-%d] o.s.web.client.RestTemplate              : Response 200 OK
2026-04-28T14:27:05.989+01:00 DEBUG 17852 --- [ticket-service] [reshExecutor-%d] o.s.web.client.RestTemplate              : Reading to [org.springframework.cloud.netflix.eureka.http.EurekaApplications]
2026-04-28T14:27:35.466+01:00 DEBUG 17852 --- [ticket-service] [beatExecutor-%d] o.s.web.client.RestTemplate              : HTTP PUT http://localhost:8761/eureka/apps/TICKET-SERVICE/ticket-service:8739a602d7a8d6c702048d5214c4754a?status=UP&lastDirtyTimestamp=1777381294044
2026-04-28T14:27:35.468+01:00 DEBUG 17852 --- [ticket-service] [beatExecutor-%d] o.s.web.client.RestTemplate              : Accept=[application/json, application/*+json]
2026-04-28T14:27:35.483+01:00 DEBUG 17852 --- [ticket-service] [beatExecutor-%d] o.s.web.client.RestTemplate              : Response 200 OK
2026-04-28T14:27:35.994+01:00 DEBUG 17852 --- [ticket-service] [reshExecutor-%d] o.s.web.client.RestTemplate              : HTTP GET http://localhost:8761/eureka/apps/delta
2026-04-28T14:27:35.996+01:00 DEBUG 17852 --- [ticket-service] [reshExecutor-%d] o.s.web.client.RestTemplate              : Accept=[application/json, application/*+json]
2026-04-28T14:27:36.015+01:00 DEBUG 17852 --- [ticket-service] [reshExecutor-%d] o.s.web.client.RestTemplate              : Response 200 OK
2026-04-28T14:27:36.017+01:00 DEBUG 17852 --- [ticket-service] [reshExecutor-%d] o.s.web.client.RestTemplate              : Reading to [org.springframework.cloud.netflix.eureka.http.EurekaApplications]
2026-04-28T14:28:05.501+01:00 DEBUG 17852 --- [ticket-service] [beatExecutor-%d] o.s.web.client.RestTemplate              : HTTP PUT http://localhost:8761/eureka/apps/TICKET-SERVICE/ticket-service:8739a602d7a8d6c702048d5214c4754a?status=UP&lastDirtyTimestamp=1777381294044
2026-04-28T14:28:05.502+01:00 DEBUG 17852 --- [ticket-service] [beatExecutor-%d] o.s.web.client.RestTemplate              : Accept=[application/json, application/*+json]
2026-04-28T14:28:05.518+01:00 DEBUG 17852 --- [ticket-service] [beatExecutor-%d] o.s.web.client.RestTemplate              : Response 200 OK
2026-04-28T14:28:06.033+01:00 DEBUG 17852 --- [ticket-service] [reshExecutor-%d] o.s.web.client.RestTemplate              : HTTP GET http://localhost:8761/eureka/apps/delta
2026-04-28T14:28:06.034+01:00 DEBUG 17852 --- [ticket-service] [reshExecutor-%d] o.s.web.client.RestTemplate              : Accept=[application/json, application/*+json]
2026-04-28T14:28:06.050+01:00 DEBUG 17852 --- [ticket-service] [reshExecutor-%d] o.s.web.client.RestTemplate              : Response 200 OK
2026-04-28T14:28:06.052+01:00 DEBUG 17852 --- [ticket-service] [reshExecutor-%d] o.s.web.client.RestTemplate              : Reading to [org.springframework.cloud.netflix.eureka.http.EurekaApplications]
2026-04-28T14:28:35.533+01:00 DEBUG 17852 --- [ticket-service] [beatExecutor-%d] o.s.web.client.RestTemplate              : HTTP PUT http://localhost:8761/eureka/apps/TICKET-SERVICE/ticket-service:8739a602d7a8d6c702048d5214c4754a?status=UP&lastDirtyTimestamp=1777381294044
2026-04-28T14:28:35.533+01:00 DEBUG 17852 --- [ticket-service] [beatExecutor-%d] o.s.web.client.RestTemplate              : Accept=[application/json, application/*+json]
2026-04-28T14:28:35.553+01:00 DEBUG 17852 --- [ticket-service] [beatExecutor-%d] o.s.web.client.RestTemplate              : Response 200 OK
2026-04-28T14:28:36.067+01:00 DEBUG 17852 --- [ticket-service] [reshExecutor-%d] o.s.web.client.RestTemplate              : HTTP GET http://localhost:8761/eureka/apps/delta
2026-04-28T14:28:36.070+01:00 DEBUG 17852 --- [ticket-service] [reshExecutor-%d] o.s.web.client.RestTemplate              : Accept=[application/json, application/*+json]
2026-04-28T14:28:36.086+01:00 DEBUG 17852 --- [ticket-service] [reshExecutor-%d] o.s.web.client.RestTemplate              : Response 200 OK
2026-04-28T14:28:36.088+01:00 DEBUG 17852 --- [ticket-service] [reshExecutor-%d] o.s.web.client.RestTemplate              : Reading to [org.springframework.cloud.netflix.eureka.http.EurekaApplications]
2026-04-28T14:29:05.566+01:00 DEBUG 17852 --- [ticket-service] [beatExecutor-%d] o.s.web.client.RestTemplate              : HTTP PUT http://localhost:8761/eureka/apps/TICKET-SERVICE/ticket-service:8739a602d7a8d6c702048d5214c4754a?status=UP&lastDirtyTimestamp=1777381294044
2026-04-28T14:29:05.567+01:00 DEBUG 17852 --- [ticket-service] [beatExecutor-%d] o.s.web.client.RestTemplate              : Accept=[application/json, application/*+json]
2026-04-28T14:29:05.583+01:00 DEBUG 17852 --- [ticket-service] [beatExecutor-%d] o.s.web.client.RestTemplate              : Response 200 OK
2026-04-28T14:29:06.095+01:00 DEBUG 17852 --- [ticket-service] [reshExecutor-%d] o.s.web.client.RestTemplate              : HTTP GET http://localhost:8761/eureka/apps/delta
2026-04-28T14:29:06.096+01:00 DEBUG 17852 --- [ticket-service] [reshExecutor-%d] o.s.web.client.RestTemplate              : Accept=[application/json, application/*+json]
2026-04-28T14:29:06.111+01:00 DEBUG 17852 --- [ticket-service] [reshExecutor-%d] o.s.web.client.RestTemplate              : Response 200 OK
2026-04-28T14:29:06.111+01:00 DEBUG 17852 --- [ticket-service] [reshExecutor-%d] o.s.web.client.RestTemplate              : Reading to [org.springframework.cloud.netflix.eureka.http.EurekaApplications]
2026-04-28T14:29:35.589+01:00 DEBUG 17852 --- [ticket-service] [beatExecutor-%d] o.s.web.client.RestTemplate              : HTTP PUT http://localhost:8761/eureka/apps/TICKET-SERVICE/ticket-service:8739a602d7a8d6c702048d5214c4754a?status=UP&lastDirtyTimestamp=1777381294044
2026-04-28T14:29:35.593+01:00 DEBUG 17852 --- [ticket-service] [beatExecutor-%d] o.s.web.client.RestTemplate              : Accept=[application/json, application/*+json]
2026-04-28T14:29:35.608+01:00 DEBUG 17852 --- [ticket-service] [beatExecutor-%d] o.s.web.client.RestTemplate              : Response 200 OK
2026-04-28T14:29:36.124+01:00 DEBUG 17852 --- [ticket-service] [reshExecutor-%d] o.s.web.client.RestTemplate              : HTTP GET http://localhost:8761/eureka/apps/delta
2026-04-28T14:29:36.127+01:00 DEBUG 17852 --- [ticket-service] [reshExecutor-%d] o.s.web.client.RestTemplate              : Accept=[application/json, application/*+json]
2026-04-28T14:29:36.144+01:00 DEBUG 17852 --- [ticket-service] [reshExecutor-%d] o.s.web.client.RestTemplate              : Response 200 OK
2026-04-28T14:29:36.144+01:00 DEBUG 17852 --- [ticket-service] [reshExecutor-%d] o.s.web.client.RestTemplate              : Reading to [org.springframework.cloud.netflix.eureka.http.EurekaApplications]
